name;site;type;function;reference
I234A;p.Ile234Ala;mutation;;
I234C;p.Ile234Cys;mutation;;
I234D;p.Ile234Asp;mutation;;
I234E;p.Ile234Glu;mutation;;
I234F;p.Ile234Phe;mutation;;
I234G;p.Ile234Gly;mutation;;
I234H;p.Ile234His;mutation;;
I234L;p.Ile234Leu;mutation;;
I234M;p.Ile234Met;mutation;;
I234N;p.Ile234Asn;mutation;;
I234P;p.Ile234Pro;mutation;;
I234Q;p.Ile234Gln;mutation;;
I234R;p.Ile234Arg;mutation;;
I234S;p.Ile234Ser;mutation;;
I234T;p.Ile234Thr;mutation;;
I234V;p.Ile234Val;mutation;;
I234Y;p.Ile234Tyr;mutation;;
I234W;p.Ile234Trp;mutation;;
I234K;p.Ile234Lys;mutation;;
S235A;p.Ser235Ala;mutation;;
S235C;p.Ser235Cys;mutation;;
S235D;p.Ser235Asp;mutation;;
S235E;p.Ser235Glu;mutation;;
S235F;p.Ser235Phe;mutation;;
S235G;p.Ser235Gly;mutation;;
S235H;p.Ser235His;mutation;;
S235I;p.Ser235Ile;mutation;;
S235L;p.Ser235Leu;mutation;;
S235M;p.Ser235Met;mutation;;
S235N;p.Ser235Asn;mutation;;
S235P;p.Ser235Pro;mutation;;
S235Q;p.Ser235Gln;mutation;;
S235R;p.Ser235Arg;mutation;;
S235T;p.Ser235Thr;mutation;;
S235V;p.Ser235Val;mutation;;
S235Y;p.Ser235Tyr;mutation;;
S235W;p.Ser235Trp;mutation;;
S235K;p.Ser235Lys;mutation;;
K236A;p.Lys236Ala;mutation;;
K236C;p.Lys236Cys;mutation;;
K236D;p.Lys236Asp;mutation;;
K236E;p.Lys236Glu;mutation;;
K236F;p.Lys236Phe;mutation;;
K236G;p.Lys236Gly;mutation;;
K236H;p.Lys236His;mutation;;
K236I;p.Lys236Ile;mutation;;
K236L;p.Lys236Leu;mutation;;
K236M;p.Lys236Met;mutation;;
K236N;p.Lys236Asn;mutation;;
K236P;p.Lys236Pro;mutation;;
K236Q;p.Lys236Gln;mutation;;
K236R;p.Lys236Arg;mutation;;
K236S;p.Lys236Ser;mutation;;
K236T;p.Lys236Thr;mutation;;
K236V;p.Lys236Val;mutation;;
K236Y;p.Lys236Tyr;mutation;;
K236W;p.Lys236Trp;mutation;;
D237A;p.Asp237Ala;mutation;;
D237C;p.Asp237Cys;mutation;;
D237E;p.Asp237Glu;mutation;;
D237F;p.Asp237Phe;mutation;;
D237G;p.Asp237Gly;mutation;;
D237H;p.Asp237His;mutation;;
D237I;p.Asp237Ile;mutation;;
D237L;p.Asp237Leu;mutation;;
D237M;p.Asp237Met;mutation;;
D237N;p.Asp237Asn;mutation;;
D237P;p.Asp237Pro;mutation;;
D237Q;p.Asp237Gln;mutation;;
D237R;p.Asp237Arg;mutation;;
D237S;p.Asp237Ser;mutation;;
D237T;p.Asp237Thr;mutation;;
D237V;p.Asp237Val;mutation;;
D237Y;p.Asp237Tyr;mutation;;
D237W;p.Asp237Trp;mutation;;
D237K;p.Asp237Lys;mutation;;
V238A;p.Val238Ala;mutation;;
V238C;p.Val238Cys;mutation;;
V238D;p.Val238Asp;mutation;;
V238E;p.Val238Glu;mutation;;
V238F;p.Val238Phe;mutation;;
V238G;p.Val238Gly;mutation;;
V238H;p.Val238His;mutation;;
V238I;p.Val238Ile;mutation;;
V238L;p.Val238Leu;mutation;;
V238M;p.Val238Met;mutation;;
V238N;p.Val238Asn;mutation;;
V238P;p.Val238Pro;mutation;;
V238Q;p.Val238Gln;mutation;;
V238R;p.Val238Arg;mutation;;
V238S;p.Val238Ser;mutation;;
V238T;p.Val238Thr;mutation;;
V238Y;p.Val238Tyr;mutation;;
V238W;p.Val238Trp;mutation;;
V238K;p.Val238Lys;mutation;;
Y239A;p.Tyr239Ala;mutation;;
Y239C;p.Tyr239Cys;mutation;;
Y239D;p.Tyr239Asp;mutation;;
Y239E;p.Tyr239Glu;mutation;;
Y239F;p.Tyr239Phe;mutation;;
Y239G;p.Tyr239Gly;mutation;;
Y239H;p.Tyr239His;mutation;;
Y239I;p.Tyr239Ile;mutation;;
Y239L;p.Tyr239Leu;mutation;;
Y239M;p.Tyr239Met;mutation;;
Y239N;p.Tyr239Asn;mutation;;
Y239P;p.Tyr239Pro;mutation;;
Y239Q;p.Tyr239Gln;mutation;;
Y239R;p.Tyr239Arg;mutation;;
Y239S;p.Tyr239Ser;mutation;;
Y239T;p.Tyr239Thr;mutation;;
Y239V;p.Tyr239Val;mutation;;
Y239W;p.Tyr239Trp;mutation;;
Y239K;p.Tyr239Lys;mutation;;
E240A;p.Glu240Ala;mutation;;
E240C;p.Glu240Cys;mutation;;
E240D;p.Glu240Asp;mutation;;
E240F;p.Glu240Phe;mutation;;
E240G;p.Glu240Gly;mutation;;
E240H;p.Glu240His;mutation;;
E240I;p.Glu240Ile;mutation;;
E240L;p.Glu240Leu;mutation;;
E240M;p.Glu240Met;mutation;;
E240N;p.Glu240Asn;mutation;;
E240P;p.Glu240Pro;mutation;;
E240Q;p.Glu240Gln;mutation;;
E240R;p.Glu240Arg;mutation;;
E240S;p.Glu240Ser;mutation;;
E240T;p.Glu240Thr;mutation;;
E240V;p.Glu240Val;mutation;;
E240Y;p.Glu240Tyr;mutation;;
E240W;p.Glu240Trp;mutation;;
E240K;p.Glu240Lys;mutation;;
N241A;p.Asn241Ala;mutation;;
N241C;p.Asn241Cys;mutation;;
N241D;p.Asn241Asp;mutation;;
N241E;p.Asn241Glu;mutation;;
N241F;p.Asn241Phe;mutation;;
N241G;p.Asn241Gly;mutation;;
N241H;p.Asn241His;mutation;;
N241I;p.Asn241Ile;mutation;;
N241L;p.Asn241Leu;mutation;;
N241M;p.Asn241Met;mutation;;
N241P;p.Asn241Pro;mutation;;
N241Q;p.Asn241Gln;mutation;;
N241R;p.Asn241Arg;mutation;;
N241S;p.Asn241Ser;mutation;;
N241T;p.Asn241Thr;mutation;;
N241V;p.Asn241Val;mutation;;
N241Y;p.Asn241Tyr;mutation;;
N241W;p.Asn241Trp;mutation;;
N241K;p.Asn241Lys;mutation;;
F242A;p.Phe242Ala;mutation;;
F242C;p.Phe242Cys;mutation;;
F242D;p.Phe242Asp;mutation;;
F242E;p.Phe242Glu;mutation;;
F242G;p.Phe242Gly;mutation;;
F242H;p.Phe242His;mutation;;
F242I;p.Phe242Ile;mutation;;
F242L;p.Phe242Leu;mutation;;
F242M;p.Phe242Met;mutation;;
F242N;p.Phe242Asn;mutation;;
F242P;p.Phe242Pro;mutation;;
F242Q;p.Phe242Gln;mutation;;
F242R;p.Phe242Arg;mutation;;
F242S;p.Phe242Ser;mutation;;
F242T;p.Phe242Thr;mutation;;
F242V;p.Phe242Val;mutation;;
F242Y;p.Phe242Tyr;mutation;;
F242W;p.Phe242Trp;mutation;;
F242K;p.Phe242Lys;mutation;;
R243A;p.Arg243Ala;mutation;;
R243C;p.Arg243Cys;mutation;;
R243D;p.Arg243Asp;mutation;;
R243E;p.Arg243Glu;mutation;;
R243F;p.Arg243Phe;mutation;;
R243G;p.Arg243Gly;mutation;;
R243H;p.Arg243His;mutation;;
R243I;p.Arg243Ile;mutation;;
R243L;p.Arg243Leu;mutation;;
R243M;p.Arg243Met;mutation;;
R243N;p.Arg243Asn;mutation;;
R243P;p.Arg243Pro;mutation;;
R243Q;p.Arg243Gln;mutation;;
R243S;p.Arg243Ser;mutation;;
R243T;p.Arg243Thr;mutation;;
R243V;p.Arg243Val;mutation;;
R243Y;p.Arg243Tyr;mutation;;
R243W;p.Arg243Trp;mutation;;
R243K;p.Arg243Lys;mutation;;
Q244A;p.Gln244Ala;mutation;;
Q244C;p.Gln244Cys;mutation;;
Q244D;p.Gln244Asp;mutation;;
Q244E;p.Gln244Glu;mutation;;
Q244F;p.Gln244Phe;mutation;;
Q244G;p.Gln244Gly;mutation;;
Q244H;p.Gln244His;mutation;;
Q244I;p.Gln244Ile;mutation;;
Q244L;p.Gln244Leu;mutation;;
Q244M;p.Gln244Met;mutation;;
Q244N;p.Gln244Asn;mutation;;
Q244P;p.Gln244Pro;mutation;;
Q244R;p.Gln244Arg;mutation;;
Q244S;p.Gln244Ser;mutation;;
Q244T;p.Gln244Thr;mutation;;
Q244V;p.Gln244Val;mutation;;
Q244Y;p.Gln244Tyr;mutation;;
Q244W;p.Gln244Trp;mutation;;
Q244K;p.Gln244Lys;mutation;;
W245A;p.Trp245Ala;mutation;;
W245C;p.Trp245Cys;mutation;;
W245D;p.Trp245Asp;mutation;;
W245E;p.Trp245Glu;mutation;;
W245F;p.Trp245Phe;mutation;;
W245G;p.Trp245Gly;mutation;;
W245H;p.Trp245His;mutation;;
W245I;p.Trp245Ile;mutation;;
W245L;p.Trp245Leu;mutation;;
W245M;p.Trp245Met;mutation;;
W245N;p.Trp245Asn;mutation;;
W245P;p.Trp245Pro;mutation;;
W245Q;p.Trp245Gln;mutation;;
W245R;p.Trp245Arg;mutation;;
W245S;p.Trp245Ser;mutation;;
W245T;p.Trp245Thr;mutation;;
W245V;p.Trp245Val;mutation;;
W245Y;p.Trp245Tyr;mutation;;
W245K;p.Trp245Lys;mutation;;
Q246A;p.Gln246Ala;mutation;;
Q246C;p.Gln246Cys;mutation;;
Q246D;p.Gln246Asp;mutation;;
Q246E;p.Gln246Glu;mutation;;
Q246F;p.Gln246Phe;mutation;;
Q246G;p.Gln246Gly;mutation;;
Q246H;p.Gln246His;mutation;;
Q246I;p.Gln246Ile;mutation;;
Q246L;p.Gln246Leu;mutation;;
Q246M;p.Gln246Met;mutation;;
Q246N;p.Gln246Asn;mutation;;
Q246P;p.Gln246Pro;mutation;;
Q246R;p.Gln246Arg;mutation;;
Q246S;p.Gln246Ser;mutation;;
Q246T;p.Gln246Thr;mutation;;
Q246V;p.Gln246Val;mutation;;
Q246Y;p.Gln246Tyr;mutation;;
Q246W;p.Gln246Trp;mutation;;
Q246K;p.Gln246Lys;mutation;;
R247A;p.Arg247Ala;mutation;;
R247C;p.Arg247Cys;mutation;;
R247D;p.Arg247Asp;mutation;;
R247E;p.Arg247Glu;mutation;;
R247F;p.Arg247Phe;mutation;;
R247G;p.Arg247Gly;mutation;;
R247H;p.Arg247His;mutation;;
R247I;p.Arg247Ile;mutation;;
R247L;p.Arg247Leu;mutation;;
R247M;p.Arg247Met;mutation;;
R247N;p.Arg247Asn;mutation;;
R247P;p.Arg247Pro;mutation;;
R247Q;p.Arg247Gln;mutation;;
R247S;p.Arg247Ser;mutation;;
R247T;p.Arg247Thr;mutation;;
R247V;p.Arg247Val;mutation;;
R247Y;p.Arg247Tyr;mutation;;
R247W;p.Arg247Trp;mutation;;
R247K;p.Arg247Lys;mutation;;
Y248A;p.Tyr248Ala;mutation;;
Y248C;p.Tyr248Cys;mutation;;
Y248D;p.Tyr248Asp;mutation;;
Y248E;p.Tyr248Glu;mutation;;
Y248F;p.Tyr248Phe;mutation;;
Y248G;p.Tyr248Gly;mutation;;
Y248H;p.Tyr248His;mutation;;
Y248I;p.Tyr248Ile;mutation;;
Y248L;p.Tyr248Leu;mutation;;
Y248M;p.Tyr248Met;mutation;;
Y248N;p.Tyr248Asn;mutation;;
Y248P;p.Tyr248Pro;mutation;;
Y248Q;p.Tyr248Gln;mutation;;
Y248R;p.Tyr248Arg;mutation;;
Y248S;p.Tyr248Ser;mutation;;
Y248T;p.Tyr248Thr;mutation;;
Y248V;p.Tyr248Val;mutation;;
Y248W;p.Tyr248Trp;mutation;;
Y248K;p.Tyr248Lys;mutation;;
K249A;p.Lys249Ala;mutation;;
K249C;p.Lys249Cys;mutation;;
K249D;p.Lys249Asp;mutation;;
K249E;p.Lys249Glu;mutation;;
K249F;p.Lys249Phe;mutation;;
K249G;p.Lys249Gly;mutation;;
K249H;p.Lys249His;mutation;;
K249I;p.Lys249Ile;mutation;;
K249L;p.Lys249Leu;mutation;;
K249M;p.Lys249Met;mutation;;
K249N;p.Lys249Asn;mutation;;
K249P;p.Lys249Pro;mutation;;
K249Q;p.Lys249Gln;mutation;;
K249R;p.Lys249Arg;mutation;;
K249S;p.Lys249Ser;mutation;;
K249T;p.Lys249Thr;mutation;;
K249V;p.Lys249Val;mutation;;
K249Y;p.Lys249Tyr;mutation;;
K249W;p.Lys249Trp;mutation;;
A250C;p.Ala250Cys;mutation;;
A250D;p.Ala250Asp;mutation;;
A250E;p.Ala250Glu;mutation;;
A250F;p.Ala250Phe;mutation;;
A250G;p.Ala250Gly;mutation;;
A250H;p.Ala250His;mutation;;
A250I;p.Ala250Ile;mutation;;
A250L;p.Ala250Leu;mutation;;
A250M;p.Ala250Met;mutation;;
A250N;p.Ala250Asn;mutation;;
A250P;p.Ala250Pro;mutation;;
A250Q;p.Ala250Gln;mutation;;
A250R;p.Ala250Arg;mutation;;
A250S;p.Ala250Ser;mutation;;
A250T;p.Ala250Thr;mutation;;
A250V;p.Ala250Val;mutation;;
A250Y;p.Ala250Tyr;mutation;;
A250W;p.Ala250Trp;mutation;;
A250K;p.Ala250Lys;mutation;;
L251A;p.Leu251Ala;mutation;;
L251C;p.Leu251Cys;mutation;;
L251D;p.Leu251Asp;mutation;;
L251E;p.Leu251Glu;mutation;;
L251F;p.Leu251Phe;mutation;;
L251G;p.Leu251Gly;mutation;;
L251H;p.Leu251His;mutation;;
L251I;p.Leu251Ile;mutation;;
L251M;p.Leu251Met;mutation;;
L251N;p.Leu251Asn;mutation;;
L251P;p.Leu251Pro;mutation;;
L251Q;p.Leu251Gln;mutation;;
L251R;p.Leu251Arg;mutation;;
L251S;p.Leu251Ser;mutation;;
L251T;p.Leu251Thr;mutation;;
L251V;p.Leu251Val;mutation;;
L251Y;p.Leu251Tyr;mutation;;
L251W;p.Leu251Trp;mutation;;
L251K;p.Leu251Lys;mutation;;
A252C;p.Ala252Cys;mutation;;
A252D;p.Ala252Asp;mutation;;
A252E;p.Ala252Glu;mutation;;
A252F;p.Ala252Phe;mutation;;
A252G;p.Ala252Gly;mutation;;
A252H;p.Ala252His;mutation;;
A252I;p.Ala252Ile;mutation;;
A252L;p.Ala252Leu;mutation;;
A252M;p.Ala252Met;mutation;;
A252N;p.Ala252Asn;mutation;;
A252P;p.Ala252Pro;mutation;;
A252Q;p.Ala252Gln;mutation;;
A252R;p.Ala252Arg;mutation;;
A252S;p.Ala252Ser;mutation;;
A252T;p.Ala252Thr;mutation;;
A252V;p.Ala252Val;mutation;;
A252Y;p.Ala252Tyr;mutation;;
A252W;p.Ala252Trp;mutation;;
A252K;p.Ala252Lys;mutation;;
R253A;p.Arg253Ala;mutation;;
R253C;p.Arg253Cys;mutation;;
R253D;p.Arg253Asp;mutation;;
R253E;p.Arg253Glu;mutation;;
R253F;p.Arg253Phe;mutation;;
R253G;p.Arg253Gly;mutation;;
R253H;p.Arg253His;mutation;;
R253I;p.Arg253Ile;mutation;;
R253L;p.Arg253Leu;mutation;;
R253M;p.Arg253Met;mutation;;
R253N;p.Arg253Asn;mutation;;
R253P;p.Arg253Pro;mutation;;
R253Q;p.Arg253Gln;mutation;;
R253S;p.Arg253Ser;mutation;;
R253T;p.Arg253Thr;mutation;;
R253V;p.Arg253Val;mutation;;
R253Y;p.Arg253Tyr;mutation;;
R253W;p.Arg253Trp;mutation;;
R253K;p.Arg253Lys;mutation;;
R254A;p.Arg254Ala;mutation;;
R254C;p.Arg254Cys;mutation;;
R254D;p.Arg254Asp;mutation;;
R254E;p.Arg254Glu;mutation;;
R254F;p.Arg254Phe;mutation;;
R254G;p.Arg254Gly;mutation;;
R254H;p.Arg254His;mutation;;
R254I;p.Arg254Ile;mutation;;
R254L;p.Arg254Leu;mutation;;
R254M;p.Arg254Met;mutation;;
R254N;p.Arg254Asn;mutation;;
R254P;p.Arg254Pro;mutation;;
R254Q;p.Arg254Gln;mutation;;
R254S;p.Arg254Ser;mutation;;
R254T;p.Arg254Thr;mutation;;
R254V;p.Arg254Val;mutation;;
R254Y;p.Arg254Tyr;mutation;;
R254W;p.Arg254Trp;mutation;;
R254K;p.Arg254Lys;mutation;;
H255A;p.His255Ala;mutation;;
H255C;p.His255Cys;mutation;;
H255D;p.His255Asp;mutation;;
H255E;p.His255Glu;mutation;;
H255F;p.His255Phe;mutation;;
H255G;p.His255Gly;mutation;;
H255I;p.His255Ile;mutation;;
H255L;p.His255Leu;mutation;;
H255M;p.His255Met;mutation;;
H255N;p.His255Asn;mutation;;
H255P;p.His255Pro;mutation;;
H255Q;p.His255Gln;mutation;;
H255R;p.His255Arg;mutation;;
H255S;p.His255Ser;mutation;;
H255T;p.His255Thr;mutation;;
H255V;p.His255Val;mutation;;
H255Y;p.His255Tyr;mutation;;
H255W;p.His255Trp;mutation;;
H255K;p.His255Lys;mutation;;
L256A;p.Leu256Ala;mutation;;
L256C;p.Leu256Cys;mutation;;
L256D;p.Leu256Asp;mutation;;
L256E;p.Leu256Glu;mutation;;
L256F;p.Leu256Phe;mutation;;
L256G;p.Leu256Gly;mutation;;
L256H;p.Leu256His;mutation;;
L256I;p.Leu256Ile;mutation;;
L256M;p.Leu256Met;mutation;;
L256N;p.Leu256Asn;mutation;;
L256P;p.Leu256Pro;mutation;;
L256Q;p.Leu256Gln;mutation;;
L256R;p.Leu256Arg;mutation;;
L256S;p.Leu256Ser;mutation;;
L256T;p.Leu256Thr;mutation;;
L256V;p.Leu256Val;mutation;;
L256Y;p.Leu256Tyr;mutation;;
L256W;p.Leu256Trp;mutation;;
L256K;p.Leu256Lys;mutation;;
S257A;p.Ser257Ala;mutation;;
S257C;p.Ser257Cys;mutation;;
S257D;p.Ser257Asp;mutation;;
S257E;p.Ser257Glu;mutation;;
S257F;p.Ser257Phe;mutation;;
S257G;p.Ser257Gly;mutation;;
S257H;p.Ser257His;mutation;;
S257I;p.Ser257Ile;mutation;;
S257L;p.Ser257Leu;mutation;;
S257M;p.Ser257Met;mutation;;
S257N;p.Ser257Asn;mutation;;
S257P;p.Ser257Pro;mutation;;
S257Q;p.Ser257Gln;mutation;;
S257R;p.Ser257Arg;mutation;;
S257T;p.Ser257Thr;mutation;;
S257V;p.Ser257Val;mutation;;
S257Y;p.Ser257Tyr;mutation;;
S257W;p.Ser257Trp;mutation;;
S257K;p.Ser257Lys;mutation;;
Q258A;p.Gln258Ala;mutation;;
Q258C;p.Gln258Cys;mutation;;
Q258D;p.Gln258Asp;mutation;;
Q258E;p.Gln258Glu;mutation;;
Q258F;p.Gln258Phe;mutation;;
Q258G;p.Gln258Gly;mutation;;
Q258H;p.Gln258His;mutation;;
Q258I;p.Gln258Ile;mutation;;
Q258L;p.Gln258Leu;mutation;;
Q258M;p.Gln258Met;mutation;;
Q258N;p.Gln258Asn;mutation;;
Q258P;p.Gln258Pro;mutation;;
Q258R;p.Gln258Arg;mutation;;
Q258S;p.Gln258Ser;mutation;;
Q258T;p.Gln258Thr;mutation;;
Q258V;p.Gln258Val;mutation;;
Q258Y;p.Gln258Tyr;mutation;;
Q258W;p.Gln258Trp;mutation;;
Q258K;p.Gln258Lys;mutation;;
S259A;p.Ser259Ala;mutation;;
S259C;p.Ser259Cys;mutation;;
S259D;p.Ser259Asp;mutation;;
S259E;p.Ser259Glu;mutation;;
S259F;p.Ser259Phe;mutation;;
S259G;p.Ser259Gly;mutation;;
S259H;p.Ser259His;mutation;;
S259I;p.Ser259Ile;mutation;;
S259L;p.Ser259Leu;mutation;;
S259M;p.Ser259Met;mutation;;
S259N;p.Ser259Asn;mutation;;
S259P;p.Ser259Pro;mutation;;
S259Q;p.Ser259Gln;mutation;;
S259R;p.Ser259Arg;mutation;;
S259T;p.Ser259Thr;mutation;;
S259V;p.Ser259Val;mutation;;
S259Y;p.Ser259Tyr;mutation;;
S259W;p.Ser259Trp;mutation;;
S259K;p.Ser259Lys;mutation;;
P260A;p.Pro260Ala;mutation;;
P260C;p.Pro260Cys;mutation;;
P260D;p.Pro260Asp;mutation;;
P260E;p.Pro260Glu;mutation;;
P260F;p.Pro260Phe;mutation;;
P260G;p.Pro260Gly;mutation;;
P260H;p.Pro260His;mutation;;
P260I;p.Pro260Ile;mutation;;
P260L;p.Pro260Leu;mutation;;
P260M;p.Pro260Met;mutation;;
P260N;p.Pro260Asn;mutation;;
P260Q;p.Pro260Gln;mutation;;
P260R;p.Pro260Arg;mutation;;
P260S;p.Pro260Ser;mutation;;
P260T;p.Pro260Thr;mutation;;
P260V;p.Pro260Val;mutation;;
P260Y;p.Pro260Tyr;mutation;;
P260W;p.Pro260Trp;mutation;;
P260K;p.Pro260Lys;mutation;;
D261A;p.Asp261Ala;mutation;;
D261C;p.Asp261Cys;mutation;;
D261E;p.Asp261Glu;mutation;;
D261F;p.Asp261Phe;mutation;;
D261G;p.Asp261Gly;mutation;;
D261H;p.Asp261His;mutation;;
D261I;p.Asp261Ile;mutation;;
D261L;p.Asp261Leu;mutation;;
D261M;p.Asp261Met;mutation;;
D261N;p.Asp261Asn;mutation;;
D261P;p.Asp261Pro;mutation;;
D261Q;p.Asp261Gln;mutation;;
D261R;p.Asp261Arg;mutation;;
D261S;p.Asp261Ser;mutation;;
D261T;p.Asp261Thr;mutation;;
D261V;p.Asp261Val;mutation;;
D261Y;p.Asp261Tyr;mutation;;
D261W;p.Asp261Trp;mutation;;
D261K;p.Asp261Lys;mutation;;
T262A;p.Thr262Ala;mutation;;
T262C;p.Thr262Cys;mutation;;
T262D;p.Thr262Asp;mutation;;
T262E;p.Thr262Glu;mutation;;
T262F;p.Thr262Phe;mutation;;
T262G;p.Thr262Gly;mutation;;
T262H;p.Thr262His;mutation;;
T262I;p.Thr262Ile;mutation;;
T262L;p.Thr262Leu;mutation;;
T262M;p.Thr262Met;mutation;;
T262N;p.Thr262Asn;mutation;;
T262P;p.Thr262Pro;mutation;;
T262Q;p.Thr262Gln;mutation;;
T262R;p.Thr262Arg;mutation;;
T262S;p.Thr262Ser;mutation;;
T262V;p.Thr262Val;mutation;;
T262Y;p.Thr262Tyr;mutation;;
T262W;p.Thr262Trp;mutation;;
T262K;p.Thr262Lys;mutation;;
E263A;p.Glu263Ala;mutation;;
E263C;p.Glu263Cys;mutation;;
E263D;p.Glu263Asp;mutation;;
E263F;p.Glu263Phe;mutation;;
E263G;p.Glu263Gly;mutation;;
E263H;p.Glu263His;mutation;;
E263I;p.Glu263Ile;mutation;;
E263L;p.Glu263Leu;mutation;;
E263M;p.Glu263Met;mutation;;
E263N;p.Glu263Asn;mutation;;
E263P;p.Glu263Pro;mutation;;
E263Q;p.Glu263Gln;mutation;;
E263R;p.Glu263Arg;mutation;;
E263S;p.Glu263Ser;mutation;;
E263T;p.Glu263Thr;mutation;;
E263V;p.Glu263Val;mutation;;
E263Y;p.Glu263Tyr;mutation;;
E263W;p.Glu263Trp;mutation;;
E263K;p.Glu263Lys;mutation;;
A264C;p.Ala264Cys;mutation;;
A264D;p.Ala264Asp;mutation;;
A264E;p.Ala264Glu;mutation;;
A264F;p.Ala264Phe;mutation;;
A264G;p.Ala264Gly;mutation;;
A264H;p.Ala264His;mutation;;
A264I;p.Ala264Ile;mutation;;
A264L;p.Ala264Leu;mutation;;
A264M;p.Ala264Met;mutation;;
A264N;p.Ala264Asn;mutation;;
A264P;p.Ala264Pro;mutation;;
A264Q;p.Ala264Gln;mutation;;
A264R;p.Ala264Arg;mutation;;
A264S;p.Ala264Ser;mutation;;
A264T;p.Ala264Thr;mutation;;
A264V;p.Ala264Val;mutation;;
A264Y;p.Ala264Tyr;mutation;;
A264W;p.Ala264Trp;mutation;;
A264K;p.Ala264Lys;mutation;;
L265A;p.Leu265Ala;mutation;;
L265C;p.Leu265Cys;mutation;;
L265D;p.Leu265Asp;mutation;;
L265E;p.Leu265Glu;mutation;;
L265F;p.Leu265Phe;mutation;;
L265G;p.Leu265Gly;mutation;;
L265H;p.Leu265His;mutation;;
L265I;p.Leu265Ile;mutation;;
L265M;p.Leu265Met;mutation;;
L265N;p.Leu265Asn;mutation;;
L265P;p.Leu265Pro;mutation;;
L265Q;p.Leu265Gln;mutation;;
L265R;p.Leu265Arg;mutation;;
L265S;p.Leu265Ser;mutation;;
L265T;p.Leu265Thr;mutation;;
L265V;p.Leu265Val;mutation;;
L265Y;p.Leu265Tyr;mutation;;
L265W;p.Leu265Trp;mutation;;
L265K;p.Leu265Lys;mutation;;
S266A;p.Ser266Ala;mutation;;
S266C;p.Ser266Cys;mutation;;
S266D;p.Ser266Asp;mutation;;
S266E;p.Ser266Glu;mutation;;
S266F;p.Ser266Phe;mutation;;
S266G;p.Ser266Gly;mutation;;
S266H;p.Ser266His;mutation;;
S266I;p.Ser266Ile;mutation;;
S266L;p.Ser266Leu;mutation;;
S266M;p.Ser266Met;mutation;;
S266N;p.Ser266Asn;mutation;;
S266P;p.Ser266Pro;mutation;;
S266Q;p.Ser266Gln;mutation;;
S266R;p.Ser266Arg;mutation;;
S266T;p.Ser266Thr;mutation;;
S266V;p.Ser266Val;mutation;;
S266Y;p.Ser266Tyr;mutation;;
S266W;p.Ser266Trp;mutation;;
S266K;p.Ser266Lys;mutation;;
C267A;p.Cys267Ala;mutation;;
C267D;p.Cys267Asp;mutation;;
C267E;p.Cys267Glu;mutation;;
C267F;p.Cys267Phe;mutation;;
C267G;p.Cys267Gly;mutation;;
C267H;p.Cys267His;mutation;;
C267I;p.Cys267Ile;mutation;;
C267L;p.Cys267Leu;mutation;;
C267M;p.Cys267Met;mutation;;
C267N;p.Cys267Asn;mutation;;
C267P;p.Cys267Pro;mutation;;
C267Q;p.Cys267Gln;mutation;;
C267R;p.Cys267Arg;mutation;;
C267S;p.Cys267Ser;mutation;;
C267T;p.Cys267Thr;mutation;;
C267V;p.Cys267Val;mutation;;
C267Y;p.Cys267Tyr;mutation;;
C267W;p.Cys267Trp;mutation;;
C267K;p.Cys267Lys;mutation;;
F268A;p.Phe268Ala;mutation;;
F268C;p.Phe268Cys;mutation;;
F268D;p.Phe268Asp;mutation;;
F268E;p.Phe268Glu;mutation;;
F268G;p.Phe268Gly;mutation;;
F268H;p.Phe268His;mutation;;
F268I;p.Phe268Ile;mutation;;
F268L;p.Phe268Leu;mutation;;
F268M;p.Phe268Met;mutation;;
F268N;p.Phe268Asn;mutation;;
F268P;p.Phe268Pro;mutation;;
F268Q;p.Phe268Gln;mutation;;
F268R;p.Phe268Arg;mutation;;
F268S;p.Phe268Ser;mutation;;
F268T;p.Phe268Thr;mutation;;
F268V;p.Phe268Val;mutation;;
F268Y;p.Phe268Tyr;mutation;;
F268W;p.Phe268Trp;mutation;;
F268K;p.Phe268Lys;mutation;;
L269A;p.Leu269Ala;mutation;;
L269C;p.Leu269Cys;mutation;;
L269D;p.Leu269Asp;mutation;;
L269E;p.Leu269Glu;mutation;;
L269F;p.Leu269Phe;mutation;;
L269G;p.Leu269Gly;mutation;;
L269H;p.Leu269His;mutation;;
L269I;p.Leu269Ile;mutation;;
L269M;p.Leu269Met;mutation;;
L269N;p.Leu269Asn;mutation;;
L269P;p.Leu269Pro;mutation;;
L269Q;p.Leu269Gln;mutation;;
L269R;p.Leu269Arg;mutation;;
L269S;p.Leu269Ser;mutation;;
L269T;p.Leu269Thr;mutation;;
L269V;p.Leu269Val;mutation;;
L269Y;p.Leu269Tyr;mutation;;
L269W;p.Leu269Trp;mutation;;
L269K;p.Leu269Lys;mutation;;
I270A;p.Ile270Ala;mutation;;
I270C;p.Ile270Cys;mutation;;
I270D;p.Ile270Asp;mutation;;
I270E;p.Ile270Glu;mutation;;
I270F;p.Ile270Phe;mutation;;
I270G;p.Ile270Gly;mutation;;
I270H;p.Ile270His;mutation;;
I270L;p.Ile270Leu;mutation;;
I270M;p.Ile270Met;mutation;;
I270N;p.Ile270Asn;mutation;;
I270P;p.Ile270Pro;mutation;;
I270Q;p.Ile270Gln;mutation;;
I270R;p.Ile270Arg;mutation;;
I270S;p.Ile270Ser;mutation;;
I270T;p.Ile270Thr;mutation;;
I270V;p.Ile270Val;mutation;;
I270Y;p.Ile270Tyr;mutation;;
I270W;p.Ile270Trp;mutation;;
I270K;p.Ile270Lys;mutation;;
P271A;p.Pro271Ala;mutation;;
P271C;p.Pro271Cys;mutation;;
P271D;p.Pro271Asp;mutation;;
P271E;p.Pro271Glu;mutation;;
P271F;p.Pro271Phe;mutation;;
P271G;p.Pro271Gly;mutation;;
P271H;p.Pro271His;mutation;;
P271I;p.Pro271Ile;mutation;;
P271L;p.Pro271Leu;mutation;;
P271M;p.Pro271Met;mutation;;
P271N;p.Pro271Asn;mutation;;
P271Q;p.Pro271Gln;mutation;;
P271R;p.Pro271Arg;mutation;;
P271S;p.Pro271Ser;mutation;;
P271T;p.Pro271Thr;mutation;;
P271V;p.Pro271Val;mutation;;
P271Y;p.Pro271Tyr;mutation;;
P271W;p.Pro271Trp;mutation;;
P271K;p.Pro271Lys;mutation;;
V272A;p.Val272Ala;mutation;;
V272C;p.Val272Cys;mutation;;
V272D;p.Val272Asp;mutation;;
V272E;p.Val272Glu;mutation;;
V272F;p.Val272Phe;mutation;;
V272G;p.Val272Gly;mutation;;
V272H;p.Val272His;mutation;;
V272I;p.Val272Ile;mutation;;
V272L;p.Val272Leu;mutation;;
V272M;p.Val272Met;mutation;;
V272N;p.Val272Asn;mutation;;
V272P;p.Val272Pro;mutation;;
V272Q;p.Val272Gln;mutation;;
V272R;p.Val272Arg;mutation;;
V272S;p.Val272Ser;mutation;;
V272T;p.Val272Thr;mutation;;
V272Y;p.Val272Tyr;mutation;;
V272W;p.Val272Trp;mutation;;
V272K;p.Val272Lys;mutation;;
L273A;p.Leu273Ala;mutation;;
L273C;p.Leu273Cys;mutation;;
L273D;p.Leu273Asp;mutation;;
L273E;p.Leu273Glu;mutation;;
L273F;p.Leu273Phe;mutation;;
L273G;p.Leu273Gly;mutation;;
L273H;p.Leu273His;mutation;;
L273I;p.Leu273Ile;mutation;;
L273M;p.Leu273Met;mutation;;
L273N;p.Leu273Asn;mutation;;
L273P;p.Leu273Pro;mutation;;
L273Q;p.Leu273Gln;mutation;;
L273R;p.Leu273Arg;mutation;;
L273S;p.Leu273Ser;mutation;;
L273T;p.Leu273Thr;mutation;;
L273V;p.Leu273Val;mutation;;
L273Y;p.Leu273Tyr;mutation;;
L273W;p.Leu273Trp;mutation;;
L273K;p.Leu273Lys;mutation;;
R274A;p.Arg274Ala;mutation;;
R274C;p.Arg274Cys;mutation;;
R274D;p.Arg274Asp;mutation;;
R274E;p.Arg274Glu;mutation;;
R274F;p.Arg274Phe;mutation;;
R274G;p.Arg274Gly;mutation;;
R274H;p.Arg274His;mutation;;
R274I;p.Arg274Ile;mutation;;
R274L;p.Arg274Leu;mutation;;
R274M;p.Arg274Met;mutation;;
R274N;p.Arg274Asn;mutation;;
R274P;p.Arg274Pro;mutation;;
R274Q;p.Arg274Gln;mutation;;
R274S;p.Arg274Ser;mutation;;
R274T;p.Arg274Thr;mutation;;
R274V;p.Arg274Val;mutation;;
R274Y;p.Arg274Tyr;mutation;;
R274W;p.Arg274Trp;mutation;;
R274K;p.Arg274Lys;mutation;;
S275A;p.Ser275Ala;mutation;;
S275C;p.Ser275Cys;mutation;;
S275D;p.Ser275Asp;mutation;;
S275E;p.Ser275Glu;mutation;;
S275F;p.Ser275Phe;mutation;;
S275G;p.Ser275Gly;mutation;;
S275H;p.Ser275His;mutation;;
S275I;p.Ser275Ile;mutation;;
S275L;p.Ser275Leu;mutation;;
S275M;p.Ser275Met;mutation;;
S275N;p.Ser275Asn;mutation;;
S275P;p.Ser275Pro;mutation;;
S275Q;p.Ser275Gln;mutation;;
S275R;p.Ser275Arg;mutation;;
S275T;p.Ser275Thr;mutation;;
S275V;p.Ser275Val;mutation;;
S275Y;p.Ser275Tyr;mutation;;
S275W;p.Ser275Trp;mutation;;
S275K;p.Ser275Lys;mutation;;
L276A;p.Leu276Ala;mutation;;
L276C;p.Leu276Cys;mutation;;
L276D;p.Leu276Asp;mutation;;
L276E;p.Leu276Glu;mutation;;
L276F;p.Leu276Phe;mutation;;
L276G;p.Leu276Gly;mutation;;
L276H;p.Leu276His;mutation;;
L276I;p.Leu276Ile;mutation;;
L276M;p.Leu276Met;mutation;;
L276N;p.Leu276Asn;mutation;;
L276P;p.Leu276Pro;mutation;;
L276Q;p.Leu276Gln;mutation;;
L276R;p.Leu276Arg;mutation;;
L276S;p.Leu276Ser;mutation;;
L276T;p.Leu276Thr;mutation;;
L276V;p.Leu276Val;mutation;;
L276Y;p.Leu276Tyr;mutation;;
L276W;p.Leu276Trp;mutation;;
L276K;p.Leu276Lys;mutation;;
A277C;p.Ala277Cys;mutation;;
A277D;p.Ala277Asp;mutation;;
A277E;p.Ala277Glu;mutation;;
A277F;p.Ala277Phe;mutation;;
A277G;p.Ala277Gly;mutation;;
A277H;p.Ala277His;mutation;;
A277I;p.Ala277Ile;mutation;;
A277L;p.Ala277Leu;mutation;;
A277M;p.Ala277Met;mutation;;
A277N;p.Ala277Asn;mutation;;
A277P;p.Ala277Pro;mutation;;
A277Q;p.Ala277Gln;mutation;;
A277R;p.Ala277Arg;mutation;;
A277S;p.Ala277Ser;mutation;;
A277T;p.Ala277Thr;mutation;;
A277V;p.Ala277Val;mutation;;
A277Y;p.Ala277Tyr;mutation;;
A277W;p.Ala277Trp;mutation;;
A277K;p.Ala277Lys;mutation;;
R278A;p.Arg278Ala;mutation;;
R278C;p.Arg278Cys;mutation;;
R278D;p.Arg278Asp;mutation;;
R278E;p.Arg278Glu;mutation;;
R278F;p.Arg278Phe;mutation;;
R278G;p.Arg278Gly;mutation;;
R278H;p.Arg278His;mutation;;
R278I;p.Arg278Ile;mutation;;
R278L;p.Arg278Leu;mutation;;
R278M;p.Arg278Met;mutation;;
R278N;p.Arg278Asn;mutation;;
R278P;p.Arg278Pro;mutation;;
R278Q;p.Arg278Gln;mutation;;
R278S;p.Arg278Ser;mutation;;
R278T;p.Arg278Thr;mutation;;
R278V;p.Arg278Val;mutation;;
R278Y;p.Arg278Tyr;mutation;;
R278W;p.Arg278Trp;mutation;;
R278K;p.Arg278Lys;mutation;;
L279A;p.Leu279Ala;mutation;;
L279C;p.Leu279Cys;mutation;;
L279D;p.Leu279Asp;mutation;;
L279E;p.Leu279Glu;mutation;;
L279F;p.Leu279Phe;mutation;;
L279G;p.Leu279Gly;mutation;;
L279H;p.Leu279His;mutation;;
L279I;p.Leu279Ile;mutation;;
L279M;p.Leu279Met;mutation;;
L279N;p.Leu279Asn;mutation;;
L279P;p.Leu279Pro;mutation;;
L279Q;p.Leu279Gln;mutation;;
L279R;p.Leu279Arg;mutation;;
L279S;p.Leu279Ser;mutation;;
L279T;p.Leu279Thr;mutation;;
L279V;p.Leu279Val;mutation;;
L279Y;p.Leu279Tyr;mutation;;
L279W;p.Leu279Trp;mutation;;
L279K;p.Leu279Lys;mutation;;
K280A;p.Lys280Ala;mutation;;
K280C;p.Lys280Cys;mutation;;
K280D;p.Lys280Asp;mutation;;
K280E;p.Lys280Glu;mutation;;
K280F;p.Lys280Phe;mutation;;
K280G;p.Lys280Gly;mutation;;
K280H;p.Lys280His;mutation;;
K280I;p.Lys280Ile;mutation;;
K280L;p.Lys280Leu;mutation;;
K280M;p.Lys280Met;mutation;;
K280N;p.Lys280Asn;mutation;;
K280P;p.Lys280Pro;mutation;;
K280Q;p.Lys280Gln;mutation;;
K280R;p.Lys280Arg;mutation;;
K280S;p.Lys280Ser;mutation;;
K280T;p.Lys280Thr;mutation;;
K280V;p.Lys280Val;mutation;;
K280Y;p.Lys280Tyr;mutation;;
K280W;p.Lys280Trp;mutation;;
P281A;p.Pro281Ala;mutation;;
P281C;p.Pro281Cys;mutation;;
P281D;p.Pro281Asp;mutation;;
P281E;p.Pro281Glu;mutation;;
P281F;p.Pro281Phe;mutation;;
P281G;p.Pro281Gly;mutation;;
P281H;p.Pro281His;mutation;;
P281I;p.Pro281Ile;mutation;;
P281L;p.Pro281Leu;mutation;;
P281M;p.Pro281Met;mutation;;
P281N;p.Pro281Asn;mutation;;
P281Q;p.Pro281Gln;mutation;;
P281R;p.Pro281Arg;mutation;;
P281S;p.Pro281Ser;mutation;;
P281T;p.Pro281Thr;mutation;;
P281V;p.Pro281Val;mutation;;
P281Y;p.Pro281Tyr;mutation;;
P281W;p.Pro281Trp;mutation;;
P281K;p.Pro281Lys;mutation;;
T282A;p.Thr282Ala;mutation;;
T282C;p.Thr282Cys;mutation;;
T282D;p.Thr282Asp;mutation;;
T282E;p.Thr282Glu;mutation;;
T282F;p.Thr282Phe;mutation;;
T282G;p.Thr282Gly;mutation;;
T282H;p.Thr282His;mutation;;
T282I;p.Thr282Ile;mutation;;
T282L;p.Thr282Leu;mutation;;
T282M;p.Thr282Met;mutation;;
T282N;p.Thr282Asn;mutation;;
T282P;p.Thr282Pro;mutation;;
T282Q;p.Thr282Gln;mutation;;
T282R;p.Thr282Arg;mutation;;
T282S;p.Thr282Ser;mutation;;
T282V;p.Thr282Val;mutation;;
T282Y;p.Thr282Tyr;mutation;;
T282W;p.Thr282Trp;mutation;;
T282K;p.Thr282Lys;mutation;;
M283A;p.Met283Ala;mutation;;
M283C;p.Met283Cys;mutation;;
M283D;p.Met283Asp;mutation;;
M283E;p.Met283Glu;mutation;;
M283F;p.Met283Phe;mutation;;
M283G;p.Met283Gly;mutation;;
M283H;p.Met283His;mutation;;
M283I;p.Met283Ile;mutation;;
M283L;p.Met283Leu;mutation;;
M283N;p.Met283Asn;mutation;;
M283P;p.Met283Pro;mutation;;
M283Q;p.Met283Gln;mutation;;
M283R;p.Met283Arg;mutation;;
M283S;p.Met283Ser;mutation;;
M283T;p.Met283Thr;mutation;;
M283V;p.Met283Val;mutation;;
M283Y;p.Met283Tyr;mutation;;
M283W;p.Met283Trp;mutation;;
M283K;p.Met283Lys;mutation;;
T284A;p.Thr284Ala;mutation;;
T284C;p.Thr284Cys;mutation;;
T284D;p.Thr284Asp;mutation;;
T284E;p.Thr284Glu;mutation;;
T284F;p.Thr284Phe;mutation;;
T284G;p.Thr284Gly;mutation;;
T284H;p.Thr284His;mutation;;
T284I;p.Thr284Ile;mutation;;
T284L;p.Thr284Leu;mutation;;
T284M;p.Thr284Met;mutation;;
T284N;p.Thr284Asn;mutation;;
T284P;p.Thr284Pro;mutation;;
T284Q;p.Thr284Gln;mutation;;
T284R;p.Thr284Arg;mutation;;
T284S;p.Thr284Ser;mutation;;
T284V;p.Thr284Val;mutation;;
T284Y;p.Thr284Tyr;mutation;;
T284W;p.Thr284Trp;mutation;;
T284K;p.Thr284Lys;mutation;;
L285A;p.Leu285Ala;mutation;;
L285C;p.Leu285Cys;mutation;;
L285D;p.Leu285Asp;mutation;;
L285E;p.Leu285Glu;mutation;;
L285F;p.Leu285Phe;mutation;;
L285G;p.Leu285Gly;mutation;;
L285H;p.Leu285His;mutation;;
L285I;p.Leu285Ile;mutation;;
L285M;p.Leu285Met;mutation;;
L285N;p.Leu285Asn;mutation;;
L285P;p.Leu285Pro;mutation;;
L285Q;p.Leu285Gln;mutation;;
L285R;p.Leu285Arg;mutation;;
L285S;p.Leu285Ser;mutation;;
L285T;p.Leu285Thr;mutation;;
L285V;p.Leu285Val;mutation;;
L285Y;p.Leu285Tyr;mutation;;
L285W;p.Leu285Trp;mutation;;
L285K;p.Leu285Lys;mutation;;
E286A;p.Glu286Ala;mutation;;
E286C;p.Glu286Cys;mutation;;
E286D;p.Glu286Asp;mutation;;
E286F;p.Glu286Phe;mutation;;
E286G;p.Glu286Gly;mutation;;
E286H;p.Glu286His;mutation;;
E286I;p.Glu286Ile;mutation;;
E286L;p.Glu286Leu;mutation;;
E286M;p.Glu286Met;mutation;;
E286N;p.Glu286Asn;mutation;;
E286P;p.Glu286Pro;mutation;;
E286Q;p.Glu286Gln;mutation;;
E286R;p.Glu286Arg;mutation;;
E286S;p.Glu286Ser;mutation;;
E286T;p.Glu286Thr;mutation;;
E286V;p.Glu286Val;mutation;;
E286Y;p.Glu286Tyr;mutation;;
E286W;p.Glu286Trp;mutation;;
E286K;p.Glu286Lys;mutation;;
E287A;p.Glu287Ala;mutation;;
E287C;p.Glu287Cys;mutation;;
E287D;p.Glu287Asp;mutation;;
E287F;p.Glu287Phe;mutation;;
E287G;p.Glu287Gly;mutation;;
E287H;p.Glu287His;mutation;;
E287I;p.Glu287Ile;mutation;;
E287L;p.Glu287Leu;mutation;;
E287M;p.Glu287Met;mutation;;
E287N;p.Glu287Asn;mutation;;
E287P;p.Glu287Pro;mutation;;
E287Q;p.Glu287Gln;mutation;;
E287R;p.Glu287Arg;mutation;;
E287S;p.Glu287Ser;mutation;;
E287T;p.Glu287Thr;mutation;;
E287V;p.Glu287Val;mutation;;
E287Y;p.Glu287Tyr;mutation;;
E287W;p.Glu287Trp;mutation;;
E287K;p.Glu287Lys;mutation;;
G288A;p.Gly288Ala;mutation;;
G288C;p.Gly288Cys;mutation;;
G288D;p.Gly288Asp;mutation;;
G288E;p.Gly288Glu;mutation;;
G288F;p.Gly288Phe;mutation;;
G288H;p.Gly288His;mutation;;
G288I;p.Gly288Ile;mutation;;
G288L;p.Gly288Leu;mutation;;
G288M;p.Gly288Met;mutation;;
G288N;p.Gly288Asn;mutation;;
G288P;p.Gly288Pro;mutation;;
G288Q;p.Gly288Gln;mutation;;
G288R;p.Gly288Arg;mutation;;
G288S;p.Gly288Ser;mutation;;
G288T;p.Gly288Thr;mutation;;
G288V;p.Gly288Val;mutation;;
G288Y;p.Gly288Tyr;mutation;;
G288W;p.Gly288Trp;mutation;;
G288K;p.Gly288Lys;mutation;;
L289A;p.Leu289Ala;mutation;;
L289C;p.Leu289Cys;mutation;;
L289D;p.Leu289Asp;mutation;;
L289E;p.Leu289Glu;mutation;;
L289F;p.Leu289Phe;mutation;;
L289G;p.Leu289Gly;mutation;;
L289H;p.Leu289His;mutation;;
L289I;p.Leu289Ile;mutation;;
L289M;p.Leu289Met;mutation;;
L289N;p.Leu289Asn;mutation;;
L289P;p.Leu289Pro;mutation;;
L289Q;p.Leu289Gln;mutation;;
L289R;p.Leu289Arg;mutation;;
L289S;p.Leu289Ser;mutation;;
L289T;p.Leu289Thr;mutation;;
L289V;p.Leu289Val;mutation;;
L289Y;p.Leu289Tyr;mutation;;
L289W;p.Leu289Trp;mutation;;
L289K;p.Leu289Lys;mutation;;
P290A;p.Pro290Ala;mutation;;
P290C;p.Pro290Cys;mutation;;
P290D;p.Pro290Asp;mutation;;
P290E;p.Pro290Glu;mutation;;
P290F;p.Pro290Phe;mutation;;
P290G;p.Pro290Gly;mutation;;
P290H;p.Pro290His;mutation;;
P290I;p.Pro290Ile;mutation;;
P290L;p.Pro290Leu;mutation;;
P290M;p.Pro290Met;mutation;;
P290N;p.Pro290Asn;mutation;;
P290Q;p.Pro290Gln;mutation;;
P290R;p.Pro290Arg;mutation;;
P290S;p.Pro290Ser;mutation;;
P290T;p.Pro290Thr;mutation;;
P290V;p.Pro290Val;mutation;;
P290Y;p.Pro290Tyr;mutation;;
P290W;p.Pro290Trp;mutation;;
P290K;p.Pro290Lys;mutation;;
L291A;p.Leu291Ala;mutation;;
L291C;p.Leu291Cys;mutation;;
L291D;p.Leu291Asp;mutation;;
L291E;p.Leu291Glu;mutation;;
L291F;p.Leu291Phe;mutation;;
L291G;p.Leu291Gly;mutation;;
L291H;p.Leu291His;mutation;;
L291I;p.Leu291Ile;mutation;;
L291M;p.Leu291Met;mutation;;
L291N;p.Leu291Asn;mutation;;
L291P;p.Leu291Pro;mutation;;
L291Q;p.Leu291Gln;mutation;;
L291R;p.Leu291Arg;mutation;;
L291S;p.Leu291Ser;mutation;;
L291T;p.Leu291Thr;mutation;;
L291V;p.Leu291Val;mutation;;
L291Y;p.Leu291Tyr;mutation;;
L291W;p.Leu291Trp;mutation;;
L291K;p.Leu291Lys;mutation;;
A292C;p.Ala292Cys;mutation;;
A292D;p.Ala292Asp;mutation;;
A292E;p.Ala292Glu;mutation;;
A292F;p.Ala292Phe;mutation;;
A292G;p.Ala292Gly;mutation;;
A292H;p.Ala292His;mutation;;
A292I;p.Ala292Ile;mutation;;
A292L;p.Ala292Leu;mutation;;
A292M;p.Ala292Met;mutation;;
A292N;p.Ala292Asn;mutation;;
A292P;p.Ala292Pro;mutation;;
A292Q;p.Ala292Gln;mutation;;
A292R;p.Ala292Arg;mutation;;
A292S;p.Ala292Ser;mutation;;
A292T;p.Ala292Thr;mutation;;
A292V;p.Ala292Val;mutation;;
A292Y;p.Ala292Tyr;mutation;;
A292W;p.Ala292Trp;mutation;;
A292K;p.Ala292Lys;mutation;;
V293A;p.Val293Ala;mutation;;
V293C;p.Val293Cys;mutation;;
V293D;p.Val293Asp;mutation;;
V293E;p.Val293Glu;mutation;;
V293F;p.Val293Phe;mutation;;
V293G;p.Val293Gly;mutation;;
V293H;p.Val293His;mutation;;
V293I;p.Val293Ile;mutation;;
V293L;p.Val293Leu;mutation;;
V293M;p.Val293Met;mutation;;
V293N;p.Val293Asn;mutation;;
V293P;p.Val293Pro;mutation;;
V293Q;p.Val293Gln;mutation;;
V293R;p.Val293Arg;mutation;;
V293S;p.Val293Ser;mutation;;
V293T;p.Val293Thr;mutation;;
V293Y;p.Val293Tyr;mutation;;
V293W;p.Val293Trp;mutation;;
V293K;p.Val293Lys;mutation;;
Q294A;p.Gln294Ala;mutation;;
Q294C;p.Gln294Cys;mutation;;
Q294D;p.Gln294Asp;mutation;;
Q294E;p.Gln294Glu;mutation;;
Q294F;p.Gln294Phe;mutation;;
Q294G;p.Gln294Gly;mutation;;
Q294H;p.Gln294His;mutation;;
Q294I;p.Gln294Ile;mutation;;
Q294L;p.Gln294Leu;mutation;;
Q294M;p.Gln294Met;mutation;;
Q294N;p.Gln294Asn;mutation;;
Q294P;p.Gln294Pro;mutation;;
Q294R;p.Gln294Arg;mutation;;
Q294S;p.Gln294Ser;mutation;;
Q294T;p.Gln294Thr;mutation;;
Q294V;p.Gln294Val;mutation;;
Q294Y;p.Gln294Tyr;mutation;;
Q294W;p.Gln294Trp;mutation;;
Q294K;p.Gln294Lys;mutation;;
E295A;p.Glu295Ala;mutation;;
E295C;p.Glu295Cys;mutation;;
E295D;p.Glu295Asp;mutation;;
E295F;p.Glu295Phe;mutation;;
E295G;p.Glu295Gly;mutation;;
E295H;p.Glu295His;mutation;;
E295I;p.Glu295Ile;mutation;;
E295L;p.Glu295Leu;mutation;;
E295M;p.Glu295Met;mutation;;
E295N;p.Glu295Asn;mutation;;
E295P;p.Glu295Pro;mutation;;
E295Q;p.Glu295Gln;mutation;;
E295R;p.Glu295Arg;mutation;;
E295S;p.Glu295Ser;mutation;;
E295T;p.Glu295Thr;mutation;;
E295V;p.Glu295Val;mutation;;
E295Y;p.Glu295Tyr;mutation;;
E295W;p.Glu295Trp;mutation;;
E295K;p.Glu295Lys;mutation;;
W296A;p.Trp296Ala;mutation;;
W296C;p.Trp296Cys;mutation;;
W296D;p.Trp296Asp;mutation;;
W296E;p.Trp296Glu;mutation;;
W296F;p.Trp296Phe;mutation;;
W296G;p.Trp296Gly;mutation;;
W296H;p.Trp296His;mutation;;
W296I;p.Trp296Ile;mutation;;
W296L;p.Trp296Leu;mutation;;
W296M;p.Trp296Met;mutation;;
W296N;p.Trp296Asn;mutation;;
W296P;p.Trp296Pro;mutation;;
W296Q;p.Trp296Gln;mutation;;
W296R;p.Trp296Arg;mutation;;
W296S;p.Trp296Ser;mutation;;
W296T;p.Trp296Thr;mutation;;
W296V;p.Trp296Val;mutation;;
W296Y;p.Trp296Tyr;mutation;;
W296K;p.Trp296Lys;mutation;;
E297A;p.Glu297Ala;mutation;;
E297C;p.Glu297Cys;mutation;;
E297D;p.Glu297Asp;mutation;;
E297F;p.Glu297Phe;mutation;;
E297G;p.Glu297Gly;mutation;;
E297H;p.Glu297His;mutation;;
E297I;p.Glu297Ile;mutation;;
E297L;p.Glu297Leu;mutation;;
E297M;p.Glu297Met;mutation;;
E297N;p.Glu297Asn;mutation;;
E297P;p.Glu297Pro;mutation;;
E297Q;p.Glu297Gln;mutation;;
E297R;p.Glu297Arg;mutation;;
E297S;p.Glu297Ser;mutation;;
E297T;p.Glu297Thr;mutation;;
E297V;p.Glu297Val;mutation;;
E297Y;p.Glu297Tyr;mutation;;
E297W;p.Glu297Trp;mutation;;
E297K;p.Glu297Lys;mutation;;
H298A;p.His298Ala;mutation;;
H298C;p.His298Cys;mutation;;
H298D;p.His298Asp;mutation;;
H298E;p.His298Glu;mutation;;
H298F;p.His298Phe;mutation;;
H298G;p.His298Gly;mutation;;
H298I;p.His298Ile;mutation;;
H298L;p.His298Leu;mutation;;
H298M;p.His298Met;mutation;;
H298N;p.His298Asn;mutation;;
H298P;p.His298Pro;mutation;;
H298Q;p.His298Gln;mutation;;
H298R;p.His298Arg;mutation;;
H298S;p.His298Ser;mutation;;
H298T;p.His298Thr;mutation;;
H298V;p.His298Val;mutation;;
H298Y;p.His298Tyr;mutation;;
H298W;p.His298Trp;mutation;;
H298K;p.His298Lys;mutation;;
T299A;p.Thr299Ala;mutation;;
T299C;p.Thr299Cys;mutation;;
T299D;p.Thr299Asp;mutation;;
T299E;p.Thr299Glu;mutation;;
T299F;p.Thr299Phe;mutation;;
T299G;p.Thr299Gly;mutation;;
T299H;p.Thr299His;mutation;;
T299I;p.Thr299Ile;mutation;;
T299L;p.Thr299Leu;mutation;;
T299M;p.Thr299Met;mutation;;
T299N;p.Thr299Asn;mutation;;
T299P;p.Thr299Pro;mutation;;
T299Q;p.Thr299Gln;mutation;;
T299R;p.Thr299Arg;mutation;;
T299S;p.Thr299Ser;mutation;;
T299V;p.Thr299Val;mutation;;
T299Y;p.Thr299Tyr;mutation;;
T299W;p.Thr299Trp;mutation;;
T299K;p.Thr299Lys;mutation;;
S300A;p.Ser300Ala;mutation;;
S300C;p.Ser300Cys;mutation;;
S300D;p.Ser300Asp;mutation;;
S300E;p.Ser300Glu;mutation;;
S300F;p.Ser300Phe;mutation;;
S300G;p.Ser300Gly;mutation;;
S300H;p.Ser300His;mutation;;
S300I;p.Ser300Ile;mutation;;
S300L;p.Ser300Leu;mutation;;
S300M;p.Ser300Met;mutation;;
S300N;p.Ser300Asn;mutation;;
S300P;p.Ser300Pro;mutation;;
S300Q;p.Ser300Gln;mutation;;
S300R;p.Ser300Arg;mutation;;
S300T;p.Ser300Thr;mutation;;
S300V;p.Ser300Val;mutation;;
S300Y;p.Ser300Tyr;mutation;;
S300W;p.Ser300Trp;mutation;;
S300K;p.Ser300Lys;mutation;;
N301A;p.Asn301Ala;mutation;;
N301C;p.Asn301Cys;mutation;;
N301D;p.Asn301Asp;mutation;;
N301E;p.Asn301Glu;mutation;;
N301F;p.Asn301Phe;mutation;;
N301G;p.Asn301Gly;mutation;;
N301H;p.Asn301His;mutation;;
N301I;p.Asn301Ile;mutation;;
N301L;p.Asn301Leu;mutation;;
N301M;p.Asn301Met;mutation;;
N301P;p.Asn301Pro;mutation;;
N301Q;p.Asn301Gln;mutation;;
N301R;p.Asn301Arg;mutation;;
N301S;p.Asn301Ser;mutation;;
N301T;p.Asn301Thr;mutation;;
N301V;p.Asn301Val;mutation;;
N301Y;p.Asn301Tyr;mutation;;
N301W;p.Asn301Trp;mutation;;
N301K;p.Asn301Lys;mutation;;
F302A;p.Phe302Ala;mutation;;
F302C;p.Phe302Cys;mutation;;
F302D;p.Phe302Asp;mutation;;
F302E;p.Phe302Glu;mutation;;
F302G;p.Phe302Gly;mutation;;
F302H;p.Phe302His;mutation;;
F302I;p.Phe302Ile;mutation;;
F302L;p.Phe302Leu;mutation;;
F302M;p.Phe302Met;mutation;;
F302N;p.Phe302Asn;mutation;;
F302P;p.Phe302Pro;mutation;;
F302Q;p.Phe302Gln;mutation;;
F302R;p.Phe302Arg;mutation;;
F302S;p.Phe302Ser;mutation;;
F302T;p.Phe302Thr;mutation;;
F302V;p.Phe302Val;mutation;;
F302Y;p.Phe302Tyr;mutation;;
F302W;p.Phe302Trp;mutation;;
F302K;p.Phe302Lys;mutation;;
D303A;p.Asp303Ala;mutation;;
D303C;p.Asp303Cys;mutation;;
D303E;p.Asp303Glu;mutation;;
D303F;p.Asp303Phe;mutation;;
D303G;p.Asp303Gly;mutation;;
D303H;p.Asp303His;mutation;;
D303I;p.Asp303Ile;mutation;;
D303L;p.Asp303Leu;mutation;;
D303M;p.Asp303Met;mutation;;
D303N;p.Asp303Asn;mutation;;
D303P;p.Asp303Pro;mutation;;
D303Q;p.Asp303Gln;mutation;;
D303R;p.Asp303Arg;mutation;;
D303S;p.Asp303Ser;mutation;;
D303T;p.Asp303Thr;mutation;;
D303V;p.Asp303Val;mutation;;
D303Y;p.Asp303Tyr;mutation;;
D303W;p.Asp303Trp;mutation;;
D303K;p.Asp303Lys;mutation;;
R304A;p.Arg304Ala;mutation;;
R304C;p.Arg304Cys;mutation;;
R304D;p.Arg304Asp;mutation;;
R304E;p.Arg304Glu;mutation;;
R304F;p.Arg304Phe;mutation;;
R304G;p.Arg304Gly;mutation;;
R304H;p.Arg304His;mutation;;
R304I;p.Arg304Ile;mutation;;
R304L;p.Arg304Leu;mutation;;
R304M;p.Arg304Met;mutation;;
R304N;p.Arg304Asn;mutation;;
R304P;p.Arg304Pro;mutation;;
R304Q;p.Arg304Gln;mutation;;
R304S;p.Arg304Ser;mutation;;
R304T;p.Arg304Thr;mutation;;
R304V;p.Arg304Val;mutation;;
R304Y;p.Arg304Tyr;mutation;;
R304W;p.Arg304Trp;mutation;;
R304K;p.Arg304Lys;mutation;;
M305A;p.Met305Ala;mutation;;
M305C;p.Met305Cys;mutation;;
M305D;p.Met305Asp;mutation;;
M305E;p.Met305Glu;mutation;;
M305F;p.Met305Phe;mutation;;
M305G;p.Met305Gly;mutation;;
M305H;p.Met305His;mutation;;
M305I;p.Met305Ile;mutation;;
M305L;p.Met305Leu;mutation;;
M305N;p.Met305Asn;mutation;;
M305P;p.Met305Pro;mutation;;
M305Q;p.Met305Gln;mutation;;
M305R;p.Met305Arg;mutation;;
M305S;p.Met305Ser;mutation;;
M305T;p.Met305Thr;mutation;;
M305V;p.Met305Val;mutation;;
M305Y;p.Met305Tyr;mutation;;
M305W;p.Met305Trp;mutation;;
M305K;p.Met305Lys;mutation;;
I306A;p.Ile306Ala;mutation;;
I306C;p.Ile306Cys;mutation;;
I306D;p.Ile306Asp;mutation;;
I306E;p.Ile306Glu;mutation;;
I306F;p.Ile306Phe;mutation;;
I306G;p.Ile306Gly;mutation;;
I306H;p.Ile306His;mutation;;
I306L;p.Ile306Leu;mutation;;
I306M;p.Ile306Met;mutation;;
I306N;p.Ile306Asn;mutation;;
I306P;p.Ile306Pro;mutation;;
I306Q;p.Ile306Gln;mutation;;
I306R;p.Ile306Arg;mutation;;
I306S;p.Ile306Ser;mutation;;
I306T;p.Ile306Thr;mutation;;
I306V;p.Ile306Val;mutation;;
I306Y;p.Ile306Tyr;mutation;;
I306W;p.Ile306Trp;mutation;;
I306K;p.Ile306Lys;mutation;;
F307A;p.Phe307Ala;mutation;;
F307C;p.Phe307Cys;mutation;;
F307D;p.Phe307Asp;mutation;;
F307E;p.Phe307Glu;mutation;;
F307G;p.Phe307Gly;mutation;;
F307H;p.Phe307His;mutation;;
F307I;p.Phe307Ile;mutation;;
F307L;p.Phe307Leu;mutation;;
F307M;p.Phe307Met;mutation;;
F307N;p.Phe307Asn;mutation;;
F307P;p.Phe307Pro;mutation;;
F307Q;p.Phe307Gln;mutation;;
F307R;p.Phe307Arg;mutation;;
F307S;p.Phe307Ser;mutation;;
F307T;p.Phe307Thr;mutation;;
F307V;p.Phe307Val;mutation;;
F307Y;p.Phe307Tyr;mutation;;
F307W;p.Phe307Trp;mutation;;
F307K;p.Phe307Lys;mutation;;
Y308A;p.Tyr308Ala;mutation;;
Y308C;p.Tyr308Cys;mutation;;
Y308D;p.Tyr308Asp;mutation;;
Y308E;p.Tyr308Glu;mutation;;
Y308F;p.Tyr308Phe;mutation;;
Y308G;p.Tyr308Gly;mutation;;
Y308H;p.Tyr308His;mutation;;
Y308I;p.Tyr308Ile;mutation;;
Y308L;p.Tyr308Leu;mutation;;
Y308M;p.Tyr308Met;mutation;;
Y308N;p.Tyr308Asn;mutation;;
Y308P;p.Tyr308Pro;mutation;;
Y308Q;p.Tyr308Gln;mutation;;
Y308R;p.Tyr308Arg;mutation;;
Y308S;p.Tyr308Ser;mutation;;
Y308T;p.Tyr308Thr;mutation;;
Y308V;p.Tyr308Val;mutation;;
Y308W;p.Tyr308Trp;mutation;;
Y308K;p.Tyr308Lys;mutation;;
E309A;p.Glu309Ala;mutation;;
E309C;p.Glu309Cys;mutation;;
E309D;p.Glu309Asp;mutation;;
E309F;p.Glu309Phe;mutation;;
E309G;p.Glu309Gly;mutation;;
E309H;p.Glu309His;mutation;;
E309I;p.Glu309Ile;mutation;;
E309L;p.Glu309Leu;mutation;;
E309M;p.Glu309Met;mutation;;
E309N;p.Glu309Asn;mutation;;
E309P;p.Glu309Pro;mutation;;
E309Q;p.Glu309Gln;mutation;;
E309R;p.Glu309Arg;mutation;;
E309S;p.Glu309Ser;mutation;;
E309T;p.Glu309Thr;mutation;;
E309V;p.Glu309Val;mutation;;
E309Y;p.Glu309Tyr;mutation;;
E309W;p.Glu309Trp;mutation;;
E309K;p.Glu309Lys;mutation;;
M310A;p.Met310Ala;mutation;;
M310C;p.Met310Cys;mutation;;
M310D;p.Met310Asp;mutation;;
M310E;p.Met310Glu;mutation;;
M310F;p.Met310Phe;mutation;;
M310G;p.Met310Gly;mutation;;
M310H;p.Met310His;mutation;;
M310I;p.Met310Ile;mutation;;
M310L;p.Met310Leu;mutation;;
M310N;p.Met310Asn;mutation;;
M310P;p.Met310Pro;mutation;;
M310Q;p.Met310Gln;mutation;;
M310R;p.Met310Arg;mutation;;
M310S;p.Met310Ser;mutation;;
M310T;p.Met310Thr;mutation;;
M310V;p.Met310Val;mutation;;
M310Y;p.Met310Tyr;mutation;;
M310W;p.Met310Trp;mutation;;
M310K;p.Met310Lys;mutation;;
A311C;p.Ala311Cys;mutation;;
A311D;p.Ala311Asp;mutation;;
A311E;p.Ala311Glu;mutation;;
A311F;p.Ala311Phe;mutation;;
A311G;p.Ala311Gly;mutation;;
A311H;p.Ala311His;mutation;;
A311I;p.Ala311Ile;mutation;;
A311L;p.Ala311Leu;mutation;;
A311M;p.Ala311Met;mutation;;
A311N;p.Ala311Asn;mutation;;
A311P;p.Ala311Pro;mutation;;
A311Q;p.Ala311Gln;mutation;;
A311R;p.Ala311Arg;mutation;;
A311S;p.Ala311Ser;mutation;;
A311T;p.Ala311Thr;mutation;;
A311V;p.Ala311Val;mutation;;
A311Y;p.Ala311Tyr;mutation;;
A311W;p.Ala311Trp;mutation;;
A311K;p.Ala311Lys;mutation;;
E312A;p.Glu312Ala;mutation;;
E312C;p.Glu312Cys;mutation;;
E312D;p.Glu312Asp;mutation;;
E312F;p.Glu312Phe;mutation;;
E312G;p.Glu312Gly;mutation;;
E312H;p.Glu312His;mutation;;
E312I;p.Glu312Ile;mutation;;
E312L;p.Glu312Leu;mutation;;
E312M;p.Glu312Met;mutation;;
E312N;p.Glu312Asn;mutation;;
E312P;p.Glu312Pro;mutation;;
E312Q;p.Glu312Gln;mutation;;
E312R;p.Glu312Arg;mutation;;
E312S;p.Glu312Ser;mutation;;
E312T;p.Glu312Thr;mutation;;
E312V;p.Glu312Val;mutation;;
E312Y;p.Glu312Tyr;mutation;;
E312W;p.Glu312Trp;mutation;;
E312K;p.Glu312Lys;mutation;;
R313A;p.Arg313Ala;mutation;;
R313C;p.Arg313Cys;mutation;;
R313D;p.Arg313Asp;mutation;;
R313E;p.Arg313Glu;mutation;;
R313F;p.Arg313Phe;mutation;;
R313G;p.Arg313Gly;mutation;;
R313H;p.Arg313His;mutation;;
R313I;p.Arg313Ile;mutation;;
R313L;p.Arg313Leu;mutation;;
R313M;p.Arg313Met;mutation;;
R313N;p.Arg313Asn;mutation;;
R313P;p.Arg313Pro;mutation;;
R313Q;p.Arg313Gln;mutation;;
R313S;p.Arg313Ser;mutation;;
R313T;p.Arg313Thr;mutation;;
R313V;p.Arg313Val;mutation;;
R313Y;p.Arg313Tyr;mutation;;
R313W;p.Arg313Trp;mutation;;
R313K;p.Arg313Lys;mutation;;
F314A;p.Phe314Ala;mutation;;
F314C;p.Phe314Cys;mutation;;
F314D;p.Phe314Asp;mutation;;
F314E;p.Phe314Glu;mutation;;
F314G;p.Phe314Gly;mutation;;
F314H;p.Phe314His;mutation;;
F314I;p.Phe314Ile;mutation;;
F314L;p.Phe314Leu;mutation;;
F314M;p.Phe314Met;mutation;;
F314N;p.Phe314Asn;mutation;;
F314P;p.Phe314Pro;mutation;;
F314Q;p.Phe314Gln;mutation;;
F314R;p.Phe314Arg;mutation;;
F314S;p.Phe314Ser;mutation;;
F314T;p.Phe314Thr;mutation;;
F314V;p.Phe314Val;mutation;;
F314Y;p.Phe314Tyr;mutation;;
F314W;p.Phe314Trp;mutation;;
F314K;p.Phe314Lys;mutation;;
M315A;p.Met315Ala;mutation;;
M315C;p.Met315Cys;mutation;;
M315D;p.Met315Asp;mutation;;
M315E;p.Met315Glu;mutation;;
M315F;p.Met315Phe;mutation;;
M315G;p.Met315Gly;mutation;;
M315H;p.Met315His;mutation;;
M315I;p.Met315Ile;mutation;;
M315L;p.Met315Leu;mutation;;
M315N;p.Met315Asn;mutation;;
M315P;p.Met315Pro;mutation;;
M315Q;p.Met315Gln;mutation;;
M315R;p.Met315Arg;mutation;;
M315S;p.Met315Ser;mutation;;
M315T;p.Met315Thr;mutation;;
M315V;p.Met315Val;mutation;;
M315Y;p.Met315Tyr;mutation;;
M315W;p.Met315Trp;mutation;;
M315K;p.Met315Lys;mutation;;
E316A;p.Glu316Ala;mutation;;
E316C;p.Glu316Cys;mutation;;
E316D;p.Glu316Asp;mutation;;
E316F;p.Glu316Phe;mutation;;
E316G;p.Glu316Gly;mutation;;
E316H;p.Glu316His;mutation;;
E316I;p.Glu316Ile;mutation;;
E316L;p.Glu316Leu;mutation;;
E316M;p.Glu316Met;mutation;;
E316N;p.Glu316Asn;mutation;;
E316P;p.Glu316Pro;mutation;;
E316Q;p.Glu316Gln;mutation;;
E316R;p.Glu316Arg;mutation;;
E316S;p.Glu316Ser;mutation;;
E316T;p.Glu316Thr;mutation;;
E316V;p.Glu316Val;mutation;;
E316Y;p.Glu316Tyr;mutation;;
E316W;p.Glu316Trp;mutation;;
E316K;p.Glu316Lys;mutation;;
F317A;p.Phe317Ala;mutation;;
F317C;p.Phe317Cys;mutation;;
F317D;p.Phe317Asp;mutation;;
F317E;p.Phe317Glu;mutation;;
F317G;p.Phe317Gly;mutation;;
F317H;p.Phe317His;mutation;;
F317I;p.Phe317Ile;mutation;;
F317L;p.Phe317Leu;mutation;;
F317M;p.Phe317Met;mutation;;
F317N;p.Phe317Asn;mutation;;
F317P;p.Phe317Pro;mutation;;
F317Q;p.Phe317Gln;mutation;;
F317R;p.Phe317Arg;mutation;;
F317S;p.Phe317Ser;mutation;;
F317T;p.Phe317Thr;mutation;;
F317V;p.Phe317Val;mutation;;
F317Y;p.Phe317Tyr;mutation;;
F317W;p.Phe317Trp;mutation;;
F317K;p.Phe317Lys;mutation;;
E318A;p.Glu318Ala;mutation;;
E318C;p.Glu318Cys;mutation;;
E318D;p.Glu318Asp;mutation;;
E318F;p.Glu318Phe;mutation;;
E318G;p.Glu318Gly;mutation;;
E318H;p.Glu318His;mutation;;
E318I;p.Glu318Ile;mutation;;
E318L;p.Glu318Leu;mutation;;
E318M;p.Glu318Met;mutation;;
E318N;p.Glu318Asn;mutation;;
E318P;p.Glu318Pro;mutation;;
E318Q;p.Glu318Gln;mutation;;
E318R;p.Glu318Arg;mutation;;
E318S;p.Glu318Ser;mutation;;
E318T;p.Glu318Thr;mutation;;
E318V;p.Glu318Val;mutation;;
E318Y;p.Glu318Tyr;mutation;;
E318W;p.Glu318Trp;mutation;;
E318K;p.Glu318Lys;mutation;;
A319C;p.Ala319Cys;mutation;;
A319D;p.Ala319Asp;mutation;;
A319E;p.Ala319Glu;mutation;;
A319F;p.Ala319Phe;mutation;;
A319G;p.Ala319Gly;mutation;;
A319H;p.Ala319His;mutation;;
A319I;p.Ala319Ile;mutation;;
A319L;p.Ala319Leu;mutation;;
A319M;p.Ala319Met;mutation;;
A319N;p.Ala319Asn;mutation;;
A319P;p.Ala319Pro;mutation;;
A319Q;p.Ala319Gln;mutation;;
A319R;p.Ala319Arg;mutation;;
A319S;p.Ala319Ser;mutation;;
A319T;p.Ala319Thr;mutation;;
A319V;p.Ala319Val;mutation;;
A319Y;p.Ala319Tyr;mutation;;
A319W;p.Ala319Trp;mutation;;
A319K;p.Ala319Lys;mutation;;
E320A;p.Glu320Ala;mutation;;
E320C;p.Glu320Cys;mutation;;
E320D;p.Glu320Asp;mutation;;
E320F;p.Glu320Phe;mutation;;
E320G;p.Glu320Gly;mutation;;
E320H;p.Glu320His;mutation;;
E320I;p.Glu320Ile;mutation;;
E320L;p.Glu320Leu;mutation;;
E320M;p.Glu320Met;mutation;;
E320N;p.Glu320Asn;mutation;;
E320P;p.Glu320Pro;mutation;;
E320Q;p.Glu320Gln;mutation;;
E320R;p.Glu320Arg;mutation;;
E320S;p.Glu320Ser;mutation;;
E320T;p.Glu320Thr;mutation;;
E320V;p.Glu320Val;mutation;;
E320Y;p.Glu320Tyr;mutation;;
E320W;p.Glu320Trp;mutation;;
E320K;p.Glu320Lys;mutation;;
E321A;p.Glu321Ala;mutation;;
E321C;p.Glu321Cys;mutation;;
E321D;p.Glu321Asp;mutation;;
E321F;p.Glu321Phe;mutation;;
E321G;p.Glu321Gly;mutation;;
E321H;p.Glu321His;mutation;;
E321I;p.Glu321Ile;mutation;;
E321L;p.Glu321Leu;mutation;;
E321M;p.Glu321Met;mutation;;
E321N;p.Glu321Asn;mutation;;
E321P;p.Glu321Pro;mutation;;
E321Q;p.Glu321Gln;mutation;;
E321R;p.Glu321Arg;mutation;;
E321S;p.Glu321Ser;mutation;;
E321T;p.Glu321Thr;mutation;;
E321V;p.Glu321Val;mutation;;
E321Y;p.Glu321Tyr;mutation;;
E321W;p.Glu321Trp;mutation;;
E321K;p.Glu321Lys;mutation;;
M322A;p.Met322Ala;mutation;;
M322C;p.Met322Cys;mutation;;
M322D;p.Met322Asp;mutation;;
M322E;p.Met322Glu;mutation;;
M322F;p.Met322Phe;mutation;;
M322G;p.Met322Gly;mutation;;
M322H;p.Met322His;mutation;;
M322I;p.Met322Ile;mutation;;
M322L;p.Met322Leu;mutation;;
M322N;p.Met322Asn;mutation;;
M322P;p.Met322Pro;mutation;;
M322Q;p.Met322Gln;mutation;;
M322R;p.Met322Arg;mutation;;
M322S;p.Met322Ser;mutation;;
M322T;p.Met322Thr;mutation;;
M322V;p.Met322Val;mutation;;
M322Y;p.Met322Tyr;mutation;;
M322W;p.Met322Trp;mutation;;
M322K;p.Met322Lys;mutation;;
Q323A;p.Gln323Ala;mutation;;
Q323C;p.Gln323Cys;mutation;;
Q323D;p.Gln323Asp;mutation;;
Q323E;p.Gln323Glu;mutation;;
Q323F;p.Gln323Phe;mutation;;
Q323G;p.Gln323Gly;mutation;;
Q323H;p.Gln323His;mutation;;
Q323I;p.Gln323Ile;mutation;;
Q323L;p.Gln323Leu;mutation;;
Q323M;p.Gln323Met;mutation;;
Q323N;p.Gln323Asn;mutation;;
Q323P;p.Gln323Pro;mutation;;
Q323R;p.Gln323Arg;mutation;;
Q323S;p.Gln323Ser;mutation;;
Q323T;p.Gln323Thr;mutation;;
Q323V;p.Gln323Val;mutation;;
Q323Y;p.Gln323Tyr;mutation;;
Q323W;p.Gln323Trp;mutation;;
Q323K;p.Gln323Lys;mutation;;
I324A;p.Ile324Ala;mutation;;
I324C;p.Ile324Cys;mutation;;
I324D;p.Ile324Asp;mutation;;
I324E;p.Ile324Glu;mutation;;
I324F;p.Ile324Phe;mutation;;
I324G;p.Ile324Gly;mutation;;
I324H;p.Ile324His;mutation;;
I324L;p.Ile324Leu;mutation;;
I324M;p.Ile324Met;mutation;;
I324N;p.Ile324Asn;mutation;;
I324P;p.Ile324Pro;mutation;;
I324Q;p.Ile324Gln;mutation;;
I324R;p.Ile324Arg;mutation;;
I324S;p.Ile324Ser;mutation;;
I324T;p.Ile324Thr;mutation;;
I324V;p.Ile324Val;mutation;;
I324Y;p.Ile324Tyr;mutation;;
I324W;p.Ile324Trp;mutation;;
I324K;p.Ile324Lys;mutation;;
Q325A;p.Gln325Ala;mutation;;
Q325C;p.Gln325Cys;mutation;;
Q325D;p.Gln325Asp;mutation;;
Q325E;p.Gln325Glu;mutation;;
Q325F;p.Gln325Phe;mutation;;
Q325G;p.Gln325Gly;mutation;;
Q325H;p.Gln325His;mutation;;
Q325I;p.Gln325Ile;mutation;;
Q325L;p.Gln325Leu;mutation;;
Q325M;p.Gln325Met;mutation;;
Q325N;p.Gln325Asn;mutation;;
Q325P;p.Gln325Pro;mutation;;
Q325R;p.Gln325Arg;mutation;;
Q325S;p.Gln325Ser;mutation;;
Q325T;p.Gln325Thr;mutation;;
Q325V;p.Gln325Val;mutation;;
Q325Y;p.Gln325Tyr;mutation;;
Q325W;p.Gln325Trp;mutation;;
Q325K;p.Gln325Lys;mutation;;
N326A;p.Asn326Ala;mutation;;
N326C;p.Asn326Cys;mutation;;
N326D;p.Asn326Asp;mutation;;
N326E;p.Asn326Glu;mutation;;
N326F;p.Asn326Phe;mutation;;
N326G;p.Asn326Gly;mutation;;
N326H;p.Asn326His;mutation;;
N326I;p.Asn326Ile;mutation;;
N326L;p.Asn326Leu;mutation;;
N326M;p.Asn326Met;mutation;;
N326P;p.Asn326Pro;mutation;;
N326Q;p.Asn326Gln;mutation;;
N326R;p.Asn326Arg;mutation;;
N326S;p.Asn326Ser;mutation;;
N326T;p.Asn326Thr;mutation;;
N326V;p.Asn326Val;mutation;;
N326Y;p.Asn326Tyr;mutation;;
N326W;p.Asn326Trp;mutation;;
N326K;p.Asn326Lys;mutation;;
T327A;p.Thr327Ala;mutation;;
T327C;p.Thr327Cys;mutation;;
T327D;p.Thr327Asp;mutation;;
T327E;p.Thr327Glu;mutation;;
T327F;p.Thr327Phe;mutation;;
T327G;p.Thr327Gly;mutation;;
T327H;p.Thr327His;mutation;;
T327I;p.Thr327Ile;mutation;;
T327L;p.Thr327Leu;mutation;;
T327M;p.Thr327Met;mutation;;
T327N;p.Thr327Asn;mutation;;
T327P;p.Thr327Pro;mutation;;
T327Q;p.Thr327Gln;mutation;;
T327R;p.Thr327Arg;mutation;;
T327S;p.Thr327Ser;mutation;;
T327V;p.Thr327Val;mutation;;
T327Y;p.Thr327Tyr;mutation;;
T327W;p.Thr327Trp;mutation;;
T327K;p.Thr327Lys;mutation;;
Q328A;p.Gln328Ala;mutation;;
Q328C;p.Gln328Cys;mutation;;
Q328D;p.Gln328Asp;mutation;;
Q328E;p.Gln328Glu;mutation;;
Q328F;p.Gln328Phe;mutation;;
Q328G;p.Gln328Gly;mutation;;
Q328H;p.Gln328His;mutation;;
Q328I;p.Gln328Ile;mutation;;
Q328L;p.Gln328Leu;mutation;;
Q328M;p.Gln328Met;mutation;;
Q328N;p.Gln328Asn;mutation;;
Q328P;p.Gln328Pro;mutation;;
Q328R;p.Gln328Arg;mutation;;
Q328S;p.Gln328Ser;mutation;;
Q328T;p.Gln328Thr;mutation;;
Q328V;p.Gln328Val;mutation;;
Q328Y;p.Gln328Tyr;mutation;;
Q328W;p.Gln328Trp;mutation;;
Q328K;p.Gln328Lys;mutation;;
L329A;p.Leu329Ala;mutation;;
L329C;p.Leu329Cys;mutation;;
L329D;p.Leu329Asp;mutation;;
L329E;p.Leu329Glu;mutation;;
L329F;p.Leu329Phe;mutation;;
L329G;p.Leu329Gly;mutation;;
L329H;p.Leu329His;mutation;;
L329I;p.Leu329Ile;mutation;;
L329M;p.Leu329Met;mutation;;
L329N;p.Leu329Asn;mutation;;
L329P;p.Leu329Pro;mutation;;
L329Q;p.Leu329Gln;mutation;;
L329R;p.Leu329Arg;mutation;;
L329S;p.Leu329Ser;mutation;;
L329T;p.Leu329Thr;mutation;;
L329V;p.Leu329Val;mutation;;
L329Y;p.Leu329Tyr;mutation;;
L329W;p.Leu329Trp;mutation;;
L329K;p.Leu329Lys;mutation;;
M330A;p.Met330Ala;mutation;;
M330C;p.Met330Cys;mutation;;
M330D;p.Met330Asp;mutation;;
M330E;p.Met330Glu;mutation;;
M330F;p.Met330Phe;mutation;;
M330G;p.Met330Gly;mutation;;
M330H;p.Met330His;mutation;;
M330I;p.Met330Ile;mutation;;
M330L;p.Met330Leu;mutation;;
M330N;p.Met330Asn;mutation;;
M330P;p.Met330Pro;mutation;;
M330Q;p.Met330Gln;mutation;;
M330R;p.Met330Arg;mutation;;
M330S;p.Met330Ser;mutation;;
M330T;p.Met330Thr;mutation;;
M330V;p.Met330Val;mutation;;
M330Y;p.Met330Tyr;mutation;;
M330W;p.Met330Trp;mutation;;
M330K;p.Met330Lys;mutation;;
N331A;p.Asn331Ala;mutation;;
N331C;p.Asn331Cys;mutation;;
N331D;p.Asn331Asp;mutation;;
N331E;p.Asn331Glu;mutation;;
N331F;p.Asn331Phe;mutation;;
N331G;p.Asn331Gly;mutation;;
N331H;p.Asn331His;mutation;;
N331I;p.Asn331Ile;mutation;;
N331L;p.Asn331Leu;mutation;;
N331M;p.Asn331Met;mutation;;
N331P;p.Asn331Pro;mutation;;
N331Q;p.Asn331Gln;mutation;;
N331R;p.Asn331Arg;mutation;;
N331S;p.Asn331Ser;mutation;;
N331T;p.Asn331Thr;mutation;;
N331V;p.Asn331Val;mutation;;
N331Y;p.Asn331Tyr;mutation;;
N331W;p.Asn331Trp;mutation;;
N331K;p.Asn331Lys;mutation;;
G332A;p.Gly332Ala;mutation;;
G332C;p.Gly332Cys;mutation;;
G332D;p.Gly332Asp;mutation;;
G332E;p.Gly332Glu;mutation;;
G332F;p.Gly332Phe;mutation;;
G332H;p.Gly332His;mutation;;
G332I;p.Gly332Ile;mutation;;
G332L;p.Gly332Leu;mutation;;
G332M;p.Gly332Met;mutation;;
G332N;p.Gly332Asn;mutation;;
G332P;p.Gly332Pro;mutation;;
G332Q;p.Gly332Gln;mutation;;
G332R;p.Gly332Arg;mutation;;
G332S;p.Gly332Ser;mutation;;
G332T;p.Gly332Thr;mutation;;
G332V;p.Gly332Val;mutation;;
G332Y;p.Gly332Tyr;mutation;;
G332W;p.Gly332Trp;mutation;;
G332K;p.Gly332Lys;mutation;;
S333A;p.Ser333Ala;mutation;;
S333C;p.Ser333Cys;mutation;;
S333D;p.Ser333Asp;mutation;;
S333E;p.Ser333Glu;mutation;;
S333F;p.Ser333Phe;mutation;;
S333G;p.Ser333Gly;mutation;;
S333H;p.Ser333His;mutation;;
S333I;p.Ser333Ile;mutation;;
S333L;p.Ser333Leu;mutation;;
S333M;p.Ser333Met;mutation;;
S333N;p.Ser333Asn;mutation;;
S333P;p.Ser333Pro;mutation;;
S333Q;p.Ser333Gln;mutation;;
S333R;p.Ser333Arg;mutation;;
S333T;p.Ser333Thr;mutation;;
S333V;p.Ser333Val;mutation;;
S333Y;p.Ser333Tyr;mutation;;
S333W;p.Ser333Trp;mutation;;
S333K;p.Ser333Lys;mutation;;
Q334A;p.Gln334Ala;mutation;;
Q334C;p.Gln334Cys;mutation;;
Q334D;p.Gln334Asp;mutation;;
Q334E;p.Gln334Glu;mutation;;
Q334F;p.Gln334Phe;mutation;;
Q334G;p.Gln334Gly;mutation;;
Q334H;p.Gln334His;mutation;;
Q334I;p.Gln334Ile;mutation;;
Q334L;p.Gln334Leu;mutation;;
Q334M;p.Gln334Met;mutation;;
Q334N;p.Gln334Asn;mutation;;
Q334P;p.Gln334Pro;mutation;;
Q334R;p.Gln334Arg;mutation;;
Q334S;p.Gln334Ser;mutation;;
Q334T;p.Gln334Thr;mutation;;
Q334V;p.Gln334Val;mutation;;
Q334Y;p.Gln334Tyr;mutation;;
Q334W;p.Gln334Trp;mutation;;
Q334K;p.Gln334Lys;mutation;;
G335A;p.Gly335Ala;mutation;;
G335C;p.Gly335Cys;mutation;;
G335D;p.Gly335Asp;mutation;;
G335E;p.Gly335Glu;mutation;;
G335F;p.Gly335Phe;mutation;;
G335H;p.Gly335His;mutation;;
G335I;p.Gly335Ile;mutation;;
G335L;p.Gly335Leu;mutation;;
G335M;p.Gly335Met;mutation;;
G335N;p.Gly335Asn;mutation;;
G335P;p.Gly335Pro;mutation;;
G335Q;p.Gly335Gln;mutation;;
G335R;p.Gly335Arg;mutation;;
G335S;p.Gly335Ser;mutation;;
G335T;p.Gly335Thr;mutation;;
G335V;p.Gly335Val;mutation;;
G335Y;p.Gly335Tyr;mutation;;
G335W;p.Gly335Trp;mutation;;
G335K;p.Gly335Lys;mutation;;
L336A;p.Leu336Ala;mutation;;
L336C;p.Leu336Cys;mutation;;
L336D;p.Leu336Asp;mutation;;
L336E;p.Leu336Glu;mutation;;
L336F;p.Leu336Phe;mutation;;
L336G;p.Leu336Gly;mutation;;
L336H;p.Leu336His;mutation;;
L336I;p.Leu336Ile;mutation;;
L336M;p.Leu336Met;mutation;;
L336N;p.Leu336Asn;mutation;;
L336P;p.Leu336Pro;mutation;;
L336Q;p.Leu336Gln;mutation;;
L336R;p.Leu336Arg;mutation;;
L336S;p.Leu336Ser;mutation;;
L336T;p.Leu336Thr;mutation;;
L336V;p.Leu336Val;mutation;;
L336Y;p.Leu336Tyr;mutation;;
L336W;p.Leu336Trp;mutation;;
L336K;p.Leu336Lys;mutation;;
S337A;p.Ser337Ala;mutation;;
S337C;p.Ser337Cys;mutation;;
S337D;p.Ser337Asp;mutation;;
S337E;p.Ser337Glu;mutation;;
S337F;p.Ser337Phe;mutation;;
S337G;p.Ser337Gly;mutation;;
S337H;p.Ser337His;mutation;;
S337I;p.Ser337Ile;mutation;;
S337L;p.Ser337Leu;mutation;;
S337M;p.Ser337Met;mutation;;
S337N;p.Ser337Asn;mutation;;
S337P;p.Ser337Pro;mutation;;
S337Q;p.Ser337Gln;mutation;;
S337R;p.Ser337Arg;mutation;;
S337T;p.Ser337Thr;mutation;;
S337V;p.Ser337Val;mutation;;
S337Y;p.Ser337Tyr;mutation;;
S337W;p.Ser337Trp;mutation;;
S337K;p.Ser337Lys;mutation;;
P338A;p.Pro338Ala;mutation;;
P338C;p.Pro338Cys;mutation;;
P338D;p.Pro338Asp;mutation;;
P338E;p.Pro338Glu;mutation;;
P338F;p.Pro338Phe;mutation;;
P338G;p.Pro338Gly;mutation;;
P338H;p.Pro338His;mutation;;
P338I;p.Pro338Ile;mutation;;
P338L;p.Pro338Leu;mutation;;
P338M;p.Pro338Met;mutation;;
P338N;p.Pro338Asn;mutation;;
P338Q;p.Pro338Gln;mutation;;
P338R;p.Pro338Arg;mutation;;
P338S;p.Pro338Ser;mutation;;
P338T;p.Pro338Thr;mutation;;
P338V;p.Pro338Val;mutation;;
P338Y;p.Pro338Tyr;mutation;;
P338W;p.Pro338Trp;mutation;;
P338K;p.Pro338Lys;mutation;;
A339C;p.Ala339Cys;mutation;;
A339D;p.Ala339Asp;mutation;;
A339E;p.Ala339Glu;mutation;;
A339F;p.Ala339Phe;mutation;;
A339G;p.Ala339Gly;mutation;;
A339H;p.Ala339His;mutation;;
A339I;p.Ala339Ile;mutation;;
A339L;p.Ala339Leu;mutation;;
A339M;p.Ala339Met;mutation;;
A339N;p.Ala339Asn;mutation;;
A339P;p.Ala339Pro;mutation;;
A339Q;p.Ala339Gln;mutation;;
A339R;p.Ala339Arg;mutation;;
A339S;p.Ala339Ser;mutation;;
A339T;p.Ala339Thr;mutation;;
A339V;p.Ala339Val;mutation;;
A339Y;p.Ala339Tyr;mutation;;
A339W;p.Ala339Trp;mutation;;
A339K;p.Ala339Lys;mutation;;
T340A;p.Thr340Ala;mutation;;
T340C;p.Thr340Cys;mutation;;
T340D;p.Thr340Asp;mutation;;
T340E;p.Thr340Glu;mutation;;
T340F;p.Thr340Phe;mutation;;
T340G;p.Thr340Gly;mutation;;
T340H;p.Thr340His;mutation;;
T340I;p.Thr340Ile;mutation;;
T340L;p.Thr340Leu;mutation;;
T340M;p.Thr340Met;mutation;;
T340N;p.Thr340Asn;mutation;;
T340P;p.Thr340Pro;mutation;;
T340Q;p.Thr340Gln;mutation;;
T340R;p.Thr340Arg;mutation;;
T340S;p.Thr340Ser;mutation;;
T340V;p.Thr340Val;mutation;;
T340Y;p.Thr340Tyr;mutation;;
T340W;p.Thr340Trp;mutation;;
T340K;p.Thr340Lys;mutation;;
P341A;p.Pro341Ala;mutation;;
P341C;p.Pro341Cys;mutation;;
P341D;p.Pro341Asp;mutation;;
P341E;p.Pro341Glu;mutation;;
P341F;p.Pro341Phe;mutation;;
P341G;p.Pro341Gly;mutation;;
P341H;p.Pro341His;mutation;;
P341I;p.Pro341Ile;mutation;;
P341L;p.Pro341Leu;mutation;;
P341M;p.Pro341Met;mutation;;
P341N;p.Pro341Asn;mutation;;
P341Q;p.Pro341Gln;mutation;;
P341R;p.Pro341Arg;mutation;;
P341S;p.Pro341Ser;mutation;;
P341T;p.Pro341Thr;mutation;;
P341V;p.Pro341Val;mutation;;
P341Y;p.Pro341Tyr;mutation;;
P341W;p.Pro341Trp;mutation;;
P341K;p.Pro341Lys;mutation;;
L342A;p.Leu342Ala;mutation;;
L342C;p.Leu342Cys;mutation;;
L342D;p.Leu342Asp;mutation;;
L342E;p.Leu342Glu;mutation;;
L342F;p.Leu342Phe;mutation;;
L342G;p.Leu342Gly;mutation;;
L342H;p.Leu342His;mutation;;
L342I;p.Leu342Ile;mutation;;
L342M;p.Leu342Met;mutation;;
L342N;p.Leu342Asn;mutation;;
L342P;p.Leu342Pro;mutation;;
L342Q;p.Leu342Gln;mutation;;
L342R;p.Leu342Arg;mutation;;
L342S;p.Leu342Ser;mutation;;
L342T;p.Leu342Thr;mutation;;
L342V;p.Leu342Val;mutation;;
L342Y;p.Leu342Tyr;mutation;;
L342W;p.Leu342Trp;mutation;;
L342K;p.Leu342Lys;mutation;;
K343A;p.Lys343Ala;mutation;;
K343C;p.Lys343Cys;mutation;;
K343D;p.Lys343Asp;mutation;;
K343E;p.Lys343Glu;mutation;;
K343F;p.Lys343Phe;mutation;;
K343G;p.Lys343Gly;mutation;;
K343H;p.Lys343His;mutation;;
K343I;p.Lys343Ile;mutation;;
K343L;p.Lys343Leu;mutation;;
K343M;p.Lys343Met;mutation;;
K343N;p.Lys343Asn;mutation;;
K343P;p.Lys343Pro;mutation;;
K343Q;p.Lys343Gln;mutation;;
K343R;p.Lys343Arg;mutation;;
K343S;p.Lys343Ser;mutation;;
K343T;p.Lys343Thr;mutation;;
K343V;p.Lys343Val;mutation;;
K343Y;p.Lys343Tyr;mutation;;
K343W;p.Lys343Trp;mutation;;
L344A;p.Leu344Ala;mutation;;
L344C;p.Leu344Cys;mutation;;
L344D;p.Leu344Asp;mutation;;
L344E;p.Leu344Glu;mutation;;
L344F;p.Leu344Phe;mutation;;
L344G;p.Leu344Gly;mutation;;
L344H;p.Leu344His;mutation;;
L344I;p.Leu344Ile;mutation;;
L344M;p.Leu344Met;mutation;;
L344N;p.Leu344Asn;mutation;;
L344P;p.Leu344Pro;mutation;;
L344Q;p.Leu344Gln;mutation;;
L344R;p.Leu344Arg;mutation;;
L344S;p.Leu344Ser;mutation;;
L344T;p.Leu344Thr;mutation;;
L344V;p.Leu344Val;mutation;;
L344Y;p.Leu344Tyr;mutation;;
L344W;p.Leu344Trp;mutation;;
L344K;p.Leu344Lys;mutation;;
D345A;p.Asp345Ala;mutation;;
D345C;p.Asp345Cys;mutation;;
D345E;p.Asp345Glu;mutation;;
D345F;p.Asp345Phe;mutation;;
D345G;p.Asp345Gly;mutation;;
D345H;p.Asp345His;mutation;;
D345I;p.Asp345Ile;mutation;;
D345L;p.Asp345Leu;mutation;;
D345M;p.Asp345Met;mutation;;
D345N;p.Asp345Asn;mutation;;
D345P;p.Asp345Pro;mutation;;
D345Q;p.Asp345Gln;mutation;;
D345R;p.Asp345Arg;mutation;;
D345S;p.Asp345Ser;mutation;;
D345T;p.Asp345Thr;mutation;;
D345V;p.Asp345Val;mutation;;
D345Y;p.Asp345Tyr;mutation;;
D345W;p.Asp345Trp;mutation;;
D345K;p.Asp345Lys;mutation;;
P346A;p.Pro346Ala;mutation;;
P346C;p.Pro346Cys;mutation;;
P346D;p.Pro346Asp;mutation;;
P346E;p.Pro346Glu;mutation;;
P346F;p.Pro346Phe;mutation;;
P346G;p.Pro346Gly;mutation;;
P346H;p.Pro346His;mutation;;
P346I;p.Pro346Ile;mutation;;
P346L;p.Pro346Leu;mutation;;
P346M;p.Pro346Met;mutation;;
P346N;p.Pro346Asn;mutation;;
P346Q;p.Pro346Gln;mutation;;
P346R;p.Pro346Arg;mutation;;
P346S;p.Pro346Ser;mutation;;
P346T;p.Pro346Thr;mutation;;
P346V;p.Pro346Val;mutation;;
P346Y;p.Pro346Tyr;mutation;;
P346W;p.Pro346Trp;mutation;;
P346K;p.Pro346Lys;mutation;;
L347A;p.Leu347Ala;mutation;;
L347C;p.Leu347Cys;mutation;;
L347D;p.Leu347Asp;mutation;;
L347E;p.Leu347Glu;mutation;;
L347F;p.Leu347Phe;mutation;;
L347G;p.Leu347Gly;mutation;;
L347H;p.Leu347His;mutation;;
L347I;p.Leu347Ile;mutation;;
L347M;p.Leu347Met;mutation;;
L347N;p.Leu347Asn;mutation;;
L347P;p.Leu347Pro;mutation;;
L347Q;p.Leu347Gln;mutation;;
L347R;p.Leu347Arg;mutation;;
L347S;p.Leu347Ser;mutation;;
L347T;p.Leu347Thr;mutation;;
L347V;p.Leu347Val;mutation;;
L347Y;p.Leu347Tyr;mutation;;
L347W;p.Leu347Trp;mutation;;
L347K;p.Leu347Lys;mutation;;
G348A;p.Gly348Ala;mutation;;
G348C;p.Gly348Cys;mutation;;
G348D;p.Gly348Asp;mutation;;
G348E;p.Gly348Glu;mutation;;
G348F;p.Gly348Phe;mutation;;
G348H;p.Gly348His;mutation;;
G348I;p.Gly348Ile;mutation;;
G348L;p.Gly348Leu;mutation;;
G348M;p.Gly348Met;mutation;;
G348N;p.Gly348Asn;mutation;;
G348P;p.Gly348Pro;mutation;;
G348Q;p.Gly348Gln;mutation;;
G348R;p.Gly348Arg;mutation;;
G348S;p.Gly348Ser;mutation;;
G348T;p.Gly348Thr;mutation;;
G348V;p.Gly348Val;mutation;;
G348Y;p.Gly348Tyr;mutation;;
G348W;p.Gly348Trp;mutation;;
G348K;p.Gly348Lys;mutation;;
P349A;p.Pro349Ala;mutation;;
P349C;p.Pro349Cys;mutation;;
P349D;p.Pro349Asp;mutation;;
P349E;p.Pro349Glu;mutation;;
P349F;p.Pro349Phe;mutation;;
P349G;p.Pro349Gly;mutation;;
P349H;p.Pro349His;mutation;;
P349I;p.Pro349Ile;mutation;;
P349L;p.Pro349Leu;mutation;;
P349M;p.Pro349Met;mutation;;
P349N;p.Pro349Asn;mutation;;
P349Q;p.Pro349Gln;mutation;;
P349R;p.Pro349Arg;mutation;;
P349S;p.Pro349Ser;mutation;;
P349T;p.Pro349Thr;mutation;;
P349V;p.Pro349Val;mutation;;
P349Y;p.Pro349Tyr;mutation;;
P349W;p.Pro349Trp;mutation;;
P349K;p.Pro349Lys;mutation;;
L350A;p.Leu350Ala;mutation;;
L350C;p.Leu350Cys;mutation;;
L350D;p.Leu350Asp;mutation;;
L350E;p.Leu350Glu;mutation;;
L350F;p.Leu350Phe;mutation;;
L350G;p.Leu350Gly;mutation;;
L350H;p.Leu350His;mutation;;
L350I;p.Leu350Ile;mutation;;
L350M;p.Leu350Met;mutation;;
L350N;p.Leu350Asn;mutation;;
L350P;p.Leu350Pro;mutation;;
L350Q;p.Leu350Gln;mutation;;
L350R;p.Leu350Arg;mutation;;
L350S;p.Leu350Ser;mutation;;
L350T;p.Leu350Thr;mutation;;
L350V;p.Leu350Val;mutation;;
L350Y;p.Leu350Tyr;mutation;;
L350W;p.Leu350Trp;mutation;;
L350K;p.Leu350Lys;mutation;;
A351C;p.Ala351Cys;mutation;;
A351D;p.Ala351Asp;mutation;;
A351E;p.Ala351Glu;mutation;;
A351F;p.Ala351Phe;mutation;;
A351G;p.Ala351Gly;mutation;;
A351H;p.Ala351His;mutation;;
A351I;p.Ala351Ile;mutation;;
A351L;p.Ala351Leu;mutation;;
A351M;p.Ala351Met;mutation;;
A351N;p.Ala351Asn;mutation;;
A351P;p.Ala351Pro;mutation;;
A351Q;p.Ala351Gln;mutation;;
A351R;p.Ala351Arg;mutation;;
A351S;p.Ala351Ser;mutation;;
A351T;p.Ala351Thr;mutation;;
A351V;p.Ala351Val;mutation;;
A351Y;p.Ala351Tyr;mutation;;
A351W;p.Ala351Trp;mutation;;
A351K;p.Ala351Lys;mutation;;
S352A;p.Ser352Ala;mutation;;
S352C;p.Ser352Cys;mutation;;
S352D;p.Ser352Asp;mutation;;
S352E;p.Ser352Glu;mutation;;
S352F;p.Ser352Phe;mutation;;
S352G;p.Ser352Gly;mutation;;
S352H;p.Ser352His;mutation;;
S352I;p.Ser352Ile;mutation;;
S352L;p.Ser352Leu;mutation;;
S352M;p.Ser352Met;mutation;;
S352N;p.Ser352Asn;mutation;;
S352P;p.Ser352Pro;mutation;;
S352Q;p.Ser352Gln;mutation;;
S352R;p.Ser352Arg;mutation;;
S352T;p.Ser352Thr;mutation;;
S352V;p.Ser352Val;mutation;;
S352Y;p.Ser352Tyr;mutation;;
S352W;p.Ser352Trp;mutation;;
S352K;p.Ser352Lys;mutation;;
E353A;p.Glu353Ala;mutation;;
E353C;p.Glu353Cys;mutation;;
E353D;p.Glu353Asp;mutation;;
E353F;p.Glu353Phe;mutation;;
E353G;p.Glu353Gly;mutation;;
E353H;p.Glu353His;mutation;;
E353I;p.Glu353Ile;mutation;;
E353L;p.Glu353Leu;mutation;;
E353M;p.Glu353Met;mutation;;
E353N;p.Glu353Asn;mutation;;
E353P;p.Glu353Pro;mutation;;
E353Q;p.Glu353Gln;mutation;;
E353R;p.Glu353Arg;mutation;;
E353S;p.Glu353Ser;mutation;;
E353T;p.Glu353Thr;mutation;;
E353V;p.Glu353Val;mutation;;
E353Y;p.Glu353Tyr;mutation;;
E353W;p.Glu353Trp;mutation;;
E353K;p.Glu353Lys;mutation;;
V354A;p.Val354Ala;mutation;;
V354C;p.Val354Cys;mutation;;
V354D;p.Val354Asp;mutation;;
V354E;p.Val354Glu;mutation;;
V354F;p.Val354Phe;mutation;;
V354G;p.Val354Gly;mutation;;
V354H;p.Val354His;mutation;;
V354I;p.Val354Ile;mutation;;
V354L;p.Val354Leu;mutation;;
V354M;p.Val354Met;mutation;;
V354N;p.Val354Asn;mutation;;
V354P;p.Val354Pro;mutation;;
V354Q;p.Val354Gln;mutation;;
V354R;p.Val354Arg;mutation;;
V354S;p.Val354Ser;mutation;;
V354T;p.Val354Thr;mutation;;
V354Y;p.Val354Tyr;mutation;;
V354W;p.Val354Trp;mutation;;
V354K;p.Val354Lys;mutation;;
C355A;p.Cys355Ala;mutation;;
C355D;p.Cys355Asp;mutation;;
C355E;p.Cys355Glu;mutation;;
C355F;p.Cys355Phe;mutation;;
C355G;p.Cys355Gly;mutation;;
C355H;p.Cys355His;mutation;;
C355I;p.Cys355Ile;mutation;;
C355L;p.Cys355Leu;mutation;;
C355M;p.Cys355Met;mutation;;
C355N;p.Cys355Asn;mutation;;
C355P;p.Cys355Pro;mutation;;
C355Q;p.Cys355Gln;mutation;;
C355R;p.Cys355Arg;mutation;;
C355S;p.Cys355Ser;mutation;;
C355T;p.Cys355Thr;mutation;;
C355V;p.Cys355Val;mutation;;
C355Y;p.Cys355Tyr;mutation;;
C355W;p.Cys355Trp;mutation;;
C355K;p.Cys355Lys;mutation;;
Q356A;p.Gln356Ala;mutation;;
Q356C;p.Gln356Cys;mutation;;
Q356D;p.Gln356Asp;mutation;;
Q356E;p.Gln356Glu;mutation;;
Q356F;p.Gln356Phe;mutation;;
Q356G;p.Gln356Gly;mutation;;
Q356H;p.Gln356His;mutation;;
Q356I;p.Gln356Ile;mutation;;
Q356L;p.Gln356Leu;mutation;;
Q356M;p.Gln356Met;mutation;;
Q356N;p.Gln356Asn;mutation;;
Q356P;p.Gln356Pro;mutation;;
Q356R;p.Gln356Arg;mutation;;
Q356S;p.Gln356Ser;mutation;;
Q356T;p.Gln356Thr;mutation;;
Q356V;p.Gln356Val;mutation;;
Q356Y;p.Gln356Tyr;mutation;;
Q356W;p.Gln356Trp;mutation;;
Q356K;p.Gln356Lys;mutation;;
Q357A;p.Gln357Ala;mutation;;
Q357C;p.Gln357Cys;mutation;;
Q357D;p.Gln357Asp;mutation;;
Q357E;p.Gln357Glu;mutation;;
Q357F;p.Gln357Phe;mutation;;
Q357G;p.Gln357Gly;mutation;;
Q357H;p.Gln357His;mutation;;
Q357I;p.Gln357Ile;mutation;;
Q357L;p.Gln357Leu;mutation;;
Q357M;p.Gln357Met;mutation;;
Q357N;p.Gln357Asn;mutation;;
Q357P;p.Gln357Pro;mutation;;
Q357R;p.Gln357Arg;mutation;;
Q357S;p.Gln357Ser;mutation;;
Q357T;p.Gln357Thr;mutation;;
Q357V;p.Gln357Val;mutation;;
Q357Y;p.Gln357Tyr;mutation;;
Q357W;p.Gln357Trp;mutation;;
Q357K;p.Gln357Lys;mutation;;
P358A;p.Pro358Ala;mutation;;
P358C;p.Pro358Cys;mutation;;
P358D;p.Pro358Asp;mutation;;
P358E;p.Pro358Glu;mutation;;
P358F;p.Pro358Phe;mutation;;
P358G;p.Pro358Gly;mutation;;
P358H;p.Pro358His;mutation;;
P358I;p.Pro358Ile;mutation;;
P358L;p.Pro358Leu;mutation;;
P358M;p.Pro358Met;mutation;;
P358N;p.Pro358Asn;mutation;;
P358Q;p.Pro358Gln;mutation;;
P358R;p.Pro358Arg;mutation;;
P358S;p.Pro358Ser;mutation;;
P358T;p.Pro358Thr;mutation;;
P358V;p.Pro358Val;mutation;;
P358Y;p.Pro358Tyr;mutation;;
P358W;p.Pro358Trp;mutation;;
P358K;p.Pro358Lys;mutation;;
V359A;p.Val359Ala;mutation;;
V359C;p.Val359Cys;mutation;;
V359D;p.Val359Asp;mutation;;
V359E;p.Val359Glu;mutation;;
V359F;p.Val359Phe;mutation;;
V359G;p.Val359Gly;mutation;;
V359H;p.Val359His;mutation;;
V359I;p.Val359Ile;mutation;;
V359L;p.Val359Leu;mutation;;
V359M;p.Val359Met;mutation;;
V359N;p.Val359Asn;mutation;;
V359P;p.Val359Pro;mutation;;
V359Q;p.Val359Gln;mutation;;
V359R;p.Val359Arg;mutation;;
V359S;p.Val359Ser;mutation;;
V359T;p.Val359Thr;mutation;;
V359Y;p.Val359Tyr;mutation;;
V359W;p.Val359Trp;mutation;;
V359K;p.Val359Lys;mutation;;
Y360A;p.Tyr360Ala;mutation;;
Y360C;p.Tyr360Cys;mutation;;
Y360D;p.Tyr360Asp;mutation;;
Y360E;p.Tyr360Glu;mutation;;
Y360F;p.Tyr360Phe;mutation;;
Y360G;p.Tyr360Gly;mutation;;
Y360H;p.Tyr360His;mutation;;
Y360I;p.Tyr360Ile;mutation;;
Y360L;p.Tyr360Leu;mutation;;
Y360M;p.Tyr360Met;mutation;;
Y360N;p.Tyr360Asn;mutation;;
Y360P;p.Tyr360Pro;mutation;;
Y360Q;p.Tyr360Gln;mutation;;
Y360R;p.Tyr360Arg;mutation;;
Y360S;p.Tyr360Ser;mutation;;
Y360T;p.Tyr360Thr;mutation;;
Y360V;p.Tyr360Val;mutation;;
Y360W;p.Tyr360Trp;mutation;;
Y360K;p.Tyr360Lys;mutation;;
I361A;p.Ile361Ala;mutation;;
I361C;p.Ile361Cys;mutation;;
I361D;p.Ile361Asp;mutation;;
I361E;p.Ile361Glu;mutation;;
I361F;p.Ile361Phe;mutation;;
I361G;p.Ile361Gly;mutation;;
I361H;p.Ile361His;mutation;;
I361L;p.Ile361Leu;mutation;;
I361M;p.Ile361Met;mutation;;
I361N;p.Ile361Asn;mutation;;
I361P;p.Ile361Pro;mutation;;
I361Q;p.Ile361Gln;mutation;;
I361R;p.Ile361Arg;mutation;;
I361S;p.Ile361Ser;mutation;;
I361T;p.Ile361Thr;mutation;;
I361V;p.Ile361Val;mutation;;
I361Y;p.Ile361Tyr;mutation;;
I361W;p.Ile361Trp;mutation;;
I361K;p.Ile361Lys;mutation;;
P362A;p.Pro362Ala;mutation;;
P362C;p.Pro362Cys;mutation;;
P362D;p.Pro362Asp;mutation;;
P362E;p.Pro362Glu;mutation;;
P362F;p.Pro362Phe;mutation;;
P362G;p.Pro362Gly;mutation;;
P362H;p.Pro362His;mutation;;
P362I;p.Pro362Ile;mutation;;
P362L;p.Pro362Leu;mutation;;
P362M;p.Pro362Met;mutation;;
P362N;p.Pro362Asn;mutation;;
P362Q;p.Pro362Gln;mutation;;
P362R;p.Pro362Arg;mutation;;
P362S;p.Pro362Ser;mutation;;
P362T;p.Pro362Thr;mutation;;
P362V;p.Pro362Val;mutation;;
P362Y;p.Pro362Tyr;mutation;;
P362W;p.Pro362Trp;mutation;;
P362K;p.Pro362Lys;mutation;;
K363A;p.Lys363Ala;mutation;;
K363C;p.Lys363Cys;mutation;;
K363D;p.Lys363Asp;mutation;;
K363E;p.Lys363Glu;mutation;;
K363F;p.Lys363Phe;mutation;;
K363G;p.Lys363Gly;mutation;;
K363H;p.Lys363His;mutation;;
K363I;p.Lys363Ile;mutation;;
K363L;p.Lys363Leu;mutation;;
K363M;p.Lys363Met;mutation;;
K363N;p.Lys363Asn;mutation;;
K363P;p.Lys363Pro;mutation;;
K363Q;p.Lys363Gln;mutation;;
K363R;p.Lys363Arg;mutation;;
K363S;p.Lys363Ser;mutation;;
K363T;p.Lys363Thr;mutation;;
K363V;p.Lys363Val;mutation;;
K363Y;p.Lys363Tyr;mutation;;
K363W;p.Lys363Trp;mutation;;
K364A;p.Lys364Ala;mutation;;
K364C;p.Lys364Cys;mutation;;
K364D;p.Lys364Asp;mutation;;
K364E;p.Lys364Glu;mutation;;
K364F;p.Lys364Phe;mutation;;
K364G;p.Lys364Gly;mutation;;
K364H;p.Lys364His;mutation;;
K364I;p.Lys364Ile;mutation;;
K364L;p.Lys364Leu;mutation;;
K364M;p.Lys364Met;mutation;;
K364N;p.Lys364Asn;mutation;;
K364P;p.Lys364Pro;mutation;;
K364Q;p.Lys364Gln;mutation;;
K364R;p.Lys364Arg;mutation;;
K364S;p.Lys364Ser;mutation;;
K364T;p.Lys364Thr;mutation;;
K364V;p.Lys364Val;mutation;;
K364Y;p.Lys364Tyr;mutation;;
K364W;p.Lys364Trp;mutation;;
A365C;p.Ala365Cys;mutation;;
A365D;p.Ala365Asp;mutation;;
A365E;p.Ala365Glu;mutation;;
A365F;p.Ala365Phe;mutation;;
A365G;p.Ala365Gly;mutation;;
A365H;p.Ala365His;mutation;;
A365I;p.Ala365Ile;mutation;;
A365L;p.Ala365Leu;mutation;;
A365M;p.Ala365Met;mutation;;
A365N;p.Ala365Asn;mutation;;
A365P;p.Ala365Pro;mutation;;
A365Q;p.Ala365Gln;mutation;;
A365R;p.Ala365Arg;mutation;;
A365S;p.Ala365Ser;mutation;;
A365T;p.Ala365Thr;mutation;;
A365V;p.Ala365Val;mutation;;
A365Y;p.Ala365Tyr;mutation;;
A365W;p.Ala365Trp;mutation;;
A365K;p.Ala365Lys;mutation;;
A366C;p.Ala366Cys;mutation;;
A366D;p.Ala366Asp;mutation;;
A366E;p.Ala366Glu;mutation;;
A366F;p.Ala366Phe;mutation;;
A366G;p.Ala366Gly;mutation;;
A366H;p.Ala366His;mutation;;
A366I;p.Ala366Ile;mutation;;
A366L;p.Ala366Leu;mutation;;
A366M;p.Ala366Met;mutation;;
A366N;p.Ala366Asn;mutation;;
A366P;p.Ala366Pro;mutation;;
A366Q;p.Ala366Gln;mutation;;
A366R;p.Ala366Arg;mutation;;
A366S;p.Ala366Ser;mutation;;
A366T;p.Ala366Thr;mutation;;
A366V;p.Ala366Val;mutation;;
A366Y;p.Ala366Tyr;mutation;;
A366W;p.Ala366Trp;mutation;;
A366K;p.Ala366Lys;mutation;;
S367A;p.Ser367Ala;mutation;;
S367C;p.Ser367Cys;mutation;;
S367D;p.Ser367Asp;mutation;;
S367E;p.Ser367Glu;mutation;;
S367F;p.Ser367Phe;mutation;;
S367G;p.Ser367Gly;mutation;;
S367H;p.Ser367His;mutation;;
S367I;p.Ser367Ile;mutation;;
S367L;p.Ser367Leu;mutation;;
S367M;p.Ser367Met;mutation;;
S367N;p.Ser367Asn;mutation;;
S367P;p.Ser367Pro;mutation;;
S367Q;p.Ser367Gln;mutation;;
S367R;p.Ser367Arg;mutation;;
S367T;p.Ser367Thr;mutation;;
S367V;p.Ser367Val;mutation;;
S367Y;p.Ser367Tyr;mutation;;
S367W;p.Ser367Trp;mutation;;
S367K;p.Ser367Lys;mutation;;
K368A;p.Lys368Ala;mutation;;
K368C;p.Lys368Cys;mutation;;
K368D;p.Lys368Asp;mutation;;
K368E;p.Lys368Glu;mutation;;
K368F;p.Lys368Phe;mutation;;
K368G;p.Lys368Gly;mutation;;
K368H;p.Lys368His;mutation;;
K368I;p.Lys368Ile;mutation;;
K368L;p.Lys368Leu;mutation;;
K368M;p.Lys368Met;mutation;;
K368N;p.Lys368Asn;mutation;;
K368P;p.Lys368Pro;mutation;;
K368Q;p.Lys368Gln;mutation;;
K368R;p.Lys368Arg;mutation;;
K368S;p.Lys368Ser;mutation;;
K368T;p.Lys368Thr;mutation;;
K368V;p.Lys368Val;mutation;;
K368Y;p.Lys368Tyr;mutation;;
K368W;p.Lys368Trp;mutation;;
T369A;p.Thr369Ala;mutation;;
T369C;p.Thr369Cys;mutation;;
T369D;p.Thr369Asp;mutation;;
T369E;p.Thr369Glu;mutation;;
T369F;p.Thr369Phe;mutation;;
T369G;p.Thr369Gly;mutation;;
T369H;p.Thr369His;mutation;;
T369I;p.Thr369Ile;mutation;;
T369L;p.Thr369Leu;mutation;;
T369M;p.Thr369Met;mutation;;
T369N;p.Thr369Asn;mutation;;
T369P;p.Thr369Pro;mutation;;
T369Q;p.Thr369Gln;mutation;;
T369R;p.Thr369Arg;mutation;;
T369S;p.Thr369Ser;mutation;;
T369V;p.Thr369Val;mutation;;
T369Y;p.Thr369Tyr;mutation;;
T369W;p.Thr369Trp;mutation;;
T369K;p.Thr369Lys;mutation;;
R370A;p.Arg370Ala;mutation;;
R370C;p.Arg370Cys;mutation;;
R370D;p.Arg370Asp;mutation;;
R370E;p.Arg370Glu;mutation;;
R370F;p.Arg370Phe;mutation;;
R370G;p.Arg370Gly;mutation;;
R370H;p.Arg370His;mutation;;
R370I;p.Arg370Ile;mutation;;
R370L;p.Arg370Leu;mutation;;
R370M;p.Arg370Met;mutation;;
R370N;p.Arg370Asn;mutation;;
R370P;p.Arg370Pro;mutation;;
R370Q;p.Arg370Gln;mutation;;
R370S;p.Arg370Ser;mutation;;
R370T;p.Arg370Thr;mutation;;
R370V;p.Arg370Val;mutation;;
R370Y;p.Arg370Tyr;mutation;;
R370W;p.Arg370Trp;mutation;;
R370K;p.Arg370Lys;mutation;;
A371C;p.Ala371Cys;mutation;;
A371D;p.Ala371Asp;mutation;;
A371E;p.Ala371Glu;mutation;;
A371F;p.Ala371Phe;mutation;;
A371G;p.Ala371Gly;mutation;;
A371H;p.Ala371His;mutation;;
A371I;p.Ala371Ile;mutation;;
A371L;p.Ala371Leu;mutation;;
A371M;p.Ala371Met;mutation;;
A371N;p.Ala371Asn;mutation;;
A371P;p.Ala371Pro;mutation;;
A371Q;p.Ala371Gln;mutation;;
A371R;p.Ala371Arg;mutation;;
A371S;p.Ala371Ser;mutation;;
A371T;p.Ala371Thr;mutation;;
A371V;p.Ala371Val;mutation;;
A371Y;p.Ala371Tyr;mutation;;
A371W;p.Ala371Trp;mutation;;
A371K;p.Ala371Lys;mutation;;
P372A;p.Pro372Ala;mutation;;
P372C;p.Pro372Cys;mutation;;
P372D;p.Pro372Asp;mutation;;
P372E;p.Pro372Glu;mutation;;
P372F;p.Pro372Phe;mutation;;
P372G;p.Pro372Gly;mutation;;
P372H;p.Pro372His;mutation;;
P372I;p.Pro372Ile;mutation;;
P372L;p.Pro372Leu;mutation;;
P372M;p.Pro372Met;mutation;;
P372N;p.Pro372Asn;mutation;;
P372Q;p.Pro372Gln;mutation;;
P372R;p.Pro372Arg;mutation;;
P372S;p.Pro372Ser;mutation;;
P372T;p.Pro372Thr;mutation;;
P372V;p.Pro372Val;mutation;;
P372Y;p.Pro372Tyr;mutation;;
P372W;p.Pro372Trp;mutation;;
P372K;p.Pro372Lys;mutation;;
R373A;p.Arg373Ala;mutation;;
R373C;p.Arg373Cys;mutation;;
R373D;p.Arg373Asp;mutation;;
R373E;p.Arg373Glu;mutation;;
R373F;p.Arg373Phe;mutation;;
R373G;p.Arg373Gly;mutation;;
R373H;p.Arg373His;mutation;;
R373I;p.Arg373Ile;mutation;;
R373L;p.Arg373Leu;mutation;;
R373M;p.Arg373Met;mutation;;
R373N;p.Arg373Asn;mutation;;
R373P;p.Arg373Pro;mutation;;
R373Q;p.Arg373Gln;mutation;;
R373S;p.Arg373Ser;mutation;;
R373T;p.Arg373Thr;mutation;;
R373V;p.Arg373Val;mutation;;
R373Y;p.Arg373Tyr;mutation;;
R373W;p.Arg373Trp;mutation;;
R373K;p.Arg373Lys;mutation;;
R374A;p.Arg374Ala;mutation;;
R374C;p.Arg374Cys;mutation;;
R374D;p.Arg374Asp;mutation;;
R374E;p.Arg374Glu;mutation;;
R374F;p.Arg374Phe;mutation;;
R374G;p.Arg374Gly;mutation;;
R374H;p.Arg374His;mutation;;
R374I;p.Arg374Ile;mutation;;
R374L;p.Arg374Leu;mutation;;
R374M;p.Arg374Met;mutation;;
R374N;p.Arg374Asn;mutation;;
R374P;p.Arg374Pro;mutation;;
R374Q;p.Arg374Gln;mutation;;
R374S;p.Arg374Ser;mutation;;
R374T;p.Arg374Thr;mutation;;
R374V;p.Arg374Val;mutation;;
R374Y;p.Arg374Tyr;mutation;;
R374W;p.Arg374Trp;mutation;;
R374K;p.Arg374Lys;mutation;;
R375A;p.Arg375Ala;mutation;;
R375C;p.Arg375Cys;mutation;;
R375D;p.Arg375Asp;mutation;;
R375E;p.Arg375Glu;mutation;;
R375F;p.Arg375Phe;mutation;;
R375G;p.Arg375Gly;mutation;;
R375H;p.Arg375His;mutation;;
R375I;p.Arg375Ile;mutation;;
R375L;p.Arg375Leu;mutation;;
R375M;p.Arg375Met;mutation;;
R375N;p.Arg375Asn;mutation;;
R375P;p.Arg375Pro;mutation;;
R375Q;p.Arg375Gln;mutation;;
R375S;p.Arg375Ser;mutation;;
R375T;p.Arg375Thr;mutation;;
R375V;p.Arg375Val;mutation;;
R375Y;p.Arg375Tyr;mutation;;
R375W;p.Arg375Trp;mutation;;
R375K;p.Arg375Lys;mutation;;
Q376A;p.Gln376Ala;mutation;;
Q376C;p.Gln376Cys;mutation;;
Q376D;p.Gln376Asp;mutation;;
Q376E;p.Gln376Glu;mutation;;
Q376F;p.Gln376Phe;mutation;;
Q376G;p.Gln376Gly;mutation;;
Q376H;p.Gln376His;mutation;;
Q376I;p.Gln376Ile;mutation;;
Q376L;p.Gln376Leu;mutation;;
Q376M;p.Gln376Met;mutation;;
Q376N;p.Gln376Asn;mutation;;
Q376P;p.Gln376Pro;mutation;;
Q376R;p.Gln376Arg;mutation;;
Q376S;p.Gln376Ser;mutation;;
Q376T;p.Gln376Thr;mutation;;
Q376V;p.Gln376Val;mutation;;
Q376Y;p.Gln376Tyr;mutation;;
Q376W;p.Gln376Trp;mutation;;
Q376K;p.Gln376Lys;mutation;;
R377A;p.Arg377Ala;mutation;;
R377C;p.Arg377Cys;mutation;;
R377D;p.Arg377Asp;mutation;;
R377E;p.Arg377Glu;mutation;;
R377F;p.Arg377Phe;mutation;;
R377G;p.Arg377Gly;mutation;;
R377H;p.Arg377His;mutation;;
R377I;p.Arg377Ile;mutation;;
R377L;p.Arg377Leu;mutation;;
R377M;p.Arg377Met;mutation;;
R377N;p.Arg377Asn;mutation;;
R377P;p.Arg377Pro;mutation;;
R377Q;p.Arg377Gln;mutation;;
R377S;p.Arg377Ser;mutation;;
R377T;p.Arg377Thr;mutation;;
R377V;p.Arg377Val;mutation;;
R377Y;p.Arg377Tyr;mutation;;
R377W;p.Arg377Trp;mutation;;
R377K;p.Arg377Lys;mutation;;
K378A;p.Lys378Ala;mutation;;
K378C;p.Lys378Cys;mutation;;
K378D;p.Lys378Asp;mutation;;
K378E;p.Lys378Glu;mutation;;
K378F;p.Lys378Phe;mutation;;
K378G;p.Lys378Gly;mutation;;
K378H;p.Lys378His;mutation;;
K378I;p.Lys378Ile;mutation;;
K378L;p.Lys378Leu;mutation;;
K378M;p.Lys378Met;mutation;;
K378N;p.Lys378Asn;mutation;;
K378P;p.Lys378Pro;mutation;;
K378Q;p.Lys378Gln;mutation;;
K378R;p.Lys378Arg;mutation;;
K378S;p.Lys378Ser;mutation;;
K378T;p.Lys378Thr;mutation;;
K378V;p.Lys378Val;mutation;;
K378Y;p.Lys378Tyr;mutation;;
K378W;p.Lys378Trp;mutation;;
A379C;p.Ala379Cys;mutation;;
A379D;p.Ala379Asp;mutation;;
A379E;p.Ala379Glu;mutation;;
A379F;p.Ala379Phe;mutation;;
A379G;p.Ala379Gly;mutation;;
A379H;p.Ala379His;mutation;;
A379I;p.Ala379Ile;mutation;;
A379L;p.Ala379Leu;mutation;;
A379M;p.Ala379Met;mutation;;
A379N;p.Ala379Asn;mutation;;
A379P;p.Ala379Pro;mutation;;
A379Q;p.Ala379Gln;mutation;;
A379R;p.Ala379Arg;mutation;;
A379S;p.Ala379Ser;mutation;;
A379T;p.Ala379Thr;mutation;;
A379V;p.Ala379Val;mutation;;
A379Y;p.Ala379Tyr;mutation;;
A379W;p.Ala379Trp;mutation;;
A379K;p.Ala379Lys;mutation;;
Q380A;p.Gln380Ala;mutation;;
Q380C;p.Gln380Cys;mutation;;
Q380D;p.Gln380Asp;mutation;;
Q380E;p.Gln380Glu;mutation;;
Q380F;p.Gln380Phe;mutation;;
Q380G;p.Gln380Gly;mutation;;
Q380H;p.Gln380His;mutation;;
Q380I;p.Gln380Ile;mutation;;
Q380L;p.Gln380Leu;mutation;;
Q380M;p.Gln380Met;mutation;;
Q380N;p.Gln380Asn;mutation;;
Q380P;p.Gln380Pro;mutation;;
Q380R;p.Gln380Arg;mutation;;
Q380S;p.Gln380Ser;mutation;;
Q380T;p.Gln380Thr;mutation;;
Q380V;p.Gln380Val;mutation;;
Q380Y;p.Gln380Tyr;mutation;;
Q380W;p.Gln380Trp;mutation;;
Q380K;p.Gln380Lys;mutation;;
R381A;p.Arg381Ala;mutation;;
R381C;p.Arg381Cys;mutation;;
R381D;p.Arg381Asp;mutation;;
R381E;p.Arg381Glu;mutation;;
R381F;p.Arg381Phe;mutation;;
R381G;p.Arg381Gly;mutation;;
R381H;p.Arg381His;mutation;;
R381I;p.Arg381Ile;mutation;;
R381L;p.Arg381Leu;mutation;;
R381M;p.Arg381Met;mutation;;
R381N;p.Arg381Asn;mutation;;
R381P;p.Arg381Pro;mutation;;
R381Q;p.Arg381Gln;mutation;;
R381S;p.Arg381Ser;mutation;;
R381T;p.Arg381Thr;mutation;;
R381V;p.Arg381Val;mutation;;
R381Y;p.Arg381Tyr;mutation;;
R381W;p.Arg381Trp;mutation;;
R381K;p.Arg381Lys;mutation;;
P382A;p.Pro382Ala;mutation;;
P382C;p.Pro382Cys;mutation;;
P382D;p.Pro382Asp;mutation;;
P382E;p.Pro382Glu;mutation;;
P382F;p.Pro382Phe;mutation;;
P382G;p.Pro382Gly;mutation;;
P382H;p.Pro382His;mutation;;
P382I;p.Pro382Ile;mutation;;
P382L;p.Pro382Leu;mutation;;
P382M;p.Pro382Met;mutation;;
P382N;p.Pro382Asn;mutation;;
P382Q;p.Pro382Gln;mutation;;
P382R;p.Pro382Arg;mutation;;
P382S;p.Pro382Ser;mutation;;
P382T;p.Pro382Thr;mutation;;
P382V;p.Pro382Val;mutation;;
P382Y;p.Pro382Tyr;mutation;;
P382W;p.Pro382Trp;mutation;;
P382K;p.Pro382Lys;mutation;;
P383A;p.Pro383Ala;mutation;;
P383C;p.Pro383Cys;mutation;;
P383D;p.Pro383Asp;mutation;;
P383E;p.Pro383Glu;mutation;;
P383F;p.Pro383Phe;mutation;;
P383G;p.Pro383Gly;mutation;;
P383H;p.Pro383His;mutation;;
P383I;p.Pro383Ile;mutation;;
P383L;p.Pro383Leu;mutation;;
P383M;p.Pro383Met;mutation;;
P383N;p.Pro383Asn;mutation;;
P383Q;p.Pro383Gln;mutation;;
P383R;p.Pro383Arg;mutation;;
P383S;p.Pro383Ser;mutation;;
P383T;p.Pro383Thr;mutation;;
P383V;p.Pro383Val;mutation;;
P383Y;p.Pro383Tyr;mutation;;
P383W;p.Pro383Trp;mutation;;
P383K;p.Pro383Lys;mutation;;
A384C;p.Ala384Cys;mutation;;
A384D;p.Ala384Asp;mutation;;
A384E;p.Ala384Glu;mutation;;
A384F;p.Ala384Phe;mutation;;
A384G;p.Ala384Gly;mutation;;
A384H;p.Ala384His;mutation;;
A384I;p.Ala384Ile;mutation;;
A384L;p.Ala384Leu;mutation;;
A384M;p.Ala384Met;mutation;;
A384N;p.Ala384Asn;mutation;;
A384P;p.Ala384Pro;mutation;;
A384Q;p.Ala384Gln;mutation;;
A384R;p.Ala384Arg;mutation;;
A384S;p.Ala384Ser;mutation;;
A384T;p.Ala384Thr;mutation;;
A384V;p.Ala384Val;mutation;;
A384Y;p.Ala384Tyr;mutation;;
A384W;p.Ala384Trp;mutation;;
A384K;p.Ala384Lys;mutation;;
P385A;p.Pro385Ala;mutation;;
P385C;p.Pro385Cys;mutation;;
P385D;p.Pro385Asp;mutation;;
P385E;p.Pro385Glu;mutation;;
P385F;p.Pro385Phe;mutation;;
P385G;p.Pro385Gly;mutation;;
P385H;p.Pro385His;mutation;;
P385I;p.Pro385Ile;mutation;;
P385L;p.Pro385Leu;mutation;;
P385M;p.Pro385Met;mutation;;
P385N;p.Pro385Asn;mutation;;
P385Q;p.Pro385Gln;mutation;;
P385R;p.Pro385Arg;mutation;;
P385S;p.Pro385Ser;mutation;;
P385T;p.Pro385Thr;mutation;;
P385V;p.Pro385Val;mutation;;
P385Y;p.Pro385Tyr;mutation;;
P385W;p.Pro385Trp;mutation;;
P385K;p.Pro385Lys;mutation;;
E386A;p.Glu386Ala;mutation;;
E386C;p.Glu386Cys;mutation;;
E386D;p.Glu386Asp;mutation;;
E386F;p.Glu386Phe;mutation;;
E386G;p.Glu386Gly;mutation;;
E386H;p.Glu386His;mutation;;
E386I;p.Glu386Ile;mutation;;
E386L;p.Glu386Leu;mutation;;
E386M;p.Glu386Met;mutation;;
E386N;p.Glu386Asn;mutation;;
E386P;p.Glu386Pro;mutation;;
E386Q;p.Glu386Gln;mutation;;
E386R;p.Glu386Arg;mutation;;
E386S;p.Glu386Ser;mutation;;
E386T;p.Glu386Thr;mutation;;
E386V;p.Glu386Val;mutation;;
E386Y;p.Glu386Tyr;mutation;;
E386W;p.Glu386Trp;mutation;;
E386K;p.Glu386Lys;mutation;;
A387C;p.Ala387Cys;mutation;;
A387D;p.Ala387Asp;mutation;;
A387E;p.Ala387Glu;mutation;;
A387F;p.Ala387Phe;mutation;;
A387G;p.Ala387Gly;mutation;;
A387H;p.Ala387His;mutation;;
A387I;p.Ala387Ile;mutation;;
A387L;p.Ala387Leu;mutation;;
A387M;p.Ala387Met;mutation;;
A387N;p.Ala387Asn;mutation;;
A387P;p.Ala387Pro;mutation;;
A387Q;p.Ala387Gln;mutation;;
A387R;p.Ala387Arg;mutation;;
A387S;p.Ala387Ser;mutation;;
A387T;p.Ala387Thr;mutation;;
A387V;p.Ala387Val;mutation;;
A387Y;p.Ala387Tyr;mutation;;
A387W;p.Ala387Trp;mutation;;
A387K;p.Ala387Lys;mutation;;
P388A;p.Pro388Ala;mutation;;
P388C;p.Pro388Cys;mutation;;
P388D;p.Pro388Asp;mutation;;
P388E;p.Pro388Glu;mutation;;
P388F;p.Pro388Phe;mutation;;
P388G;p.Pro388Gly;mutation;;
P388H;p.Pro388His;mutation;;
P388I;p.Pro388Ile;mutation;;
P388L;p.Pro388Leu;mutation;;
P388M;p.Pro388Met;mutation;;
P388N;p.Pro388Asn;mutation;;
P388Q;p.Pro388Gln;mutation;;
P388R;p.Pro388Arg;mutation;;
P388S;p.Pro388Ser;mutation;;
P388T;p.Pro388Thr;mutation;;
P388V;p.Pro388Val;mutation;;
P388Y;p.Pro388Tyr;mutation;;
P388W;p.Pro388Trp;mutation;;
P388K;p.Pro388Lys;mutation;;
K389A;p.Lys389Ala;mutation;;
K389C;p.Lys389Cys;mutation;;
K389D;p.Lys389Asp;mutation;;
K389E;p.Lys389Glu;mutation;;
K389F;p.Lys389Phe;mutation;;
K389G;p.Lys389Gly;mutation;;
K389H;p.Lys389His;mutation;;
K389I;p.Lys389Ile;mutation;;
K389L;p.Lys389Leu;mutation;;
K389M;p.Lys389Met;mutation;;
K389N;p.Lys389Asn;mutation;;
K389P;p.Lys389Pro;mutation;;
K389Q;p.Lys389Gln;mutation;;
K389R;p.Lys389Arg;mutation;;
K389S;p.Lys389Ser;mutation;;
K389T;p.Lys389Thr;mutation;;
K389V;p.Lys389Val;mutation;;
K389Y;p.Lys389Tyr;mutation;;
K389W;p.Lys389Trp;mutation;;
E390A;p.Glu390Ala;mutation;;
E390C;p.Glu390Cys;mutation;;
E390D;p.Glu390Asp;mutation;;
E390F;p.Glu390Phe;mutation;;
E390G;p.Glu390Gly;mutation;;
E390H;p.Glu390His;mutation;;
E390I;p.Glu390Ile;mutation;;
E390L;p.Glu390Leu;mutation;;
E390M;p.Glu390Met;mutation;;
E390N;p.Glu390Asn;mutation;;
E390P;p.Glu390Pro;mutation;;
E390Q;p.Glu390Gln;mutation;;
E390R;p.Glu390Arg;mutation;;
E390S;p.Glu390Ser;mutation;;
E390T;p.Glu390Thr;mutation;;
E390V;p.Glu390Val;mutation;;
E390Y;p.Glu390Tyr;mutation;;
E390W;p.Glu390Trp;mutation;;
E390K;p.Glu390Lys;mutation;;
I391A;p.Ile391Ala;mutation;;
I391C;p.Ile391Cys;mutation;;
I391D;p.Ile391Asp;mutation;;
I391E;p.Ile391Glu;mutation;;
I391F;p.Ile391Phe;mutation;;
I391G;p.Ile391Gly;mutation;;
I391H;p.Ile391His;mutation;;
I391L;p.Ile391Leu;mutation;;
I391M;p.Ile391Met;mutation;;
I391N;p.Ile391Asn;mutation;;
I391P;p.Ile391Pro;mutation;;
I391Q;p.Ile391Gln;mutation;;
I391R;p.Ile391Arg;mutation;;
I391S;p.Ile391Ser;mutation;;
I391T;p.Ile391Thr;mutation;;
I391V;p.Ile391Val;mutation;;
I391Y;p.Ile391Tyr;mutation;;
I391W;p.Ile391Trp;mutation;;
I391K;p.Ile391Lys;mutation;;
P392A;p.Pro392Ala;mutation;;
P392C;p.Pro392Cys;mutation;;
P392D;p.Pro392Asp;mutation;;
P392E;p.Pro392Glu;mutation;;
P392F;p.Pro392Phe;mutation;;
P392G;p.Pro392Gly;mutation;;
P392H;p.Pro392His;mutation;;
P392I;p.Pro392Ile;mutation;;
P392L;p.Pro392Leu;mutation;;
P392M;p.Pro392Met;mutation;;
P392N;p.Pro392Asn;mutation;;
P392Q;p.Pro392Gln;mutation;;
P392R;p.Pro392Arg;mutation;;
P392S;p.Pro392Ser;mutation;;
P392T;p.Pro392Thr;mutation;;
P392V;p.Pro392Val;mutation;;
P392Y;p.Pro392Tyr;mutation;;
P392W;p.Pro392Trp;mutation;;
P392K;p.Pro392Lys;mutation;;
P393A;p.Pro393Ala;mutation;;
P393C;p.Pro393Cys;mutation;;
P393D;p.Pro393Asp;mutation;;
P393E;p.Pro393Glu;mutation;;
P393F;p.Pro393Phe;mutation;;
P393G;p.Pro393Gly;mutation;;
P393H;p.Pro393His;mutation;;
P393I;p.Pro393Ile;mutation;;
P393L;p.Pro393Leu;mutation;;
P393M;p.Pro393Met;mutation;;
P393N;p.Pro393Asn;mutation;;
P393Q;p.Pro393Gln;mutation;;
P393R;p.Pro393Arg;mutation;;
P393S;p.Pro393Ser;mutation;;
P393T;p.Pro393Thr;mutation;;
P393V;p.Pro393Val;mutation;;
P393Y;p.Pro393Tyr;mutation;;
P393W;p.Pro393Trp;mutation;;
P393K;p.Pro393Lys;mutation;;
E394A;p.Glu394Ala;mutation;;
E394C;p.Glu394Cys;mutation;;
E394D;p.Glu394Asp;mutation;;
E394F;p.Glu394Phe;mutation;;
E394G;p.Glu394Gly;mutation;;
E394H;p.Glu394His;mutation;;
E394I;p.Glu394Ile;mutation;;
E394L;p.Glu394Leu;mutation;;
E394M;p.Glu394Met;mutation;;
E394N;p.Glu394Asn;mutation;;
E394P;p.Glu394Pro;mutation;;
E394Q;p.Glu394Gln;mutation;;
E394R;p.Glu394Arg;mutation;;
E394S;p.Glu394Ser;mutation;;
E394T;p.Glu394Thr;mutation;;
E394V;p.Glu394Val;mutation;;
E394Y;p.Glu394Tyr;mutation;;
E394W;p.Glu394Trp;mutation;;
E394K;p.Glu394Lys;mutation;;
A395C;p.Ala395Cys;mutation;;
A395D;p.Ala395Asp;mutation;;
A395E;p.Ala395Glu;mutation;;
A395F;p.Ala395Phe;mutation;;
A395G;p.Ala395Gly;mutation;;
A395H;p.Ala395His;mutation;;
A395I;p.Ala395Ile;mutation;;
A395L;p.Ala395Leu;mutation;;
A395M;p.Ala395Met;mutation;;
A395N;p.Ala395Asn;mutation;;
A395P;p.Ala395Pro;mutation;;
A395Q;p.Ala395Gln;mutation;;
A395R;p.Ala395Arg;mutation;;
A395S;p.Ala395Ser;mutation;;
A395T;p.Ala395Thr;mutation;;
A395V;p.Ala395Val;mutation;;
A395Y;p.Ala395Tyr;mutation;;
A395W;p.Ala395Trp;mutation;;
A395K;p.Ala395Lys;mutation;;
V396A;p.Val396Ala;mutation;;
V396C;p.Val396Cys;mutation;;
V396D;p.Val396Asp;mutation;;
V396E;p.Val396Glu;mutation;;
V396F;p.Val396Phe;mutation;;
V396G;p.Val396Gly;mutation;;
V396H;p.Val396His;mutation;;
V396I;p.Val396Ile;mutation;;
V396L;p.Val396Leu;mutation;;
V396M;p.Val396Met;mutation;;
V396N;p.Val396Asn;mutation;;
V396P;p.Val396Pro;mutation;;
V396Q;p.Val396Gln;mutation;;
V396R;p.Val396Arg;mutation;;
V396S;p.Val396Ser;mutation;;
V396T;p.Val396Thr;mutation;;
V396Y;p.Val396Tyr;mutation;;
V396W;p.Val396Trp;mutation;;
V396K;p.Val396Lys;mutation;;
K397A;p.Lys397Ala;mutation;;
K397C;p.Lys397Cys;mutation;;
K397D;p.Lys397Asp;mutation;;
K397E;p.Lys397Glu;mutation;;
K397F;p.Lys397Phe;mutation;;
K397G;p.Lys397Gly;mutation;;
K397H;p.Lys397His;mutation;;
K397I;p.Lys397Ile;mutation;;
K397L;p.Lys397Leu;mutation;;
K397M;p.Lys397Met;mutation;;
K397N;p.Lys397Asn;mutation;;
K397P;p.Lys397Pro;mutation;;
K397Q;p.Lys397Gln;mutation;;
K397R;p.Lys397Arg;mutation;;
K397S;p.Lys397Ser;mutation;;
K397T;p.Lys397Thr;mutation;;
K397V;p.Lys397Val;mutation;;
K397Y;p.Lys397Tyr;mutation;;
K397W;p.Lys397Trp;mutation;;
E398A;p.Glu398Ala;mutation;;
E398C;p.Glu398Cys;mutation;;
E398D;p.Glu398Asp;mutation;;
E398F;p.Glu398Phe;mutation;;
E398G;p.Glu398Gly;mutation;;
E398H;p.Glu398His;mutation;;
E398I;p.Glu398Ile;mutation;;
E398L;p.Glu398Leu;mutation;;
E398M;p.Glu398Met;mutation;;
E398N;p.Glu398Asn;mutation;;
E398P;p.Glu398Pro;mutation;;
E398Q;p.Glu398Gln;mutation;;
E398R;p.Glu398Arg;mutation;;
E398S;p.Glu398Ser;mutation;;
E398T;p.Glu398Thr;mutation;;
E398V;p.Glu398Val;mutation;;
E398Y;p.Glu398Tyr;mutation;;
E398W;p.Glu398Trp;mutation;;
E398K;p.Glu398Lys;mutation;;
Y399A;p.Tyr399Ala;mutation;;
Y399C;p.Tyr399Cys;mutation;;
Y399D;p.Tyr399Asp;mutation;;
Y399E;p.Tyr399Glu;mutation;;
Y399F;p.Tyr399Phe;mutation;;
Y399G;p.Tyr399Gly;mutation;;
Y399H;p.Tyr399His;mutation;;
Y399I;p.Tyr399Ile;mutation;;
Y399L;p.Tyr399Leu;mutation;;
Y399M;p.Tyr399Met;mutation;;
Y399N;p.Tyr399Asn;mutation;;
Y399P;p.Tyr399Pro;mutation;;
Y399Q;p.Tyr399Gln;mutation;;
Y399R;p.Tyr399Arg;mutation;;
Y399S;p.Tyr399Ser;mutation;;
Y399T;p.Tyr399Thr;mutation;;
Y399V;p.Tyr399Val;mutation;;
Y399W;p.Tyr399Trp;mutation;;
Y399K;p.Tyr399Lys;mutation;;
V400A;p.Val400Ala;mutation;;
V400C;p.Val400Cys;mutation;;
V400D;p.Val400Asp;mutation;;
V400E;p.Val400Glu;mutation;;
V400F;p.Val400Phe;mutation;;
V400G;p.Val400Gly;mutation;;
V400H;p.Val400His;mutation;;
V400I;p.Val400Ile;mutation;;
V400L;p.Val400Leu;mutation;;
V400M;p.Val400Met;mutation;;
V400N;p.Val400Asn;mutation;;
V400P;p.Val400Pro;mutation;;
V400Q;p.Val400Gln;mutation;;
V400R;p.Val400Arg;mutation;;
V400S;p.Val400Ser;mutation;;
V400T;p.Val400Thr;mutation;;
V400Y;p.Val400Tyr;mutation;;
V400W;p.Val400Trp;mutation;;
V400K;p.Val400Lys;mutation;;
D401A;p.Asp401Ala;mutation;;
D401C;p.Asp401Cys;mutation;;
D401E;p.Asp401Glu;mutation;;
D401F;p.Asp401Phe;mutation;;
D401G;p.Asp401Gly;mutation;;
D401H;p.Asp401His;mutation;;
D401I;p.Asp401Ile;mutation;;
D401L;p.Asp401Leu;mutation;;
D401M;p.Asp401Met;mutation;;
D401N;p.Asp401Asn;mutation;;
D401P;p.Asp401Pro;mutation;;
D401Q;p.Asp401Gln;mutation;;
D401R;p.Asp401Arg;mutation;;
D401S;p.Asp401Ser;mutation;;
D401T;p.Asp401Thr;mutation;;
D401V;p.Asp401Val;mutation;;
D401Y;p.Asp401Tyr;mutation;;
D401W;p.Asp401Trp;mutation;;
D401K;p.Asp401Lys;mutation;;
I402A;p.Ile402Ala;mutation;;
I402C;p.Ile402Cys;mutation;;
I402D;p.Ile402Asp;mutation;;
I402E;p.Ile402Glu;mutation;;
I402F;p.Ile402Phe;mutation;;
I402G;p.Ile402Gly;mutation;;
I402H;p.Ile402His;mutation;;
I402L;p.Ile402Leu;mutation;;
I402M;p.Ile402Met;mutation;;
I402N;p.Ile402Asn;mutation;;
I402P;p.Ile402Pro;mutation;;
I402Q;p.Ile402Gln;mutation;;
I402R;p.Ile402Arg;mutation;;
I402S;p.Ile402Ser;mutation;;
I402T;p.Ile402Thr;mutation;;
I402V;p.Ile402Val;mutation;;
I402Y;p.Ile402Tyr;mutation;;
I402W;p.Ile402Trp;mutation;;
I402K;p.Ile402Lys;mutation;;
M403A;p.Met403Ala;mutation;;
M403C;p.Met403Cys;mutation;;
M403D;p.Met403Asp;mutation;;
M403E;p.Met403Glu;mutation;;
M403F;p.Met403Phe;mutation;;
M403G;p.Met403Gly;mutation;;
M403H;p.Met403His;mutation;;
M403I;p.Met403Ile;mutation;;
M403L;p.Met403Leu;mutation;;
M403N;p.Met403Asn;mutation;;
M403P;p.Met403Pro;mutation;;
M403Q;p.Met403Gln;mutation;;
M403R;p.Met403Arg;mutation;;
M403S;p.Met403Ser;mutation;;
M403T;p.Met403Thr;mutation;;
M403V;p.Met403Val;mutation;;
M403Y;p.Met403Tyr;mutation;;
M403W;p.Met403Trp;mutation;;
M403K;p.Met403Lys;mutation;;
E404A;p.Glu404Ala;mutation;;
E404C;p.Glu404Cys;mutation;;
E404D;p.Glu404Asp;mutation;;
E404F;p.Glu404Phe;mutation;;
E404G;p.Glu404Gly;mutation;;
E404H;p.Glu404His;mutation;;
E404I;p.Glu404Ile;mutation;;
E404L;p.Glu404Leu;mutation;;
E404M;p.Glu404Met;mutation;;
E404N;p.Glu404Asn;mutation;;
E404P;p.Glu404Pro;mutation;;
E404Q;p.Glu404Gln;mutation;;
E404R;p.Glu404Arg;mutation;;
E404S;p.Glu404Ser;mutation;;
E404T;p.Glu404Thr;mutation;;
E404V;p.Glu404Val;mutation;;
E404Y;p.Glu404Tyr;mutation;;
E404W;p.Glu404Trp;mutation;;
E404K;p.Glu404Lys;mutation;;
W405A;p.Trp405Ala;mutation;;
W405C;p.Trp405Cys;mutation;;
W405D;p.Trp405Asp;mutation;;
W405E;p.Trp405Glu;mutation;;
W405F;p.Trp405Phe;mutation;;
W405G;p.Trp405Gly;mutation;;
W405H;p.Trp405His;mutation;;
W405I;p.Trp405Ile;mutation;;
W405L;p.Trp405Leu;mutation;;
W405M;p.Trp405Met;mutation;;
W405N;p.Trp405Asn;mutation;;
W405P;p.Trp405Pro;mutation;;
W405Q;p.Trp405Gln;mutation;;
W405R;p.Trp405Arg;mutation;;
W405S;p.Trp405Ser;mutation;;
W405T;p.Trp405Thr;mutation;;
W405V;p.Trp405Val;mutation;;
W405Y;p.Trp405Tyr;mutation;;
W405K;p.Trp405Lys;mutation;;
L406A;p.Leu406Ala;mutation;;
L406C;p.Leu406Cys;mutation;;
L406D;p.Leu406Asp;mutation;;
L406E;p.Leu406Glu;mutation;;
L406F;p.Leu406Phe;mutation;;
L406G;p.Leu406Gly;mutation;;
L406H;p.Leu406His;mutation;;
L406I;p.Leu406Ile;mutation;;
L406M;p.Leu406Met;mutation;;
L406N;p.Leu406Asn;mutation;;
L406P;p.Leu406Pro;mutation;;
L406Q;p.Leu406Gln;mutation;;
L406R;p.Leu406Arg;mutation;;
L406S;p.Leu406Ser;mutation;;
L406T;p.Leu406Thr;mutation;;
L406V;p.Leu406Val;mutation;;
L406Y;p.Leu406Tyr;mutation;;
L406W;p.Leu406Trp;mutation;;
L406K;p.Leu406Lys;mutation;;
V407A;p.Val407Ala;mutation;;
V407C;p.Val407Cys;mutation;;
V407D;p.Val407Asp;mutation;;
V407E;p.Val407Glu;mutation;;
V407F;p.Val407Phe;mutation;;
V407G;p.Val407Gly;mutation;;
V407H;p.Val407His;mutation;;
V407I;p.Val407Ile;mutation;;
V407L;p.Val407Leu;mutation;;
V407M;p.Val407Met;mutation;;
V407N;p.Val407Asn;mutation;;
V407P;p.Val407Pro;mutation;;
V407Q;p.Val407Gln;mutation;;
V407R;p.Val407Arg;mutation;;
V407S;p.Val407Ser;mutation;;
V407T;p.Val407Thr;mutation;;
V407Y;p.Val407Tyr;mutation;;
V407W;p.Val407Trp;mutation;;
V407K;p.Val407Lys;mutation;;
G408A;p.Gly408Ala;mutation;;
G408C;p.Gly408Cys;mutation;;
G408D;p.Gly408Asp;mutation;;
G408E;p.Gly408Glu;mutation;;
G408F;p.Gly408Phe;mutation;;
G408H;p.Gly408His;mutation;;
G408I;p.Gly408Ile;mutation;;
G408L;p.Gly408Leu;mutation;;
G408M;p.Gly408Met;mutation;;
G408N;p.Gly408Asn;mutation;;
G408P;p.Gly408Pro;mutation;;
G408Q;p.Gly408Gln;mutation;;
G408R;p.Gly408Arg;mutation;;
G408S;p.Gly408Ser;mutation;;
G408T;p.Gly408Thr;mutation;;
G408V;p.Gly408Val;mutation;;
G408Y;p.Gly408Tyr;mutation;;
G408W;p.Gly408Trp;mutation;;
G408K;p.Gly408Lys;mutation;;
T409A;p.Thr409Ala;mutation;;
T409C;p.Thr409Cys;mutation;;
T409D;p.Thr409Asp;mutation;;
T409E;p.Thr409Glu;mutation;;
T409F;p.Thr409Phe;mutation;;
T409G;p.Thr409Gly;mutation;;
T409H;p.Thr409His;mutation;;
T409I;p.Thr409Ile;mutation;;
T409L;p.Thr409Leu;mutation;;
T409M;p.Thr409Met;mutation;;
T409N;p.Thr409Asn;mutation;;
T409P;p.Thr409Pro;mutation;;
T409Q;p.Thr409Gln;mutation;;
T409R;p.Thr409Arg;mutation;;
T409S;p.Thr409Ser;mutation;;
T409V;p.Thr409Val;mutation;;
T409Y;p.Thr409Tyr;mutation;;
T409W;p.Thr409Trp;mutation;;
T409K;p.Thr409Lys;mutation;;
H410A;p.His410Ala;mutation;;
H410C;p.His410Cys;mutation;;
H410D;p.His410Asp;mutation;;
H410E;p.His410Glu;mutation;;
H410F;p.His410Phe;mutation;;
H410G;p.His410Gly;mutation;;
H410I;p.His410Ile;mutation;;
H410L;p.His410Leu;mutation;;
H410M;p.His410Met;mutation;;
H410N;p.His410Asn;mutation;;
H410P;p.His410Pro;mutation;;
H410Q;p.His410Gln;mutation;;
H410R;p.His410Arg;mutation;;
H410S;p.His410Ser;mutation;;
H410T;p.His410Thr;mutation;;
H410V;p.His410Val;mutation;;
H410Y;p.His410Tyr;mutation;;
H410W;p.His410Trp;mutation;;
H410K;p.His410Lys;mutation;;
L411A;p.Leu411Ala;mutation;;
L411C;p.Leu411Cys;mutation;;
L411D;p.Leu411Asp;mutation;;
L411E;p.Leu411Glu;mutation;;
L411F;p.Leu411Phe;mutation;;
L411G;p.Leu411Gly;mutation;;
L411H;p.Leu411His;mutation;;
L411I;p.Leu411Ile;mutation;;
L411M;p.Leu411Met;mutation;;
L411N;p.Leu411Asn;mutation;;
L411P;p.Leu411Pro;mutation;;
L411Q;p.Leu411Gln;mutation;;
L411R;p.Leu411Arg;mutation;;
L411S;p.Leu411Ser;mutation;;
L411T;p.Leu411Thr;mutation;;
L411V;p.Leu411Val;mutation;;
L411Y;p.Leu411Tyr;mutation;;
L411W;p.Leu411Trp;mutation;;
L411K;p.Leu411Lys;mutation;;
A412C;p.Ala412Cys;mutation;;
A412D;p.Ala412Asp;mutation;;
A412E;p.Ala412Glu;mutation;;
A412F;p.Ala412Phe;mutation;;
A412G;p.Ala412Gly;mutation;;
A412H;p.Ala412His;mutation;;
A412I;p.Ala412Ile;mutation;;
A412L;p.Ala412Leu;mutation;;
A412M;p.Ala412Met;mutation;;
A412N;p.Ala412Asn;mutation;;
A412P;p.Ala412Pro;mutation;;
A412Q;p.Ala412Gln;mutation;;
A412R;p.Ala412Arg;mutation;;
A412S;p.Ala412Ser;mutation;;
A412T;p.Ala412Thr;mutation;;
A412V;p.Ala412Val;mutation;;
A412Y;p.Ala412Tyr;mutation;;
A412W;p.Ala412Trp;mutation;;
A412K;p.Ala412Lys;mutation;;
T413A;p.Thr413Ala;mutation;;
T413C;p.Thr413Cys;mutation;;
T413D;p.Thr413Asp;mutation;;
T413E;p.Thr413Glu;mutation;;
T413F;p.Thr413Phe;mutation;;
T413G;p.Thr413Gly;mutation;;
T413H;p.Thr413His;mutation;;
T413I;p.Thr413Ile;mutation;;
T413L;p.Thr413Leu;mutation;;
T413M;p.Thr413Met;mutation;;
T413N;p.Thr413Asn;mutation;;
T413P;p.Thr413Pro;mutation;;
T413Q;p.Thr413Gln;mutation;;
T413R;p.Thr413Arg;mutation;;
T413S;p.Thr413Ser;mutation;;
T413V;p.Thr413Val;mutation;;
T413Y;p.Thr413Tyr;mutation;;
T413W;p.Thr413Trp;mutation;;
T413K;p.Thr413Lys;mutation;;
G414A;p.Gly414Ala;mutation;;
G414C;p.Gly414Cys;mutation;;
G414D;p.Gly414Asp;mutation;;
G414E;p.Gly414Glu;mutation;;
G414F;p.Gly414Phe;mutation;;
G414H;p.Gly414His;mutation;;
G414I;p.Gly414Ile;mutation;;
G414L;p.Gly414Leu;mutation;;
G414M;p.Gly414Met;mutation;;
G414N;p.Gly414Asn;mutation;;
G414P;p.Gly414Pro;mutation;;
G414Q;p.Gly414Gln;mutation;;
G414R;p.Gly414Arg;mutation;;
G414S;p.Gly414Ser;mutation;;
G414T;p.Gly414Thr;mutation;;
G414V;p.Gly414Val;mutation;;
G414Y;p.Gly414Tyr;mutation;;
G414W;p.Gly414Trp;mutation;;
G414K;p.Gly414Lys;mutation;;
E415A;p.Glu415Ala;mutation;;
E415C;p.Glu415Cys;mutation;;
E415D;p.Glu415Asp;mutation;;
E415F;p.Glu415Phe;mutation;;
E415G;p.Glu415Gly;mutation;;
E415H;p.Glu415His;mutation;;
E415I;p.Glu415Ile;mutation;;
E415L;p.Glu415Leu;mutation;;
E415M;p.Glu415Met;mutation;;
E415N;p.Glu415Asn;mutation;;
E415P;p.Glu415Pro;mutation;;
E415Q;p.Glu415Gln;mutation;;
E415R;p.Glu415Arg;mutation;;
E415S;p.Glu415Ser;mutation;;
E415T;p.Glu415Thr;mutation;;
E415V;p.Glu415Val;mutation;;
E415Y;p.Glu415Tyr;mutation;;
E415W;p.Glu415Trp;mutation;;
E415K;p.Glu415Lys;mutation;;
S416A;p.Ser416Ala;mutation;;
S416C;p.Ser416Cys;mutation;;
S416D;p.Ser416Asp;mutation;;
S416E;p.Ser416Glu;mutation;;
S416F;p.Ser416Phe;mutation;;
S416G;p.Ser416Gly;mutation;;
S416H;p.Ser416His;mutation;;
S416I;p.Ser416Ile;mutation;;
S416L;p.Ser416Leu;mutation;;
S416M;p.Ser416Met;mutation;;
S416N;p.Ser416Asn;mutation;;
S416P;p.Ser416Pro;mutation;;
S416Q;p.Ser416Gln;mutation;;
S416R;p.Ser416Arg;mutation;;
S416T;p.Ser416Thr;mutation;;
S416V;p.Ser416Val;mutation;;
S416Y;p.Ser416Tyr;mutation;;
S416W;p.Ser416Trp;mutation;;
S416K;p.Ser416Lys;mutation;;
D417A;p.Asp417Ala;mutation;;
D417C;p.Asp417Cys;mutation;;
D417E;p.Asp417Glu;mutation;;
D417F;p.Asp417Phe;mutation;;
D417G;p.Asp417Gly;mutation;;
D417H;p.Asp417His;mutation;;
D417I;p.Asp417Ile;mutation;;
D417L;p.Asp417Leu;mutation;;
D417M;p.Asp417Met;mutation;;
D417N;p.Asp417Asn;mutation;;
D417P;p.Asp417Pro;mutation;;
D417Q;p.Asp417Gln;mutation;;
D417R;p.Asp417Arg;mutation;;
D417S;p.Asp417Ser;mutation;;
D417T;p.Asp417Thr;mutation;;
D417V;p.Asp417Val;mutation;;
D417Y;p.Asp417Tyr;mutation;;
D417W;p.Asp417Trp;mutation;;
D417K;p.Asp417Lys;mutation;;
G418A;p.Gly418Ala;mutation;;
G418C;p.Gly418Cys;mutation;;
G418D;p.Gly418Asp;mutation;;
G418E;p.Gly418Glu;mutation;;
G418F;p.Gly418Phe;mutation;;
G418H;p.Gly418His;mutation;;
G418I;p.Gly418Ile;mutation;;
G418L;p.Gly418Leu;mutation;;
G418M;p.Gly418Met;mutation;;
G418N;p.Gly418Asn;mutation;;
G418P;p.Gly418Pro;mutation;;
G418Q;p.Gly418Gln;mutation;;
G418R;p.Gly418Arg;mutation;;
G418S;p.Gly418Ser;mutation;;
G418T;p.Gly418Thr;mutation;;
G418V;p.Gly418Val;mutation;;
G418Y;p.Gly418Tyr;mutation;;
G418W;p.Gly418Trp;mutation;;
G418K;p.Gly418Lys;mutation;;
K419A;p.Lys419Ala;mutation;;
K419C;p.Lys419Cys;mutation;;
K419D;p.Lys419Asp;mutation;;
K419E;p.Lys419Glu;mutation;;
K419F;p.Lys419Phe;mutation;;
K419G;p.Lys419Gly;mutation;;
K419H;p.Lys419His;mutation;;
K419I;p.Lys419Ile;mutation;;
K419L;p.Lys419Leu;mutation;;
K419M;p.Lys419Met;mutation;;
K419N;p.Lys419Asn;mutation;;
K419P;p.Lys419Pro;mutation;;
K419Q;p.Lys419Gln;mutation;;
K419R;p.Lys419Arg;mutation;;
K419S;p.Lys419Ser;mutation;;
K419T;p.Lys419Thr;mutation;;
K419V;p.Lys419Val;mutation;;
K419Y;p.Lys419Tyr;mutation;;
K419W;p.Lys419Trp;mutation;;
Q420A;p.Gln420Ala;mutation;;
Q420C;p.Gln420Cys;mutation;;
Q420D;p.Gln420Asp;mutation;;
Q420E;p.Gln420Glu;mutation;;
Q420F;p.Gln420Phe;mutation;;
Q420G;p.Gln420Gly;mutation;;
Q420H;p.Gln420His;mutation;;
Q420I;p.Gln420Ile;mutation;;
Q420L;p.Gln420Leu;mutation;;
Q420M;p.Gln420Met;mutation;;
Q420N;p.Gln420Asn;mutation;;
Q420P;p.Gln420Pro;mutation;;
Q420R;p.Gln420Arg;mutation;;
Q420S;p.Gln420Ser;mutation;;
Q420T;p.Gln420Thr;mutation;;
Q420V;p.Gln420Val;mutation;;
Q420Y;p.Gln420Tyr;mutation;;
Q420W;p.Gln420Trp;mutation;;
Q420K;p.Gln420Lys;mutation;;
E421A;p.Glu421Ala;mutation;;
E421C;p.Glu421Cys;mutation;;
E421D;p.Glu421Asp;mutation;;
E421F;p.Glu421Phe;mutation;;
E421G;p.Glu421Gly;mutation;;
E421H;p.Glu421His;mutation;;
E421I;p.Glu421Ile;mutation;;
E421L;p.Glu421Leu;mutation;;
E421M;p.Glu421Met;mutation;;
E421N;p.Glu421Asn;mutation;;
E421P;p.Glu421Pro;mutation;;
E421Q;p.Glu421Gln;mutation;;
E421R;p.Glu421Arg;mutation;;
E421S;p.Glu421Ser;mutation;;
E421T;p.Glu421Thr;mutation;;
E421V;p.Glu421Val;mutation;;
E421Y;p.Glu421Tyr;mutation;;
E421W;p.Glu421Trp;mutation;;
E421K;p.Glu421Lys;mutation;;
E422A;p.Glu422Ala;mutation;;
E422C;p.Glu422Cys;mutation;;
E422D;p.Glu422Asp;mutation;;
E422F;p.Glu422Phe;mutation;;
E422G;p.Glu422Gly;mutation;;
E422H;p.Glu422His;mutation;;
E422I;p.Glu422Ile;mutation;;
E422L;p.Glu422Leu;mutation;;
E422M;p.Glu422Met;mutation;;
E422N;p.Glu422Asn;mutation;;
E422P;p.Glu422Pro;mutation;;
E422Q;p.Glu422Gln;mutation;;
E422R;p.Glu422Arg;mutation;;
E422S;p.Glu422Ser;mutation;;
E422T;p.Glu422Thr;mutation;;
E422V;p.Glu422Val;mutation;;
E422Y;p.Glu422Tyr;mutation;;
E422W;p.Glu422Trp;mutation;;
E422K;p.Glu422Lys;mutation;;
E423A;p.Glu423Ala;mutation;;
E423C;p.Glu423Cys;mutation;;
E423D;p.Glu423Asp;mutation;;
E423F;p.Glu423Phe;mutation;;
E423G;p.Glu423Gly;mutation;;
E423H;p.Glu423His;mutation;;
E423I;p.Glu423Ile;mutation;;
E423L;p.Glu423Leu;mutation;;
E423M;p.Glu423Met;mutation;;
E423N;p.Glu423Asn;mutation;;
E423P;p.Glu423Pro;mutation;;
E423Q;p.Glu423Gln;mutation;;
E423R;p.Glu423Arg;mutation;;
E423S;p.Glu423Ser;mutation;;
E423T;p.Glu423Thr;mutation;;
E423V;p.Glu423Val;mutation;;
E423Y;p.Glu423Tyr;mutation;;
E423W;p.Glu423Trp;mutation;;
E423K;p.Glu423Lys;mutation;;
G424A;p.Gly424Ala;mutation;;
G424C;p.Gly424Cys;mutation;;
G424D;p.Gly424Asp;mutation;;
G424E;p.Gly424Glu;mutation;;
G424F;p.Gly424Phe;mutation;;
G424H;p.Gly424His;mutation;;
G424I;p.Gly424Ile;mutation;;
G424L;p.Gly424Leu;mutation;;
G424M;p.Gly424Met;mutation;;
G424N;p.Gly424Asn;mutation;;
G424P;p.Gly424Pro;mutation;;
G424Q;p.Gly424Gln;mutation;;
G424R;p.Gly424Arg;mutation;;
G424S;p.Gly424Ser;mutation;;
G424T;p.Gly424Thr;mutation;;
G424V;p.Gly424Val;mutation;;
G424Y;p.Gly424Tyr;mutation;;
G424W;p.Gly424Trp;mutation;;
G424K;p.Gly424Lys;mutation;;
Q425A;p.Gln425Ala;mutation;;
Q425C;p.Gln425Cys;mutation;;
Q425D;p.Gln425Asp;mutation;;
Q425E;p.Gln425Glu;mutation;;
Q425F;p.Gln425Phe;mutation;;
Q425G;p.Gln425Gly;mutation;;
Q425H;p.Gln425His;mutation;;
Q425I;p.Gln425Ile;mutation;;
Q425L;p.Gln425Leu;mutation;;
Q425M;p.Gln425Met;mutation;;
Q425N;p.Gln425Asn;mutation;;
Q425P;p.Gln425Pro;mutation;;
Q425R;p.Gln425Arg;mutation;;
Q425S;p.Gln425Ser;mutation;;
Q425T;p.Gln425Thr;mutation;;
Q425V;p.Gln425Val;mutation;;
Q425Y;p.Gln425Tyr;mutation;;
Q425W;p.Gln425Trp;mutation;;
Q425K;p.Gln425Lys;mutation;;
Q426A;p.Gln426Ala;mutation;;
Q426C;p.Gln426Cys;mutation;;
Q426D;p.Gln426Asp;mutation;;
Q426E;p.Gln426Glu;mutation;;
Q426F;p.Gln426Phe;mutation;;
Q426G;p.Gln426Gly;mutation;;
Q426H;p.Gln426His;mutation;;
Q426I;p.Gln426Ile;mutation;;
Q426L;p.Gln426Leu;mutation;;
Q426M;p.Gln426Met;mutation;;
Q426N;p.Gln426Asn;mutation;;
Q426P;p.Gln426Pro;mutation;;
Q426R;p.Gln426Arg;mutation;;
Q426S;p.Gln426Ser;mutation;;
Q426T;p.Gln426Thr;mutation;;
Q426V;p.Gln426Val;mutation;;
Q426Y;p.Gln426Tyr;mutation;;
Q426W;p.Gln426Trp;mutation;;
Q426K;p.Gln426Lys;mutation;;
Q427A;p.Gln427Ala;mutation;;
Q427C;p.Gln427Cys;mutation;;
Q427D;p.Gln427Asp;mutation;;
Q427E;p.Gln427Glu;mutation;;
Q427F;p.Gln427Phe;mutation;;
Q427G;p.Gln427Gly;mutation;;
Q427H;p.Gln427His;mutation;;
Q427I;p.Gln427Ile;mutation;;
Q427L;p.Gln427Leu;mutation;;
Q427M;p.Gln427Met;mutation;;
Q427N;p.Gln427Asn;mutation;;
Q427P;p.Gln427Pro;mutation;;
Q427R;p.Gln427Arg;mutation;;
Q427S;p.Gln427Ser;mutation;;
Q427T;p.Gln427Thr;mutation;;
Q427V;p.Gln427Val;mutation;;
Q427Y;p.Gln427Tyr;mutation;;
Q427W;p.Gln427Trp;mutation;;
Q427K;p.Gln427Lys;mutation;;
E428A;p.Glu428Ala;mutation;;
E428C;p.Glu428Cys;mutation;;
E428D;p.Glu428Asp;mutation;;
E428F;p.Glu428Phe;mutation;;
E428G;p.Glu428Gly;mutation;;
E428H;p.Glu428His;mutation;;
E428I;p.Glu428Ile;mutation;;
E428L;p.Glu428Leu;mutation;;
E428M;p.Glu428Met;mutation;;
E428N;p.Glu428Asn;mutation;;
E428P;p.Glu428Pro;mutation;;
E428Q;p.Glu428Gln;mutation;;
E428R;p.Glu428Arg;mutation;;
E428S;p.Glu428Ser;mutation;;
E428T;p.Glu428Thr;mutation;;
E428V;p.Glu428Val;mutation;;
E428Y;p.Glu428Tyr;mutation;;
E428W;p.Glu428Trp;mutation;;
E428K;p.Glu428Lys;mutation;;
E429A;p.Glu429Ala;mutation;;
E429C;p.Glu429Cys;mutation;;
E429D;p.Glu429Asp;mutation;;
E429F;p.Glu429Phe;mutation;;
E429G;p.Glu429Gly;mutation;;
E429H;p.Glu429His;mutation;;
E429I;p.Glu429Ile;mutation;;
E429L;p.Glu429Leu;mutation;;
E429M;p.Glu429Met;mutation;;
E429N;p.Glu429Asn;mutation;;
E429P;p.Glu429Pro;mutation;;
E429Q;p.Glu429Gln;mutation;;
E429R;p.Glu429Arg;mutation;;
E429S;p.Glu429Ser;mutation;;
E429T;p.Glu429Thr;mutation;;
E429V;p.Glu429Val;mutation;;
E429Y;p.Glu429Tyr;mutation;;
E429W;p.Glu429Trp;mutation;;
E429K;p.Glu429Lys;mutation;;
E430A;p.Glu430Ala;mutation;;
E430C;p.Glu430Cys;mutation;;
E430D;p.Glu430Asp;mutation;;
E430F;p.Glu430Phe;mutation;;
E430G;p.Glu430Gly;mutation;;
E430H;p.Glu430His;mutation;;
E430I;p.Glu430Ile;mutation;;
E430L;p.Glu430Leu;mutation;;
E430M;p.Glu430Met;mutation;;
E430N;p.Glu430Asn;mutation;;
E430P;p.Glu430Pro;mutation;;
E430Q;p.Glu430Gln;mutation;;
E430R;p.Glu430Arg;mutation;;
E430S;p.Glu430Ser;mutation;;
E430T;p.Glu430Thr;mutation;;
E430V;p.Glu430Val;mutation;;
E430Y;p.Glu430Tyr;mutation;;
E430W;p.Glu430Trp;mutation;;
E430K;p.Glu430Lys;mutation;;
G431A;p.Gly431Ala;mutation;;
G431C;p.Gly431Cys;mutation;;
G431D;p.Gly431Asp;mutation;;
G431E;p.Gly431Glu;mutation;;
G431F;p.Gly431Phe;mutation;;
G431H;p.Gly431His;mutation;;
G431I;p.Gly431Ile;mutation;;
G431L;p.Gly431Leu;mutation;;
G431M;p.Gly431Met;mutation;;
G431N;p.Gly431Asn;mutation;;
G431P;p.Gly431Pro;mutation;;
G431Q;p.Gly431Gln;mutation;;
G431R;p.Gly431Arg;mutation;;
G431S;p.Gly431Ser;mutation;;
G431T;p.Gly431Thr;mutation;;
G431V;p.Gly431Val;mutation;;
G431Y;p.Gly431Tyr;mutation;;
G431W;p.Gly431Trp;mutation;;
G431K;p.Gly431Lys;mutation;;
M432A;p.Met432Ala;mutation;;
M432C;p.Met432Cys;mutation;;
M432D;p.Met432Asp;mutation;;
M432E;p.Met432Glu;mutation;;
M432F;p.Met432Phe;mutation;;
M432G;p.Met432Gly;mutation;;
M432H;p.Met432His;mutation;;
M432I;p.Met432Ile;mutation;;
M432L;p.Met432Leu;mutation;;
M432N;p.Met432Asn;mutation;;
M432P;p.Met432Pro;mutation;;
M432Q;p.Met432Gln;mutation;;
M432R;p.Met432Arg;mutation;;
M432S;p.Met432Ser;mutation;;
M432T;p.Met432Thr;mutation;;
M432V;p.Met432Val;mutation;;
M432Y;p.Met432Tyr;mutation;;
M432W;p.Met432Trp;mutation;;
M432K;p.Met432Lys;mutation;;
Y433A;p.Tyr433Ala;mutation;;
Y433C;p.Tyr433Cys;mutation;;
Y433D;p.Tyr433Asp;mutation;;
Y433E;p.Tyr433Glu;mutation;;
Y433F;p.Tyr433Phe;mutation;;
Y433G;p.Tyr433Gly;mutation;;
Y433H;p.Tyr433His;mutation;;
Y433I;p.Tyr433Ile;mutation;;
Y433L;p.Tyr433Leu;mutation;;
Y433M;p.Tyr433Met;mutation;;
Y433N;p.Tyr433Asn;mutation;;
Y433P;p.Tyr433Pro;mutation;;
Y433Q;p.Tyr433Gln;mutation;;
Y433R;p.Tyr433Arg;mutation;;
Y433S;p.Tyr433Ser;mutation;;
Y433T;p.Tyr433Thr;mutation;;
Y433V;p.Tyr433Val;mutation;;
Y433W;p.Tyr433Trp;mutation;;
Y433K;p.Tyr433Lys;mutation;;
P434A;p.Pro434Ala;mutation;;
P434C;p.Pro434Cys;mutation;;
P434D;p.Pro434Asp;mutation;;
P434E;p.Pro434Glu;mutation;;
P434F;p.Pro434Phe;mutation;;
P434G;p.Pro434Gly;mutation;;
P434H;p.Pro434His;mutation;;
P434I;p.Pro434Ile;mutation;;
P434L;p.Pro434Leu;mutation;;
P434M;p.Pro434Met;mutation;;
P434N;p.Pro434Asn;mutation;;
P434Q;p.Pro434Gln;mutation;;
P434R;p.Pro434Arg;mutation;;
P434S;p.Pro434Ser;mutation;;
P434T;p.Pro434Thr;mutation;;
P434V;p.Pro434Val;mutation;;
P434Y;p.Pro434Tyr;mutation;;
P434W;p.Pro434Trp;mutation;;
P434K;p.Pro434Lys;mutation;;
D435A;p.Asp435Ala;mutation;;
D435C;p.Asp435Cys;mutation;;
D435E;p.Asp435Glu;mutation;;
D435F;p.Asp435Phe;mutation;;
D435G;p.Asp435Gly;mutation;;
D435H;p.Asp435His;mutation;;
D435I;p.Asp435Ile;mutation;;
D435L;p.Asp435Leu;mutation;;
D435M;p.Asp435Met;mutation;;
D435N;p.Asp435Asn;mutation;;
D435P;p.Asp435Pro;mutation;;
D435Q;p.Asp435Gln;mutation;;
D435R;p.Asp435Arg;mutation;;
D435S;p.Asp435Ser;mutation;;
D435T;p.Asp435Thr;mutation;;
D435V;p.Asp435Val;mutation;;
D435Y;p.Asp435Tyr;mutation;;
D435W;p.Asp435Trp;mutation;;
D435K;p.Asp435Lys;mutation;;
P436A;p.Pro436Ala;mutation;;
P436C;p.Pro436Cys;mutation;;
P436D;p.Pro436Asp;mutation;;
P436E;p.Pro436Glu;mutation;;
P436F;p.Pro436Phe;mutation;;
P436G;p.Pro436Gly;mutation;;
P436H;p.Pro436His;mutation;;
P436I;p.Pro436Ile;mutation;;
P436L;p.Pro436Leu;mutation;;
P436M;p.Pro436Met;mutation;;
P436N;p.Pro436Asn;mutation;;
P436Q;p.Pro436Gln;mutation;;
P436R;p.Pro436Arg;mutation;;
P436S;p.Pro436Ser;mutation;;
P436T;p.Pro436Thr;mutation;;
P436V;p.Pro436Val;mutation;;
P436Y;p.Pro436Tyr;mutation;;
P436W;p.Pro436Trp;mutation;;
P436K;p.Pro436Lys;mutation;;
G437A;p.Gly437Ala;mutation;;
G437C;p.Gly437Cys;mutation;;
G437D;p.Gly437Asp;mutation;;
G437E;p.Gly437Glu;mutation;;
G437F;p.Gly437Phe;mutation;;
G437H;p.Gly437His;mutation;;
G437I;p.Gly437Ile;mutation;;
G437L;p.Gly437Leu;mutation;;
G437M;p.Gly437Met;mutation;;
G437N;p.Gly437Asn;mutation;;
G437P;p.Gly437Pro;mutation;;
G437Q;p.Gly437Gln;mutation;;
G437R;p.Gly437Arg;mutation;;
G437S;p.Gly437Ser;mutation;;
G437T;p.Gly437Thr;mutation;;
G437V;p.Gly437Val;mutation;;
G437Y;p.Gly437Tyr;mutation;;
G437W;p.Gly437Trp;mutation;;
G437K;p.Gly437Lys;mutation;;
L438A;p.Leu438Ala;mutation;;
L438C;p.Leu438Cys;mutation;;
L438D;p.Leu438Asp;mutation;;
L438E;p.Leu438Glu;mutation;;
L438F;p.Leu438Phe;mutation;;
L438G;p.Leu438Gly;mutation;;
L438H;p.Leu438His;mutation;;
L438I;p.Leu438Ile;mutation;;
L438M;p.Leu438Met;mutation;;
L438N;p.Leu438Asn;mutation;;
L438P;p.Leu438Pro;mutation;;
L438Q;p.Leu438Gln;mutation;;
L438R;p.Leu438Arg;mutation;;
L438S;p.Leu438Ser;mutation;;
L438T;p.Leu438Thr;mutation;;
L438V;p.Leu438Val;mutation;;
L438Y;p.Leu438Tyr;mutation;;
L438W;p.Leu438Trp;mutation;;
L438K;p.Leu438Lys;mutation;;
L439A;p.Leu439Ala;mutation;;
L439C;p.Leu439Cys;mutation;;
L439D;p.Leu439Asp;mutation;;
L439E;p.Leu439Glu;mutation;;
L439F;p.Leu439Phe;mutation;;
L439G;p.Leu439Gly;mutation;;
L439H;p.Leu439His;mutation;;
L439I;p.Leu439Ile;mutation;;
L439M;p.Leu439Met;mutation;;
L439N;p.Leu439Asn;mutation;;
L439P;p.Leu439Pro;mutation;;
L439Q;p.Leu439Gln;mutation;;
L439R;p.Leu439Arg;mutation;;
L439S;p.Leu439Ser;mutation;;
L439T;p.Leu439Thr;mutation;;
L439V;p.Leu439Val;mutation;;
L439Y;p.Leu439Tyr;mutation;;
L439W;p.Leu439Trp;mutation;;
L439K;p.Leu439Lys;mutation;;
S440A;p.Ser440Ala;mutation;;
S440C;p.Ser440Cys;mutation;;
S440D;p.Ser440Asp;mutation;;
S440E;p.Ser440Glu;mutation;;
S440F;p.Ser440Phe;mutation;;
S440G;p.Ser440Gly;mutation;;
S440H;p.Ser440His;mutation;;
S440I;p.Ser440Ile;mutation;;
S440L;p.Ser440Leu;mutation;;
S440M;p.Ser440Met;mutation;;
S440N;p.Ser440Asn;mutation;;
S440P;p.Ser440Pro;mutation;;
S440Q;p.Ser440Gln;mutation;;
S440R;p.Ser440Arg;mutation;;
S440T;p.Ser440Thr;mutation;;
S440V;p.Ser440Val;mutation;;
S440Y;p.Ser440Tyr;mutation;;
S440W;p.Ser440Trp;mutation;;
S440K;p.Ser440Lys;mutation;;
Y441A;p.Tyr441Ala;mutation;;
Y441C;p.Tyr441Cys;mutation;;
Y441D;p.Tyr441Asp;mutation;;
Y441E;p.Tyr441Glu;mutation;;
Y441F;p.Tyr441Phe;mutation;;
Y441G;p.Tyr441Gly;mutation;;
Y441H;p.Tyr441His;mutation;;
Y441I;p.Tyr441Ile;mutation;;
Y441L;p.Tyr441Leu;mutation;;
Y441M;p.Tyr441Met;mutation;;
Y441N;p.Tyr441Asn;mutation;;
Y441P;p.Tyr441Pro;mutation;;
Y441Q;p.Tyr441Gln;mutation;;
Y441R;p.Tyr441Arg;mutation;;
Y441S;p.Tyr441Ser;mutation;;
Y441T;p.Tyr441Thr;mutation;;
Y441V;p.Tyr441Val;mutation;;
Y441W;p.Tyr441Trp;mutation;;
Y441K;p.Tyr441Lys;mutation;;
I442A;p.Ile442Ala;mutation;;
I442C;p.Ile442Cys;mutation;;
I442D;p.Ile442Asp;mutation;;
I442E;p.Ile442Glu;mutation;;
I442F;p.Ile442Phe;mutation;;
I442G;p.Ile442Gly;mutation;;
I442H;p.Ile442His;mutation;;
I442L;p.Ile442Leu;mutation;;
I442M;p.Ile442Met;mutation;;
I442N;p.Ile442Asn;mutation;;
I442P;p.Ile442Pro;mutation;;
I442Q;p.Ile442Gln;mutation;;
I442R;p.Ile442Arg;mutation;;
I442S;p.Ile442Ser;mutation;;
I442T;p.Ile442Thr;mutation;;
I442V;p.Ile442Val;mutation;;
I442Y;p.Ile442Tyr;mutation;;
I442W;p.Ile442Trp;mutation;;
I442K;p.Ile442Lys;mutation;;
N443A;p.Asn443Ala;mutation;;
N443C;p.Asn443Cys;mutation;;
N443D;p.Asn443Asp;mutation;;
N443E;p.Asn443Glu;mutation;;
N443F;p.Asn443Phe;mutation;;
N443G;p.Asn443Gly;mutation;;
N443H;p.Asn443His;mutation;;
N443I;p.Asn443Ile;mutation;;
N443L;p.Asn443Leu;mutation;;
N443M;p.Asn443Met;mutation;;
N443P;p.Asn443Pro;mutation;;
N443Q;p.Asn443Gln;mutation;;
N443R;p.Asn443Arg;mutation;;
N443S;p.Asn443Ser;mutation;;
N443T;p.Asn443Thr;mutation;;
N443V;p.Asn443Val;mutation;;
N443Y;p.Asn443Tyr;mutation;;
N443W;p.Asn443Trp;mutation;;
N443K;p.Asn443Lys;mutation;;
E444A;p.Glu444Ala;mutation;;
E444C;p.Glu444Cys;mutation;;
E444D;p.Glu444Asp;mutation;;
E444F;p.Glu444Phe;mutation;;
E444G;p.Glu444Gly;mutation;;
E444H;p.Glu444His;mutation;;
E444I;p.Glu444Ile;mutation;;
E444L;p.Glu444Leu;mutation;;
E444M;p.Glu444Met;mutation;;
E444N;p.Glu444Asn;mutation;;
E444P;p.Glu444Pro;mutation;;
E444Q;p.Glu444Gln;mutation;;
E444R;p.Glu444Arg;mutation;;
E444S;p.Glu444Ser;mutation;;
E444T;p.Glu444Thr;mutation;;
E444V;p.Glu444Val;mutation;;
E444Y;p.Glu444Tyr;mutation;;
E444W;p.Glu444Trp;mutation;;
E444K;p.Glu444Lys;mutation;;
L445A;p.Leu445Ala;mutation;;
L445C;p.Leu445Cys;mutation;;
L445D;p.Leu445Asp;mutation;;
L445E;p.Leu445Glu;mutation;;
L445F;p.Leu445Phe;mutation;;
L445G;p.Leu445Gly;mutation;;
L445H;p.Leu445His;mutation;;
L445I;p.Leu445Ile;mutation;;
L445M;p.Leu445Met;mutation;;
L445N;p.Leu445Asn;mutation;;
L445P;p.Leu445Pro;mutation;;
L445Q;p.Leu445Gln;mutation;;
L445R;p.Leu445Arg;mutation;;
L445S;p.Leu445Ser;mutation;;
L445T;p.Leu445Thr;mutation;;
L445V;p.Leu445Val;mutation;;
L445Y;p.Leu445Tyr;mutation;;
L445W;p.Leu445Trp;mutation;;
L445K;p.Leu445Lys;mutation;;
C446A;p.Cys446Ala;mutation;;
C446D;p.Cys446Asp;mutation;;
C446E;p.Cys446Glu;mutation;;
C446F;p.Cys446Phe;mutation;;
C446G;p.Cys446Gly;mutation;;
C446H;p.Cys446His;mutation;;
C446I;p.Cys446Ile;mutation;;
C446L;p.Cys446Leu;mutation;;
C446M;p.Cys446Met;mutation;;
C446N;p.Cys446Asn;mutation;;
C446P;p.Cys446Pro;mutation;;
C446Q;p.Cys446Gln;mutation;;
C446R;p.Cys446Arg;mutation;;
C446S;p.Cys446Ser;mutation;;
C446T;p.Cys446Thr;mutation;;
C446V;p.Cys446Val;mutation;;
C446Y;p.Cys446Tyr;mutation;;
C446W;p.Cys446Trp;mutation;;
C446K;p.Cys446Lys;mutation;;
S447A;p.Ser447Ala;mutation;;
S447C;p.Ser447Cys;mutation;;
S447D;p.Ser447Asp;mutation;;
S447E;p.Ser447Glu;mutation;;
S447F;p.Ser447Phe;mutation;;
S447G;p.Ser447Gly;mutation;;
S447H;p.Ser447His;mutation;;
S447I;p.Ser447Ile;mutation;;
S447L;p.Ser447Leu;mutation;;
S447M;p.Ser447Met;mutation;;
S447N;p.Ser447Asn;mutation;;
S447P;p.Ser447Pro;mutation;;
S447Q;p.Ser447Gln;mutation;;
S447R;p.Ser447Arg;mutation;;
S447T;p.Ser447Thr;mutation;;
S447V;p.Ser447Val;mutation;;
S447Y;p.Ser447Tyr;mutation;;
S447W;p.Ser447Trp;mutation;;
S447K;p.Ser447Lys;mutation;;
Q448A;p.Gln448Ala;mutation;;
Q448C;p.Gln448Cys;mutation;;
Q448D;p.Gln448Asp;mutation;;
Q448E;p.Gln448Glu;mutation;;
Q448F;p.Gln448Phe;mutation;;
Q448G;p.Gln448Gly;mutation;;
Q448H;p.Gln448His;mutation;;
Q448I;p.Gln448Ile;mutation;;
Q448L;p.Gln448Leu;mutation;;
Q448M;p.Gln448Met;mutation;;
Q448N;p.Gln448Asn;mutation;;
Q448P;p.Gln448Pro;mutation;;
Q448R;p.Gln448Arg;mutation;;
Q448S;p.Gln448Ser;mutation;;
Q448T;p.Gln448Thr;mutation;;
Q448V;p.Gln448Val;mutation;;
Q448Y;p.Gln448Tyr;mutation;;
Q448W;p.Gln448Trp;mutation;;
Q448K;p.Gln448Lys;mutation;;
K449A;p.Lys449Ala;mutation;;
K449C;p.Lys449Cys;mutation;;
K449D;p.Lys449Asp;mutation;;
K449E;p.Lys449Glu;mutation;;
K449F;p.Lys449Phe;mutation;;
K449G;p.Lys449Gly;mutation;;
K449H;p.Lys449His;mutation;;
K449I;p.Lys449Ile;mutation;;
K449L;p.Lys449Leu;mutation;;
K449M;p.Lys449Met;mutation;;
K449N;p.Lys449Asn;mutation;;
K449P;p.Lys449Pro;mutation;;
K449Q;p.Lys449Gln;mutation;;
K449R;p.Lys449Arg;mutation;;
K449S;p.Lys449Ser;mutation;;
K449T;p.Lys449Thr;mutation;;
K449V;p.Lys449Val;mutation;;
K449Y;p.Lys449Tyr;mutation;;
K449W;p.Lys449Trp;mutation;;
V450A;p.Val450Ala;mutation;;
V450C;p.Val450Cys;mutation;;
V450D;p.Val450Asp;mutation;;
V450E;p.Val450Glu;mutation;;
V450F;p.Val450Phe;mutation;;
V450G;p.Val450Gly;mutation;;
V450H;p.Val450His;mutation;;
V450I;p.Val450Ile;mutation;;
V450L;p.Val450Leu;mutation;;
V450M;p.Val450Met;mutation;;
V450N;p.Val450Asn;mutation;;
V450P;p.Val450Pro;mutation;;
V450Q;p.Val450Gln;mutation;;
V450R;p.Val450Arg;mutation;;
V450S;p.Val450Ser;mutation;;
V450T;p.Val450Thr;mutation;;
V450Y;p.Val450Tyr;mutation;;
V450W;p.Val450Trp;mutation;;
V450K;p.Val450Lys;mutation;;
F451A;p.Phe451Ala;mutation;;
F451C;p.Phe451Cys;mutation;;
F451D;p.Phe451Asp;mutation;;
F451E;p.Phe451Glu;mutation;;
F451G;p.Phe451Gly;mutation;;
F451H;p.Phe451His;mutation;;
F451I;p.Phe451Ile;mutation;;
F451L;p.Phe451Leu;mutation;;
F451M;p.Phe451Met;mutation;;
F451N;p.Phe451Asn;mutation;;
F451P;p.Phe451Pro;mutation;;
F451Q;p.Phe451Gln;mutation;;
F451R;p.Phe451Arg;mutation;;
F451S;p.Phe451Ser;mutation;;
F451T;p.Phe451Thr;mutation;;
F451V;p.Phe451Val;mutation;;
F451Y;p.Phe451Tyr;mutation;;
F451W;p.Phe451Trp;mutation;;
F451K;p.Phe451Lys;mutation;;
V452A;p.Val452Ala;mutation;;
V452C;p.Val452Cys;mutation;;
V452D;p.Val452Asp;mutation;;
V452E;p.Val452Glu;mutation;;
V452F;p.Val452Phe;mutation;;
V452G;p.Val452Gly;mutation;;
V452H;p.Val452His;mutation;;
V452I;p.Val452Ile;mutation;;
V452L;p.Val452Leu;mutation;;
V452M;p.Val452Met;mutation;;
V452N;p.Val452Asn;mutation;;
V452P;p.Val452Pro;mutation;;
V452Q;p.Val452Gln;mutation;;
V452R;p.Val452Arg;mutation;;
V452S;p.Val452Ser;mutation;;
V452T;p.Val452Thr;mutation;;
V452Y;p.Val452Tyr;mutation;;
V452W;p.Val452Trp;mutation;;
V452K;p.Val452Lys;mutation;;
S453A;p.Ser453Ala;mutation;;
S453C;p.Ser453Cys;mutation;;
S453D;p.Ser453Asp;mutation;;
S453E;p.Ser453Glu;mutation;;
S453F;p.Ser453Phe;mutation;;
S453G;p.Ser453Gly;mutation;;
S453H;p.Ser453His;mutation;;
S453I;p.Ser453Ile;mutation;;
S453L;p.Ser453Leu;mutation;;
S453M;p.Ser453Met;mutation;;
S453N;p.Ser453Asn;mutation;;
S453P;p.Ser453Pro;mutation;;
S453Q;p.Ser453Gln;mutation;;
S453R;p.Ser453Arg;mutation;;
S453T;p.Ser453Thr;mutation;;
S453V;p.Ser453Val;mutation;;
S453Y;p.Ser453Tyr;mutation;;
S453W;p.Ser453Trp;mutation;;
S453K;p.Ser453Lys;mutation;;
K454A;p.Lys454Ala;mutation;;
K454C;p.Lys454Cys;mutation;;
K454D;p.Lys454Asp;mutation;;
K454E;p.Lys454Glu;mutation;;
K454F;p.Lys454Phe;mutation;;
K454G;p.Lys454Gly;mutation;;
K454H;p.Lys454His;mutation;;
K454I;p.Lys454Ile;mutation;;
K454L;p.Lys454Leu;mutation;;
K454M;p.Lys454Met;mutation;;
K454N;p.Lys454Asn;mutation;;
K454P;p.Lys454Pro;mutation;;
K454Q;p.Lys454Gln;mutation;;
K454R;p.Lys454Arg;mutation;;
K454S;p.Lys454Ser;mutation;;
K454T;p.Lys454Thr;mutation;;
K454V;p.Lys454Val;mutation;;
K454Y;p.Lys454Tyr;mutation;;
K454W;p.Lys454Trp;mutation;;
V455A;p.Val455Ala;mutation;;
V455C;p.Val455Cys;mutation;;
V455D;p.Val455Asp;mutation;;
V455E;p.Val455Glu;mutation;;
V455F;p.Val455Phe;mutation;;
V455G;p.Val455Gly;mutation;;
V455H;p.Val455His;mutation;;
V455I;p.Val455Ile;mutation;;
V455L;p.Val455Leu;mutation;;
V455M;p.Val455Met;mutation;;
V455N;p.Val455Asn;mutation;;
V455P;p.Val455Pro;mutation;;
V455Q;p.Val455Gln;mutation;;
V455R;p.Val455Arg;mutation;;
V455S;p.Val455Ser;mutation;;
V455T;p.Val455Thr;mutation;;
V455Y;p.Val455Tyr;mutation;;
V455W;p.Val455Trp;mutation;;
V455K;p.Val455Lys;mutation;;
E456A;p.Glu456Ala;mutation;;
E456C;p.Glu456Cys;mutation;;
E456D;p.Glu456Asp;mutation;;
E456F;p.Glu456Phe;mutation;;
E456G;p.Glu456Gly;mutation;;
E456H;p.Glu456His;mutation;;
E456I;p.Glu456Ile;mutation;;
E456L;p.Glu456Leu;mutation;;
E456M;p.Glu456Met;mutation;;
E456N;p.Glu456Asn;mutation;;
E456P;p.Glu456Pro;mutation;;
E456Q;p.Glu456Gln;mutation;;
E456R;p.Glu456Arg;mutation;;
E456S;p.Glu456Ser;mutation;;
E456T;p.Glu456Thr;mutation;;
E456V;p.Glu456Val;mutation;;
E456Y;p.Glu456Tyr;mutation;;
E456W;p.Glu456Trp;mutation;;
E456K;p.Glu456Lys;mutation;;
A457C;p.Ala457Cys;mutation;;
A457D;p.Ala457Asp;mutation;;
A457E;p.Ala457Glu;mutation;;
A457F;p.Ala457Phe;mutation;;
A457G;p.Ala457Gly;mutation;;
A457H;p.Ala457His;mutation;;
A457I;p.Ala457Ile;mutation;;
A457L;p.Ala457Leu;mutation;;
A457M;p.Ala457Met;mutation;;
A457N;p.Ala457Asn;mutation;;
A457P;p.Ala457Pro;mutation;;
A457Q;p.Ala457Gln;mutation;;
A457R;p.Ala457Arg;mutation;;
A457S;p.Ala457Ser;mutation;;
A457T;p.Ala457Thr;mutation;;
A457V;p.Ala457Val;mutation;;
A457Y;p.Ala457Tyr;mutation;;
A457W;p.Ala457Trp;mutation;;
A457K;p.Ala457Lys;mutation;;
V458A;p.Val458Ala;mutation;;
V458C;p.Val458Cys;mutation;;
V458D;p.Val458Asp;mutation;;
V458E;p.Val458Glu;mutation;;
V458F;p.Val458Phe;mutation;;
V458G;p.Val458Gly;mutation;;
V458H;p.Val458His;mutation;;
V458I;p.Val458Ile;mutation;;
V458L;p.Val458Leu;mutation;;
V458M;p.Val458Met;mutation;;
V458N;p.Val458Asn;mutation;;
V458P;p.Val458Pro;mutation;;
V458Q;p.Val458Gln;mutation;;
V458R;p.Val458Arg;mutation;;
V458S;p.Val458Ser;mutation;;
V458T;p.Val458Thr;mutation;;
V458Y;p.Val458Tyr;mutation;;
V458W;p.Val458Trp;mutation;;
V458K;p.Val458Lys;mutation;;
I459A;p.Ile459Ala;mutation;;
I459C;p.Ile459Cys;mutation;;
I459D;p.Ile459Asp;mutation;;
I459E;p.Ile459Glu;mutation;;
I459F;p.Ile459Phe;mutation;;
I459G;p.Ile459Gly;mutation;;
I459H;p.Ile459His;mutation;;
I459L;p.Ile459Leu;mutation;;
I459M;p.Ile459Met;mutation;;
I459N;p.Ile459Asn;mutation;;
I459P;p.Ile459Pro;mutation;;
I459Q;p.Ile459Gln;mutation;;
I459R;p.Ile459Arg;mutation;;
I459S;p.Ile459Ser;mutation;;
I459T;p.Ile459Thr;mutation;;
I459V;p.Ile459Val;mutation;;
I459Y;p.Ile459Tyr;mutation;;
I459W;p.Ile459Trp;mutation;;
I459K;p.Ile459Lys;mutation;;
H460A;p.His460Ala;mutation;;
H460C;p.His460Cys;mutation;;
H460D;p.His460Asp;mutation;;
H460E;p.His460Glu;mutation;;
H460F;p.His460Phe;mutation;;
H460G;p.His460Gly;mutation;;
H460I;p.His460Ile;mutation;;
H460L;p.His460Leu;mutation;;
H460M;p.His460Met;mutation;;
H460N;p.His460Asn;mutation;;
H460P;p.His460Pro;mutation;;
H460Q;p.His460Gln;mutation;;
H460R;p.His460Arg;mutation;;
H460S;p.His460Ser;mutation;;
H460T;p.His460Thr;mutation;;
H460V;p.His460Val;mutation;;
H460Y;p.His460Tyr;mutation;;
H460W;p.His460Trp;mutation;;
H460K;p.His460Lys;mutation;;
P461A;p.Pro461Ala;mutation;;
P461C;p.Pro461Cys;mutation;;
P461D;p.Pro461Asp;mutation;;
P461E;p.Pro461Glu;mutation;;
P461F;p.Pro461Phe;mutation;;
P461G;p.Pro461Gly;mutation;;
P461H;p.Pro461His;mutation;;
P461I;p.Pro461Ile;mutation;;
P461L;p.Pro461Leu;mutation;;
P461M;p.Pro461Met;mutation;;
P461N;p.Pro461Asn;mutation;;
P461Q;p.Pro461Gln;mutation;;
P461R;p.Pro461Arg;mutation;;
P461S;p.Pro461Ser;mutation;;
P461T;p.Pro461Thr;mutation;;
P461V;p.Pro461Val;mutation;;
P461Y;p.Pro461Tyr;mutation;;
P461W;p.Pro461Trp;mutation;;
P461K;p.Pro461Lys;mutation;;
Q462A;p.Gln462Ala;mutation;;
Q462C;p.Gln462Cys;mutation;;
Q462D;p.Gln462Asp;mutation;;
Q462E;p.Gln462Glu;mutation;;
Q462F;p.Gln462Phe;mutation;;
Q462G;p.Gln462Gly;mutation;;
Q462H;p.Gln462His;mutation;;
Q462I;p.Gln462Ile;mutation;;
Q462L;p.Gln462Leu;mutation;;
Q462M;p.Gln462Met;mutation;;
Q462N;p.Gln462Asn;mutation;;
Q462P;p.Gln462Pro;mutation;;
Q462R;p.Gln462Arg;mutation;;
Q462S;p.Gln462Ser;mutation;;
Q462T;p.Gln462Thr;mutation;;
Q462V;p.Gln462Val;mutation;;
Q462Y;p.Gln462Tyr;mutation;;
Q462W;p.Gln462Trp;mutation;;
Q462K;p.Gln462Lys;mutation;;
F463A;p.Phe463Ala;mutation;;
F463C;p.Phe463Cys;mutation;;
F463D;p.Phe463Asp;mutation;;
F463E;p.Phe463Glu;mutation;;
F463G;p.Phe463Gly;mutation;;
F463H;p.Phe463His;mutation;;
F463I;p.Phe463Ile;mutation;;
F463L;p.Phe463Leu;mutation;;
F463M;p.Phe463Met;mutation;;
F463N;p.Phe463Asn;mutation;;
F463P;p.Phe463Pro;mutation;;
F463Q;p.Phe463Gln;mutation;;
F463R;p.Phe463Arg;mutation;;
F463S;p.Phe463Ser;mutation;;
F463T;p.Phe463Thr;mutation;;
F463V;p.Phe463Val;mutation;;
F463Y;p.Phe463Tyr;mutation;;
F463W;p.Phe463Trp;mutation;;
F463K;p.Phe463Lys;mutation;;
L464A;p.Leu464Ala;mutation;;
L464C;p.Leu464Cys;mutation;;
L464D;p.Leu464Asp;mutation;;
L464E;p.Leu464Glu;mutation;;
L464F;p.Leu464Phe;mutation;;
L464G;p.Leu464Gly;mutation;;
L464H;p.Leu464His;mutation;;
L464I;p.Leu464Ile;mutation;;
L464M;p.Leu464Met;mutation;;
L464N;p.Leu464Asn;mutation;;
L464P;p.Leu464Pro;mutation;;
L464Q;p.Leu464Gln;mutation;;
L464R;p.Leu464Arg;mutation;;
L464S;p.Leu464Ser;mutation;;
L464T;p.Leu464Thr;mutation;;
L464V;p.Leu464Val;mutation;;
L464Y;p.Leu464Tyr;mutation;;
L464W;p.Leu464Trp;mutation;;
L464K;p.Leu464Lys;mutation;;
A465C;p.Ala465Cys;mutation;;
A465D;p.Ala465Asp;mutation;;
A465E;p.Ala465Glu;mutation;;
A465F;p.Ala465Phe;mutation;;
A465G;p.Ala465Gly;mutation;;
A465H;p.Ala465His;mutation;;
A465I;p.Ala465Ile;mutation;;
A465L;p.Ala465Leu;mutation;;
A465M;p.Ala465Met;mutation;;
A465N;p.Ala465Asn;mutation;;
A465P;p.Ala465Pro;mutation;;
A465Q;p.Ala465Gln;mutation;;
A465R;p.Ala465Arg;mutation;;
A465S;p.Ala465Ser;mutation;;
A465T;p.Ala465Thr;mutation;;
A465V;p.Ala465Val;mutation;;
A465Y;p.Ala465Tyr;mutation;;
A465W;p.Ala465Trp;mutation;;
A465K;p.Ala465Lys;mutation;;
D466A;p.Asp466Ala;mutation;;
D466C;p.Asp466Cys;mutation;;
D466E;p.Asp466Glu;mutation;;
D466F;p.Asp466Phe;mutation;;
D466G;p.Asp466Gly;mutation;;
D466H;p.Asp466His;mutation;;
D466I;p.Asp466Ile;mutation;;
D466L;p.Asp466Leu;mutation;;
D466M;p.Asp466Met;mutation;;
D466N;p.Asp466Asn;mutation;;
D466P;p.Asp466Pro;mutation;;
D466Q;p.Asp466Gln;mutation;;
D466R;p.Asp466Arg;mutation;;
D466S;p.Asp466Ser;mutation;;
D466T;p.Asp466Thr;mutation;;
D466V;p.Asp466Val;mutation;;
D466Y;p.Asp466Tyr;mutation;;
D466W;p.Asp466Trp;mutation;;
D466K;p.Asp466Lys;mutation;;
L467A;p.Leu467Ala;mutation;;
L467C;p.Leu467Cys;mutation;;
L467D;p.Leu467Asp;mutation;;
L467E;p.Leu467Glu;mutation;;
L467F;p.Leu467Phe;mutation;;
L467G;p.Leu467Gly;mutation;;
L467H;p.Leu467His;mutation;;
L467I;p.Leu467Ile;mutation;;
L467M;p.Leu467Met;mutation;;
L467N;p.Leu467Asn;mutation;;
L467P;p.Leu467Pro;mutation;;
L467Q;p.Leu467Gln;mutation;;
L467R;p.Leu467Arg;mutation;;
L467S;p.Leu467Ser;mutation;;
L467T;p.Leu467Thr;mutation;;
L467V;p.Leu467Val;mutation;;
L467Y;p.Leu467Tyr;mutation;;
L467W;p.Leu467Trp;mutation;;
L467K;p.Leu467Lys;mutation;;
L468A;p.Leu468Ala;mutation;;
L468C;p.Leu468Cys;mutation;;
L468D;p.Leu468Asp;mutation;;
L468E;p.Leu468Glu;mutation;;
L468F;p.Leu468Phe;mutation;;
L468G;p.Leu468Gly;mutation;;
L468H;p.Leu468His;mutation;;
L468I;p.Leu468Ile;mutation;;
L468M;p.Leu468Met;mutation;;
L468N;p.Leu468Asn;mutation;;
L468P;p.Leu468Pro;mutation;;
L468Q;p.Leu468Gln;mutation;;
L468R;p.Leu468Arg;mutation;;
L468S;p.Leu468Ser;mutation;;
L468T;p.Leu468Thr;mutation;;
L468V;p.Leu468Val;mutation;;
L468Y;p.Leu468Tyr;mutation;;
L468W;p.Leu468Trp;mutation;;
L468K;p.Leu468Lys;mutation;;
S469A;p.Ser469Ala;mutation;;
S469C;p.Ser469Cys;mutation;;
S469D;p.Ser469Asp;mutation;;
S469E;p.Ser469Glu;mutation;;
S469F;p.Ser469Phe;mutation;;
S469G;p.Ser469Gly;mutation;;
S469H;p.Ser469His;mutation;;
S469I;p.Ser469Ile;mutation;;
S469L;p.Ser469Leu;mutation;;
S469M;p.Ser469Met;mutation;;
S469N;p.Ser469Asn;mutation;;
S469P;p.Ser469Pro;mutation;;
S469Q;p.Ser469Gln;mutation;;
S469R;p.Ser469Arg;mutation;;
S469T;p.Ser469Thr;mutation;;
S469V;p.Ser469Val;mutation;;
S469Y;p.Ser469Tyr;mutation;;
S469W;p.Ser469Trp;mutation;;
S469K;p.Ser469Lys;mutation;;
P470A;p.Pro470Ala;mutation;;
P470C;p.Pro470Cys;mutation;;
P470D;p.Pro470Asp;mutation;;
P470E;p.Pro470Glu;mutation;;
P470F;p.Pro470Phe;mutation;;
P470G;p.Pro470Gly;mutation;;
P470H;p.Pro470His;mutation;;
P470I;p.Pro470Ile;mutation;;
P470L;p.Pro470Leu;mutation;;
P470M;p.Pro470Met;mutation;;
P470N;p.Pro470Asn;mutation;;
P470Q;p.Pro470Gln;mutation;;
P470R;p.Pro470Arg;mutation;;
P470S;p.Pro470Ser;mutation;;
P470T;p.Pro470Thr;mutation;;
P470V;p.Pro470Val;mutation;;
P470Y;p.Pro470Tyr;mutation;;
P470W;p.Pro470Trp;mutation;;
P470K;p.Pro470Lys;mutation;;
E471A;p.Glu471Ala;mutation;;
E471C;p.Glu471Cys;mutation;;
E471D;p.Glu471Asp;mutation;;
E471F;p.Glu471Phe;mutation;;
E471G;p.Glu471Gly;mutation;;
E471H;p.Glu471His;mutation;;
E471I;p.Glu471Ile;mutation;;
E471L;p.Glu471Leu;mutation;;
E471M;p.Glu471Met;mutation;;
E471N;p.Glu471Asn;mutation;;
E471P;p.Glu471Pro;mutation;;
E471Q;p.Glu471Gln;mutation;;
E471R;p.Glu471Arg;mutation;;
E471S;p.Glu471Ser;mutation;;
E471T;p.Glu471Thr;mutation;;
E471V;p.Glu471Val;mutation;;
E471Y;p.Glu471Tyr;mutation;;
E471W;p.Glu471Trp;mutation;;
E471K;p.Glu471Lys;mutation;;
K472A;p.Lys472Ala;mutation;;
K472C;p.Lys472Cys;mutation;;
K472D;p.Lys472Asp;mutation;;
K472E;p.Lys472Glu;mutation;;
K472F;p.Lys472Phe;mutation;;
K472G;p.Lys472Gly;mutation;;
K472H;p.Lys472His;mutation;;
K472I;p.Lys472Ile;mutation;;
K472L;p.Lys472Leu;mutation;;
K472M;p.Lys472Met;mutation;;
K472N;p.Lys472Asn;mutation;;
K472P;p.Lys472Pro;mutation;;
K472Q;p.Lys472Gln;mutation;;
K472R;p.Lys472Arg;mutation;;
K472S;p.Lys472Ser;mutation;;
K472T;p.Lys472Thr;mutation;;
K472V;p.Lys472Val;mutation;;
K472Y;p.Lys472Tyr;mutation;;
K472W;p.Lys472Trp;mutation;;
Q473A;p.Gln473Ala;mutation;;
Q473C;p.Gln473Cys;mutation;;
Q473D;p.Gln473Asp;mutation;;
Q473E;p.Gln473Glu;mutation;;
Q473F;p.Gln473Phe;mutation;;
Q473G;p.Gln473Gly;mutation;;
Q473H;p.Gln473His;mutation;;
Q473I;p.Gln473Ile;mutation;;
Q473L;p.Gln473Leu;mutation;;
Q473M;p.Gln473Met;mutation;;
Q473N;p.Gln473Asn;mutation;;
Q473P;p.Gln473Pro;mutation;;
Q473R;p.Gln473Arg;mutation;;
Q473S;p.Gln473Ser;mutation;;
Q473T;p.Gln473Thr;mutation;;
Q473V;p.Gln473Val;mutation;;
Q473Y;p.Gln473Tyr;mutation;;
Q473W;p.Gln473Trp;mutation;;
Q473K;p.Gln473Lys;mutation;;
R474A;p.Arg474Ala;mutation;;
R474C;p.Arg474Cys;mutation;;
R474D;p.Arg474Asp;mutation;;
R474E;p.Arg474Glu;mutation;;
R474F;p.Arg474Phe;mutation;;
R474G;p.Arg474Gly;mutation;;
R474H;p.Arg474His;mutation;;
R474I;p.Arg474Ile;mutation;;
R474L;p.Arg474Leu;mutation;;
R474M;p.Arg474Met;mutation;;
R474N;p.Arg474Asn;mutation;;
R474P;p.Arg474Pro;mutation;;
R474Q;p.Arg474Gln;mutation;;
R474S;p.Arg474Ser;mutation;;
R474T;p.Arg474Thr;mutation;;
R474V;p.Arg474Val;mutation;;
R474Y;p.Arg474Tyr;mutation;;
R474W;p.Arg474Trp;mutation;;
R474K;p.Arg474Lys;mutation;;
D475A;p.Asp475Ala;mutation;;
D475C;p.Asp475Cys;mutation;;
D475E;p.Asp475Glu;mutation;;
D475F;p.Asp475Phe;mutation;;
D475G;p.Asp475Gly;mutation;;
D475H;p.Asp475His;mutation;;
D475I;p.Asp475Ile;mutation;;
D475L;p.Asp475Leu;mutation;;
D475M;p.Asp475Met;mutation;;
D475N;p.Asp475Asn;mutation;;
D475P;p.Asp475Pro;mutation;;
D475Q;p.Asp475Gln;mutation;;
D475R;p.Asp475Arg;mutation;;
D475S;p.Asp475Ser;mutation;;
D475T;p.Asp475Thr;mutation;;
D475V;p.Asp475Val;mutation;;
D475Y;p.Asp475Tyr;mutation;;
D475W;p.Asp475Trp;mutation;;
D475K;p.Asp475Lys;mutation;;
P476A;p.Pro476Ala;mutation;;
P476C;p.Pro476Cys;mutation;;
P476D;p.Pro476Asp;mutation;;
P476E;p.Pro476Glu;mutation;;
P476F;p.Pro476Phe;mutation;;
P476G;p.Pro476Gly;mutation;;
P476H;p.Pro476His;mutation;;
P476I;p.Pro476Ile;mutation;;
P476L;p.Pro476Leu;mutation;;
P476M;p.Pro476Met;mutation;;
P476N;p.Pro476Asn;mutation;;
P476Q;p.Pro476Gln;mutation;;
P476R;p.Pro476Arg;mutation;;
P476S;p.Pro476Ser;mutation;;
P476T;p.Pro476Thr;mutation;;
P476V;p.Pro476Val;mutation;;
P476Y;p.Pro476Tyr;mutation;;
P476W;p.Pro476Trp;mutation;;
P476K;p.Pro476Lys;mutation;;
L477A;p.Leu477Ala;mutation;;
L477C;p.Leu477Cys;mutation;;
L477D;p.Leu477Asp;mutation;;
L477E;p.Leu477Glu;mutation;;
L477F;p.Leu477Phe;mutation;;
L477G;p.Leu477Gly;mutation;;
L477H;p.Leu477His;mutation;;
L477I;p.Leu477Ile;mutation;;
L477M;p.Leu477Met;mutation;;
L477N;p.Leu477Asn;mutation;;
L477P;p.Leu477Pro;mutation;;
L477Q;p.Leu477Gln;mutation;;
L477R;p.Leu477Arg;mutation;;
L477S;p.Leu477Ser;mutation;;
L477T;p.Leu477Thr;mutation;;
L477V;p.Leu477Val;mutation;;
L477Y;p.Leu477Tyr;mutation;;
L477W;p.Leu477Trp;mutation;;
L477K;p.Leu477Lys;mutation;;
A478C;p.Ala478Cys;mutation;;
A478D;p.Ala478Asp;mutation;;
A478E;p.Ala478Glu;mutation;;
A478F;p.Ala478Phe;mutation;;
A478G;p.Ala478Gly;mutation;;
A478H;p.Ala478His;mutation;;
A478I;p.Ala478Ile;mutation;;
A478L;p.Ala478Leu;mutation;;
A478M;p.Ala478Met;mutation;;
A478N;p.Ala478Asn;mutation;;
A478P;p.Ala478Pro;mutation;;
A478Q;p.Ala478Gln;mutation;;
A478R;p.Ala478Arg;mutation;;
A478S;p.Ala478Ser;mutation;;
A478T;p.Ala478Thr;mutation;;
A478V;p.Ala478Val;mutation;;
A478Y;p.Ala478Tyr;mutation;;
A478W;p.Ala478Trp;mutation;;
A478K;p.Ala478Lys;mutation;;
L479A;p.Leu479Ala;mutation;;
L479C;p.Leu479Cys;mutation;;
L479D;p.Leu479Asp;mutation;;
L479E;p.Leu479Glu;mutation;;
L479F;p.Leu479Phe;mutation;;
L479G;p.Leu479Gly;mutation;;
L479H;p.Leu479His;mutation;;
L479I;p.Leu479Ile;mutation;;
L479M;p.Leu479Met;mutation;;
L479N;p.Leu479Asn;mutation;;
L479P;p.Leu479Pro;mutation;;
L479Q;p.Leu479Gln;mutation;;
L479R;p.Leu479Arg;mutation;;
L479S;p.Leu479Ser;mutation;;
L479T;p.Leu479Thr;mutation;;
L479V;p.Leu479Val;mutation;;
L479Y;p.Leu479Tyr;mutation;;
L479W;p.Leu479Trp;mutation;;
L479K;p.Leu479Lys;mutation;;
I480A;p.Ile480Ala;mutation;;
I480C;p.Ile480Cys;mutation;;
I480D;p.Ile480Asp;mutation;;
I480E;p.Ile480Glu;mutation;;
I480F;p.Ile480Phe;mutation;;
I480G;p.Ile480Gly;mutation;;
I480H;p.Ile480His;mutation;;
I480L;p.Ile480Leu;mutation;;
I480M;p.Ile480Met;mutation;;
I480N;p.Ile480Asn;mutation;;
I480P;p.Ile480Pro;mutation;;
I480Q;p.Ile480Gln;mutation;;
I480R;p.Ile480Arg;mutation;;
I480S;p.Ile480Ser;mutation;;
I480T;p.Ile480Thr;mutation;;
I480V;p.Ile480Val;mutation;;
I480Y;p.Ile480Tyr;mutation;;
I480W;p.Ile480Trp;mutation;;
I480K;p.Ile480Lys;mutation;;
E481A;p.Glu481Ala;mutation;;
E481C;p.Glu481Cys;mutation;;
E481D;p.Glu481Asp;mutation;;
E481F;p.Glu481Phe;mutation;;
E481G;p.Glu481Gly;mutation;;
E481H;p.Glu481His;mutation;;
E481I;p.Glu481Ile;mutation;;
E481L;p.Glu481Leu;mutation;;
E481M;p.Glu481Met;mutation;;
E481N;p.Glu481Asn;mutation;;
E481P;p.Glu481Pro;mutation;;
E481Q;p.Glu481Gln;mutation;;
E481R;p.Glu481Arg;mutation;;
E481S;p.Glu481Ser;mutation;;
E481T;p.Glu481Thr;mutation;;
E481V;p.Glu481Val;mutation;;
E481Y;p.Glu481Tyr;mutation;;
E481W;p.Glu481Trp;mutation;;
E481K;p.Glu481Lys;mutation;;
E482A;p.Glu482Ala;mutation;;
E482C;p.Glu482Cys;mutation;;
E482D;p.Glu482Asp;mutation;;
E482F;p.Glu482Phe;mutation;;
E482G;p.Glu482Gly;mutation;;
E482H;p.Glu482His;mutation;;
E482I;p.Glu482Ile;mutation;;
E482L;p.Glu482Leu;mutation;;
E482M;p.Glu482Met;mutation;;
E482N;p.Glu482Asn;mutation;;
E482P;p.Glu482Pro;mutation;;
E482Q;p.Glu482Gln;mutation;;
E482R;p.Glu482Arg;mutation;;
E482S;p.Glu482Ser;mutation;;
E482T;p.Glu482Thr;mutation;;
E482V;p.Glu482Val;mutation;;
E482Y;p.Glu482Tyr;mutation;;
E482W;p.Glu482Trp;mutation;;
E482K;p.Glu482Lys;mutation;;
L483A;p.Leu483Ala;mutation;;
L483C;p.Leu483Cys;mutation;;
L483D;p.Leu483Asp;mutation;;
L483E;p.Leu483Glu;mutation;;
L483F;p.Leu483Phe;mutation;;
L483G;p.Leu483Gly;mutation;;
L483H;p.Leu483His;mutation;;
L483I;p.Leu483Ile;mutation;;
L483M;p.Leu483Met;mutation;;
L483N;p.Leu483Asn;mutation;;
L483P;p.Leu483Pro;mutation;;
L483Q;p.Leu483Gln;mutation;;
L483R;p.Leu483Arg;mutation;;
L483S;p.Leu483Ser;mutation;;
L483T;p.Leu483Thr;mutation;;
L483V;p.Leu483Val;mutation;;
L483Y;p.Leu483Tyr;mutation;;
L483W;p.Leu483Trp;mutation;;
L483K;p.Leu483Lys;mutation;;
E484A;p.Glu484Ala;mutation;;
E484C;p.Glu484Cys;mutation;;
E484D;p.Glu484Asp;mutation;;
E484F;p.Glu484Phe;mutation;;
E484G;p.Glu484Gly;mutation;;
E484H;p.Glu484His;mutation;;
E484I;p.Glu484Ile;mutation;;
E484L;p.Glu484Leu;mutation;;
E484M;p.Glu484Met;mutation;;
E484N;p.Glu484Asn;mutation;;
E484P;p.Glu484Pro;mutation;;
E484Q;p.Glu484Gln;mutation;;
E484R;p.Glu484Arg;mutation;;
E484S;p.Glu484Ser;mutation;;
E484T;p.Glu484Thr;mutation;;
E484V;p.Glu484Val;mutation;;
E484Y;p.Glu484Tyr;mutation;;
E484W;p.Glu484Trp;mutation;;
E484K;p.Glu484Lys;mutation;;
Q485A;p.Gln485Ala;mutation;;
Q485C;p.Gln485Cys;mutation;;
Q485D;p.Gln485Asp;mutation;;
Q485E;p.Gln485Glu;mutation;;
Q485F;p.Gln485Phe;mutation;;
Q485G;p.Gln485Gly;mutation;;
Q485H;p.Gln485His;mutation;;
Q485I;p.Gln485Ile;mutation;;
Q485L;p.Gln485Leu;mutation;;
Q485M;p.Gln485Met;mutation;;
Q485N;p.Gln485Asn;mutation;;
Q485P;p.Gln485Pro;mutation;;
Q485R;p.Gln485Arg;mutation;;
Q485S;p.Gln485Ser;mutation;;
Q485T;p.Gln485Thr;mutation;;
Q485V;p.Gln485Val;mutation;;
Q485Y;p.Gln485Tyr;mutation;;
Q485W;p.Gln485Trp;mutation;;
Q485K;p.Gln485Lys;mutation;;
E486A;p.Glu486Ala;mutation;;
E486C;p.Glu486Cys;mutation;;
E486D;p.Glu486Asp;mutation;;
E486F;p.Glu486Phe;mutation;;
E486G;p.Glu486Gly;mutation;;
E486H;p.Glu486His;mutation;;
E486I;p.Glu486Ile;mutation;;
E486L;p.Glu486Leu;mutation;;
E486M;p.Glu486Met;mutation;;
E486N;p.Glu486Asn;mutation;;
E486P;p.Glu486Pro;mutation;;
E486Q;p.Glu486Gln;mutation;;
E486R;p.Glu486Arg;mutation;;
E486S;p.Glu486Ser;mutation;;
E486T;p.Glu486Thr;mutation;;
E486V;p.Glu486Val;mutation;;
E486Y;p.Glu486Tyr;mutation;;
E486W;p.Glu486Trp;mutation;;
E486K;p.Glu486Lys;mutation;;
E487A;p.Glu487Ala;mutation;;
E487C;p.Glu487Cys;mutation;;
E487D;p.Glu487Asp;mutation;;
E487F;p.Glu487Phe;mutation;;
E487G;p.Glu487Gly;mutation;;
E487H;p.Glu487His;mutation;;
E487I;p.Glu487Ile;mutation;;
E487L;p.Glu487Leu;mutation;;
E487M;p.Glu487Met;mutation;;
E487N;p.Glu487Asn;mutation;;
E487P;p.Glu487Pro;mutation;;
E487Q;p.Glu487Gln;mutation;;
E487R;p.Glu487Arg;mutation;;
E487S;p.Glu487Ser;mutation;;
E487T;p.Glu487Thr;mutation;;
E487V;p.Glu487Val;mutation;;
E487Y;p.Glu487Tyr;mutation;;
E487W;p.Glu487Trp;mutation;;
E487K;p.Glu487Lys;mutation;;
G488A;p.Gly488Ala;mutation;;
G488C;p.Gly488Cys;mutation;;
G488D;p.Gly488Asp;mutation;;
G488E;p.Gly488Glu;mutation;;
G488F;p.Gly488Phe;mutation;;
G488H;p.Gly488His;mutation;;
G488I;p.Gly488Ile;mutation;;
G488L;p.Gly488Leu;mutation;;
G488M;p.Gly488Met;mutation;;
G488N;p.Gly488Asn;mutation;;
G488P;p.Gly488Pro;mutation;;
G488Q;p.Gly488Gln;mutation;;
G488R;p.Gly488Arg;mutation;;
G488S;p.Gly488Ser;mutation;;
G488T;p.Gly488Thr;mutation;;
G488V;p.Gly488Val;mutation;;
G488Y;p.Gly488Tyr;mutation;;
G488W;p.Gly488Trp;mutation;;
G488K;p.Gly488Lys;mutation;;
L489A;p.Leu489Ala;mutation;;
L489C;p.Leu489Cys;mutation;;
L489D;p.Leu489Asp;mutation;;
L489E;p.Leu489Glu;mutation;;
L489F;p.Leu489Phe;mutation;;
L489G;p.Leu489Gly;mutation;;
L489H;p.Leu489His;mutation;;
L489I;p.Leu489Ile;mutation;;
L489M;p.Leu489Met;mutation;;
L489N;p.Leu489Asn;mutation;;
L489P;p.Leu489Pro;mutation;;
L489Q;p.Leu489Gln;mutation;;
L489R;p.Leu489Arg;mutation;;
L489S;p.Leu489Ser;mutation;;
L489T;p.Leu489Thr;mutation;;
L489V;p.Leu489Val;mutation;;
L489Y;p.Leu489Tyr;mutation;;
L489W;p.Leu489Trp;mutation;;
L489K;p.Leu489Lys;mutation;;
T490A;p.Thr490Ala;mutation;;
T490C;p.Thr490Cys;mutation;;
T490D;p.Thr490Asp;mutation;;
T490E;p.Thr490Glu;mutation;;
T490F;p.Thr490Phe;mutation;;
T490G;p.Thr490Gly;mutation;;
T490H;p.Thr490His;mutation;;
T490I;p.Thr490Ile;mutation;;
T490L;p.Thr490Leu;mutation;;
T490M;p.Thr490Met;mutation;;
T490N;p.Thr490Asn;mutation;;
T490P;p.Thr490Pro;mutation;;
T490Q;p.Thr490Gln;mutation;;
T490R;p.Thr490Arg;mutation;;
T490S;p.Thr490Ser;mutation;;
T490V;p.Thr490Val;mutation;;
T490Y;p.Thr490Tyr;mutation;;
T490W;p.Thr490Trp;mutation;;
T490K;p.Thr490Lys;mutation;;
L491A;p.Leu491Ala;mutation;;
L491C;p.Leu491Cys;mutation;;
L491D;p.Leu491Asp;mutation;;
L491E;p.Leu491Glu;mutation;;
L491F;p.Leu491Phe;mutation;;
L491G;p.Leu491Gly;mutation;;
L491H;p.Leu491His;mutation;;
L491I;p.Leu491Ile;mutation;;
L491M;p.Leu491Met;mutation;;
L491N;p.Leu491Asn;mutation;;
L491P;p.Leu491Pro;mutation;;
L491Q;p.Leu491Gln;mutation;;
L491R;p.Leu491Arg;mutation;;
L491S;p.Leu491Ser;mutation;;
L491T;p.Leu491Thr;mutation;;
L491V;p.Leu491Val;mutation;;
L491Y;p.Leu491Tyr;mutation;;
L491W;p.Leu491Trp;mutation;;
L491K;p.Leu491Lys;mutation;;
A492C;p.Ala492Cys;mutation;;
A492D;p.Ala492Asp;mutation;;
A492E;p.Ala492Glu;mutation;;
A492F;p.Ala492Phe;mutation;;
A492G;p.Ala492Gly;mutation;;
A492H;p.Ala492His;mutation;;
A492I;p.Ala492Ile;mutation;;
A492L;p.Ala492Leu;mutation;;
A492M;p.Ala492Met;mutation;;
A492N;p.Ala492Asn;mutation;;
A492P;p.Ala492Pro;mutation;;
A492Q;p.Ala492Gln;mutation;;
A492R;p.Ala492Arg;mutation;;
A492S;p.Ala492Ser;mutation;;
A492T;p.Ala492Thr;mutation;;
A492V;p.Ala492Val;mutation;;
A492Y;p.Ala492Tyr;mutation;;
A492W;p.Ala492Trp;mutation;;
A492K;p.Ala492Lys;mutation;;
Q493A;p.Gln493Ala;mutation;;
Q493C;p.Gln493Cys;mutation;;
Q493D;p.Gln493Asp;mutation;;
Q493E;p.Gln493Glu;mutation;;
Q493F;p.Gln493Phe;mutation;;
Q493G;p.Gln493Gly;mutation;;
Q493H;p.Gln493His;mutation;;
Q493I;p.Gln493Ile;mutation;;
Q493L;p.Gln493Leu;mutation;;
Q493M;p.Gln493Met;mutation;;
Q493N;p.Gln493Asn;mutation;;
Q493P;p.Gln493Pro;mutation;;
Q493R;p.Gln493Arg;mutation;;
Q493S;p.Gln493Ser;mutation;;
Q493T;p.Gln493Thr;mutation;;
Q493V;p.Gln493Val;mutation;;
Q493Y;p.Gln493Tyr;mutation;;
Q493W;p.Gln493Trp;mutation;;
Q493K;p.Gln493Lys;mutation;;
L494A;p.Leu494Ala;mutation;;
L494C;p.Leu494Cys;mutation;;
L494D;p.Leu494Asp;mutation;;
L494E;p.Leu494Glu;mutation;;
L494F;p.Leu494Phe;mutation;;
L494G;p.Leu494Gly;mutation;;
L494H;p.Leu494His;mutation;;
L494I;p.Leu494Ile;mutation;;
L494M;p.Leu494Met;mutation;;
L494N;p.Leu494Asn;mutation;;
L494P;p.Leu494Pro;mutation;;
L494Q;p.Leu494Gln;mutation;;
L494R;p.Leu494Arg;mutation;;
L494S;p.Leu494Ser;mutation;;
L494T;p.Leu494Thr;mutation;;
L494V;p.Leu494Val;mutation;;
L494Y;p.Leu494Tyr;mutation;;
L494W;p.Leu494Trp;mutation;;
L494K;p.Leu494Lys;mutation;;
V495A;p.Val495Ala;mutation;;
V495C;p.Val495Cys;mutation;;
V495D;p.Val495Asp;mutation;;
V495E;p.Val495Glu;mutation;;
V495F;p.Val495Phe;mutation;;
V495G;p.Val495Gly;mutation;;
V495H;p.Val495His;mutation;;
V495I;p.Val495Ile;mutation;;
V495L;p.Val495Leu;mutation;;
V495M;p.Val495Met;mutation;;
V495N;p.Val495Asn;mutation;;
V495P;p.Val495Pro;mutation;;
V495Q;p.Val495Gln;mutation;;
V495R;p.Val495Arg;mutation;;
V495S;p.Val495Ser;mutation;;
V495T;p.Val495Thr;mutation;;
V495Y;p.Val495Tyr;mutation;;
V495W;p.Val495Trp;mutation;;
V495K;p.Val495Lys;mutation;;
Q496A;p.Gln496Ala;mutation;;
Q496C;p.Gln496Cys;mutation;;
Q496D;p.Gln496Asp;mutation;;
Q496E;p.Gln496Glu;mutation;;
Q496F;p.Gln496Phe;mutation;;
Q496G;p.Gln496Gly;mutation;;
Q496H;p.Gln496His;mutation;;
Q496I;p.Gln496Ile;mutation;;
Q496L;p.Gln496Leu;mutation;;
Q496M;p.Gln496Met;mutation;;
Q496N;p.Gln496Asn;mutation;;
Q496P;p.Gln496Pro;mutation;;
Q496R;p.Gln496Arg;mutation;;
Q496S;p.Gln496Ser;mutation;;
Q496T;p.Gln496Thr;mutation;;
Q496V;p.Gln496Val;mutation;;
Q496Y;p.Gln496Tyr;mutation;;
Q496W;p.Gln496Trp;mutation;;
Q496K;p.Gln496Lys;mutation;;
K497A;p.Lys497Ala;mutation;;
K497C;p.Lys497Cys;mutation;;
K497D;p.Lys497Asp;mutation;;
K497E;p.Lys497Glu;mutation;;
K497F;p.Lys497Phe;mutation;;
K497G;p.Lys497Gly;mutation;;
K497H;p.Lys497His;mutation;;
K497I;p.Lys497Ile;mutation;;
K497L;p.Lys497Leu;mutation;;
K497M;p.Lys497Met;mutation;;
K497N;p.Lys497Asn;mutation;;
K497P;p.Lys497Pro;mutation;;
K497Q;p.Lys497Gln;mutation;;
K497R;p.Lys497Arg;mutation;;
K497S;p.Lys497Ser;mutation;;
K497T;p.Lys497Thr;mutation;;
K497V;p.Lys497Val;mutation;;
K497Y;p.Lys497Tyr;mutation;;
K497W;p.Lys497Trp;mutation;;
R498A;p.Arg498Ala;mutation;;
R498C;p.Arg498Cys;mutation;;
R498D;p.Arg498Asp;mutation;;
R498E;p.Arg498Glu;mutation;;
R498F;p.Arg498Phe;mutation;;
R498G;p.Arg498Gly;mutation;;
R498H;p.Arg498His;mutation;;
R498I;p.Arg498Ile;mutation;;
R498L;p.Arg498Leu;mutation;;
R498M;p.Arg498Met;mutation;;
R498N;p.Arg498Asn;mutation;;
R498P;p.Arg498Pro;mutation;;
R498Q;p.Arg498Gln;mutation;;
R498S;p.Arg498Ser;mutation;;
R498T;p.Arg498Thr;mutation;;
R498V;p.Arg498Val;mutation;;
R498Y;p.Arg498Tyr;mutation;;
R498W;p.Arg498Trp;mutation;;
R498K;p.Arg498Lys;mutation;;
L499A;p.Leu499Ala;mutation;;
L499C;p.Leu499Cys;mutation;;
L499D;p.Leu499Asp;mutation;;
L499E;p.Leu499Glu;mutation;;
L499F;p.Leu499Phe;mutation;;
L499G;p.Leu499Gly;mutation;;
L499H;p.Leu499His;mutation;;
L499I;p.Leu499Ile;mutation;;
L499M;p.Leu499Met;mutation;;
L499N;p.Leu499Asn;mutation;;
L499P;p.Leu499Pro;mutation;;
L499Q;p.Leu499Gln;mutation;;
L499R;p.Leu499Arg;mutation;;
L499S;p.Leu499Ser;mutation;;
L499T;p.Leu499Thr;mutation;;
L499V;p.Leu499Val;mutation;;
L499Y;p.Leu499Tyr;mutation;;
L499W;p.Leu499Trp;mutation;;
L499K;p.Leu499Lys;mutation;;
M500A;p.Met500Ala;mutation;;
M500C;p.Met500Cys;mutation;;
M500D;p.Met500Asp;mutation;;
M500E;p.Met500Glu;mutation;;
M500F;p.Met500Phe;mutation;;
M500G;p.Met500Gly;mutation;;
M500H;p.Met500His;mutation;;
M500I;p.Met500Ile;mutation;;
M500L;p.Met500Leu;mutation;;
M500N;p.Met500Asn;mutation;;
M500P;p.Met500Pro;mutation;;
M500Q;p.Met500Gln;mutation;;
M500R;p.Met500Arg;mutation;;
M500S;p.Met500Ser;mutation;;
M500T;p.Met500Thr;mutation;;
M500V;p.Met500Val;mutation;;
M500Y;p.Met500Tyr;mutation;;
M500W;p.Met500Trp;mutation;;
M500K;p.Met500Lys;mutation;;
