pos	WT	var	score	entropy	log2f_var	matrix
1	M	A	-0.2345	1.4637	-15.8732	-0.2641
1	M	C	-0.2400	1.4637	-15.8732	-0.2713
1	M	D	-0.3460	1.4637	-15.8732	-0.4100
1	M	E	-0.3362	1.4637	-15.8732	-0.3972
1	M	F	-0.2396	1.4637	-15.8732	-0.2707
1	M	G	-0.3154	1.4637	-15.8732	-0.3700
1	M	H	-0.2928	1.4637	-15.8732	-0.3404
1	M	I	-0.0789	1.4637	-1.5854	-0.1558
1	M	K	-0.2971	1.4637	-15.8732	-0.3460
1	M	L	-0.0510	1.4637	-2.5853	-0.1126
1	M	N	-0.2876	1.4637	-15.8732	-0.3336
1	M	P	-0.4055	1.4637	-15.8732	-0.4879
1	M	Q	-0.2797	1.4637	-15.8732	-0.3232
1	M	R	-0.3244	1.4637	-15.8732	-0.3817
1	M	S	-0.2659	1.4637	-15.8732	-0.3052
1	M	T	-0.2057	1.4637	-15.8732	-0.2263
1	M	V	-0.1839	1.4637	-15.8732	-0.1978
1	M	W	-0.3024	1.4637	-15.8732	-0.3529
1	M	Y	-0.2819	1.4637	-15.8732	-0.3261
2	V	A	-0.1537	1.8145	-16.2881	-0.1977
2	V	C	-0.1137	1.8145	-3.0002	-0.2342
2	V	D	-0.2524	1.8145	-3.0002	-0.4158
2	V	E	-0.2776	1.8145	-16.2881	-0.3599
2	V	F	-0.2308	1.8145	-16.2881	-0.2987
2	V	G	-0.2795	1.8145	-16.2881	-0.3624
2	V	H	-0.3232	1.8145	-16.2881	-0.4197
2	V	I	-0.0892	1.8145	-16.2881	-0.1133
2	V	K	-0.3165	1.8145	-16.2881	-0.4109
2	V	L	-0.0784	1.8145	-1.4154	-0.1985
2	V	M	-0.1634	1.8145	-16.2881	-0.2104
2	V	N	-0.3081	1.8145	-16.2881	-0.3999
2	V	P	-0.3580	1.8145	-16.2881	-0.4652
2	V	Q	-0.2882	1.8145	-16.2881	-0.3738
2	V	R	-0.3375	1.8145	-16.2881	-0.4384
2	V	S	-0.2573	1.8145	-16.2881	-0.3334
2	V	T	-0.1727	1.8145	-16.2881	-0.2226
2	V	W	-0.2714	1.8145	-16.2881	-0.3518
2	V	Y	-0.2743	1.8145	-16.2881	-0.3556
3	V	A	-0.0986	2.4218	-16.4580	-0.1977
3	V	C	-0.0587	2.4218	-3.1701	-0.2342
3	V	D	-0.2652	2.4218	-16.4580	-0.4158
3	V	E	-0.2225	2.4218	-16.4580	-0.3599
3	V	F	-0.1758	2.4218	-16.4580	-0.2987
3	V	G	-0.2244	2.4218	-16.4580	-0.3624
3	V	H	-0.2004	2.4218	-3.1701	-0.4197
3	V	I	0.0336	2.4218	-3.1701	-0.1133
3	V	K	-0.2615	2.4218	-16.4580	-0.4109
3	V	L	-0.0993	2.4218	-16.4580	-0.1985
3	V	M	-0.1083	2.4218	-16.4580	-0.2104
3	V	N	-0.2531	2.4218	-16.4580	-0.3999
3	V	P	-0.3030	2.4218	-16.4580	-0.4652
3	V	Q	-0.2332	2.4218	-16.4580	-0.3738
3	V	R	-0.2825	2.4218	-16.4580	-0.4384
3	V	S	-0.2023	2.4218	-16.4580	-0.3334
3	V	T	-0.0499	2.4218	-3.1701	-0.2226
3	V	W	-0.2163	2.4218	-16.4580	-0.3518
3	V	Y	-0.1463	2.4218	-2.1702	-0.3556
4	T	A	-0.1831	1.2533	-17.4578	-0.1608
4	T	C	-0.2189	1.2533	-17.4578	-0.2077
4	T	D	-0.2986	1.2533	-17.4578	-0.3121
4	T	E	-0.2740	1.2533	-17.4578	-0.2798
4	T	F	-0.2903	1.2533	-17.4578	-0.3012
4	T	G	-0.2566	1.2533	-17.4578	-0.2570
4	T	H	-0.2706	1.2533	-17.4578	-0.2754
4	T	I	-0.2090	1.2533	-17.4578	-0.1947
4	T	K	-0.2662	1.2533	-17.4578	-0.2696
4	T	L	-0.2609	1.2533	-17.4578	-0.2627
4	T	M	-0.2278	1.2533	-17.4578	-0.2194
4	T	N	-0.2387	1.2533	-17.4578	-0.2336
4	T	P	-0.3474	1.2533	-17.4578	-0.3759
4	T	Q	-0.2482	1.2533	-17.4578	-0.2460
4	T	R	-0.2690	1.2533	-17.4578	-0.2733
4	T	S	-0.0607	1.2533	-0.5851	-0.1133
4	T	V	-0.1206	1.2533	-2.5851	-0.1784
4	T	W	-0.2832	1.2533	-17.4578	-0.2919
4	T	Y	-0.2918	1.2533	-17.4578	-0.3031
5	L	A	-0.3177	0.8491	-17.6098	-0.2874
5	L	C	-0.3070	0.8491	-17.6098	-0.2733
5	L	D	-0.4393	0.8491	-17.6098	-0.4465
5	L	E	-0.4073	0.8491	-17.6098	-0.4047
5	L	F	-0.2512	0.8491	-17.6098	-0.2003
5	L	G	-0.3926	0.8491	-17.6098	-0.3854
5	L	H	-0.3601	0.8491	-17.6098	-0.3429
5	L	I	-0.1919	0.8491	-17.6098	-0.1226
5	L	K	-0.3385	0.8491	-4.3219	-0.4034
5	L	M	-0.2152	0.8491	-17.6098	-0.1531
5	L	N	-0.3856	0.8491	-17.6098	-0.3762
5	L	P	-0.4012	0.8491	-17.6098	-0.3966
5	L	Q	-0.3385	0.8491	-17.6098	-0.3146
5	L	R	-0.3979	0.8491	-17.6098	-0.3924
5	L	S	-0.3481	0.8491	-17.6098	-0.3272
5	L	T	-0.3209	0.8491	-17.6098	-0.2915
5	L	V	-0.1603	0.8491	-4.3219	-0.1701
5	L	W	-0.2826	0.8491	-4.3219	-0.3301
5	L	Y	-0.3433	0.8491	-17.6098	-0.3208
6	G	A	-0.3603	0.0017	-17.6802	-0.2405
6	G	C	-0.4200	0.0017	-17.6802	-0.3187
6	G	D	-0.4205	0.0017	-17.6802	-0.3194
6	G	E	-0.4198	0.0017	-17.6802	-0.3185
6	G	F	-0.4581	0.0017	-17.6802	-0.3686
6	G	H	-0.4328	0.0017	-17.6802	-0.3355
6	G	I	-0.5038	0.0017	-17.6802	-0.4284
6	G	K	-0.4528	0.0017	-17.6802	-0.3616
6	G	L	-0.4720	0.0017	-17.6802	-0.3868
6	G	M	-0.4102	0.0017	-17.6802	-0.3059
6	G	N	-0.4208	0.0017	-17.6802	-0.3198
6	G	P	-0.5179	0.0017	-17.6802	-0.4469
6	G	Q	-0.4237	0.0017	-17.6802	-0.3236
6	G	R	-0.4368	0.0017	-17.6802	-0.3407
6	G	S	-0.3661	0.0017	-17.6802	-0.2482
6	G	T	-0.4431	0.0017	-17.6802	-0.3489
6	G	V	-0.4470	0.0017	-17.6802	-0.3541
6	G	W	-0.4579	0.0017	-17.6802	-0.3683
6	G	Y	-0.4585	0.0017	-17.6802	-0.3691
7	P	A	-0.2134	0.9896	-17.6802	-0.1672
7	P	C	-0.2461	0.9896	-17.6802	-0.2100
7	P	D	-0.2719	0.9896	-17.6802	-0.2439
7	P	E	-0.2558	0.9896	-17.6802	-0.2227
7	P	F	-0.2745	0.9896	-17.6802	-0.2472
7	P	G	-0.2277	0.9896	-17.6802	-0.1860
7	P	H	-0.2521	0.9896	-17.6802	-0.2179
7	P	I	-0.2575	0.9896	-17.6802	-0.2250
7	P	K	-0.2474	0.9896	-17.6802	-0.2118
7	P	L	-0.1892	0.9896	-3.3924	-0.2310
7	P	M	-0.2131	0.9896	-17.6802	-0.1668
7	P	N	-0.2401	0.9896	-17.6802	-0.2022
7	P	Q	-0.2418	0.9896	-17.6802	-0.2044
7	P	R	-0.2832	0.9896	-17.6802	-0.2586
7	P	S	-0.1453	0.9896	-4.3923	-0.1668
7	P	T	-0.2252	0.9896	-17.6802	-0.1827
7	P	V	-0.1451	0.9896	-4.3923	-0.1666
7	P	W	-0.2870	0.9896	-17.6802	-0.2636
7	P	Y	-0.2755	0.9896	-17.6802	-0.2485
8	G	A	-0.1153	1.8194	-2.4595	-0.2405
8	G	C	-0.2531	1.8194	-17.7473	-0.3187
8	G	D	-0.1858	1.8194	-4.4594	-0.3194
8	G	E	-0.1800	1.8194	-3.4595	-0.3185
8	G	F	-0.2912	1.8194	-17.7473	-0.3686
8	G	H	-0.2659	1.8194	-17.7473	-0.3355
8	G	I	-0.2691	1.8194	-4.4594	-0.4284
8	G	K	-0.2858	1.8194	-17.7473	-0.3616
8	G	L	-0.3051	1.8194	-17.7473	-0.3868
8	G	M	-0.2433	1.8194	-17.7473	-0.3059
8	G	N	-0.2539	1.8194	-17.7473	-0.3198
8	G	P	-0.3510	1.8194	-17.7473	-0.4469
8	G	Q	-0.2568	1.8194	-17.7473	-0.3236
8	G	R	-0.2699	1.8194	-17.7473	-0.3407
8	G	S	-0.1992	1.8194	-17.7473	-0.2482
8	G	T	-0.2083	1.8194	-4.4594	-0.3489
8	G	V	-0.2801	1.8194	-17.7473	-0.3541
8	G	W	-0.2910	1.8194	-17.7473	-0.3683
8	G	Y	-0.2916	1.8194	-17.7473	-0.3691
9	P	A	-0.1959	1.1833	-17.7473	-0.1672
9	P	C	-0.2286	1.1833	-17.7473	-0.2100
9	P	D	-0.2545	1.1833	-17.7473	-0.2439
9	P	E	-0.2383	1.1833	-17.7473	-0.2227
9	P	F	-0.2570	1.1833	-17.7473	-0.2472
9	P	G	-0.2102	1.1833	-17.7473	-0.1860
9	P	H	-0.2346	1.1833	-17.7473	-0.2179
9	P	I	-0.2400	1.1833	-17.7473	-0.2250
9	P	K	-0.2299	1.1833	-17.7473	-0.2118
9	P	L	-0.1615	1.1833	-1.4595	-0.2310
9	P	M	-0.1956	1.1833	-17.7473	-0.1668
9	P	N	-0.2226	1.1833	-17.7473	-0.2022
9	P	Q	-0.2243	1.1833	-17.7473	-0.2044
9	P	R	-0.2657	1.1833	-17.7473	-0.2586
9	P	S	-0.1278	1.1833	-4.4594	-0.1668
9	P	T	-0.2077	1.1833	-17.7473	-0.1827
9	P	V	-0.1954	1.1833	-17.7473	-0.1666
9	P	W	-0.2695	1.1833	-17.7473	-0.2636
9	P	Y	-0.2580	1.1833	-17.7473	-0.2485
10	D	A	-0.1094	1.6150	-4.4594	-0.1947
10	D	C	-0.2186	1.6150	-17.7473	-0.2490
10	D	E	-0.0492	1.6150	-3.4595	-0.1226
10	D	F	-0.2773	1.6150	-17.7473	-0.3258
10	D	G	-0.1883	1.6150	-17.7473	-0.2093
10	D	H	-0.1865	1.6150	-17.7473	-0.2069
10	D	I	-0.2695	1.6150	-17.7473	-0.3156
10	D	K	-0.2479	1.6150	-17.7473	-0.2873
10	D	L	-0.1954	1.6150	-4.4594	-0.3073
10	D	M	-0.2019	1.6150	-17.7473	-0.2271
10	D	N	-0.0761	1.6150	-4.4594	-0.1511
10	D	P	-0.3141	1.6150	-17.7473	-0.3740
10	D	Q	-0.2041	1.6150	-17.7473	-0.2300
10	D	R	-0.2789	1.6150	-17.7473	-0.3279
10	D	S	-0.1836	1.6150	-17.7473	-0.2031
10	D	T	-0.1407	1.6150	-3.4595	-0.2424
10	D	V	-0.2242	1.6150	-17.7473	-0.2563
10	D	W	-0.2578	1.6150	-17.7473	-0.3002
10	D	Y	-0.2222	1.6150	-17.7473	-0.2536
11	C	A	-0.3470	1.3329	-17.7473	-0.3830
11	C	D	-0.4542	1.3329	-17.7473	-0.5234
11	C	E	-0.4418	1.3329	-17.7473	-0.5072
11	C	F	-0.2599	1.3329	-1.8746	-0.3751
11	C	G	-0.3394	1.3329	-17.7473	-0.3731
11	C	H	-0.4527	1.3329	-17.7473	-0.5214
11	C	I	-0.3708	1.3329	-17.7473	-0.4142
11	C	K	-0.4424	1.3329	-17.7473	-0.5080
11	C	L	-0.4039	1.3329	-17.7473	-0.4575
11	C	M	-0.3711	1.3329	-17.7473	-0.4146
11	C	N	-0.3966	1.3329	-17.7473	-0.4480
11	C	P	-0.4653	1.3329	-17.7473	-0.5379
11	C	Q	-0.4206	1.3329	-17.7473	-0.4794
11	C	R	-0.3992	1.3329	-17.7473	-0.4514
11	C	S	-0.2699	1.3329	-4.4594	-0.3709
11	C	T	-0.3724	1.3329	-17.7473	-0.4163
11	C	V	-0.3011	1.3329	-4.4594	-0.4117
11	C	W	-0.3441	1.3329	-17.7473	-0.3792
11	C	Y	-0.3502	1.3329	-17.7473	-0.3873
12	L	A	-0.2448	1.6527	-17.8114	-0.2874
12	L	C	-0.2341	1.6527	-17.8114	-0.2733
12	L	D	-0.3664	1.6527	-17.8114	-0.4465
12	L	E	-0.3344	1.6527	-17.8114	-0.4047
12	L	F	-0.1024	1.6527	-2.9387	-0.2003
12	L	G	-0.3197	1.6527	-17.8114	-0.3854
12	L	H	-0.2194	1.6527	-4.5235	-0.3429
12	L	I	-0.1190	1.6527	-17.8114	-0.1226
12	L	K	-0.3334	1.6527	-17.8114	-0.4034
12	L	M	-0.1423	1.6527	-17.8114	-0.1531
12	L	N	-0.3127	1.6527	-17.8114	-0.3762
12	L	P	-0.2604	1.6527	-4.5235	-0.3966
12	L	Q	-0.2656	1.6527	-17.8114	-0.3146
12	L	R	-0.3250	1.6527	-17.8114	-0.3924
12	L	S	-0.1972	1.6527	-2.5237	-0.3272
12	L	T	-0.2480	1.6527	-17.8114	-0.2915
12	L	V	-0.1552	1.6527	-17.8114	-0.1701
12	L	W	-0.2775	1.6527	-17.8114	-0.3301
12	L	Y	-0.2703	1.6527	-17.8114	-0.3208
13	I	A	-0.2187	2.0200	-17.9883	-0.2963
13	I	C	-0.1987	2.0200	-17.9883	-0.2701
13	I	D	-0.3428	2.0200	-17.9883	-0.4587
13	I	E	-0.3237	2.0200	-17.9883	-0.4337
13	I	F	-0.1797	2.0200	-17.9883	-0.2452
13	I	G	-0.3094	2.0200	-17.9883	-0.4150
13	I	H	-0.2297	2.0200	-2.3786	-0.4149
13	I	K	-0.3162	2.0200	-17.9883	-0.4239
13	I	L	-0.0259	2.0200	-2.7005	-0.1460
13	I	M	-0.0418	2.0200	-4.7004	-0.1534
13	I	N	-0.2559	2.0200	-17.9883	-0.3449
13	I	P	-0.3628	2.0200	-17.9883	-0.4849
13	I	Q	-0.2834	2.0200	-17.9883	-0.3810
13	I	R	-0.3430	2.0200	-17.9883	-0.4590
13	I	S	-0.2593	2.0200	-17.9883	-0.3494
13	I	T	-0.1083	2.0200	-4.7004	-0.2405
13	I	V	0.0089	2.0200	-3.7005	-0.0938
13	I	W	-0.2686	2.0200	-17.9883	-0.3616
13	I	Y	-0.2775	2.0200	-17.9883	-0.3732
14	L	A	-0.2350	1.7950	-18.4577	-0.2874
14	L	C	-0.1433	1.7950	-2.5850	-0.2733
14	L	D	-0.3566	1.7950	-18.4577	-0.4465
14	L	E	-0.3246	1.7950	-18.4577	-0.4047
14	L	F	-0.1685	1.7950	-18.4577	-0.2003
14	L	G	-0.3099	1.7950	-18.4577	-0.3854
14	L	H	-0.2774	1.7950	-18.4577	-0.3429
14	L	I	-0.1092	1.7950	-18.4577	-0.1226
14	L	K	-0.3236	1.7950	-18.4577	-0.4034
14	L	M	-0.0485	1.7950	-2.0001	-0.1531
14	L	N	-0.3029	1.7950	-18.4577	-0.3762
14	L	P	-0.3184	1.7950	-18.4577	-0.3966
14	L	Q	-0.2558	1.7950	-18.4577	-0.3146
14	L	R	-0.3152	1.7950	-18.4577	-0.3924
14	L	S	-0.2654	1.7950	-18.4577	-0.3272
14	L	T	-0.2382	1.7950	-18.4577	-0.2915
14	L	V	-0.0674	1.7950	-3.1700	-0.1701
14	L	W	-0.2677	1.7950	-18.4577	-0.3301
14	L	Y	-0.2605	1.7950	-18.4577	-0.3208
15	E	A	-0.0520	1.9729	-5.1699	-0.1580
15	E	C	-0.1892	1.9729	-18.4577	-0.2488
15	E	D	-0.0024	1.9729	-2.1700	-0.1131
15	E	F	-0.1668	1.9729	-18.4577	-0.2195
15	E	G	-0.0646	1.9729	-2.5850	-0.1917
15	E	H	-0.1581	1.9729	-18.4577	-0.2081
15	E	I	-0.1721	1.9729	-18.4577	-0.2265
15	E	K	-0.0622	1.9729	-2.8480	-0.1868
15	E	L	-0.1743	1.9729	-18.4577	-0.2293
15	E	M	-0.1231	1.9729	-18.4577	-0.1623
15	E	N	-0.1460	1.9729	-18.4577	-0.1923
15	E	P	-0.2768	1.9729	-18.4577	-0.3635
15	E	Q	-0.0923	1.9729	-18.4577	-0.1220
15	E	R	-0.2023	1.9729	-18.4577	-0.2660
15	E	S	-0.1333	1.9729	-18.4577	-0.1756
15	E	T	-0.1492	1.9729	-18.4577	-0.1964
15	E	V	-0.1330	1.9729	-18.4577	-0.1753
15	E	W	-0.1769	1.9729	-18.4577	-0.2327
15	E	Y	-0.1676	1.9729	-18.4577	-0.2206
16	A	C	-0.1214	2.1744	-18.4972	-0.1841
16	A	D	-0.2032	2.1744	-18.4972	-0.2911
16	A	E	-0.1888	2.1744	-18.4972	-0.2723
16	A	F	-0.1715	2.1744	-18.4972	-0.2497
16	A	G	-0.0471	2.1744	-5.2094	-0.1756
16	A	H	-0.1757	2.1744	-18.4972	-0.2551
16	A	I	-0.1611	2.1744	-18.4972	-0.2360
16	A	K	-0.1935	2.1744	-18.4972	-0.2784
16	A	L	-0.0878	2.1744	-3.2095	-0.2422
16	A	M	-0.1246	2.1744	-18.4972	-0.1882
16	A	N	-0.0955	2.1744	-3.2095	-0.2523
16	A	P	-0.1632	2.1744	-2.8876	-0.3431
16	A	Q	-0.1710	2.1744	-18.4972	-0.2490
16	A	R	-0.2041	2.1744	-18.4972	-0.2924
16	A	S	-0.0132	2.1744	-4.2095	-0.1379
16	A	T	-0.0921	2.1744	-18.4972	-0.1457
16	A	V	-0.0162	2.1744	-4.2095	-0.1418
16	A	W	-0.1825	2.1744	-18.4972	-0.2640
16	A	Y	-0.1907	2.1744	-18.4972	-0.2748
17	S	A	-0.0053	1.8816	-2.2480	-0.1054
17	S	C	-0.0579	1.8816	-2.6630	-0.1715
17	S	D	-0.1871	1.8816	-18.5357	-0.2346
17	S	E	-0.1603	1.8816	-18.5357	-0.1995
17	S	F	-0.0987	1.8816	-5.2479	-0.2076
17	S	G	-0.0298	1.8816	-5.2479	-0.1174
17	S	H	-0.1677	1.8816	-18.5357	-0.2092
17	S	I	-0.1696	1.8816	-18.5357	-0.2117
17	S	K	-0.1771	1.8816	-18.5357	-0.2214
17	S	L	-0.1659	1.8816	-18.5357	-0.2068
17	S	M	-0.1370	1.8816	-18.5357	-0.1689
17	S	N	-0.1108	1.8816	-18.5357	-0.1346
17	S	P	-0.2419	1.8816	-18.5357	-0.3063
17	S	Q	-0.1304	1.8816	-18.5357	-0.1603
17	S	R	-0.1823	1.8816	-18.5357	-0.2283
17	S	T	-0.0062	1.8816	-4.2479	-0.0932
17	S	V	-0.1439	1.8816	-18.5357	-0.1780
17	S	W	-0.1762	1.8816	-18.5357	-0.2203
17	S	Y	-0.1713	1.8816	-18.5357	-0.2139
18	R	A	-0.2750	1.2584	-18.4972	-0.2748
18	R	C	-0.2838	1.2584	-18.4972	-0.2864
18	R	D	-0.3660	1.2584	-18.4972	-0.3940
18	R	E	-0.3113	1.2584	-18.4972	-0.3223
18	R	F	-0.3071	1.2584	-18.4972	-0.3169
18	R	G	-0.2425	1.2584	-5.2094	-0.3211
18	R	H	-0.1769	1.2584	-5.2094	-0.2352
18	R	I	-0.3044	1.2584	-18.4972	-0.3133
18	R	K	-0.1652	1.2584	-18.4972	-0.1311
18	R	L	-0.2774	1.2584	-18.4972	-0.2780
18	R	M	-0.2433	1.2584	-18.4972	-0.2333
18	R	N	-0.2899	1.2584	-18.4972	-0.2943
18	R	P	-0.4171	1.2584	-18.4972	-0.4608
18	R	Q	-0.1700	1.2584	-2.8876	-0.2417
18	R	S	-0.2077	1.2584	-5.2094	-0.2755
18	R	T	-0.2121	1.2584	-5.2094	-0.2812
18	R	V	-0.2915	1.2584	-18.4972	-0.2964
18	R	W	-0.2927	1.2584	-18.4972	-0.2980
18	R	Y	-0.2964	1.2584	-18.4972	-0.3029
19	Q	A	-0.1207	1.7398	-18.4972	-0.1308
19	Q	C	-0.1669	1.7398	-18.4972	-0.1913
19	Q	D	-0.2072	1.7398	-18.4972	-0.2441
19	Q	E	-0.0529	1.7398	-4.2095	-0.1375
19	Q	F	-0.1749	1.7398	-18.4972	-0.2018
19	Q	G	-0.1914	1.7398	-18.4972	-0.2233
19	Q	H	-0.0540	1.7398	-5.2094	-0.1322
19	Q	I	-0.0885	1.7398	-5.2094	-0.1774
19	Q	K	-0.1539	1.7398	-18.4972	-0.1742
19	Q	L	-0.1396	1.7398	-18.4972	-0.1556
19	Q	M	-0.1106	1.7398	-18.4972	-0.1176
19	Q	N	-0.1364	1.7398	-18.4972	-0.1513
19	Q	P	-0.2943	1.7398	-18.4972	-0.3581
19	Q	R	-0.0765	1.7398	-3.6245	-0.1723
19	Q	S	-0.1391	1.7398	-18.4972	-0.1549
19	Q	T	-0.0694	1.7398	-2.8876	-0.1679
19	Q	V	-0.1564	1.7398	-18.4972	-0.1775
19	Q	W	-0.1065	1.7398	-5.2094	-0.2010
19	Q	Y	-0.1772	1.7398	-18.4972	-0.2048
20	P	A	-0.0033	2.3866	-1.7005	-0.1672
20	P	C	-0.1221	2.3866	-18.5732	-0.2100
20	P	D	-0.1480	2.3866	-18.5732	-0.2439
20	P	E	-0.1318	2.3866	-18.5732	-0.2227
20	P	F	-0.1505	2.3866	-18.5732	-0.2472
20	P	G	-0.1037	2.3866	-18.5732	-0.1860
20	P	H	-0.1281	2.3866	-18.5732	-0.2179
20	P	I	-0.1335	2.3866	-18.5732	-0.2250
20	P	K	-0.1234	2.3866	-18.5732	-0.2118
20	P	L	-0.0601	2.3866	-3.2854	-0.2310
20	P	M	-0.0891	2.3866	-18.5732	-0.1668
20	P	N	-0.1161	2.3866	-18.5732	-0.2022
20	P	Q	-0.0419	2.3866	-3.7005	-0.2044
20	P	R	-0.0863	2.3866	-4.2854	-0.2586
20	P	S	-0.0213	2.3866	-5.2853	-0.1668
20	P	T	-0.0283	2.3866	-4.2854	-0.1827
20	P	V	-0.0211	2.3866	-5.2853	-0.1666
20	P	W	-0.1630	2.3866	-18.5732	-0.2636
20	P	Y	-0.1515	2.3866	-18.5732	-0.2485
21	Q	A	-0.1011	1.9572	-18.5732	-0.1308
21	Q	C	-0.1473	1.9572	-18.5732	-0.1913
21	Q	D	-0.1876	1.9572	-18.5732	-0.2441
21	Q	E	-0.1062	1.9572	-18.5732	-0.1375
21	Q	F	-0.1553	1.9572	-18.5732	-0.2018
21	Q	G	-0.1717	1.9572	-18.5732	-0.2233
21	Q	H	-0.1021	1.9572	-18.5732	-0.1322
21	Q	I	-0.0689	1.9572	-5.2853	-0.1774
21	Q	K	-0.1342	1.9572	-18.5732	-0.1742
21	Q	L	-0.1200	1.9572	-18.5732	-0.1556
21	Q	M	-0.0910	1.9572	-18.5732	-0.1176
21	Q	N	-0.1167	1.9572	-18.5732	-0.1513
21	Q	P	-0.2747	1.9572	-18.5732	-0.3581
21	Q	R	-0.0480	1.9572	-1.9635	-0.1723
21	Q	S	-0.1195	1.9572	-18.5732	-0.1549
21	Q	T	-0.1294	1.9572	-18.5732	-0.1679
21	Q	V	-0.0571	1.9572	-2.9635	-0.1775
21	Q	W	-0.0660	1.9572	-1.1980	-0.2010
21	Q	Y	-0.1576	1.9572	-18.5732	-0.2048
22	L	A	-0.2771	1.3396	-18.4972	-0.2874
22	L	C	-0.2664	1.3396	-18.4972	-0.2733
22	L	D	-0.3987	1.3396	-18.4972	-0.4465
22	L	E	-0.3667	1.3396	-18.4972	-0.4047
22	L	F	-0.2106	1.3396	-18.4972	-0.2003
22	L	G	-0.3520	1.3396	-18.4972	-0.3854
22	L	H	-0.3195	1.3396	-18.4972	-0.3429
22	L	I	-0.0835	1.3396	-5.2094	-0.1226
22	L	K	-0.3657	1.3396	-18.4972	-0.4034
22	L	M	-0.1746	1.3396	-18.4972	-0.1531
22	L	N	-0.3450	1.3396	-18.4972	-0.3762
22	L	P	-0.3606	1.3396	-18.4972	-0.3966
22	L	Q	-0.2979	1.3396	-18.4972	-0.3146
22	L	R	-0.3573	1.3396	-18.4972	-0.3924
22	L	S	-0.2265	1.3396	-2.6245	-0.3272
22	L	T	-0.2803	1.3396	-18.4972	-0.2915
22	L	V	-0.1079	1.3396	-2.8876	-0.1701
22	L	W	-0.3098	1.3396	-18.4972	-0.3301
22	L	Y	-0.3027	1.3396	-18.4972	-0.3208
23	V	A	-0.0907	1.8888	-5.2853	-0.1977
23	V	C	-0.1864	1.8888	-18.5732	-0.2342
23	V	D	-0.2573	1.8888	-5.2853	-0.4158
23	V	E	-0.2146	1.8888	-5.2853	-0.3599
23	V	F	-0.2356	1.8888	-18.5732	-0.2987
23	V	G	-0.2843	1.8888	-18.5732	-0.3624
23	V	H	-0.3280	1.8888	-18.5732	-0.4197
23	V	I	-0.0940	1.8888	-18.5732	-0.1133
23	V	K	-0.3213	1.8888	-18.5732	-0.4109
23	V	L	-0.0736	1.8888	-1.8260	-0.1985
23	V	M	-0.1004	1.8888	-5.2853	-0.2104
23	V	N	-0.3129	1.8888	-18.5732	-0.3999
23	V	P	-0.3628	1.8888	-18.5732	-0.4652
23	V	Q	-0.2930	1.8888	-18.5732	-0.3738
23	V	R	-0.3423	1.8888	-18.5732	-0.4384
23	V	S	-0.1841	1.8888	-3.2854	-0.3334
23	V	T	-0.1775	1.8888	-18.5732	-0.2226
23	V	W	-0.2762	1.8888	-18.5732	-0.3518
23	V	Y	-0.2791	1.8888	-18.5732	-0.3556
24	P	A	-0.0645	1.8381	-3.8074	-0.1672
24	P	C	-0.1731	1.8381	-18.6801	-0.2100
24	P	D	-0.1990	1.8381	-18.6801	-0.2439
24	P	E	-0.1828	1.8381	-18.6801	-0.2227
24	P	F	-0.2015	1.8381	-18.6801	-0.2472
24	P	G	-0.0869	1.8381	-5.3922	-0.1860
24	P	H	-0.1791	1.8381	-18.6801	-0.2179
24	P	I	-0.1167	1.8381	-5.3922	-0.2250
24	P	K	-0.1745	1.8381	-18.6801	-0.2118
24	P	L	-0.1891	1.8381	-18.6801	-0.2310
24	P	M	-0.1401	1.8381	-18.6801	-0.1668
24	P	N	-0.0993	1.8381	-5.3922	-0.2022
24	P	Q	-0.1688	1.8381	-18.6801	-0.2044
24	P	R	-0.2102	1.8381	-18.6801	-0.2586
24	P	S	-0.0514	1.8381	-1.3049	-0.1668
24	P	T	-0.0844	1.8381	-5.3922	-0.1827
24	P	V	-0.1399	1.8381	-18.6801	-0.1666
24	P	W	-0.2140	1.8381	-18.6801	-0.2636
24	P	Y	-0.2025	1.8381	-18.6801	-0.2485
25	K	A	-0.1297	1.9194	-19.0691	-0.1604
25	K	C	-0.1999	1.9194	-19.0691	-0.2523
25	K	D	-0.2387	1.9194	-19.0691	-0.3031
25	K	E	-0.0787	1.9194	-4.1964	-0.1930
25	K	F	-0.2008	1.9194	-19.0691	-0.2535
25	K	G	-0.1889	1.9194	-19.0691	-0.2379
25	K	H	-0.0720	1.9194	-5.7813	-0.1736
25	K	I	-0.1680	1.9194	-19.0691	-0.2106
25	K	L	-0.0909	1.9194	-4.1964	-0.2089
25	K	M	-0.1398	1.9194	-19.0691	-0.1736
25	K	N	-0.0802	1.9194	-5.7813	-0.1843
25	K	P	-0.3040	1.9194	-19.0691	-0.3886
25	K	Q	-0.0395	1.9194	-1.5335	-0.1594
25	K	R	0.0045	1.9194	-5.7813	-0.0735
25	K	S	-0.1399	1.9194	-19.0691	-0.1737
25	K	T	-0.0839	1.9194	-5.7813	-0.1892
25	K	V	-0.1519	1.9194	-19.0691	-0.1895
25	K	W	-0.2098	1.9194	-19.0691	-0.2653
25	K	Y	-0.1857	1.9194	-19.0691	-0.2337
26	P	A	-0.2907	0.2260	-19.0691	-0.1672
26	P	C	-0.3234	0.2260	-19.0691	-0.2100
26	P	D	-0.3493	0.2260	-19.0691	-0.2439
26	P	E	-0.3331	0.2260	-19.0691	-0.2227
26	P	F	-0.3518	0.2260	-19.0691	-0.2472
26	P	G	-0.3051	0.2260	-19.0691	-0.1860
26	P	H	-0.3294	0.2260	-19.0691	-0.2179
26	P	I	-0.3349	0.2260	-19.0691	-0.2250
26	P	K	-0.3248	0.2260	-19.0691	-0.2118
26	P	L	-0.3394	0.2260	-19.0691	-0.2310
26	P	M	-0.2904	0.2260	-19.0691	-0.1668
26	P	N	-0.3174	0.2260	-19.0691	-0.2022
26	P	Q	-0.3191	0.2260	-19.0691	-0.2044
26	P	R	-0.3605	0.2260	-19.0691	-0.2586
26	P	S	-0.2175	0.2260	-4.7813	-0.1668
26	P	T	-0.3025	0.2260	-19.0691	-0.1827
26	P	V	-0.2903	0.2260	-19.0691	-0.1666
26	P	W	-0.3643	0.2260	-19.0691	-0.2636
26	P	Y	-0.3528	0.2260	-19.0691	-0.2485
27	E	A	-0.0657	1.7803	-4.3692	-0.1580
27	E	C	-0.2109	1.7803	-19.2420	-0.2488
27	E	D	-0.1073	1.7803	-19.2420	-0.1131
27	E	F	-0.1885	1.7803	-19.2420	-0.2195
27	E	G	-0.1673	1.7803	-19.2420	-0.1917
27	E	H	-0.1798	1.7803	-19.2420	-0.2081
27	E	I	-0.1159	1.7803	-3.9542	-0.2265
27	E	K	-0.0957	1.7803	-5.9541	-0.1868
27	E	L	-0.1282	1.7803	-5.9541	-0.2293
27	E	M	-0.0770	1.7803	-5.9541	-0.1623
27	E	N	-0.1678	1.7803	-19.2420	-0.1923
27	E	P	-0.2985	1.7803	-19.2420	-0.3635
27	E	Q	-0.0462	1.7803	-5.9541	-0.1220
27	E	R	-0.2240	1.7803	-19.2420	-0.2660
27	E	S	-0.1550	1.7803	-19.2420	-0.1756
27	E	T	-0.1709	1.7803	-19.2420	-0.1964
27	E	V	-0.0675	1.7803	-2.1469	-0.1753
27	E	W	-0.1986	1.7803	-19.2420	-0.2327
27	E	Y	-0.1894	1.7803	-19.2420	-0.2206
28	R	A	-0.1392	1.9839	-4.9773	-0.2748
28	R	C	-0.2210	1.9839	-19.2650	-0.2864
28	R	D	-0.3032	1.9839	-19.2650	-0.3940
28	R	E	-0.1645	1.9839	-2.8074	-0.3223
28	R	F	-0.2443	1.9839	-19.2650	-0.3169
28	R	G	-0.1538	1.9839	-0.8899	-0.3211
28	R	H	-0.1819	1.9839	-19.2650	-0.2352
28	R	I	-0.2416	1.9839	-19.2650	-0.3133
28	R	K	-0.0346	1.9839	-5.9772	-0.1311
28	R	L	-0.1468	1.9839	-5.9772	-0.2780
28	R	M	-0.1805	1.9839	-19.2650	-0.2333
28	R	N	-0.1592	1.9839	-5.9772	-0.2943
28	R	P	-0.3542	1.9839	-19.2650	-0.4608
28	R	Q	-0.1191	1.9839	-5.9772	-0.2417
28	R	S	-0.2127	1.9839	-19.2650	-0.2755
28	R	T	-0.1492	1.9839	-5.9772	-0.2812
28	R	V	-0.2287	1.9839	-19.2650	-0.2964
28	R	W	-0.2299	1.9839	-19.2650	-0.2980
28	R	Y	-0.2336	1.9839	-19.2650	-0.3029
29	M	A	-0.3138	0.8592	-20.5069	-0.2641
29	M	C	-0.3193	0.8592	-20.5069	-0.2713
29	M	D	-0.4252	0.8592	-20.5069	-0.4100
29	M	E	-0.4155	0.8592	-20.5069	-0.3972
29	M	F	-0.3188	0.8592	-20.5069	-0.2707
29	M	G	-0.3947	0.8592	-20.5069	-0.3700
29	M	H	-0.3721	0.8592	-20.5069	-0.3404
29	M	I	-0.1463	0.8592	-3.8972	-0.1558
29	M	K	-0.3764	0.8592	-20.5069	-0.3460
29	M	L	-0.1252	0.8592	-6.2191	-0.1126
29	M	N	-0.3669	0.8592	-20.5069	-0.3336
29	M	P	-0.4169	0.8592	-7.2190	-0.4879
29	M	Q	-0.3589	0.8592	-20.5069	-0.3232
29	M	R	-0.3358	0.8592	-7.2190	-0.3817
29	M	S	-0.2774	0.8592	-7.2190	-0.3052
29	M	T	-0.2171	0.8592	-7.2190	-0.2263
29	M	V	-0.1851	0.8592	-5.2192	-0.1978
29	M	W	-0.3816	0.8592	-20.5069	-0.3529
29	M	Y	-0.3612	0.8592	-20.5069	-0.3261
30	A	C	-0.2366	1.0338	-20.5069	-0.1841
30	A	D	-0.3184	1.0338	-20.5069	-0.2911
30	A	E	-0.3040	1.0338	-20.5069	-0.2723
30	A	F	-0.2189	1.0338	-7.2190	-0.2497
30	A	G	-0.1572	1.0338	-6.2191	-0.1756
30	A	H	-0.2909	1.0338	-20.5069	-0.2551
30	A	I	-0.2763	1.0338	-20.5069	-0.2360
30	A	K	-0.3087	1.0338	-20.5069	-0.2784
30	A	L	-0.2132	1.0338	-7.2190	-0.2422
30	A	M	-0.2398	1.0338	-20.5069	-0.1882
30	A	N	-0.2887	1.0338	-20.5069	-0.2523
30	A	P	-0.3581	1.0338	-20.5069	-0.3431
30	A	Q	-0.2862	1.0338	-20.5069	-0.2490
30	A	R	-0.3194	1.0338	-20.5069	-0.2924
30	A	S	-0.1182	1.0338	-4.2192	-0.1379
30	A	T	-0.1206	1.0338	-3.5187	-0.1457
30	A	V	-0.1314	1.0338	-6.2191	-0.1418
30	A	W	-0.2977	1.0338	-20.5069	-0.2640
30	A	Y	-0.3059	1.0338	-20.5069	-0.2748
31	S	A	-0.1313	0.7345	-6.2573	-0.1054
31	S	C	-0.2547	0.7345	-20.5451	-0.1715
31	S	D	-0.3029	0.7345	-20.5451	-0.2346
31	S	E	-0.2761	0.7345	-20.5451	-0.1995
31	S	F	-0.2043	0.7345	-5.2574	-0.2076
31	S	G	-0.2134	0.7345	-20.5451	-0.1174
31	S	H	-0.2835	0.7345	-20.5451	-0.2092
31	S	I	-0.2855	0.7345	-20.5451	-0.2117
31	S	K	-0.2251	0.7345	-7.2573	-0.2214
31	S	L	-0.2021	0.7345	-4.9354	-0.2068
31	S	M	-0.2528	0.7345	-20.5451	-0.1689
31	S	N	-0.2266	0.7345	-20.5451	-0.1346
31	S	P	-0.3577	0.7345	-20.5451	-0.3063
31	S	Q	-0.2462	0.7345	-20.5451	-0.1603
31	S	R	-0.2252	0.7345	-6.2573	-0.2283
31	S	T	-0.1220	0.7345	-6.2573	-0.0932
31	S	V	-0.2597	0.7345	-20.5451	-0.1780
31	S	W	-0.2920	0.7345	-20.5451	-0.2203
31	S	Y	-0.2871	0.7345	-20.5451	-0.2139
32	D	A	-0.0540	2.2849	-5.6818	-0.1947
32	D	C	-0.1713	2.2849	-20.5545	-0.2490
32	D	E	0.0196	2.2849	-2.0573	-0.1226
32	D	F	-0.2300	2.2849	-20.5545	-0.3258
32	D	G	-0.0681	2.2849	-6.2667	-0.2093
32	D	H	-0.1392	2.2849	-20.5545	-0.2069
32	D	I	-0.2222	2.2849	-20.5545	-0.3156
32	D	K	-0.1328	2.2849	-7.2667	-0.2873
32	D	L	-0.2159	2.2849	-20.5545	-0.3073
32	D	M	-0.1546	2.2849	-20.5545	-0.2271
32	D	N	-0.0018	2.2849	-1.9814	-0.1511
32	D	P	-0.2668	2.2849	-20.5545	-0.3740
32	D	Q	-0.0758	2.2849	-4.6818	-0.2300
32	D	R	-0.2316	2.2849	-20.5545	-0.3279
32	D	S	-0.0685	2.2849	-7.2667	-0.2031
32	D	T	-0.0985	2.2849	-7.2667	-0.2424
32	D	V	-0.0972	2.2849	-4.9448	-0.2563
32	D	W	-0.2104	2.2849	-20.5545	-0.3002
32	D	Y	-0.1019	2.2849	-6.2667	-0.2536
33	G	A	-0.1746	1.2654	-4.0780	-0.2405
33	G	C	-0.3183	1.2654	-20.5357	-0.3187
33	G	D	-0.2510	1.2654	-7.2478	-0.3194
33	G	E	-0.2422	1.2654	-5.6629	-0.3185
33	G	F	-0.3564	1.2654	-20.5357	-0.3686
33	G	H	-0.3311	1.2654	-20.5357	-0.3355
33	G	I	-0.3343	1.2654	-7.2478	-0.4284
33	G	K	-0.2832	1.2654	-7.2478	-0.3616
33	G	L	-0.3703	1.2654	-20.5357	-0.3868
33	G	M	-0.3085	1.2654	-20.5357	-0.3059
33	G	N	-0.2462	1.2654	-6.2479	-0.3198
33	G	P	-0.4162	1.2654	-20.5357	-0.4469
33	G	Q	-0.2542	1.2654	-7.2478	-0.3236
33	G	R	-0.2511	1.2654	-4.0780	-0.3407
33	G	S	-0.1966	1.2654	-7.2478	-0.2482
33	G	T	-0.2735	1.2654	-7.2478	-0.3489
33	G	V	-0.2775	1.2654	-7.2478	-0.3541
33	G	W	-0.3562	1.2654	-20.5357	-0.3683
33	G	Y	-0.3568	1.2654	-20.5357	-0.3691
34	A	C	-0.2577	0.8194	-20.7796	-0.1841
34	A	D	-0.3395	0.8194	-20.7796	-0.2911
34	A	E	-0.3251	0.8194	-20.7796	-0.2723
34	A	F	-0.3079	0.8194	-20.7796	-0.2497
34	A	G	-0.1834	0.8194	-7.4917	-0.1756
34	A	H	-0.3120	0.8194	-20.7796	-0.2551
34	A	I	-0.2974	0.8194	-20.7796	-0.2360
34	A	K	-0.3298	0.8194	-20.7796	-0.2784
34	A	L	-0.2292	0.8194	-6.4918	-0.2422
34	A	M	-0.2609	0.8194	-20.7796	-0.1882
34	A	N	-0.3098	0.8194	-20.7796	-0.2523
34	A	P	-0.3792	0.8194	-20.7796	-0.3431
34	A	Q	-0.3073	0.8194	-20.7796	-0.2490
34	A	R	-0.3405	0.8194	-20.7796	-0.2924
34	A	S	-0.1370	0.8194	-4.0324	-0.1379
34	A	T	-0.1437	0.8194	-4.1699	-0.1457
34	A	V	-0.1576	0.8194	-7.4917	-0.1418
34	A	W	-0.3188	0.8194	-20.7796	-0.2640
34	A	Y	-0.3270	0.8194	-20.7796	-0.2748
35	S	A	-0.0454	1.7382	-7.5077	-0.1054
35	S	C	-0.0805	1.7382	-4.5078	-0.1715
35	S	D	-0.2119	1.7382	-20.7955	-0.2346
35	S	E	-0.1172	1.7382	-7.5077	-0.1995
35	S	F	-0.1116	1.7382	-5.1859	-0.2076
35	S	G	-0.1223	1.7382	-20.7955	-0.1174
35	S	H	-0.1925	1.7382	-20.7955	-0.2092
35	S	I	-0.1944	1.7382	-20.7955	-0.2117
35	S	K	-0.2018	1.7382	-20.7955	-0.2214
35	S	L	-0.1906	1.7382	-20.7955	-0.2068
35	S	M	-0.1617	1.7382	-20.7955	-0.1689
35	S	N	-0.1355	1.7382	-20.7955	-0.1346
35	S	P	-0.1856	1.7382	-4.9228	-0.3063
35	S	Q	-0.1551	1.7382	-20.7955	-0.1603
35	S	R	-0.1341	1.7382	-6.5077	-0.2283
35	S	T	-0.0172	1.7382	-3.8074	-0.0932
35	S	V	-0.1686	1.7382	-20.7955	-0.1780
35	S	W	-0.2009	1.7382	-20.7955	-0.2203
35	S	Y	-0.1040	1.7382	-2.7529	-0.2139
36	A	C	-0.2110	1.3279	-20.7955	-0.1841
36	A	D	-0.2928	1.3279	-20.7955	-0.2911
36	A	E	-0.2784	1.3279	-20.7955	-0.2723
36	A	F	-0.2611	1.3279	-20.7955	-0.2497
36	A	G	-0.2045	1.3279	-20.7955	-0.1756
36	A	H	-0.2653	1.3279	-20.7955	-0.2551
36	A	I	-0.2507	1.3279	-20.7955	-0.2360
36	A	K	-0.2831	1.3279	-20.7955	-0.2784
36	A	L	-0.1700	1.3279	-4.0484	-0.2422
36	A	M	-0.2142	1.3279	-20.7955	-0.1882
36	A	N	-0.2631	1.3279	-20.7955	-0.2523
36	A	P	-0.2291	1.3279	-0.5420	-0.3431
36	A	Q	-0.2606	1.3279	-20.7955	-0.2490
36	A	R	-0.2938	1.3279	-20.7955	-0.2924
36	A	S	-0.0896	1.3279	-3.9228	-0.1379
36	A	T	-0.1817	1.3279	-20.7955	-0.1457
36	A	V	-0.1787	1.3279	-20.7955	-0.1418
36	A	W	-0.2721	1.3279	-20.7955	-0.2640
36	A	Y	-0.2803	1.3279	-20.7955	-0.2748
37	L	A	-0.1885	1.5348	-4.6439	-0.2874
37	L	C	-0.2599	1.5348	-20.7389	-0.2733
37	L	D	-0.3921	1.5348	-20.7389	-0.4465
37	L	E	-0.2873	1.5348	-6.4512	-0.4047
37	L	F	-0.1363	1.5348	-7.4511	-0.2003
37	L	G	-0.3455	1.5348	-20.7389	-0.3854
37	L	H	-0.3130	1.5348	-20.7389	-0.3429
37	L	I	-0.1447	1.5348	-20.7389	-0.1226
37	L	K	-0.3592	1.5348	-20.7389	-0.4034
37	L	M	-0.0900	1.5348	-5.4512	-0.1531
37	L	N	-0.3384	1.5348	-20.7389	-0.3762
37	L	P	-0.3540	1.5348	-20.7389	-0.3966
37	L	Q	-0.2914	1.5348	-20.7389	-0.3146
37	L	R	-0.3508	1.5348	-20.7389	-0.3924
37	L	S	-0.3010	1.5348	-20.7389	-0.3272
37	L	T	-0.2738	1.5348	-20.7389	-0.2915
37	L	V	-0.0810	1.5348	-1.1474	-0.1701
37	L	W	-0.3032	1.5348	-20.7389	-0.3301
37	L	Y	-0.2232	1.5348	-6.4512	-0.3208
38	P	A	-0.1175	1.4603	-7.3749	-0.1672
38	P	C	-0.2180	1.4603	-20.6628	-0.2100
38	P	D	-0.2439	1.4603	-20.6628	-0.2439
38	P	E	-0.2277	1.4603	-20.6628	-0.2227
38	P	F	-0.2464	1.4603	-20.6628	-0.2472
38	P	G	-0.1318	1.4603	-7.3749	-0.1860
38	P	H	-0.2240	1.4603	-20.6628	-0.2179
38	P	I	-0.2294	1.4603	-20.6628	-0.2250
38	P	K	-0.2193	1.4603	-20.6628	-0.2118
38	P	L	-0.1324	1.4603	-0.7603	-0.2310
38	P	M	-0.1850	1.4603	-20.6628	-0.1668
38	P	N	-0.2120	1.4603	-20.6628	-0.2022
38	P	Q	-0.1408	1.4603	-6.3750	-0.2044
38	P	R	-0.2551	1.4603	-20.6628	-0.2586
38	P	S	-0.1002	1.4603	-4.0531	-0.1668
38	P	T	-0.1971	1.4603	-20.6628	-0.1827
38	P	V	-0.1119	1.4603	-6.3750	-0.1666
38	P	W	-0.2589	1.4603	-20.6628	-0.2636
38	P	Y	-0.2474	1.4603	-20.6628	-0.2485
39	G	A	-0.2524	0.6162	-7.6219	-0.2405
39	G	C	-0.3799	0.6162	-20.9098	-0.3187
39	G	D	-0.3805	0.6162	-20.9098	-0.3194
39	G	E	-0.3018	0.6162	-5.6220	-0.3185
39	G	F	-0.4180	0.6162	-20.9098	-0.3686
39	G	H	-0.3928	0.6162	-20.9098	-0.3355
39	G	I	-0.4637	0.6162	-20.9098	-0.4284
39	G	K	-0.4127	0.6162	-20.9098	-0.3616
39	G	L	-0.4319	0.6162	-20.9098	-0.3868
39	G	M	-0.3023	0.6162	-7.6219	-0.3059
39	G	N	-0.3808	0.6162	-20.9098	-0.3198
39	G	P	-0.4778	0.6162	-20.9098	-0.4469
39	G	Q	-0.3108	0.6162	-6.6220	-0.3236
39	G	R	-0.3146	0.6162	-4.8147	-0.3407
39	G	S	-0.3261	0.6162	-20.9098	-0.2482
39	G	T	-0.4030	0.6162	-20.9098	-0.3489
39	G	V	-0.3341	0.6162	-6.6220	-0.3541
39	G	W	-0.4178	0.6162	-20.9098	-0.3683
39	G	Y	-0.4184	0.6162	-20.9098	-0.3691
40	P	A	-0.0479	2.0206	-3.8365	-0.1672
40	P	C	-0.1678	2.0206	-20.9316	-0.2100
40	P	D	-0.1937	2.0206	-20.9316	-0.2439
40	P	E	-0.1775	2.0206	-20.9316	-0.2227
40	P	F	-0.1962	2.0206	-20.9316	-0.2472
40	P	G	-0.0765	2.0206	-6.6438	-0.1860
40	P	H	-0.1060	2.0206	-7.6437	-0.2179
40	P	I	-0.1792	2.0206	-20.9316	-0.2250
40	P	K	-0.0962	2.0206	-6.6438	-0.2118
40	P	L	-0.1007	2.0206	-4.6439	-0.2310
40	P	M	-0.0670	2.0206	-7.6437	-0.1668
40	P	N	-0.1618	2.0206	-20.9316	-0.2022
40	P	Q	-0.0733	2.0206	-3.2515	-0.2044
40	P	R	-0.1320	2.0206	-6.6438	-0.2586
40	P	S	-0.0508	2.0206	-4.4739	-0.1668
40	P	T	-0.0578	2.0206	-3.4739	-0.1827
40	P	V	-0.1346	2.0206	-20.9316	-0.1666
40	P	W	-0.2087	2.0206	-20.9316	-0.2636
40	P	Y	-0.1972	2.0206	-20.9316	-0.2485
41	D	A	-0.0971	1.8143	-5.6438	-0.1947
41	D	C	-0.2166	1.8143	-20.9316	-0.2490
41	D	E	-0.0471	1.8143	-6.6438	-0.1226
41	D	F	-0.2752	1.8143	-20.9316	-0.3258
41	D	G	-0.0906	1.8143	-2.1844	-0.2093
41	D	H	-0.0967	1.8143	-3.7370	-0.2069
41	D	I	-0.2674	1.8143	-20.9316	-0.3156
41	D	K	-0.2458	1.8143	-20.9316	-0.2873
41	D	L	-0.2611	1.8143	-20.9316	-0.3073
41	D	M	-0.1998	1.8143	-20.9316	-0.2271
41	D	N	-0.0519	1.8143	-3.3219	-0.1511
41	D	P	-0.3120	1.8143	-20.9316	-0.3740
41	D	Q	-0.1342	1.8143	-7.6437	-0.2300
41	D	R	-0.2768	1.8143	-20.9316	-0.3279
41	D	S	-0.1815	1.8143	-20.9316	-0.2031
41	D	T	-0.2115	1.8143	-20.9316	-0.2424
41	D	V	-0.2221	1.8143	-20.9316	-0.2563
41	D	W	-0.2557	1.8143	-20.9316	-0.3002
41	D	Y	-0.1523	1.8143	-7.6437	-0.2536
42	M	A	-0.1583	1.7507	-6.1154	-0.2641
42	M	C	-0.2397	1.7507	-20.9882	-0.2713
42	M	D	-0.3457	1.7507	-20.9882	-0.4100
42	M	E	-0.2600	1.7507	-6.1154	-0.3972
42	M	F	-0.2393	1.7507	-20.9882	-0.2707
42	M	G	-0.2355	1.7507	-5.3785	-0.3700
42	M	H	-0.2925	1.7507	-20.9882	-0.3404
42	M	I	-0.0735	1.7507	-5.7004	-0.1558
42	M	K	-0.2290	1.7507	-7.7003	-0.3460
42	M	L	-0.0456	1.7507	-6.7004	-0.1126
42	M	N	-0.2873	1.7507	-20.9882	-0.3336
42	M	P	-0.4052	1.7507	-20.9882	-0.4879
42	M	Q	-0.2794	1.7507	-20.9882	-0.3232
42	M	R	-0.2444	1.7507	-5.3785	-0.3817
42	M	S	-0.2656	1.7507	-20.9882	-0.3052
42	M	T	-0.1324	1.7507	-6.7004	-0.2263
42	M	V	-0.0830	1.7507	-1.2742	-0.1978
42	M	W	-0.3021	1.7507	-20.9882	-0.3529
42	M	Y	-0.2816	1.7507	-20.9882	-0.3261
43	S	A	-0.0135	1.8320	-2.9456	-0.1054
43	S	C	-0.1560	1.8320	-20.9882	-0.1715
43	S	D	-0.1313	1.8320	-6.7004	-0.2346
43	S	E	-0.1774	1.8320	-20.9882	-0.1995
43	S	F	-0.1836	1.8320	-20.9882	-0.2076
43	S	G	-0.0367	1.8320	-5.7004	-0.1174
43	S	H	-0.1848	1.8320	-20.9882	-0.2092
43	S	I	-0.0995	1.8320	-3.8931	-0.2117
43	S	K	-0.1941	1.8320	-20.9882	-0.2214
43	S	L	-0.1071	1.8320	-6.1154	-0.2068
43	S	M	-0.1540	1.8320	-20.9882	-0.1689
43	S	N	-0.0468	1.8320	-5.1155	-0.1346
43	S	P	-0.1861	1.8320	-6.7004	-0.3063
43	S	Q	-0.1475	1.8320	-20.9882	-0.1603
43	S	R	-0.1994	1.8320	-20.9882	-0.2283
43	S	T	0.0078	1.8320	-0.6130	-0.0932
43	S	V	-0.0851	1.8320	-6.1154	-0.1780
43	S	W	-0.1933	1.8320	-20.9882	-0.2203
43	S	Y	-0.1884	1.8320	-20.9882	-0.2139
44	M	A	-0.1074	2.2821	-5.7073	-0.2641
44	M	C	-0.1909	2.2821	-20.9951	-0.2713
44	M	D	-0.2968	2.2821	-20.9951	-0.4100
44	M	E	-0.2090	2.2821	-5.7073	-0.3972
44	M	F	-0.1175	2.2821	-6.7073	-0.2707
44	M	G	-0.2663	2.2821	-20.9951	-0.3700
44	M	H	-0.2436	2.2821	-20.9951	-0.3404
44	M	I	-0.0268	2.2821	-6.1224	-0.1558
44	M	K	-0.1683	2.2821	-5.3854	-0.3460
44	M	L	0.0249	2.2821	-2.4594	-0.1126
44	M	N	-0.2385	2.2821	-20.9951	-0.3336
44	M	P	-0.2804	2.2821	-6.1224	-0.4879
44	M	Q	-0.2305	2.2821	-20.9951	-0.3232
44	M	R	-0.2752	2.2821	-20.9951	-0.3817
44	M	S	-0.2168	2.2821	-20.9951	-0.3052
44	M	T	-0.0704	2.2821	-4.1224	-0.2263
44	M	V	-0.0384	2.2821	-2.1224	-0.1978
44	M	W	-0.2532	2.2821	-20.9951	-0.3529
44	M	Y	-0.2327	2.2821	-20.9951	-0.3261
45	K	A	-0.1409	1.9043	-20.9951	-0.1604
45	K	C	-0.2111	1.9043	-20.9951	-0.2523
45	K	D	-0.1632	1.9043	-4.0069	-0.3031
45	K	E	-0.1658	1.9043	-20.9951	-0.1930
45	K	F	-0.2120	1.9043	-20.9951	-0.2535
45	K	G	-0.2001	1.9043	-20.9951	-0.2379
45	K	H	-0.0751	1.9043	-6.1224	-0.1736
45	K	I	-0.1064	1.9043	-6.7073	-0.2106
45	K	L	-0.1780	1.9043	-20.9951	-0.2089
45	K	M	-0.1510	1.9043	-20.9951	-0.1736
45	K	N	-0.0571	1.9043	-0.9931	-0.1843
45	K	P	-0.2474	1.9043	-7.7072	-0.3886
45	K	Q	-0.0723	1.9043	-7.7072	-0.1594
45	K	R	0.0035	1.9043	-5.7073	-0.0735
45	K	S	-0.0731	1.9043	-5.7073	-0.1737
45	K	T	-0.0819	1.9043	-5.1224	-0.1892
45	K	V	-0.0953	1.9043	-7.7072	-0.1895
45	K	W	-0.2210	1.9043	-20.9951	-0.2653
45	K	Y	-0.1969	1.9043	-20.9951	-0.2337
46	P	A	-0.1205	1.2530	-4.2271	-0.1672
46	P	C	-0.2386	1.2530	-20.9742	-0.2100
46	P	D	-0.2645	1.2530	-20.9742	-0.2439
46	P	E	-0.2483	1.2530	-20.9742	-0.2227
46	P	F	-0.2670	1.2530	-20.9742	-0.2472
46	P	G	-0.2203	1.2530	-20.9742	-0.1860
46	P	H	-0.1769	1.2530	-7.6864	-0.2179
46	P	I	-0.2501	1.2530	-20.9742	-0.2250
46	P	K	-0.2400	1.2530	-20.9742	-0.2118
46	P	L	-0.1669	1.2530	-3.7796	-0.2310
46	P	M	-0.1327	1.2530	-6.6864	-0.1668
46	P	N	-0.2327	1.2530	-20.9742	-0.2022
46	P	Q	-0.1614	1.2530	-6.6864	-0.2044
46	P	R	-0.2757	1.2530	-20.9742	-0.2586
46	P	S	-0.1225	1.2530	-4.6865	-0.1668
46	P	T	-0.1381	1.2530	-5.3646	-0.1827
46	P	V	-0.2055	1.2530	-20.9742	-0.1666
46	P	W	-0.2796	1.2530	-20.9742	-0.2636
46	P	Y	-0.2680	1.2530	-20.9742	-0.2485
47	S	A	-0.1022	1.0033	-5.3854	-0.1054
47	S	C	-0.2323	1.0033	-20.9951	-0.1715
47	S	D	-0.2008	1.0033	-5.3854	-0.2346
47	S	E	-0.1757	1.0033	-5.7073	-0.1995
47	S	F	-0.2599	1.0033	-20.9951	-0.2076
47	S	G	-0.0852	1.0033	-0.2562	-0.1174
47	S	H	-0.2611	1.0033	-20.9951	-0.2092
47	S	I	-0.2630	1.0033	-20.9951	-0.2117
47	S	K	-0.2704	1.0033	-20.9951	-0.2214
47	S	L	-0.2593	1.0033	-20.9951	-0.2068
47	S	M	-0.2303	1.0033	-20.9951	-0.1689
47	S	N	-0.1312	1.0033	-6.7073	-0.1346
47	S	P	-0.2675	1.0033	-7.7072	-0.3063
47	S	Q	-0.2238	1.0033	-20.9951	-0.1603
47	S	R	-0.2079	1.0033	-7.7072	-0.2283
47	S	T	-0.1725	1.0033	-20.9951	-0.0932
47	S	V	-0.2373	1.0033	-20.9951	-0.1780
47	S	W	-0.2696	1.0033	-20.9951	-0.2203
47	S	Y	-0.2647	1.0033	-20.9951	-0.2139
48	A	C	-0.2161	1.2841	-20.9951	-0.1841
48	A	D	-0.2249	1.2841	-6.7073	-0.2911
48	A	E	-0.2835	1.2841	-20.9951	-0.2723
48	A	F	-0.2662	1.2841	-20.9951	-0.2497
48	A	G	-0.1337	1.2841	-6.1224	-0.1756
48	A	H	-0.1974	1.2841	-6.7073	-0.2551
48	A	I	-0.2557	1.2841	-20.9951	-0.2360
48	A	K	-0.2881	1.2841	-20.9951	-0.2784
48	A	L	-0.2605	1.2841	-20.9951	-0.2422
48	A	M	-0.2192	1.2841	-20.9951	-0.1882
48	A	N	-0.2682	1.2841	-20.9951	-0.2523
48	A	P	-0.3375	1.2841	-20.9951	-0.3431
48	A	Q	-0.2657	1.2841	-20.9951	-0.2490
48	A	R	-0.2988	1.2841	-20.9951	-0.2924
48	A	S	-0.1028	1.2841	-5.7073	-0.1379
48	A	T	-0.0909	1.2841	-2.2155	-0.1457
48	A	V	-0.1041	1.2841	-5.3854	-0.1418
48	A	W	-0.2771	1.2841	-20.9951	-0.2640
48	A	Y	-0.2854	1.2841	-20.9951	-0.2748
49	A	C	-0.0831	1.9920	-7.7072	-0.1841
49	A	D	-0.1649	1.9920	-7.7072	-0.2911
49	A	E	-0.2183	1.9920	-20.9951	-0.2723
49	A	F	-0.1230	1.9920	-5.7073	-0.2497
49	A	G	-0.0578	1.9920	-4.0069	-0.1756
49	A	H	-0.1272	1.9920	-5.7073	-0.2551
49	A	I	-0.1147	1.9920	-6.1224	-0.2360
49	A	K	-0.2230	1.9920	-20.9951	-0.2784
49	A	L	-0.1953	1.9920	-20.9951	-0.2422
49	A	M	-0.1541	1.9920	-20.9951	-0.1882
49	A	N	-0.2030	1.9920	-20.9951	-0.2523
49	A	P	-0.1927	1.9920	-5.3854	-0.3431
49	A	Q	-0.2005	1.9920	-20.9951	-0.2490
49	A	R	-0.2337	1.9920	-20.9951	-0.2924
49	A	S	-0.0125	1.9920	-0.7885	-0.1379
49	A	T	-0.0334	1.9920	-3.7074	-0.1457
49	A	V	-0.1186	1.9920	-20.9951	-0.1418
49	A	W	-0.1442	1.9920	-7.7072	-0.2640
49	A	Y	-0.2202	1.9920	-20.9951	-0.2748
50	P	A	-0.0419	2.2433	-6.6794	-0.1672
50	P	C	-0.1475	2.2433	-20.9672	-0.2100
50	P	D	-0.1734	2.2433	-20.9672	-0.2439
50	P	E	-0.1572	2.2433	-20.9672	-0.2227
50	P	F	-0.1030	2.2433	-6.6794	-0.2472
50	P	G	-0.1291	2.2433	-20.9672	-0.1860
50	P	H	-0.0857	2.2433	-7.6793	-0.2179
50	P	I	-0.0809	2.2433	-5.6795	-0.2250
50	P	K	-0.1488	2.2433	-20.9672	-0.2118
50	P	L	-0.0619	2.2433	-1.0648	-0.2310
50	P	M	-0.0172	2.2433	-1.8981	-0.1668
50	P	N	-0.1415	2.2433	-20.9672	-0.2022
50	P	Q	-0.0652	2.2433	-5.6795	-0.2044
50	P	R	-0.1066	2.2433	-5.6795	-0.2586
50	P	S	-0.0416	2.2433	-6.6794	-0.1668
50	P	T	-0.0470	2.2433	-5.3575	-0.1827
50	P	V	-0.0271	2.2433	-3.8721	-0.1666
50	P	W	-0.1884	2.2433	-20.9672	-0.2636
50	P	Y	-0.1769	2.2433	-20.9672	-0.2485
51	S	A	-0.0561	1.5208	-5.6935	-0.1054
51	S	C	-0.1117	1.5208	-6.6934	-0.1715
51	S	D	-0.2328	1.5208	-20.9812	-0.2346
51	S	E	-0.2060	1.5208	-20.9812	-0.1995
51	S	F	-0.1393	1.5208	-6.6934	-0.2076
51	S	G	-0.1433	1.5208	-20.9812	-0.1174
51	S	H	-0.2134	1.5208	-20.9812	-0.2092
51	S	I	-0.2153	1.5208	-20.9812	-0.2117
51	S	K	-0.2227	1.5208	-20.9812	-0.2214
51	S	L	-0.1387	1.5208	-6.6934	-0.2068
51	S	M	-0.1097	1.5208	-6.6934	-0.1689
51	S	N	-0.1564	1.5208	-20.9812	-0.1346
51	S	P	-0.1950	1.5208	-2.8355	-0.3063
51	S	Q	-0.1761	1.5208	-20.9812	-0.1603
51	S	R	-0.2280	1.5208	-20.9812	-0.2283
51	S	T	-0.0357	1.5208	-3.5236	-0.0932
51	S	V	-0.1896	1.5208	-20.9812	-0.1780
51	S	W	-0.2219	1.5208	-20.9812	-0.2203
51	S	Y	-0.1411	1.5208	-6.1085	-0.2139
52	P	A	-0.0374	2.1625	-4.3505	-0.1672
52	P	C	-0.1549	2.1625	-20.9602	-0.2100
52	P	D	-0.1011	2.1625	-5.3505	-0.2439
52	P	E	-0.1646	2.1625	-20.9602	-0.2227
52	P	F	-0.1833	2.1625	-20.9602	-0.2472
52	P	G	-0.1365	2.1625	-20.9602	-0.1860
52	P	H	-0.0880	2.1625	-6.6724	-0.2179
52	P	I	-0.0934	2.1625	-6.6724	-0.2250
52	P	K	-0.1562	2.1625	-20.9602	-0.2118
52	P	L	-0.0980	2.1625	-6.6724	-0.2310
52	P	M	-0.0541	2.1625	-7.6723	-0.1668
52	P	N	-0.1489	2.1625	-20.9602	-0.2022
52	P	Q	-0.1506	2.1625	-20.9602	-0.2044
52	P	R	-0.1920	2.1625	-20.9602	-0.2586
52	P	S	-0.0341	2.1625	-3.7655	-0.1668
52	P	T	-0.0435	2.1625	-3.2130	-0.1827
52	P	V	-0.0266	2.1625	-2.3149	-0.1666
52	P	W	-0.1958	2.1625	-20.9602	-0.2636
52	P	Y	-0.1843	2.1625	-20.9602	-0.2485
53	S	A	-0.1986	0.8191	-20.9602	-0.1054
53	S	C	-0.1813	0.8191	-7.6723	-0.1715
53	S	D	-0.2973	0.8191	-20.9602	-0.2346
53	S	E	-0.2705	0.8191	-20.9602	-0.1995
53	S	F	-0.1707	0.8191	-0.1886	-0.2076
53	S	G	-0.2077	0.8191	-20.9602	-0.1174
53	S	H	-0.2779	0.8191	-20.9602	-0.2092
53	S	I	-0.2039	0.8191	-6.0874	-0.2117
53	S	K	-0.2872	0.8191	-20.9602	-0.2214
53	S	L	-0.1964	0.8191	-5.3505	-0.2068
53	S	M	-0.2471	0.8191	-20.9602	-0.1689
53	S	N	-0.2209	0.8191	-20.9602	-0.1346
53	S	P	-0.3520	0.8191	-20.9602	-0.3063
53	S	Q	-0.2405	0.8191	-20.9602	-0.1603
53	S	R	-0.2925	0.8191	-20.9602	-0.2283
53	S	T	-0.1096	0.8191	-5.3505	-0.0932
53	S	V	-0.1811	0.8191	-6.6724	-0.1780
53	S	W	-0.2863	0.8191	-20.9602	-0.2203
53	S	Y	-0.2815	0.8191	-20.9602	-0.2139
54	P	A	-0.0369	2.1013	-3.1418	-0.1672
54	P	C	-0.1605	2.1013	-20.9531	-0.2100
54	P	D	-0.1864	2.1013	-20.9531	-0.2439
54	P	E	-0.1702	2.1013	-20.9531	-0.2227
54	P	F	-0.1130	2.1013	-6.0803	-0.2472
54	P	G	-0.1421	2.1013	-20.9531	-0.1860
54	P	H	-0.1665	2.1013	-20.9531	-0.2179
54	P	I	-0.0960	2.1013	-6.0803	-0.2250
54	P	K	-0.1618	2.1013	-20.9531	-0.2118
54	P	L	-0.1765	2.1013	-20.9531	-0.2310
54	P	M	-0.0360	2.1013	-3.0215	-0.1668
54	P	N	-0.0867	2.1013	-7.6652	-0.2022
54	P	Q	-0.0884	2.1013	-7.6652	-0.2044
54	P	R	-0.1196	2.1013	-5.6653	-0.2586
54	P	S	-0.0414	2.1013	-4.0804	-0.1668
54	P	T	-0.0367	2.1013	-0.7950	-0.1827
54	P	V	-0.0544	2.1013	-6.6653	-0.1666
54	P	W	-0.2014	2.1013	-20.9531	-0.2636
54	P	Y	-0.1899	2.1013	-20.9531	-0.2485
55	A	C	-0.2122	1.3262	-20.9951	-0.1841
55	A	D	-0.2939	1.3262	-20.9951	-0.2911
55	A	E	-0.2118	1.3262	-7.7072	-0.2723
55	A	F	-0.2623	1.3262	-20.9951	-0.2497
55	A	G	-0.1261	1.3262	-5.3854	-0.1756
55	A	H	-0.2664	1.3262	-20.9951	-0.2551
55	A	I	-0.2519	1.3262	-20.9951	-0.2360
55	A	K	-0.2842	1.3262	-20.9951	-0.2784
55	A	L	-0.1837	1.3262	-6.7073	-0.2422
55	A	M	-0.2153	1.3262	-20.9951	-0.1882
55	A	N	-0.2643	1.3262	-20.9951	-0.2523
55	A	P	-0.2659	1.3262	-7.7072	-0.3431
55	A	Q	-0.2618	1.3262	-20.9951	-0.2490
55	A	R	-0.2949	1.3262	-20.9951	-0.2924
55	A	S	-0.0989	1.3262	-5.7073	-0.1379
55	A	T	-0.0883	1.3262	-2.4594	-0.1457
55	A	V	-0.0978	1.3262	-4.9000	-0.1418
55	A	W	-0.2732	1.3262	-20.9951	-0.2640
55	A	Y	-0.2815	1.3262	-20.9951	-0.2748
56	L	A	-0.2874	1.3674	-21.0088	-0.2874
56	L	C	-0.2766	1.3674	-21.0088	-0.2733
56	L	D	-0.4089	1.3674	-21.0088	-0.4465
56	L	E	-0.3092	1.3674	-7.7210	-0.4047
56	L	F	-0.2209	1.3674	-21.0088	-0.2003
56	L	G	-0.3623	1.3674	-21.0088	-0.3854
56	L	H	-0.3298	1.3674	-21.0088	-0.3429
56	L	I	-0.0835	1.3674	-5.7211	-0.1226
56	L	K	-0.3082	1.3674	-7.7210	-0.4034
56	L	M	-0.1119	1.3674	-6.7210	-0.1531
56	L	N	-0.3552	1.3674	-21.0088	-0.3762
56	L	P	-0.3030	1.3674	-7.7210	-0.3966
56	L	Q	-0.2187	1.3674	-3.4732	-0.3146
56	L	R	-0.2879	1.3674	-5.3992	-0.3924
56	L	S	-0.3178	1.3674	-21.0088	-0.3272
56	L	T	-0.2146	1.3674	-6.1361	-0.2915
56	L	V	-0.1106	1.3674	-3.9137	-0.1701
56	L	W	-0.3200	1.3674	-21.0088	-0.3301
56	L	Y	-0.3129	1.3674	-21.0088	-0.3208
57	P	A	-0.2500	0.7762	-21.0156	-0.1672
57	P	C	-0.2149	0.7762	-7.7278	-0.2100
57	P	D	-0.3086	0.7762	-21.0156	-0.2439
57	P	E	-0.2924	0.7762	-21.0156	-0.2227
57	P	F	-0.3111	0.7762	-21.0156	-0.2472
57	P	G	-0.2644	0.7762	-21.0156	-0.1860
57	P	H	-0.2158	0.7762	-6.7279	-0.2179
57	P	I	-0.2942	0.7762	-21.0156	-0.2250
57	P	K	-0.2841	0.7762	-21.0156	-0.2118
57	P	L	-0.2148	0.7762	-4.5580	-0.2310
57	P	M	-0.2497	0.7762	-21.0156	-0.1668
57	P	N	-0.2768	0.7762	-21.0156	-0.2022
57	P	Q	-0.2784	0.7762	-21.0156	-0.2044
57	P	R	-0.2520	0.7762	-7.7278	-0.2586
57	P	S	-0.1666	0.7762	-4.7279	-0.1668
57	P	T	-0.1838	0.7762	-5.7279	-0.1827
57	P	V	-0.2496	0.7762	-21.0156	-0.1666
57	P	W	-0.3237	0.7762	-21.0156	-0.2636
57	P	Y	-0.3121	0.7762	-21.0156	-0.2485
58	F	A	-0.3267	1.2647	-21.0292	-0.3264
58	F	C	-0.2949	1.2647	-21.0292	-0.2847
58	F	D	-0.4497	1.2647	-21.0292	-0.4874
58	F	E	-0.4191	1.2647	-21.0292	-0.4473
58	F	G	-0.3621	1.2647	-21.0292	-0.3727
58	F	H	-0.3543	1.2647	-21.0292	-0.3625
58	F	I	-0.1897	1.2647	-5.1565	-0.2530
58	F	K	-0.4260	1.2647	-21.0292	-0.4563
58	F	L	-0.1507	1.2647	-4.9341	-0.2034
58	F	M	-0.2638	1.2647	-21.0292	-0.2440
58	F	N	-0.3794	1.2647	-21.0292	-0.3953
58	F	P	-0.3691	1.2647	-5.1565	-0.4879
58	F	Q	-0.3814	1.2647	-21.0292	-0.3980
58	F	R	-0.3595	1.2647	-7.7413	-0.4581
58	F	S	-0.2298	1.2647	-6.1565	-0.2989
58	F	T	-0.3520	1.2647	-21.0292	-0.3595
58	F	V	-0.1755	1.2647	-3.4935	-0.2456
58	F	W	-0.2503	1.2647	-21.0292	-0.2263
58	F	Y	-0.1406	1.2647	-5.7414	-0.1848
59	L	A	-0.1184	2.1956	-2.8278	-0.2874
59	L	C	-0.2005	2.1956	-21.0224	-0.2733
59	L	D	-0.3328	2.1956	-21.0224	-0.4465
59	L	E	-0.3009	2.1956	-21.0224	-0.4047
59	L	F	-0.0769	2.1956	-7.7346	-0.2003
59	L	G	-0.2861	2.1956	-21.0224	-0.3854
59	L	H	-0.1740	2.1956	-5.4128	-0.3429
59	L	I	-0.0854	2.1956	-21.0224	-0.1226
59	L	K	-0.2999	2.1956	-21.0224	-0.4034
59	L	M	-0.0409	2.1956	-7.7346	-0.1531
59	L	N	-0.2791	2.1956	-21.0224	-0.3762
59	L	P	-0.1927	2.1956	-1.0482	-0.3966
59	L	Q	-0.2320	2.1956	-21.0224	-0.3146
59	L	R	-0.2915	2.1956	-21.0224	-0.3924
59	L	S	-0.1595	2.1956	-4.9273	-0.3272
59	L	T	-0.1221	2.1956	-2.9274	-0.2915
59	L	V	-0.0420	2.1956	-5.4128	-0.1701
59	L	W	-0.2439	2.1956	-21.0224	-0.3301
59	L	Y	-0.2368	2.1956	-21.0224	-0.3208
60	P	A	-0.0662	1.8937	-5.1361	-0.1672
60	P	C	-0.1798	1.8937	-21.0088	-0.2100
60	P	D	-0.2057	1.8937	-21.0088	-0.2439
60	P	E	-0.1896	1.8937	-21.0088	-0.2227
60	P	F	-0.2083	1.8937	-21.0088	-0.2472
60	P	G	-0.1615	1.8937	-21.0088	-0.1860
60	P	H	-0.1859	1.8937	-21.0088	-0.2179
60	P	I	-0.1913	1.8937	-21.0088	-0.2250
60	P	K	-0.1812	1.8937	-21.0088	-0.2118
60	P	L	-0.1060	1.8937	-3.3992	-0.2310
60	P	M	-0.1469	1.8937	-21.0088	-0.1668
60	P	N	-0.1739	1.8937	-21.0088	-0.2022
60	P	Q	-0.0869	1.8937	-3.6336	-0.2044
60	P	R	-0.1492	1.8937	-7.7210	-0.2586
60	P	S	-0.0659	1.8937	-5.1361	-0.1668
60	P	T	-0.0632	1.8937	-2.2293	-0.1827
60	P	V	-0.1467	1.8937	-21.0088	-0.1666
60	P	W	-0.2208	1.8937	-21.0088	-0.2636
60	P	Y	-0.2093	1.8937	-21.0088	-0.2485
61	P	A	-0.1342	1.1427	-4.9273	-0.1672
61	P	C	-0.2490	1.1427	-21.0224	-0.2100
61	P	D	-0.2749	1.1427	-21.0224	-0.2439
61	P	E	-0.2587	1.1427	-21.0224	-0.2227
61	P	F	-0.2774	1.1427	-21.0224	-0.2472
61	P	G	-0.2307	1.1427	-21.0224	-0.1860
61	P	H	-0.1729	1.1427	-4.9273	-0.2179
61	P	I	-0.2605	1.1427	-21.0224	-0.2250
61	P	K	-0.2504	1.1427	-21.0224	-0.2118
61	P	L	-0.1854	1.1427	-5.4128	-0.2310
61	P	M	-0.2160	1.1427	-21.0224	-0.1668
61	P	N	-0.1753	1.1427	-7.7346	-0.2022
61	P	Q	-0.2447	1.1427	-21.0224	-0.2044
61	P	R	-0.2861	1.1427	-21.0224	-0.2586
61	P	S	-0.1299	1.1427	-4.1497	-0.1668
61	P	T	-0.1451	1.1427	-4.7347	-0.1827
61	P	V	-0.2159	1.1427	-21.0224	-0.1666
61	P	W	-0.2900	1.1427	-21.0224	-0.2636
61	P	Y	-0.2784	1.1427	-21.0224	-0.2485
62	T	A	-0.0308	2.0001	-1.0758	-0.1608
62	T	C	-0.1684	2.0001	-21.0359	-0.2077
62	T	D	-0.1804	2.0001	-7.7481	-0.3121
62	T	E	-0.2235	2.0001	-21.0359	-0.2798
62	T	F	-0.1721	2.0001	-7.7481	-0.3012
62	T	G	-0.1281	2.0001	-5.7482	-0.2570
62	T	H	-0.2202	2.0001	-21.0359	-0.2754
62	T	I	-0.0708	2.0001	-3.8413	-0.1947
62	T	K	-0.2157	2.0001	-21.0359	-0.2696
62	T	L	-0.2105	2.0001	-21.0359	-0.2627
62	T	M	-0.1096	2.0001	-7.7481	-0.2194
62	T	N	-0.1882	2.0001	-21.0359	-0.2336
62	T	P	-0.2129	2.0001	-4.5783	-0.3759
62	T	Q	-0.1299	2.0001	-7.7481	-0.2460
62	T	R	-0.2186	2.0001	-21.0359	-0.2733
62	T	S	-0.0153	2.0001	-5.1632	-0.1133
62	T	V	-0.0680	2.0001	-5.7482	-0.1784
62	T	W	-0.2328	2.0001	-21.0359	-0.2919
62	T	Y	-0.2413	2.0001	-21.0359	-0.3031
63	S	A	-0.0494	1.4714	-3.4800	-0.1054
63	S	C	-0.1893	1.4714	-21.0156	-0.1715
63	S	D	-0.2375	1.4714	-21.0156	-0.2346
63	S	E	-0.2107	1.4714	-21.0156	-0.1995
63	S	F	-0.2169	1.4714	-21.0156	-0.2076
63	S	G	-0.1480	1.4714	-21.0156	-0.1174
63	S	H	-0.1385	1.4714	-5.4060	-0.2092
63	S	I	-0.1522	1.4714	-7.7278	-0.2117
63	S	K	-0.2275	1.4714	-21.0156	-0.2214
63	S	L	-0.1366	1.4714	-5.4060	-0.2068
63	S	M	-0.1874	1.4714	-21.0156	-0.1689
63	S	N	-0.1612	1.4714	-21.0156	-0.1346
63	S	P	-0.1875	1.4714	-0.4705	-0.3063
63	S	Q	-0.1808	1.4714	-21.0156	-0.1603
63	S	R	-0.2327	1.4714	-21.0156	-0.2283
63	S	T	-0.0428	1.4714	-4.0275	-0.0932
63	S	V	-0.1943	1.4714	-21.0156	-0.1780
63	S	W	-0.2266	1.4714	-21.0156	-0.2203
63	S	Y	-0.2217	1.4714	-21.0156	-0.2139
64	D	A	-0.0988	1.7263	-4.4060	-0.1947
64	D	C	-0.2251	1.7263	-21.0156	-0.2490
64	D	E	-0.0607	1.7263	-7.7278	-0.1226
64	D	F	-0.2837	1.7263	-21.0156	-0.3258
64	D	G	-0.0902	1.7263	-0.5283	-0.2093
64	D	H	-0.1929	1.7263	-21.0156	-0.2069
64	D	I	-0.2081	1.7263	-7.7278	-0.3156
64	D	K	-0.2543	1.7263	-21.0156	-0.2873
64	D	L	-0.2696	1.7263	-21.0156	-0.3073
64	D	M	-0.2083	1.7263	-21.0156	-0.2271
64	D	N	-0.1503	1.7263	-21.0156	-0.1511
64	D	P	-0.2447	1.7263	-6.1429	-0.3740
64	D	Q	-0.1211	1.7263	-3.4800	-0.2300
64	D	R	-0.2057	1.7263	-5.4060	-0.3279
64	D	S	-0.1069	1.7263	-4.7279	-0.2031
64	D	T	-0.2200	1.7263	-21.0156	-0.2424
64	D	V	-0.1440	1.7263	-4.0275	-0.2563
64	D	W	-0.2642	1.7263	-21.0156	-0.3002
64	D	Y	-0.2286	1.7263	-21.0156	-0.2536
65	P	A	-0.1151	1.2511	-3.1430	-0.1672
65	P	C	-0.2390	1.2511	-21.0156	-0.2100
65	P	D	-0.2649	1.2511	-21.0156	-0.2439
65	P	E	-0.2487	1.2511	-21.0156	-0.2227
65	P	F	-0.2674	1.2511	-21.0156	-0.2472
65	P	G	-0.2207	1.2511	-21.0156	-0.1860
65	P	H	-0.1721	1.2511	-6.7279	-0.2179
65	P	I	-0.1776	1.2511	-6.7279	-0.2250
65	P	K	-0.2404	1.2511	-21.0156	-0.2118
65	P	L	-0.1770	1.2511	-5.7279	-0.2310
65	P	M	-0.2060	1.2511	-21.0156	-0.1668
65	P	N	-0.2331	1.2511	-21.0156	-0.2022
65	P	Q	-0.1567	1.2511	-5.7279	-0.2044
65	P	R	-0.2083	1.2511	-7.7278	-0.2586
65	P	S	-0.1280	1.2511	-5.7279	-0.1668
65	P	T	-0.1504	1.2511	-7.7278	-0.1827
65	P	V	-0.1330	1.2511	-6.7279	-0.1666
65	P	W	-0.2122	1.2511	-7.7278	-0.2636
65	P	Y	-0.2684	1.2511	-21.0156	-0.2485
66	P	A	-0.0102	2.3142	-1.7507	-0.1672
66	P	C	-0.1412	2.3142	-21.0156	-0.2100
66	P	D	-0.1671	2.3142	-21.0156	-0.2439
66	P	E	-0.0780	2.3142	-6.7279	-0.2227
66	P	F	-0.1696	2.3142	-21.0156	-0.2472
66	P	G	-0.1229	2.3142	-21.0156	-0.1860
66	P	H	-0.1472	2.3142	-21.0156	-0.2179
66	P	I	-0.0848	2.3142	-7.7278	-0.2250
66	P	K	-0.1426	2.3142	-21.0156	-0.2118
66	P	L	-0.0751	2.3142	-4.9206	-0.2310
66	P	M	-0.1082	2.3142	-21.0156	-0.1668
66	P	N	-0.1352	2.3142	-21.0156	-0.2022
66	P	Q	-0.0478	2.3142	-3.5580	-0.2044
66	P	R	-0.1054	2.3142	-6.7279	-0.2586
66	P	S	-0.0242	2.3142	-4.5580	-0.1668
66	P	T	-0.0291	2.3142	-3.1430	-0.1827
66	P	V	-0.0321	2.3142	-6.1429	-0.1666
66	P	W	-0.1821	2.3142	-21.0156	-0.2636
66	P	Y	-0.1706	2.3142	-21.0156	-0.2485
67	D	A	-0.0481	2.3072	-4.9273	-0.1947
67	D	C	-0.1717	2.3072	-21.0224	-0.2490
67	D	E	0.0008	2.3072	-6.1497	-0.1226
67	D	F	-0.1625	2.3072	-7.7346	-0.3258
67	D	G	-0.1413	2.3072	-21.0224	-0.2093
67	D	H	-0.0382	2.3072	-1.1649	-0.2069
67	D	I	-0.1429	2.3072	-5.4128	-0.3156
67	D	K	-0.2009	2.3072	-21.0224	-0.2873
67	D	L	-0.1331	2.3072	-4.7347	-0.3073
67	D	M	-0.1549	2.3072	-21.0224	-0.2271
67	D	N	-0.0189	2.3072	-5.7347	-0.1511
67	D	P	-0.1840	2.3072	-4.7347	-0.3740
67	D	Q	-0.0694	2.3072	-3.8278	-0.2300
67	D	R	-0.2319	2.3072	-21.0224	-0.3279
67	D	S	-0.1366	2.3072	-21.0224	-0.2031
67	D	T	-0.0988	2.3072	-7.7346	-0.2424
67	D	V	-0.1772	2.3072	-21.0224	-0.2563
67	D	W	-0.2108	2.3072	-21.0224	-0.3002
67	D	Y	-0.0993	2.3072	-6.1497	-0.2536
68	H	A	-0.0797	2.2937	-21.0088	-0.1271
68	H	C	-0.1343	2.2937	-21.0088	-0.1985
68	H	D	-0.1269	2.2937	-21.0088	-0.1889
68	H	E	-0.0626	2.2937	-6.1361	-0.2040
68	H	F	-0.1013	2.2937	-21.0088	-0.1554
68	H	G	-0.0690	2.2937	-2.7211	-0.2352
68	H	I	-0.1660	2.2937	-21.0088	-0.2400
68	H	K	-0.0548	2.2937	-7.7210	-0.1833
68	H	L	-0.0617	2.2937	-7.7210	-0.1923
68	H	M	-0.0796	2.2937	-21.0088	-0.1270
68	H	N	-0.0864	2.2937	-21.0088	-0.1359
68	H	P	-0.1543	2.2937	-3.6336	-0.3408
68	H	Q	0.0526	2.2937	-1.3117	-0.0855
68	H	R	-0.0188	2.2937	-1.9398	-0.1747
68	H	S	-0.0179	2.2937	-7.7210	-0.1349
68	H	T	-0.1305	2.2937	-21.0088	-0.1936
68	H	V	-0.1223	2.2937	-21.0088	-0.1829
68	H	W	-0.0355	2.2937	-4.9137	-0.1767
68	H	Y	-0.0515	2.2937	-21.0088	-0.0902
69	P	A	-0.1024	1.5805	-6.5924	-0.1672
69	P	C	-0.2080	1.5805	-20.8802	-0.2100
69	P	D	-0.2339	1.5805	-20.8802	-0.2439
69	P	E	-0.1418	1.5805	-6.0075	-0.2227
69	P	F	-0.2364	1.5805	-20.8802	-0.2472
69	P	G	-0.1168	1.5805	-6.5924	-0.1860
69	P	H	-0.2140	1.5805	-20.8802	-0.2179
69	P	I	-0.1517	1.5805	-7.5923	-0.2250
69	P	K	-0.2094	1.5805	-20.8802	-0.2118
69	P	L	-0.1325	1.5805	-2.9486	-0.2310
69	P	M	-0.1750	1.5805	-20.8802	-0.1668
69	P	N	-0.2021	1.5805	-20.8802	-0.2022
69	P	Q	-0.1257	1.5805	-5.5924	-0.2044
69	P	R	-0.2451	1.5805	-20.8802	-0.2586
69	P	S	-0.0883	1.5805	-3.8920	-0.1668
69	P	T	-0.1040	1.5805	-4.5925	-0.1827
69	P	V	-0.1749	1.5805	-20.8802	-0.1666
69	P	W	-0.2490	1.5805	-20.8802	-0.2636
69	P	Y	-0.2374	1.5805	-20.8802	-0.2485
70	P	A	-0.0670	1.8785	-5.0297	-0.1672
70	P	C	-0.1807	1.8785	-20.9024	-0.2100
70	P	D	-0.2066	1.8785	-20.9024	-0.2439
70	P	E	-0.1226	1.8785	-7.6146	-0.2227
70	P	F	-0.1186	1.8785	-3.1553	-0.2472
70	P	G	-0.0946	1.8785	-7.6146	-0.1860
70	P	H	-0.1108	1.8785	-6.0297	-0.2179
70	P	I	-0.1922	1.8785	-20.9024	-0.2250
70	P	K	-0.1821	1.8785	-20.9024	-0.2118
70	P	L	-0.1041	1.8785	-2.7567	-0.2310
70	P	M	-0.1477	1.8785	-20.9024	-0.1668
70	P	N	-0.1747	1.8785	-20.9024	-0.2022
70	P	Q	-0.1764	1.8785	-20.9024	-0.2044
70	P	R	-0.1500	1.8785	-7.6146	-0.2586
70	P	S	-0.0667	1.8785	-5.0297	-0.1668
70	P	T	-0.0869	1.8785	-6.6147	-0.1827
70	P	V	-0.0797	1.8785	-7.6146	-0.1666
70	P	W	-0.2216	1.8785	-20.9024	-0.2636
70	P	Y	-0.1372	1.8785	-6.6147	-0.2485
71	R	A	-0.2901	1.2183	-20.7389	-0.2748
71	R	C	-0.2990	1.2183	-20.7389	-0.2864
71	R	D	-0.3812	1.2183	-20.7389	-0.3940
71	R	E	-0.3264	1.2183	-20.7389	-0.3223
71	R	F	-0.2464	1.2183	-5.8662	-0.3169
71	R	G	-0.2445	1.2183	-4.8662	-0.3211
71	R	H	-0.1921	1.2183	-7.4511	-0.2352
71	R	I	-0.3195	1.2183	-20.7389	-0.3133
71	R	K	-0.1804	1.2183	-20.7389	-0.1311
71	R	L	-0.2197	1.2183	-6.4512	-0.2780
71	R	M	-0.2584	1.2183	-20.7389	-0.2333
71	R	N	-0.2372	1.2183	-7.4511	-0.2943
71	R	P	-0.4322	1.2183	-20.7389	-0.4608
71	R	Q	-0.1889	1.2183	-5.8662	-0.2417
71	R	S	-0.2148	1.2183	-5.8662	-0.2755
71	R	T	-0.2950	1.2183	-20.7389	-0.2812
71	R	V	-0.3066	1.2183	-20.7389	-0.2964
71	R	W	-0.2037	1.2183	-0.3323	-0.2980
71	R	Y	-0.3116	1.2183	-20.7389	-0.3029
72	E	A	-0.0953	1.5731	-6.4512	-0.1580
72	E	C	-0.2376	1.5731	-20.7389	-0.2488
72	E	D	-0.0610	1.5731	-6.4512	-0.1131
72	E	F	-0.2152	1.5731	-20.7389	-0.2195
72	E	G	-0.1014	1.5731	-2.5932	-0.1917
72	E	H	-0.1336	1.5731	-6.4512	-0.2081
72	E	I	-0.2206	1.5731	-20.7389	-0.2265
72	E	K	-0.1903	1.5731	-20.7389	-0.1868
72	E	L	-0.1468	1.5731	-5.8662	-0.2293
72	E	M	-0.0956	1.5731	-5.8662	-0.1623
72	E	N	-0.1945	1.5731	-20.7389	-0.1923
72	E	P	-0.2574	1.5731	-7.4511	-0.3635
72	E	Q	-0.0611	1.5731	-5.1293	-0.1220
72	E	R	-0.2507	1.5731	-20.7389	-0.2660
72	E	S	-0.1817	1.5731	-20.7389	-0.1756
72	E	T	-0.1976	1.5731	-20.7389	-0.1964
72	E	V	-0.1086	1.5731	-6.4512	-0.1753
72	E	W	-0.1494	1.5731	-5.8662	-0.2327
72	E	Y	-0.2161	1.5731	-20.7389	-0.2206
73	P	A	-0.0506	1.9921	-3.8663	-0.1672
73	P	C	-0.1694	1.9921	-20.7389	-0.2100
73	P	D	-0.1953	1.9921	-20.7389	-0.2439
73	P	E	-0.1032	1.9921	-5.8662	-0.2227
73	P	F	-0.1978	1.9921	-20.7389	-0.2472
73	P	G	-0.1511	1.9921	-20.7389	-0.1860
73	P	H	-0.1755	1.9921	-20.7389	-0.2179
73	P	I	-0.1809	1.9921	-20.7389	-0.2250
73	P	K	-0.1030	1.9921	-7.4511	-0.2118
73	P	L	-0.0977	1.9921	-3.5443	-0.2310
73	P	M	-0.1364	1.9921	-20.7389	-0.1668
73	P	N	-0.1635	1.9921	-20.7389	-0.2022
73	P	Q	-0.0663	1.9921	-1.3638	-0.2044
73	P	R	-0.1336	1.9921	-6.4512	-0.2586
73	P	S	-0.0635	1.9921	-6.4512	-0.1668
73	P	T	-0.0757	1.9921	-6.4512	-0.1827
73	P	V	-0.1363	1.9921	-20.7389	-0.1666
73	P	W	-0.2104	1.9921	-20.7389	-0.2636
73	P	Y	-0.1988	1.9921	-20.7389	-0.2485
74	P	A	-0.0736	1.9428	-7.4837	-0.1672
74	P	C	-0.1063	1.9428	-7.4837	-0.2100
74	P	D	-0.2000	1.9428	-20.7715	-0.2439
74	P	E	-0.1838	1.9428	-20.7715	-0.2227
74	P	F	-0.2025	1.9428	-20.7715	-0.2472
74	P	G	-0.0880	1.9428	-7.4837	-0.1860
74	P	H	-0.0823	1.9428	-1.6012	-0.2179
74	P	I	-0.1856	1.9428	-20.7715	-0.2250
74	P	K	-0.1755	1.9428	-20.7715	-0.2118
74	P	L	-0.1224	1.9428	-7.4837	-0.2310
74	P	M	-0.1411	1.9428	-20.7715	-0.1668
74	P	N	-0.1004	1.9428	-7.4837	-0.2022
74	P	Q	-0.0918	1.9428	-5.4838	-0.2044
74	P	R	-0.1383	1.9428	-6.4838	-0.2586
74	P	S	-0.0525	1.9428	-3.3964	-0.1668
74	P	T	-0.0774	1.9428	-5.8988	-0.1827
74	P	V	-0.0732	1.9428	-7.4837	-0.1666
74	P	W	-0.2151	1.9428	-20.7715	-0.2636
74	P	Y	-0.1357	1.9428	-7.4837	-0.2485
75	P	A	-0.0525	2.0101	-4.5590	-0.1672
75	P	C	-0.1673	2.0101	-20.6541	-0.2100
75	P	D	-0.1932	2.0101	-20.6541	-0.2439
75	P	E	-0.1770	2.0101	-20.6541	-0.2227
75	P	F	-0.1957	2.0101	-20.6541	-0.2472
75	P	G	-0.0710	2.0101	-5.3663	-0.1860
75	P	H	-0.1056	2.0101	-7.3662	-0.2179
75	P	I	-0.1788	2.0101	-20.6541	-0.2250
75	P	K	-0.1687	2.0101	-20.6541	-0.2118
75	P	L	-0.0882	2.0101	-2.0088	-0.2310
75	P	M	-0.1343	2.0101	-20.6541	-0.1668
75	P	N	-0.1614	2.0101	-20.6541	-0.2022
75	P	Q	-0.0872	2.0101	-5.7813	-0.2044
75	P	R	-0.2045	2.0101	-20.6541	-0.2586
75	P	S	-0.0471	2.0101	-3.5590	-0.1668
75	P	T	-0.0685	2.0101	-5.3663	-0.1827
75	P	V	-0.0613	2.0101	-6.3663	-0.1666
75	P	W	-0.1405	2.0101	-7.3662	-0.2636
75	P	Y	-0.1967	2.0101	-20.6541	-0.2485
76	Q	A	0.0098	2.3253	-3.4811	-0.1308
76	Q	C	-0.1255	2.3253	-20.9388	-0.1913
76	Q	D	-0.1658	2.3253	-20.9388	-0.2441
76	Q	E	-0.0004	2.3253	-4.4811	-0.1375
76	Q	F	-0.0657	2.3253	-7.6509	-0.2018
76	Q	G	-0.1499	2.3253	-20.9388	-0.2233
76	Q	H	-0.0045	2.3253	-6.0661	-0.1322
76	Q	I	-0.1149	2.3253	-20.9388	-0.1774
76	Q	K	-0.0446	2.3253	-7.6509	-0.1742
76	Q	L	-0.0054	2.3253	-2.7442	-0.1556
76	Q	M	-0.0692	2.3253	-20.9388	-0.1176
76	Q	N	-0.0949	2.3253	-20.9388	-0.1513
76	Q	P	-0.1539	2.3253	-1.5425	-0.3581
76	Q	R	-0.0432	2.3253	-7.6509	-0.1723
76	Q	S	-0.0977	2.3253	-20.9388	-0.1549
76	Q	T	-0.0398	2.3253	-7.6509	-0.1679
76	Q	V	-0.0420	2.3253	-6.6510	-0.1775
76	Q	W	-0.0651	2.3253	-7.6509	-0.2010
76	Q	Y	-0.1358	2.3253	-20.9388	-0.2048
77	P	A	-0.1927	0.5317	-5.3646	-0.1672
77	P	C	-0.3050	0.5317	-20.9742	-0.2100
77	P	D	-0.3309	0.5317	-20.9742	-0.2439
77	P	E	-0.3147	0.5317	-20.9742	-0.2227
77	P	F	-0.3334	0.5317	-20.9742	-0.2472
77	P	G	-0.2867	0.5317	-20.9742	-0.1860
77	P	H	-0.2381	0.5317	-6.6864	-0.2179
77	P	I	-0.3165	0.5317	-20.9742	-0.2250
77	P	K	-0.3064	0.5317	-20.9742	-0.2118
77	P	L	-0.2532	0.5317	-7.6864	-0.2310
77	P	M	-0.2720	0.5317	-20.9742	-0.1668
77	P	N	-0.2261	0.5317	-6.6864	-0.2022
77	P	Q	-0.3007	0.5317	-20.9742	-0.2044
77	P	R	-0.3421	0.5317	-20.9742	-0.2586
77	P	S	-0.1991	0.5317	-6.6864	-0.1668
77	P	T	-0.2163	0.5317	-7.6864	-0.1827
77	P	V	-0.2040	0.5317	-7.6864	-0.1666
77	P	W	-0.3459	0.5317	-20.9742	-0.2636
77	P	Y	-0.3344	0.5317	-20.9742	-0.2485
78	I	A	-0.1736	1.9484	-7.8516	-0.2963
78	I	C	-0.1536	1.9484	-7.8516	-0.2701
78	I	D	-0.3655	1.9484	-21.1395	-0.4587
78	I	E	-0.3464	1.9484	-21.1395	-0.4337
78	I	F	-0.1265	1.9484	-6.2668	-0.2452
78	I	G	-0.3321	1.9484	-21.1395	-0.4150
78	I	H	-0.2561	1.9484	-6.2668	-0.4149
78	I	K	-0.3389	1.9484	-21.1395	-0.4239
78	I	L	-0.0232	1.9484	-0.8745	-0.1460
78	I	M	-0.1323	1.9484	-21.1395	-0.1534
78	I	N	-0.2785	1.9484	-21.1395	-0.3449
78	I	P	-0.2872	1.9484	-1.8745	-0.4849
78	I	Q	-0.3061	1.9484	-21.1395	-0.3810
78	I	R	-0.2898	1.9484	-6.2668	-0.4590
78	I	S	-0.1942	1.9484	-3.9449	-0.3494
78	I	T	-0.1178	1.9484	-5.2668	-0.2405
78	I	V	-0.0071	1.9484	-5.5298	-0.0938
78	I	W	-0.2235	1.9484	-7.8516	-0.3616
78	I	Y	-0.3001	1.9484	-21.1395	-0.3732
79	M	A	-0.0939	2.4932	-6.8765	-0.2641
79	M	C	-0.1723	2.4932	-21.1642	-0.2713
79	M	D	-0.2782	2.4932	-21.1642	-0.4100
79	M	E	-0.2685	2.4932	-21.1642	-0.3972
79	M	F	-0.1718	2.4932	-21.1642	-0.2707
79	M	G	-0.1697	2.4932	-5.8765	-0.3700
79	M	H	-0.2251	2.4932	-21.1642	-0.3404
79	M	I	0.0077	2.4932	-3.1761	-0.1558
79	M	K	-0.1497	2.4932	-5.5546	-0.3460
79	M	L	0.0444	2.4932	-2.4503	-0.1126
79	M	N	-0.2199	2.4932	-21.1642	-0.3336
79	M	P	-0.2699	2.4932	-7.8764	-0.4879
79	M	Q	-0.2119	2.4932	-21.1642	-0.3232
79	M	R	-0.1699	2.4932	-4.1761	-0.3817
79	M	S	-0.1982	2.4932	-21.1642	-0.3052
79	M	T	-0.0583	2.4932	-5.5546	-0.2263
79	M	V	-0.0177	2.4932	-1.8765	-0.1978
79	M	W	-0.2346	2.4932	-21.1642	-0.3529
79	M	Y	-0.2142	2.4932	-21.1642	-0.3261
80	P	A	-0.0964	1.6062	-5.8765	-0.1672
80	P	C	-0.2071	1.6062	-21.1642	-0.2100
80	P	D	-0.2330	1.6062	-21.1642	-0.2439
80	P	E	-0.2168	1.6062	-21.1642	-0.2227
80	P	F	-0.2355	1.6062	-21.1642	-0.2472
80	P	G	-0.1108	1.6062	-5.8765	-0.1860
80	P	H	-0.1453	1.6062	-7.8764	-0.2179
80	P	I	-0.2186	1.6062	-21.1642	-0.2250
80	P	K	-0.2085	1.6062	-21.1642	-0.2118
80	P	L	-0.2231	1.6062	-21.1642	-0.2310
80	P	M	-0.1741	1.6062	-21.1642	-0.1668
80	P	N	-0.1150	1.6062	-4.2916	-0.2022
80	P	Q	-0.1299	1.6062	-6.8765	-0.2044
80	P	R	-0.2442	1.6062	-21.1642	-0.2586
80	P	S	-0.0931	1.6062	-5.2915	-0.1668
80	P	T	-0.0821	1.6062	-0.7472	-0.1827
80	P	V	-0.1740	1.6062	-21.1642	-0.1666
80	P	W	-0.2480	1.6062	-21.1642	-0.2636
80	P	Y	-0.2365	1.6062	-21.1642	-0.2485
81	S	A	0.0323	2.2595	-1.6806	-0.1054
81	S	C	-0.1175	2.2595	-21.1581	-0.1715
81	S	D	-0.1657	2.2595	-21.1581	-0.2346
81	S	E	-0.0609	2.2595	-5.8703	-0.1995
81	S	F	-0.1451	2.2595	-21.1581	-0.2076
81	S	G	0.0078	2.2595	-4.7004	-0.1174
81	S	H	-0.1463	2.2595	-21.1581	-0.2092
81	S	I	-0.1483	2.2595	-21.1581	-0.2117
81	S	K	-0.1557	2.2595	-21.1581	-0.2214
81	S	L	-0.0614	2.2595	-4.8704	-0.2068
81	S	M	-0.1156	2.2595	-21.1581	-0.1689
81	S	N	-0.0894	2.2595	-21.1581	-0.1346
81	S	P	-0.1211	2.2595	-1.6806	-0.3063
81	S	Q	-0.1090	2.2595	-21.1581	-0.1603
81	S	R	-0.0931	2.2595	-7.8702	-0.2283
81	S	T	0.0203	2.2595	-5.8703	-0.0932
81	S	V	-0.0415	2.2595	-5.2854	-0.1780
81	S	W	-0.1548	2.2595	-21.1581	-0.2203
81	S	Y	-0.1499	2.2595	-21.1581	-0.2139
82	V	A	-0.0282	2.3594	-1.5367	-0.1977
82	V	C	-0.1563	2.3594	-21.1642	-0.2342
82	V	D	-0.2950	2.3594	-21.1642	-0.4158
82	V	E	-0.2523	2.3594	-21.1642	-0.3599
82	V	F	-0.2055	2.3594	-21.1642	-0.2987
82	V	G	-0.1585	2.3594	-2.4171	-0.3624
82	V	H	-0.2980	2.3594	-21.1642	-0.4197
82	V	I	-0.0639	2.3594	-21.1642	-0.1133
82	V	K	-0.2912	2.3594	-21.1642	-0.4109
82	V	L	-0.0510	2.3594	-5.8765	-0.1985
82	V	M	-0.0703	2.3594	-7.8764	-0.2104
82	V	N	-0.2828	2.3594	-21.1642	-0.3999
82	V	P	-0.2409	2.3594	-3.1761	-0.4652
82	V	Q	-0.2629	2.3594	-21.1642	-0.3738
82	V	R	-0.3123	2.3594	-21.1642	-0.4384
82	V	S	-0.1367	2.3594	-2.4842	-0.3334
82	V	T	-0.0796	2.3594	-7.8764	-0.2226
82	V	W	-0.2461	2.3594	-21.1642	-0.3518
82	V	Y	-0.2490	2.3594	-21.1642	-0.3556
83	F	A	-0.1984	1.8761	-6.8948	-0.3264
83	F	C	-0.1533	1.8761	-4.3099	-0.2847
83	F	D	-0.3942	1.8761	-21.1825	-0.4874
83	F	E	-0.3636	1.8761	-21.1825	-0.4473
83	F	G	-0.3066	1.8761	-21.1825	-0.3727
83	F	H	-0.2988	1.8761	-21.1825	-0.3625
83	F	I	-0.1224	1.8761	-2.9879	-0.2530
83	F	K	-0.3705	1.8761	-21.1825	-0.4563
83	F	L	-0.0919	1.8761	-4.4354	-0.2034
83	F	M	-0.2083	1.8761	-21.1825	-0.2440
83	F	N	-0.3239	1.8761	-21.1825	-0.3953
83	F	P	-0.3268	1.8761	-7.8947	-0.4879
83	F	Q	-0.3260	1.8761	-21.1825	-0.3980
83	F	R	-0.3719	1.8761	-21.1825	-0.4581
83	F	S	-0.2503	1.8761	-21.1825	-0.2989
83	F	T	-0.2966	1.8761	-21.1825	-0.3595
83	F	V	-0.1128	1.8761	-2.2224	-0.2456
83	F	W	-0.1948	1.8761	-21.1825	-0.2263
83	F	Y	-0.0953	1.8761	-7.8947	-0.1848
84	S	A	-0.0752	1.4350	-7.8947	-0.1054
84	S	C	-0.1935	1.4350	-21.1825	-0.1715
84	S	D	-0.2417	1.4350	-21.1825	-0.2346
84	S	E	-0.2149	1.4350	-21.1825	-0.1995
84	S	F	-0.2211	1.4350	-21.1825	-0.2076
84	S	G	-0.1522	1.4350	-21.1825	-0.1174
84	S	H	-0.2223	1.4350	-21.1825	-0.2092
84	S	I	-0.1564	1.4350	-7.8947	-0.2117
84	S	K	-0.2317	1.4350	-21.1825	-0.2214
84	S	L	-0.1344	1.4350	-4.3099	-0.2068
84	S	M	-0.1916	1.4350	-21.1825	-0.1689
84	S	N	-0.1654	1.4350	-21.1825	-0.1346
84	S	P	-0.1932	1.4350	-0.9406	-0.3063
84	S	Q	-0.1172	1.4350	-7.8947	-0.1603
84	S	R	-0.2369	1.4350	-21.1825	-0.2283
84	S	T	-0.0557	1.4350	-5.8948	-0.0932
84	S	V	-0.1985	1.4350	-21.1825	-0.1780
84	S	W	-0.2308	1.4350	-21.1825	-0.2203
84	S	Y	-0.2259	1.4350	-21.1825	-0.2139
85	P	A	-0.1503	0.9671	-4.9248	-0.1672
85	P	C	-0.2662	0.9671	-21.2125	-0.2100
85	P	D	-0.2920	0.9671	-21.2125	-0.2439
85	P	E	-0.2080	0.9671	-7.9247	-0.2227
85	P	F	-0.2946	0.9671	-21.2125	-0.2472
85	P	G	-0.1800	0.9671	-7.9247	-0.1860
85	P	H	-0.2722	0.9671	-21.2125	-0.2179
85	P	I	-0.2776	0.9671	-21.2125	-0.2250
85	P	K	-0.2675	0.9671	-21.2125	-0.2118
85	P	L	-0.2042	0.9671	-5.9248	-0.2310
85	P	M	-0.2332	0.9671	-21.2125	-0.1668
85	P	N	-0.2602	0.9671	-21.2125	-0.2022
85	P	Q	-0.1839	0.9671	-5.9248	-0.2044
85	P	R	-0.2274	0.9671	-6.3398	-0.2586
85	P	S	-0.1510	0.9671	-5.1174	-0.1668
85	P	T	-0.1643	0.9671	-5.3398	-0.1827
85	P	V	-0.2330	0.9671	-21.2125	-0.1666
85	P	W	-0.3071	0.9671	-21.2125	-0.2636
85	P	Y	-0.2956	0.9671	-21.2125	-0.2485
86	D	A	-0.1257	1.4637	-4.9248	-0.1947
86	D	C	-0.2502	1.4637	-21.2125	-0.2490
86	D	E	-0.1537	1.4637	-21.2125	-0.1226
86	D	F	-0.3089	1.4637	-21.2125	-0.3258
86	D	G	-0.1138	1.4637	-0.4170	-0.2093
86	D	H	-0.2181	1.4637	-21.2125	-0.2069
86	D	I	-0.3011	1.4637	-21.2125	-0.3156
86	D	K	-0.2795	1.4637	-21.2125	-0.2873
86	D	L	-0.2948	1.4637	-21.2125	-0.3073
86	D	M	-0.2335	1.4637	-21.2125	-0.2271
86	D	N	-0.1077	1.4637	-7.9247	-0.1511
86	D	P	-0.3457	1.4637	-21.2125	-0.3740
86	D	Q	-0.1679	1.4637	-7.9247	-0.2300
86	D	R	-0.2244	1.4637	-4.3398	-0.3279
86	D	S	-0.1304	1.4637	-4.6029	-0.2031
86	D	T	-0.2452	1.4637	-21.2125	-0.2424
86	D	V	-0.1829	1.4637	-6.9248	-0.2563
86	D	W	-0.2021	1.4637	-4.1175	-0.3002
86	D	Y	-0.2538	1.4637	-21.2125	-0.2536
87	N	A	-0.0975	2.4584	-21.2302	-0.1688
87	N	C	-0.0745	2.4584	-6.9425	-0.2341
87	N	D	-0.0198	2.4584	-5.3575	-0.1730
87	N	E	-0.1279	2.4584	-21.2302	-0.2085
87	N	F	-0.0869	2.4584	-7.9424	-0.2436
87	N	G	-0.0300	2.4584	-1.9652	-0.2091
87	N	H	-0.0296	2.4584	-6.9425	-0.1753
87	N	I	-0.0719	2.4584	-6.3575	-0.2346
87	N	K	-0.0278	2.4584	-6.9425	-0.1730
87	N	L	-0.1542	2.4584	-21.2302	-0.2430
87	N	M	-0.1084	2.4584	-21.2302	-0.1830
87	N	P	-0.2631	2.4584	-21.2302	-0.3856
87	N	Q	-0.0156	2.4584	-6.3575	-0.1609
87	N	R	-0.0468	2.4584	-4.3576	-0.2151
87	N	S	0.0297	2.4584	-2.1876	-0.1294
87	N	T	-0.0293	2.4584	-4.0356	-0.1943
87	N	V	-0.1412	2.4584	-21.2302	-0.2259
87	N	W	-0.1598	2.4584	-21.2302	-0.2503
87	N	Y	-0.1383	2.4584	-21.2302	-0.2221
88	P	A	-0.2391	0.9070	-21.2419	-0.1672
88	P	C	-0.2718	0.9070	-21.2419	-0.2100
88	P	D	-0.2977	0.9070	-21.2419	-0.2439
88	P	E	-0.2815	0.9070	-21.2419	-0.2227
88	P	F	-0.3002	0.9070	-21.2419	-0.2472
88	P	G	-0.2535	0.9070	-21.2419	-0.1860
88	P	H	-0.2101	0.9070	-7.9541	-0.2179
88	P	I	-0.2833	0.9070	-21.2419	-0.2250
88	P	K	-0.2732	0.9070	-21.2419	-0.2118
88	P	L	-0.2201	0.9070	-7.9541	-0.2310
88	P	M	-0.2388	0.9070	-21.2419	-0.1668
88	P	N	-0.2659	0.9070	-21.2419	-0.2022
88	P	Q	-0.2676	0.9070	-21.2419	-0.2044
88	P	R	-0.2331	0.9070	-6.3692	-0.2586
88	P	S	-0.1490	0.9070	-3.6323	-0.1668
88	P	T	-0.1628	0.9070	-3.9542	-0.1827
88	P	V	-0.2387	0.9070	-21.2419	-0.1666
88	P	W	-0.3128	0.9070	-21.2419	-0.2636
88	P	Y	-0.3012	0.9070	-21.2419	-0.2485
89	L	A	-0.2710	0.8215	-7.9599	-0.2874
89	L	C	-0.3281	0.8215	-21.2477	-0.2733
89	L	D	-0.4604	0.8215	-21.2477	-0.4465
89	L	E	-0.4284	0.8215	-21.2477	-0.4047
89	L	F	-0.2045	0.8215	-7.9599	-0.2003
89	L	G	-0.4137	0.8215	-21.2477	-0.3854
89	L	H	-0.3134	0.8215	-7.9599	-0.3429
89	L	I	-0.2130	0.8215	-21.2477	-0.1226
89	L	K	-0.4275	0.8215	-21.2477	-0.4034
89	L	M	-0.1685	0.8215	-7.9599	-0.1531
89	L	N	-0.4067	0.8215	-21.2477	-0.3762
89	L	P	-0.3350	0.8215	-4.1526	-0.3966
89	L	Q	-0.2837	0.8215	-6.3750	-0.3146
89	L	R	-0.4191	0.8215	-21.2477	-0.3924
89	L	S	-0.2963	0.8215	-6.9599	-0.3272
89	L	T	-0.3420	0.8215	-21.2477	-0.2915
89	L	V	-0.1661	0.8215	-4.9600	-0.1701
89	L	W	-0.3715	0.8215	-21.2477	-0.3301
89	L	Y	-0.3644	0.8215	-21.2477	-0.3208
90	M	A	-0.2101	1.2906	-7.9599	-0.2641
90	M	C	-0.2834	1.2906	-21.2477	-0.2713
90	M	D	-0.3893	1.2906	-21.2477	-0.4100
90	M	E	-0.3066	1.2906	-6.9599	-0.3972
90	M	F	-0.2829	1.2906	-21.2477	-0.2707
90	M	G	-0.2740	1.2906	-4.6381	-0.3700
90	M	H	-0.3362	1.2906	-21.2477	-0.3404
90	M	I	-0.1952	1.2906	-21.2477	-0.1558
90	M	K	-0.3404	1.2906	-21.2477	-0.3460
90	M	L	-0.0680	1.2906	-2.7901	-0.1126
90	M	N	-0.3310	1.2906	-21.2477	-0.3336
90	M	P	-0.4488	1.2906	-21.2477	-0.4879
90	M	Q	-0.2552	1.2906	-7.9599	-0.3232
90	M	R	-0.3677	1.2906	-21.2477	-0.3817
90	M	S	-0.3093	1.2906	-21.2477	-0.3052
90	M	T	-0.2490	1.2906	-21.2477	-0.2263
90	M	V	-0.1211	1.2906	-0.4443	-0.1978
90	M	W	-0.3457	1.2906	-21.2477	-0.3529
90	M	Y	-0.3252	1.2906	-21.2477	-0.3261
91	L	A	-0.3815	0.3611	-21.3045	-0.2874
91	L	C	-0.3707	0.3611	-21.3045	-0.2733
91	L	D	-0.5030	0.3611	-21.3045	-0.4465
91	L	E	-0.4711	0.3611	-21.3045	-0.4047
91	L	F	-0.2370	0.3611	-6.0168	-0.2003
91	L	G	-0.4564	0.3611	-21.3045	-0.3854
91	L	H	-0.4239	0.3611	-21.3045	-0.3429
91	L	I	-0.1878	0.3611	-8.0167	-0.1226
91	L	K	-0.4701	0.3611	-21.3045	-0.4034
91	L	M	-0.2111	0.3611	-8.0167	-0.1531
91	L	N	-0.4493	0.3611	-21.3045	-0.3762
91	L	P	-0.3971	0.3611	-8.0167	-0.3966
91	L	Q	-0.3226	0.3611	-5.6949	-0.3146
91	L	R	-0.4617	0.3611	-21.3045	-0.3924
91	L	S	-0.4119	0.3611	-21.3045	-0.3272
91	L	T	-0.3846	0.3611	-21.3045	-0.2915
91	L	V	-0.2919	0.3611	-21.3045	-0.1701
91	L	W	-0.4141	0.3611	-21.3045	-0.3301
91	L	Y	-0.4070	0.3611	-21.3045	-0.3208
92	S	A	-0.0931	1.1601	-6.4318	-0.1054
92	S	C	-0.2195	1.1601	-21.3045	-0.1715
92	S	D	-0.2676	1.1601	-21.3045	-0.2346
92	S	E	-0.2408	1.1601	-21.3045	-0.1995
92	S	F	-0.1690	1.1601	-6.0168	-0.2076
92	S	G	-0.1781	1.1601	-21.3045	-0.1174
92	S	H	-0.2482	1.1601	-21.3045	-0.2092
92	S	I	-0.2502	1.1601	-21.3045	-0.2117
92	S	K	-0.2576	1.1601	-21.3045	-0.2214
92	S	L	-0.1705	1.1601	-6.4318	-0.2068
92	S	M	-0.2175	1.1601	-21.3045	-0.1689
92	S	N	-0.1913	1.1601	-21.3045	-0.1346
92	S	P	-0.2232	1.1601	-1.8671	-0.3063
92	S	Q	-0.2109	1.1601	-21.3045	-0.1603
92	S	R	-0.2628	1.1601	-21.3045	-0.2283
92	S	T	-0.0918	1.1601	-8.0167	-0.0932
92	S	V	-0.2244	1.1601	-21.3045	-0.1780
92	S	W	-0.2567	1.1601	-21.3045	-0.2203
92	S	Y	-0.2518	1.1601	-21.3045	-0.2139
93	A	C	-0.1776	0.9822	-8.0167	-0.1841
93	A	D	-0.2543	0.9822	-7.0167	-0.2911
93	A	E	-0.3128	0.9822	-21.3045	-0.2723
93	A	F	-0.2956	0.9822	-21.3045	-0.2497
93	A	G	-0.1711	0.9822	-8.0167	-0.1756
93	A	H	-0.2997	0.9822	-21.3045	-0.2551
93	A	I	-0.2851	0.9822	-21.3045	-0.2360
93	A	K	-0.3175	0.9822	-21.3045	-0.2784
93	A	L	-0.2898	0.9822	-21.3045	-0.2422
93	A	M	-0.2486	0.9822	-21.3045	-0.1882
93	A	N	-0.2975	0.9822	-21.3045	-0.2523
93	A	P	-0.2821	0.9822	-4.6949	-0.3431
93	A	Q	-0.2950	0.9822	-21.3045	-0.2490
93	A	R	-0.3282	0.9822	-21.3045	-0.2924
93	A	S	-0.1305	0.9822	-5.6949	-0.1379
93	A	T	-0.1256	0.9822	-3.5574	-0.1457
93	A	V	-0.1402	0.9822	-7.0167	-0.1418
93	A	W	-0.3065	0.9822	-21.3045	-0.2640
93	A	Y	-0.3147	0.9822	-21.3045	-0.2748
94	F	A	-0.2624	1.2421	-8.0222	-0.3264
94	F	C	-0.2984	1.2421	-21.3101	-0.2847
94	F	D	-0.4532	1.2421	-21.3101	-0.4874
94	F	E	-0.4226	1.2421	-21.3101	-0.4473
94	F	G	-0.3656	1.2421	-21.3101	-0.3727
94	F	H	-0.2798	1.2421	-6.0223	-0.3625
94	F	I	-0.1983	1.2421	-6.4374	-0.2530
94	F	K	-0.4295	1.2421	-21.3101	-0.4563
94	F	L	-0.1377	1.2421	-1.9780	-0.2034
94	F	M	-0.2673	1.2421	-21.3101	-0.2440
94	F	N	-0.3829	1.2421	-21.3101	-0.3953
94	F	P	-0.3858	1.2421	-8.0222	-0.4879
94	F	Q	-0.3849	1.2421	-21.3101	-0.3980
94	F	R	-0.4309	1.2421	-21.3101	-0.4581
94	F	S	-0.3093	1.2421	-21.3101	-0.2989
94	F	T	-0.3555	1.2421	-21.3101	-0.3595
94	F	V	-0.2007	1.2421	-8.0222	-0.2456
94	F	W	-0.2538	1.2421	-21.3101	-0.2263
94	F	Y	-0.1424	1.2421	-5.7004	-0.1848
95	P	A	-0.2150	0.4366	-8.0278	-0.1672
95	P	C	-0.2375	0.4366	-6.0279	-0.2100
95	P	D	-0.3414	0.4366	-21.3156	-0.2439
95	P	E	-0.3252	0.4366	-21.3156	-0.2227
95	P	F	-0.3439	0.4366	-21.3156	-0.2472
95	P	G	-0.2972	0.4366	-21.3156	-0.1860
95	P	H	-0.3215	0.4366	-21.3156	-0.2179
95	P	I	-0.3270	0.4366	-21.3156	-0.2250
95	P	K	-0.3169	0.4366	-21.3156	-0.2118
95	P	L	-0.2586	0.4366	-7.0278	-0.2310
95	P	M	-0.2825	0.4366	-21.3156	-0.1668
95	P	N	-0.3095	0.4366	-21.3156	-0.2022
95	P	Q	-0.3112	0.4366	-21.3156	-0.2044
95	P	R	-0.2797	0.4366	-7.0278	-0.2586
95	P	S	-0.2015	0.4366	-5.4429	-0.1668
95	P	T	-0.2946	0.4366	-21.3156	-0.1827
95	P	V	-0.2823	0.4366	-21.3156	-0.1666
95	P	W	-0.3564	0.4366	-21.3156	-0.2636
95	P	Y	-0.3449	0.4366	-21.3156	-0.2485
96	S	A	-0.0768	2.1624	-21.3156	-0.1054
96	S	C	-0.1273	2.1624	-21.3156	-0.1715
96	S	D	-0.1755	2.1624	-21.3156	-0.2346
96	S	E	-0.1487	2.1624	-21.3156	-0.1995
96	S	F	-0.1549	2.1624	-21.3156	-0.2076
96	S	G	0.0090	2.1624	-2.7060	-0.1174
96	S	H	-0.1561	2.1624	-21.3156	-0.2092
96	S	I	-0.1580	2.1624	-21.3156	-0.2117
96	S	K	-0.0895	2.1624	-6.4429	-0.2214
96	S	L	-0.1542	2.1624	-21.3156	-0.2068
96	S	M	-0.0413	2.1624	-4.8580	-0.1689
96	S	N	-0.0143	2.1624	-4.7060	-0.1346
96	S	P	-0.2302	2.1624	-21.3156	-0.3063
96	S	Q	-0.1187	2.1624	-21.3156	-0.1603
96	S	R	-0.0709	2.1624	-1.7611	-0.2283
96	S	T	0.0207	2.1624	-4.0279	-0.0932
96	S	V	-0.0644	2.1624	-8.0278	-0.1780
96	S	W	-0.1646	2.1624	-21.3156	-0.2203
96	S	Y	-0.1597	2.1624	-21.3156	-0.2139
97	S	A	-0.0145	2.0147	-6.4484	-0.1054
97	S	C	-0.1409	2.0147	-21.3211	-0.1715
97	S	D	-0.1891	2.0147	-21.3211	-0.2346
97	S	E	-0.1623	2.0147	-21.3211	-0.1995
97	S	F	-0.1685	2.0147	-21.3211	-0.2076
97	S	G	-0.0996	2.0147	-21.3211	-0.1174
97	S	H	-0.1697	2.0147	-21.3211	-0.2092
97	S	I	-0.0920	2.0147	-5.7115	-0.2117
97	S	K	-0.1790	2.0147	-21.3211	-0.2214
97	S	L	-0.0950	2.0147	-7.0334	-0.2068
97	S	M	-0.0461	2.0147	-3.1265	-0.1689
97	S	N	-0.0449	2.0147	-8.0333	-0.1346
97	S	P	-0.1458	2.0147	-2.1027	-0.3063
97	S	Q	-0.0543	2.0147	-6.0334	-0.1603
97	S	R	-0.1165	2.0147	-8.0333	-0.2283
97	S	T	0.0230	2.0147	-0.9249	-0.0932
97	S	V	-0.0730	2.0147	-7.0334	-0.1780
97	S	W	-0.1782	2.0147	-21.3211	-0.2203
97	S	Y	-0.1733	2.0147	-21.3211	-0.2139
98	L	A	-0.1946	1.6567	-8.0443	-0.2874
98	L	C	-0.2517	1.6567	-21.3321	-0.2733
98	L	D	-0.3840	1.6567	-21.3321	-0.4465
98	L	E	-0.3520	1.6567	-21.3321	-0.4047
98	L	F	-0.1959	1.6567	-21.3321	-0.2003
98	L	G	-0.3373	1.6567	-21.3321	-0.3854
98	L	H	-0.3048	1.6567	-21.3321	-0.3429
98	L	I	-0.1366	1.6567	-21.3321	-0.1226
98	L	K	-0.3510	1.6567	-21.3321	-0.4034
98	L	M	-0.0818	1.6567	-6.0444	-0.1531
98	L	N	-0.3303	1.6567	-21.3321	-0.3762
98	L	P	-0.2420	1.6567	-0.9891	-0.3966
98	L	Q	-0.2036	1.6567	-5.7224	-0.3146
98	L	R	-0.3426	1.6567	-21.3321	-0.3924
98	L	S	-0.1995	1.6567	-3.0444	-0.3272
98	L	T	-0.2656	1.6567	-21.3321	-0.2915
98	L	V	-0.1728	1.6567	-21.3321	-0.1701
98	L	W	-0.2272	1.6567	-8.0443	-0.3301
98	L	Y	-0.2879	1.6567	-21.3321	-0.3208
99	L	A	-0.2613	0.9327	-8.0497	-0.2874
99	L	C	-0.3183	0.9327	-21.3376	-0.2733
99	L	D	-0.4506	0.9327	-21.3376	-0.4465
99	L	E	-0.4187	0.9327	-21.3376	-0.4047
99	L	F	-0.2625	0.9327	-21.3376	-0.2003
99	L	G	-0.4039	0.9327	-21.3376	-0.3854
99	L	H	-0.3715	0.9327	-21.3376	-0.3429
99	L	I	-0.1354	0.9327	-8.0497	-0.1226
99	L	K	-0.3418	0.9327	-6.4648	-0.4034
99	L	M	-0.1485	0.9327	-6.0498	-0.1531
99	L	N	-0.3969	0.9327	-21.3376	-0.3762
99	L	P	-0.4125	0.9327	-21.3376	-0.3966
99	L	Q	-0.2820	0.9327	-8.0497	-0.3146
99	L	R	-0.3313	0.9327	-6.0498	-0.3924
99	L	S	-0.2815	0.9327	-6.0498	-0.3272
99	L	T	-0.3322	0.9327	-21.3376	-0.2915
99	L	V	-0.1528	0.9327	-4.3494	-0.1701
99	L	W	-0.2939	0.9327	-8.0497	-0.3301
99	L	Y	-0.2787	0.9327	-6.4648	-0.3208
100	V	A	-0.1781	0.8929	-4.4649	-0.1977
100	V	C	-0.2921	0.8929	-21.3376	-0.2342
100	V	D	-0.4308	0.8929	-21.3376	-0.4158
100	V	E	-0.3881	0.8929	-21.3376	-0.3599
100	V	F	-0.3414	0.8929	-21.3376	-0.2987
100	V	G	-0.3222	0.8929	-8.0497	-0.3624
100	V	H	-0.4338	0.8929	-21.3376	-0.4197
100	V	I	-0.1320	0.8929	-8.0497	-0.1133
100	V	K	-0.4271	0.8929	-21.3376	-0.4109
100	V	L	-0.1868	0.8929	-6.0498	-0.1985
100	V	M	-0.1872	0.8929	-4.3494	-0.2104
100	V	N	-0.3509	0.8929	-8.0497	-0.3999
100	V	P	-0.4686	0.8929	-21.3376	-0.4652
100	V	Q	-0.3987	0.8929	-21.3376	-0.3738
100	V	R	-0.4481	0.8929	-21.3376	-0.4384
100	V	S	-0.3679	0.8929	-21.3376	-0.3334
100	V	T	-0.2036	0.8929	-5.7279	-0.2226
100	V	W	-0.3819	0.8929	-21.3376	-0.3518
100	V	Y	-0.3848	0.8929	-21.3376	-0.3556
101	T	A	-0.0598	1.6747	-0.8890	-0.1608
101	T	C	-0.1995	1.6747	-21.2535	-0.2077
101	T	D	-0.2792	1.6747	-21.2535	-0.3121
101	T	E	-0.2546	1.6747	-21.2535	-0.2798
101	T	F	-0.1950	1.6747	-6.3808	-0.3012
101	T	G	-0.2372	1.6747	-21.2535	-0.2570
101	T	H	-0.2512	1.6747	-21.2535	-0.2754
101	T	I	-0.1218	1.6747	-7.9657	-0.1947
101	T	K	-0.2468	1.6747	-21.2535	-0.2696
101	T	L	-0.1737	1.6747	-7.9657	-0.2627
101	T	M	-0.1355	1.6747	-6.9657	-0.2194
101	T	N	-0.1464	1.6747	-6.9657	-0.2336
101	T	P	-0.2440	1.6747	-4.7959	-0.3759
101	T	Q	-0.2288	1.6747	-21.2535	-0.2460
101	T	R	-0.1818	1.6747	-7.9657	-0.2733
101	T	S	-0.0494	1.6747	-5.9658	-0.1133
101	T	V	-0.0975	1.6747	-5.6438	-0.1784
101	T	W	-0.2638	1.6747	-21.2535	-0.2919
101	T	Y	-0.2724	1.6747	-21.2535	-0.3031
102	G	A	-0.1667	1.3228	-3.5629	-0.2405
102	G	C	-0.3170	1.3228	-21.3101	-0.3187
102	G	D	-0.3175	1.3228	-21.3101	-0.3194
102	G	E	-0.2232	1.3228	-2.9780	-0.3185
102	G	F	-0.3551	1.3228	-21.3101	-0.3686
102	G	H	-0.3298	1.3228	-21.3101	-0.3355
102	G	I	-0.3329	1.3228	-8.0222	-0.4284
102	G	K	-0.3497	1.3228	-21.3101	-0.3616
102	G	L	-0.3690	1.3228	-21.3101	-0.3868
102	G	M	-0.3072	1.3228	-21.3101	-0.3059
102	G	N	-0.2449	1.3228	-7.0223	-0.3198
102	G	P	-0.4149	1.3228	-21.3101	-0.4469
102	G	Q	-0.2529	1.3228	-8.0222	-0.3236
102	G	R	-0.2557	1.3228	-6.0223	-0.3407
102	G	S	-0.1902	1.3228	-7.0223	-0.2482
102	G	T	-0.2722	1.3228	-8.0222	-0.3489
102	G	V	-0.2762	1.3228	-8.0222	-0.3541
102	G	W	-0.3548	1.3228	-21.3101	-0.3683
102	G	Y	-0.3554	1.3228	-21.3101	-0.3691
103	D	A	-0.0395	2.3974	-4.8745	-0.1947
103	D	C	-0.0971	2.3974	-8.0443	-0.2490
103	D	E	0.0228	2.3974	-3.4594	-0.1226
103	D	F	-0.2236	2.3974	-21.3321	-0.3258
103	D	G	-0.0617	2.3974	-7.0443	-0.2093
103	D	H	-0.0518	2.3974	-5.4594	-0.2069
103	D	I	-0.1480	2.3974	-8.0443	-0.3156
103	D	K	-0.1183	2.3974	-6.4594	-0.2873
103	D	L	-0.1417	2.3974	-8.0443	-0.3073
103	D	M	-0.1482	2.3974	-21.3321	-0.2271
103	D	N	0.0001	2.3974	-3.6521	-0.1511
103	D	P	-0.2604	2.3974	-21.3321	-0.3740
103	D	Q	-0.0521	2.3974	-2.0671	-0.2300
103	D	R	-0.2252	2.3974	-21.3321	-0.3279
103	D	S	-0.0519	2.3974	-6.0444	-0.2031
103	D	T	-0.0819	2.3974	-6.0444	-0.2424
103	D	V	-0.0925	2.3974	-6.0444	-0.2563
103	D	W	-0.2041	2.3974	-21.3321	-0.3002
103	D	Y	-0.1685	2.3974	-21.3321	-0.2536
104	G	A	-0.0809	2.1971	-2.5305	-0.2405
104	G	C	-0.1606	2.1971	-6.4374	-0.3187
104	G	D	-0.1392	2.1971	-2.1397	-0.3194
104	G	E	-0.1634	2.1971	-7.0223	-0.3185
104	G	F	-0.2746	2.1971	-21.3101	-0.3686
104	G	H	-0.1653	2.1971	-4.8524	-0.3355
104	G	I	-0.3203	2.1971	-21.3101	-0.4284
104	G	K	-0.2693	2.1971	-21.3101	-0.3616
104	G	L	-0.2885	2.1971	-21.3101	-0.3868
104	G	M	-0.1589	2.1971	-8.0222	-0.3059
104	G	N	-0.2373	2.1971	-21.3101	-0.3198
104	G	P	-0.2585	2.1971	-6.4374	-0.4469
104	G	Q	-0.1724	2.1971	-8.0222	-0.3236
104	G	R	-0.1774	2.1971	-6.4374	-0.3407
104	G	S	-0.1005	2.1971	-5.2150	-0.2482
104	G	T	-0.1918	2.1971	-8.0222	-0.3489
104	G	V	-0.2635	2.1971	-21.3101	-0.3541
104	G	W	-0.2015	2.1971	-7.0223	-0.3683
104	G	Y	-0.2072	2.1971	-8.0222	-0.3691
105	G	A	-0.1779	1.3180	-5.6781	-0.2405
105	G	C	-0.3173	1.3180	-21.2877	-0.3187
105	G	D	-0.2368	1.3180	-5.4150	-0.3194
105	G	E	-0.2493	1.3180	-7.9999	-0.3185
105	G	F	-0.3554	1.3180	-21.2877	-0.3686
105	G	H	-0.2572	1.3180	-6.9999	-0.3355
105	G	I	-0.3333	1.3180	-7.9999	-0.4284
105	G	K	-0.3500	1.3180	-21.2877	-0.3616
105	G	L	-0.3693	1.3180	-21.2877	-0.3868
105	G	M	-0.3075	1.3180	-21.2877	-0.3059
105	G	N	-0.2452	1.3180	-6.9999	-0.3198
105	G	P	-0.4152	1.3180	-21.2877	-0.4469
105	G	Q	-0.3210	1.3180	-21.2877	-0.3236
105	G	R	-0.2612	1.3180	-6.9999	-0.3407
105	G	S	-0.1708	1.3180	-3.1420	-0.2482
105	G	T	-0.2674	1.3180	-6.9999	-0.3489
105	G	V	-0.2612	1.3180	-5.0000	-0.3541
105	G	W	-0.3552	1.3180	-21.2877	-0.3683
105	G	Y	-0.3558	1.3180	-21.2877	-0.3691
106	P	A	0.0317	3.0027	-5.9542	-0.1672
106	P	C	0.0109	3.0027	-3.6323	-0.2100
106	P	D	-0.1049	3.0027	-21.2419	-0.2439
106	P	E	-0.0887	3.0027	-21.2419	-0.2227
106	P	F	-0.1074	3.0027	-21.2419	-0.2472
106	P	G	-0.0607	3.0027	-21.2419	-0.1860
106	P	H	0.0076	3.0027	-3.0962	-0.2179
106	P	I	-0.0905	3.0027	-21.2419	-0.2250
106	P	K	-0.0804	3.0027	-21.2419	-0.2118
106	P	L	-0.0064	3.0027	-3.8667	-0.2310
106	P	M	0.0269	3.0027	-6.9541	-0.1668
106	P	N	-0.0730	3.0027	-21.2419	-0.2022
106	P	Q	0.0162	3.0027	-3.4306	-0.2044
106	P	R	-0.0210	3.0027	-2.5967	-0.2586
106	P	S	0.0412	3.0027	-4.1468	-0.1668
106	P	T	0.0313	3.0027	-3.7063	-0.1827
106	P	V	0.0220	3.0027	-7.9541	-0.1666
106	P	W	-0.1199	3.0027	-21.2419	-0.2636
106	P	Y	-0.0287	3.0027	-5.6323	-0.2485
107	C	A	-0.2475	1.6840	-4.5969	-0.3830
107	C	D	-0.4395	1.6840	-21.2066	-0.5234
107	C	E	-0.4272	1.6840	-21.2066	-0.5072
107	C	F	-0.3263	1.6840	-21.2066	-0.3751
107	C	G	-0.2190	1.6840	-0.4842	-0.3731
107	C	H	-0.4380	1.6840	-21.2066	-0.5214
107	C	I	-0.2765	1.6840	-5.5969	-0.4142
107	C	K	-0.4278	1.6840	-21.2066	-0.5080
107	C	L	-0.3892	1.6840	-21.2066	-0.4575
107	C	M	-0.3564	1.6840	-21.2066	-0.4146
107	C	N	-0.3061	1.6840	-6.3339	-0.4480
107	C	P	-0.4506	1.6840	-21.2066	-0.5379
107	C	Q	-0.3300	1.6840	-6.3339	-0.4794
107	C	R	-0.3167	1.6840	-7.9187	-0.4514
107	C	S	-0.2450	1.6840	-5.9188	-0.3709
107	C	T	-0.2695	1.6840	-3.9189	-0.4163
107	C	V	-0.2681	1.6840	-4.3339	-0.4117
107	C	W	-0.2616	1.6840	-7.9187	-0.3792
107	C	Y	-0.3356	1.6840	-21.2066	-0.3873
108	L	A	-0.1725	1.8026	-6.3339	-0.2874
108	L	C	-0.2376	1.8026	-21.2066	-0.2733
108	L	D	-0.3699	1.8026	-21.2066	-0.4465
108	L	E	-0.3380	1.8026	-21.2066	-0.4047
108	L	F	-0.1818	1.8026	-21.2066	-0.2003
108	L	G	-0.2411	1.8026	-5.1115	-0.3854
108	L	H	-0.2068	1.8026	-4.7489	-0.3429
108	L	I	-0.1225	1.8026	-21.2066	-0.1226
108	L	K	-0.2611	1.8026	-6.3339	-0.4034
108	L	M	-0.0780	1.8026	-7.9187	-0.1531
108	L	N	-0.3162	1.8026	-21.2066	-0.3762
108	L	P	-0.2267	1.8026	-0.6151	-0.3966
108	L	Q	-0.1932	1.8026	-6.3339	-0.3146
108	L	R	-0.2527	1.8026	-6.3339	-0.3924
108	L	S	-0.1966	1.8026	-5.1115	-0.3272
108	L	T	-0.1694	1.8026	-5.1115	-0.2915
108	L	V	-0.1588	1.8026	-21.2066	-0.1701
108	L	W	-0.2810	1.8026	-21.2066	-0.3301
108	L	Y	-0.2739	1.8026	-21.2066	-0.3208
109	S	A	0.0320	2.5492	-6.9657	-0.1054
109	S	C	-0.0236	2.5492	-7.9657	-0.1715
109	S	D	-0.0565	2.5492	-4.9658	-0.2346
109	S	E	-0.1128	2.5492	-21.2535	-0.1995
109	S	F	-0.1189	2.5492	-21.2535	-0.2076
109	S	G	0.0394	2.5492	-3.7179	-0.1174
109	S	H	-0.0524	2.5492	-7.9657	-0.2092
109	S	I	-0.0424	2.5492	-5.6438	-0.2117
109	S	K	-0.0566	2.5492	-6.9657	-0.2214
109	S	L	-0.0387	2.5492	-5.6438	-0.2068
109	S	M	-0.0165	2.5492	-6.9657	-0.1689
109	S	N	0.0306	2.5492	-2.8783	-0.1346
109	S	P	-0.1089	2.5492	-4.5064	-0.3063
109	S	Q	-0.0150	2.5492	-7.9657	-0.1603
109	S	R	-0.0526	2.5492	-5.1584	-0.2283
109	S	T	0.0524	2.5492	-4.7959	-0.0932
109	S	V	-0.0096	2.5492	-4.2653	-0.1780
109	S	W	-0.1287	2.5492	-21.2535	-0.2203
109	S	Y	-0.1238	2.5492	-21.2535	-0.2139
110	G	A	-0.1191	1.8155	-3.1320	-0.2405
110	G	C	-0.2717	1.8155	-21.3266	-0.3187
110	G	D	-0.1993	1.8155	-7.0389	-0.3194
110	G	E	-0.2037	1.8155	-8.0388	-0.3185
110	G	F	-0.3098	1.8155	-21.3266	-0.3686
110	G	H	-0.2845	1.8155	-21.3266	-0.3355
110	G	I	-0.2724	1.8155	-5.0389	-0.4284
110	G	K	-0.3045	1.8155	-21.3266	-0.3616
110	G	L	-0.3237	1.8155	-21.3266	-0.3868
110	G	M	-0.1941	1.8155	-8.0388	-0.3059
110	G	N	-0.2725	1.8155	-21.3266	-0.3198
110	G	P	-0.2937	1.8155	-6.4539	-0.4469
110	G	Q	-0.2754	1.8155	-21.3266	-0.3236
110	G	R	-0.2126	1.8155	-6.4539	-0.3407
110	G	S	-0.1449	1.8155	-7.0389	-0.2482
110	G	T	-0.2168	1.8155	-6.0389	-0.3489
110	G	V	-0.2156	1.8155	-5.0389	-0.3541
110	G	W	-0.2181	1.8155	-3.3951	-0.3683
110	G	Y	-0.2424	1.8155	-8.0388	-0.3691
111	A	C	-0.1556	1.9607	-21.3376	-0.1841
111	A	D	-0.2373	1.9607	-21.3376	-0.2911
111	A	E	-0.2230	1.9607	-21.3376	-0.2723
111	A	F	-0.2057	1.9607	-21.3376	-0.2497
111	A	G	-0.0694	1.9607	-5.7279	-0.1756
111	A	H	-0.2098	1.9607	-21.3376	-0.2551
111	A	I	-0.1274	1.9607	-8.0497	-0.2360
111	A	K	-0.2276	1.9607	-21.3376	-0.2784
111	A	L	-0.1322	1.9607	-8.0497	-0.2422
111	A	M	-0.0909	1.9607	-8.0497	-0.1882
111	A	N	-0.1399	1.9607	-8.0497	-0.2523
111	A	P	-0.1806	1.9607	-2.4351	-0.3431
111	A	Q	-0.2052	1.9607	-21.3376	-0.2490
111	A	R	-0.2383	1.9607	-21.3376	-0.2924
111	A	S	-0.0444	1.9607	-6.4648	-0.1379
111	A	T	-0.0288	1.9607	-2.2425	-0.1457
111	A	V	-0.0355	1.9607	-4.1430	-0.1418
111	A	W	-0.2166	1.9607	-21.3376	-0.2640
111	A	Y	-0.2249	1.9607	-21.3376	-0.2748
112	G	A	-0.1466	1.5493	-3.7225	-0.2405
112	G	C	-0.2284	1.5493	-8.0443	-0.3187
112	G	D	-0.2968	1.5493	-21.3321	-0.3194
112	G	E	-0.2130	1.5493	-5.0444	-0.3185
112	G	F	-0.3343	1.5493	-21.3321	-0.3686
112	G	H	-0.3091	1.5493	-21.3321	-0.3355
112	G	I	-0.3800	1.5493	-21.3321	-0.4284
112	G	K	-0.3290	1.5493	-21.3321	-0.3616
112	G	L	-0.3482	1.5493	-21.3321	-0.3868
112	G	M	-0.2186	1.5493	-8.0443	-0.3059
112	G	N	-0.2971	1.5493	-21.3321	-0.3198
112	G	P	-0.3263	1.5493	-8.0443	-0.4469
112	G	Q	-0.2271	1.5493	-7.0443	-0.3236
112	G	R	-0.2258	1.5493	-4.2370	-0.3407
112	G	S	-0.1746	1.5493	-8.0443	-0.2482
112	G	T	-0.2372	1.5493	-5.2370	-0.3489
112	G	V	-0.2350	1.5493	-4.0444	-0.3541
112	G	W	-0.3341	1.5493	-21.3321	-0.3683
112	G	Y	-0.3347	1.5493	-21.3321	-0.3691
113	A	C	-0.1577	1.9367	-21.3101	-0.1841
113	A	D	-0.1716	1.9367	-8.0222	-0.2911
113	A	E	-0.2250	1.9367	-21.3101	-0.2723
113	A	F	-0.1400	1.9367	-8.0222	-0.2497
113	A	G	-0.0639	1.9367	-4.2150	-0.1756
113	A	H	-0.2119	1.9367	-21.3101	-0.2551
113	A	I	-0.1295	1.9367	-8.0222	-0.2360
113	A	K	-0.2297	1.9367	-21.3101	-0.2784
113	A	L	-0.1224	1.9367	-5.7004	-0.2422
113	A	M	-0.0930	1.9367	-8.0222	-0.1882
113	A	N	-0.1338	1.9367	-6.4374	-0.2523
113	A	P	-0.1856	1.9367	-2.9780	-0.3431
113	A	Q	-0.2072	1.9367	-21.3101	-0.2490
113	A	R	-0.2404	1.9367	-21.3101	-0.2924
113	A	S	-0.0495	1.9367	-7.0223	-0.1379
113	A	T	-0.0360	1.9367	-3.2150	-0.1457
113	A	V	-0.0399	1.9367	-4.5629	-0.1418
113	A	W	-0.2187	1.9367	-21.3101	-0.2640
113	A	Y	-0.2269	1.9367	-21.3101	-0.2748
114	G	A	-0.0419	2.7267	-4.4263	-0.2405
114	G	C	-0.0900	2.7267	-2.1533	-0.3187
114	G	D	-0.1102	2.7267	-6.0112	-0.3194
114	G	E	-0.1117	2.7267	-6.4262	-0.3185
114	G	F	-0.1427	2.7267	-5.0112	-0.3686
114	G	H	-0.1327	2.7267	-8.0111	-0.3355
114	G	I	-0.2715	2.7267	-21.2990	-0.4284
114	G	K	-0.2205	2.7267	-21.2990	-0.3616
114	G	L	-0.1515	2.7267	-4.0112	-0.3868
114	G	M	-0.1779	2.7267	-21.2990	-0.3059
114	G	N	-0.1886	2.7267	-21.2990	-0.3198
114	G	P	-0.2009	2.7267	-4.6893	-0.4469
114	G	Q	-0.1915	2.7267	-21.2990	-0.3236
114	G	R	-0.1316	2.7267	-7.0112	-0.3407
114	G	S	-0.0357	2.7267	-2.0570	-0.2482
114	G	T	-0.2108	2.7267	-21.2990	-0.3489
114	G	V	-0.1367	2.7267	-6.0112	-0.3541
114	G	W	-0.2256	2.7267	-21.2990	-0.3683
114	G	Y	-0.1482	2.7267	-6.0112	-0.3691
115	K	A	-0.1558	1.7595	-21.3045	-0.1604
115	K	C	-0.2260	1.7595	-21.3045	-0.2523
115	K	D	-0.1970	1.7595	-8.0167	-0.3031
115	K	E	-0.1807	1.7595	-21.3045	-0.1930
115	K	F	-0.2269	1.7595	-21.3045	-0.2535
115	K	G	-0.1329	1.7595	-5.2094	-0.2379
115	K	H	-0.0900	1.7595	-6.4318	-0.1736
115	K	I	-0.1264	1.7595	-8.0167	-0.2106
115	K	L	-0.1081	1.7595	-4.6949	-0.2089
115	K	M	-0.1659	1.7595	-21.3045	-0.1736
115	K	N	-0.0694	1.7595	-0.7880	-0.1843
115	K	P	-0.3301	1.7595	-21.3045	-0.3886
115	K	Q	-0.0696	1.7595	-4.5574	-0.1594
115	K	R	-0.0216	1.7595	-8.0167	-0.0735
115	K	S	-0.0863	1.7595	-5.6949	-0.1737
115	K	T	-0.1778	1.7595	-21.3045	-0.1892
115	K	V	-0.1780	1.7595	-21.3045	-0.1895
115	K	W	-0.2359	1.7595	-21.3045	-0.2653
115	K	Y	-0.2118	1.7595	-21.3045	-0.2337
116	V	A	-0.1232	1.6842	-7.9657	-0.1977
116	V	C	-0.1430	1.6842	-6.3808	-0.2342
116	V	D	-0.3576	1.6842	-21.2535	-0.4158
116	V	E	-0.3149	1.6842	-21.2535	-0.3599
116	V	F	-0.2681	1.6842	-21.2535	-0.2987
116	V	G	-0.2347	1.6842	-5.1584	-0.3624
116	V	H	-0.3606	1.6842	-21.2535	-0.4197
116	V	I	-0.0283	1.6842	-2.0116	-0.1133
116	V	K	-0.3538	1.6842	-21.2535	-0.4109
116	V	L	-0.1034	1.6842	-3.9658	-0.1985
116	V	M	-0.1329	1.6842	-7.9657	-0.2104
116	V	N	-0.2614	1.6842	-4.7959	-0.3999
116	V	P	-0.3953	1.6842	-21.2535	-0.4652
116	V	Q	-0.3255	1.6842	-21.2535	-0.3738
116	V	R	-0.3748	1.6842	-21.2535	-0.4384
116	V	S	-0.2268	1.6842	-7.9657	-0.3334
116	V	T	-0.2100	1.6842	-21.2535	-0.2226
116	V	W	-0.3087	1.6842	-21.2535	-0.3518
116	V	Y	-0.3116	1.6842	-21.2535	-0.3556
117	I	A	-0.2121	2.2778	-21.3266	-0.2963
117	I	C	-0.1920	2.2778	-21.3266	-0.2701
117	I	D	-0.3361	2.2778	-21.3266	-0.4587
117	I	E	-0.3170	2.2778	-21.3266	-0.4337
117	I	F	-0.0772	2.2778	-2.5471	-0.2452
117	I	G	-0.2349	2.2778	-8.0388	-0.4150
117	I	H	-0.3026	2.2778	-21.3266	-0.4149
117	I	K	-0.3095	2.2778	-21.3266	-0.4239
117	I	L	-0.0055	2.2778	-3.3385	-0.1460
117	I	M	-0.0138	2.2778	-3.8690	-0.1534
117	I	N	-0.2492	2.2778	-21.3266	-0.3449
117	I	P	-0.2721	2.2778	-4.8690	-0.4849
117	I	Q	-0.2767	2.2778	-21.3266	-0.3810
117	I	R	-0.2685	2.2778	-8.0388	-0.4590
117	I	S	-0.2526	2.2778	-21.3266	-0.3494
117	I	T	-0.0771	2.2778	-3.2316	-0.2405
117	I	V	0.0266	2.2778	-4.8690	-0.0938
117	I	W	-0.2619	2.2778	-21.3266	-0.3616
117	I	Y	-0.2708	2.2778	-21.3266	-0.3732
118	V	A	-0.1376	1.3749	-5.2205	-0.1977
118	V	C	-0.2476	1.3749	-21.3156	-0.2342
118	V	D	-0.2986	1.3749	-4.1210	-0.4158
118	V	E	-0.3437	1.3749	-21.3156	-0.3599
118	V	F	-0.2240	1.3749	-7.0278	-0.2987
118	V	G	-0.2608	1.3749	-4.7060	-0.3624
118	V	H	-0.3893	1.3749	-21.3156	-0.4197
118	V	I	-0.0698	1.3749	-4.5685	-0.1133
118	V	K	-0.3826	1.3749	-21.3156	-0.4109
118	V	L	-0.1356	1.3749	-4.7060	-0.1985
118	V	M	-0.1536	1.3749	-6.4429	-0.2104
118	V	N	-0.3742	1.3749	-21.3156	-0.3999
118	V	P	-0.3563	1.3749	-8.0278	-0.4652
118	V	Q	-0.3543	1.3749	-21.3156	-0.3738
118	V	R	-0.4036	1.3749	-21.3156	-0.4384
118	V	S	-0.3234	1.3749	-21.3156	-0.3334
118	V	T	-0.2388	1.3749	-21.3156	-0.2226
118	V	W	-0.3375	1.3749	-21.3156	-0.3518
118	V	Y	-0.3404	1.3749	-21.3156	-0.3556
119	K	A	-0.1194	1.4201	-8.0388	-0.1604
119	K	C	-0.2574	1.4201	-21.3266	-0.2523
119	K	D	-0.2962	1.4201	-21.3266	-0.3031
119	K	E	-0.1392	1.4201	-7.0389	-0.1930
119	K	F	-0.2583	1.4201	-21.3266	-0.2535
119	K	G	-0.2464	1.4201	-21.3266	-0.2379
119	K	H	-0.1162	1.4201	-5.4539	-0.1736
119	K	I	-0.2255	1.4201	-21.3266	-0.2106
119	K	L	-0.2242	1.4201	-21.3266	-0.2089
119	K	M	-0.1972	1.4201	-21.3266	-0.1736
119	K	N	-0.1325	1.4201	-7.0389	-0.1843
119	K	P	-0.2818	1.4201	-5.7170	-0.3886
119	K	Q	-0.0806	1.4201	-0.5877	-0.1594
119	K	R	-0.0530	1.4201	-8.0388	-0.0735
119	K	S	-0.1973	1.4201	-21.3266	-0.1737
119	K	T	-0.1363	1.4201	-7.0389	-0.1892
119	K	V	-0.2094	1.4201	-21.3266	-0.1895
119	K	W	-0.2673	1.4201	-21.3266	-0.2653
119	K	Y	-0.1673	1.4201	-6.4539	-0.2337
120	V	A	-0.1252	1.5114	-5.2370	-0.1977
120	V	C	-0.2352	1.5114	-21.3321	-0.2342
120	V	D	-0.3739	1.5114	-21.3321	-0.4158
120	V	E	-0.3312	1.5114	-21.3321	-0.3599
120	V	F	-0.2844	1.5114	-21.3321	-0.2987
120	V	G	-0.3331	1.5114	-21.3321	-0.3624
120	V	H	-0.3769	1.5114	-21.3321	-0.4197
120	V	I	-0.0556	1.5114	-4.2370	-0.1133
120	V	K	-0.3701	1.5114	-21.3321	-0.4109
120	V	L	-0.1212	1.5114	-4.3440	-0.1985
120	V	M	-0.1189	1.5114	-2.1137	-0.2104
120	V	N	-0.3617	1.5114	-21.3321	-0.3999
120	V	P	-0.4116	1.5114	-21.3321	-0.4652
120	V	Q	-0.3418	1.5114	-21.3321	-0.3738
120	V	R	-0.3911	1.5114	-21.3321	-0.4384
120	V	S	-0.3109	1.5114	-21.3321	-0.3334
120	V	T	-0.1585	1.5114	-8.0443	-0.2226
120	V	W	-0.3250	1.5114	-21.3321	-0.3518
120	V	Y	-0.3279	1.5114	-21.3321	-0.3556
121	K	A	-0.0607	2.0577	-8.0443	-0.1604
121	K	C	-0.1987	2.0577	-21.3321	-0.2523
121	K	D	-0.2375	2.0577	-21.3321	-0.3031
121	K	E	-0.0805	2.0577	-7.0443	-0.1930
121	K	F	-0.1996	2.0577	-21.3321	-0.2535
121	K	G	-0.0940	2.0577	-2.9569	-0.2379
121	K	H	-0.1386	2.0577	-21.3321	-0.1736
121	K	I	-0.1669	2.0577	-21.3321	-0.2106
121	K	L	-0.1656	2.0577	-21.3321	-0.2089
121	K	M	-0.0589	2.0577	-5.7224	-0.1736
121	K	N	-0.0709	2.0577	-6.4594	-0.1843
121	K	P	-0.3028	2.0577	-21.3321	-0.3886
121	K	Q	-0.0548	2.0577	-7.0443	-0.1594
121	K	R	0.0414	2.0577	-1.0444	-0.0735
121	K	S	-0.0709	2.0577	-8.0443	-0.1737
121	K	T	-0.0684	2.0577	-5.2370	-0.1892
121	K	V	-0.0829	2.0577	-8.0443	-0.1895
121	K	W	-0.1265	2.0577	-5.2370	-0.2653
121	K	Y	-0.1845	2.0577	-21.3321	-0.2337
122	T	A	-0.0891	1.5768	-4.8799	-0.1608
122	T	C	-0.2089	1.5768	-21.3376	-0.2077
122	T	D	-0.2887	1.5768	-21.3376	-0.3121
122	T	E	-0.2640	1.5768	-21.3376	-0.2798
122	T	F	-0.2804	1.5768	-21.3376	-0.3012
122	T	G	-0.2466	1.5768	-21.3376	-0.2570
122	T	H	-0.2606	1.5768	-21.3376	-0.2754
122	T	I	-0.1261	1.5768	-7.0498	-0.1947
122	T	K	-0.1731	1.5768	-5.0498	-0.2696
122	T	L	-0.1831	1.5768	-8.0497	-0.2627
122	T	M	-0.2179	1.5768	-21.3376	-0.2194
122	T	N	-0.2287	1.5768	-21.3376	-0.2336
122	T	P	-0.2578	1.5768	-5.7279	-0.3759
122	T	Q	-0.1704	1.5768	-8.0497	-0.2460
122	T	R	-0.1831	1.5768	-6.4648	-0.2733
122	T	S	-0.0377	1.5768	-1.9206	-0.1133
122	T	V	-0.1187	1.5768	-8.0497	-0.1784
122	T	W	-0.2732	1.5768	-21.3376	-0.2919
122	T	Y	-0.2818	1.5768	-21.3376	-0.3031
123	E	A	-0.0693	1.7603	-4.7279	-0.1580
123	E	C	-0.2234	1.7603	-21.3376	-0.2488
123	E	D	-0.0377	1.7603	-5.2425	-0.1131
123	E	F	-0.2011	1.7603	-21.3376	-0.2195
123	E	G	-0.0951	1.7603	-4.7279	-0.1917
123	E	H	-0.1924	1.7603	-21.3376	-0.2081
123	E	I	-0.2064	1.7603	-21.3376	-0.2265
123	E	K	-0.0981	1.7603	-6.0498	-0.1868
123	E	L	-0.1224	1.7603	-4.4649	-0.2293
123	E	M	-0.1574	1.7603	-21.3376	-0.1623
123	E	N	-0.1803	1.7603	-21.3376	-0.1923
123	E	P	-0.2228	1.7603	-4.0499	-0.3635
123	E	Q	-0.0388	1.7603	-4.1430	-0.1220
123	E	R	-0.2366	1.7603	-21.3376	-0.2660
123	E	S	-0.0997	1.7603	-8.0497	-0.1756
123	E	T	-0.1075	1.7603	-6.4648	-0.1964
123	E	V	-0.0995	1.7603	-8.0497	-0.1753
123	E	W	-0.2111	1.7603	-21.3376	-0.2327
123	E	Y	-0.2019	1.7603	-21.3376	-0.2206
124	G	A	-0.1006	2.0789	-4.2425	-0.2405
124	G	C	-0.2475	2.0789	-21.3376	-0.3187
124	G	D	-0.2481	2.0789	-21.3376	-0.3194
124	G	E	-0.1715	2.0789	-6.4648	-0.3185
124	G	F	-0.2856	2.0789	-21.3376	-0.3686
124	G	H	-0.2604	2.0789	-21.3376	-0.3355
124	G	I	-0.2635	2.0789	-8.0497	-0.4284
124	G	K	-0.2125	2.0789	-8.0497	-0.3616
124	G	L	-0.2199	2.0789	-5.7279	-0.3868
124	G	M	-0.1556	2.0789	-5.2425	-0.3059
124	G	N	-0.2484	2.0789	-21.3376	-0.3198
124	G	P	-0.3454	2.0789	-21.3376	-0.4469
124	G	Q	-0.1658	2.0789	-4.5904	-0.3236
124	G	R	-0.1822	2.0789	-5.2425	-0.3407
124	G	S	-0.1937	2.0789	-21.3376	-0.2482
124	G	T	-0.1977	2.0789	-7.0498	-0.3489
124	G	V	-0.1758	2.0789	-1.9838	-0.3541
124	G	W	-0.2057	2.0789	-5.7279	-0.3683
124	G	Y	-0.2860	2.0789	-21.3376	-0.3691
125	G	A	-0.1804	1.4221	-8.0388	-0.2405
125	G	C	-0.3079	1.4221	-21.3266	-0.3187
125	G	D	-0.3084	1.4221	-21.3266	-0.3194
125	G	E	-0.2319	1.4221	-6.4539	-0.3185
125	G	F	-0.3460	1.4221	-21.3266	-0.3686
125	G	H	-0.2529	1.4221	-8.0388	-0.3355
125	G	I	-0.3917	1.4221	-21.3266	-0.4284
125	G	K	-0.2678	1.4221	-7.0389	-0.3616
125	G	L	-0.3599	1.4221	-21.3266	-0.3868
125	G	M	-0.2981	1.4221	-21.3266	-0.3059
125	G	N	-0.3087	1.4221	-21.3266	-0.3198
125	G	P	-0.3380	1.4221	-8.0388	-0.4469
125	G	Q	-0.2336	1.4221	-6.0389	-0.3236
125	G	R	-0.2259	1.4221	-1.9728	-0.3407
125	G	S	-0.1709	1.4221	-5.0389	-0.2482
125	G	T	-0.2632	1.4221	-8.0388	-0.3489
125	G	V	-0.2671	1.4221	-8.0388	-0.3541
125	G	W	-0.3458	1.4221	-21.3266	-0.3683
125	G	Y	-0.3464	1.4221	-21.3266	-0.3691
126	S	A	-0.0405	1.6922	-5.7224	-0.1054
126	S	C	-0.0910	1.6922	-5.7224	-0.1715
126	S	D	-0.2188	1.6922	-21.3321	-0.2346
126	S	E	-0.1242	1.6922	-8.0443	-0.1995
126	S	F	-0.1982	1.6922	-21.3321	-0.2076
126	S	G	-0.1293	1.6922	-21.3321	-0.1174
126	S	H	-0.1994	1.6922	-21.3321	-0.2092
126	S	I	-0.2013	1.6922	-21.3321	-0.2117
126	S	K	-0.1409	1.6922	-8.0443	-0.2214
126	S	L	-0.1155	1.6922	-5.2370	-0.2068
126	S	M	-0.1687	1.6922	-21.3321	-0.1689
126	S	N	-0.1425	1.6922	-21.3321	-0.1346
126	S	P	-0.1676	1.6922	-0.5606	-0.3063
126	S	Q	-0.0800	1.6922	-5.2370	-0.1603
126	S	R	-0.1258	1.6922	-4.0444	-0.2283
126	S	T	-0.0349	1.6922	-6.4594	-0.0932
126	S	V	-0.1078	1.6922	-8.0443	-0.1780
126	S	W	-0.2079	1.6922	-21.3321	-0.2203
126	S	Y	-0.2030	1.6922	-21.3321	-0.2139
127	A	C	-0.1473	2.0505	-21.3430	-0.1841
127	A	D	-0.2291	2.0505	-21.3430	-0.2911
127	A	E	-0.1337	2.0505	-5.4703	-0.2723
127	A	F	-0.1975	2.0505	-21.3430	-0.2497
127	A	G	-0.0679	2.0505	-7.0552	-0.1756
127	A	H	-0.2016	2.0505	-21.3430	-0.2551
127	A	I	-0.1870	2.0505	-21.3430	-0.2360
127	A	K	-0.2194	2.0505	-21.3430	-0.2784
127	A	L	-0.1188	2.0505	-7.0552	-0.2422
127	A	M	-0.0776	2.0505	-7.0552	-0.1882
127	A	N	-0.1316	2.0505	-8.0551	-0.2523
127	A	P	-0.1776	2.0505	-3.4703	-0.3431
127	A	Q	-0.1969	2.0505	-21.3430	-0.2490
127	A	R	-0.2301	2.0505	-21.3430	-0.2924
127	A	S	-0.0260	2.0505	-4.4703	-0.1379
127	A	T	-0.0340	2.0505	-4.8854	-0.1457
127	A	V	-0.0126	2.0505	-1.2739	-0.1418
127	A	W	-0.2084	2.0505	-21.3430	-0.2640
127	A	Y	-0.2166	2.0505	-21.3430	-0.2748
128	E	A	-0.0403	2.2042	-7.0498	-0.1580
128	E	C	-0.1826	2.2042	-21.3376	-0.2488
128	E	D	0.0007	2.2042	-5.7279	-0.1131
128	E	F	-0.1602	2.2042	-21.3376	-0.2195
128	E	G	-0.0580	2.2042	-5.4649	-0.1917
128	E	H	-0.1515	2.2042	-21.3376	-0.2081
128	E	I	-0.1656	2.2042	-21.3376	-0.2265
128	E	K	-0.0374	2.2042	-2.1672	-0.1868
128	E	L	-0.0867	2.2042	-5.4649	-0.2293
128	E	M	-0.1165	2.2042	-21.3376	-0.1623
128	E	N	-0.0635	2.2042	-6.4648	-0.1923
128	E	P	-0.1973	2.2042	-7.0498	-0.3635
128	E	Q	0.0106	2.2042	-2.4649	-0.1220
128	E	R	-0.1198	2.2042	-6.4648	-0.2660
128	E	S	-0.1267	2.2042	-21.3376	-0.1756
128	E	T	-0.0748	2.2042	-8.0497	-0.1964
128	E	V	-0.0455	2.2042	-5.4649	-0.1753
128	E	W	-0.1703	2.2042	-21.3376	-0.2327
128	E	Y	-0.1611	2.2042	-21.3376	-0.2206
129	P	A	-0.0273	2.1320	-1.8100	-0.1672
129	P	C	-0.1597	2.1320	-21.3645	-0.2100
129	P	D	-0.1178	2.1320	-8.0767	-0.2439
129	P	E	-0.1694	2.1320	-21.3645	-0.2227
129	P	F	-0.1123	2.1320	-6.4918	-0.2472
129	P	G	-0.0655	2.1320	-6.4918	-0.1860
129	P	H	-0.0861	2.1320	-5.7549	-0.2179
129	P	I	-0.1034	2.1320	-8.0767	-0.2250
129	P	K	-0.1611	2.1320	-21.3645	-0.2118
129	P	L	-0.0891	2.1320	-4.3764	-0.2310
129	P	M	-0.1267	2.1320	-21.3645	-0.1668
129	P	N	-0.0860	2.1320	-8.0767	-0.2022
129	P	Q	-0.1555	2.1320	-21.3645	-0.2044
129	P	R	-0.1969	2.1320	-21.3645	-0.2586
129	P	S	-0.0358	2.1320	-3.5533	-0.1668
129	P	T	-0.0516	2.1320	-4.2695	-0.1827
129	P	V	-0.0588	2.1320	-8.0767	-0.1666
129	P	W	-0.2007	2.1320	-21.3645	-0.2636
129	P	Y	-0.1891	2.1320	-21.3645	-0.2485
130	S	A	0.0071	2.1725	-5.0661	-0.1054
130	S	C	-0.0587	2.1725	-8.0660	-0.1715
130	S	D	-0.1747	2.1725	-21.3538	-0.2346
130	S	E	-0.1479	2.1725	-21.3538	-0.1995
130	S	F	-0.0731	2.1725	-5.4811	-0.2076
130	S	G	-0.0852	2.1725	-21.3538	-0.1174
130	S	H	-0.0732	2.1725	-5.2587	-0.2092
130	S	I	-0.0843	2.1725	-7.0660	-0.2117
130	S	K	-0.1647	2.1725	-21.3538	-0.2214
130	S	L	-0.0663	2.1725	-4.2587	-0.2068
130	S	M	-0.0368	2.1725	-4.1592	-0.1689
130	S	N	-0.0984	2.1725	-21.3538	-0.1346
130	S	P	-0.1257	2.1725	-1.0000	-0.3063
130	S	Q	-0.1180	2.1725	-21.3538	-0.1603
130	S	R	-0.1699	2.1725	-21.3538	-0.2283
130	S	T	0.0062	2.1725	-7.0660	-0.0932
130	S	V	-0.0475	2.1725	-4.8962	-0.1780
130	S	W	-0.1638	2.1725	-21.3538	-0.2203
130	S	Y	-0.1589	2.1725	-21.3538	-0.2139
131	Q	A	-0.0742	1.6670	-8.0660	-0.1308
131	Q	C	-0.1882	1.6670	-21.3538	-0.1913
131	Q	D	-0.1607	1.6670	-8.0660	-0.2441
131	Q	E	-0.0793	1.6670	-8.0660	-0.1375
131	Q	F	-0.1962	1.6670	-21.3538	-0.2018
131	Q	G	-0.1265	1.6670	-4.4811	-0.2233
131	Q	H	-0.0544	1.6670	-3.9786	-0.1322
131	Q	I	-0.1776	1.6670	-21.3538	-0.1774
131	Q	K	-0.1073	1.6670	-8.0660	-0.1742
131	Q	L	-0.0813	1.6670	-5.7441	-0.1556
131	Q	M	-0.1319	1.6670	-21.3538	-0.1176
131	Q	N	-0.1576	1.6670	-21.3538	-0.1513
131	Q	P	-0.2220	1.6670	-3.0217	-0.3581
131	Q	R	-0.0882	1.6670	-4.6067	-0.1723
131	Q	S	-0.1604	1.6670	-21.3538	-0.1549
131	Q	T	-0.1703	1.6670	-21.3538	-0.1679
131	Q	V	-0.1776	1.6670	-21.3538	-0.1775
131	Q	W	-0.1956	1.6670	-21.3538	-0.2010
131	Q	Y	-0.1256	1.6670	-7.0660	-0.2048
132	T	A	-0.0246	2.1193	-2.0271	-0.1608
132	T	C	-0.1591	2.1193	-21.3592	-0.2077
132	T	D	-0.2389	2.1193	-21.3592	-0.3121
132	T	E	-0.2142	2.1193	-21.3592	-0.2798
132	T	F	-0.2305	2.1193	-21.3592	-0.3012
132	T	G	-0.1290	2.1193	-8.0713	-0.2570
132	T	H	-0.1328	2.1193	-6.0714	-0.2754
132	T	I	-0.0620	2.1193	-4.2641	-0.1947
132	T	K	-0.2064	2.1193	-21.3592	-0.2696
132	T	L	-0.2011	2.1193	-21.3592	-0.2627
132	T	M	-0.0884	2.1193	-5.7495	-0.2194
132	T	N	-0.0880	2.1193	-3.5479	-0.2336
132	T	P	-0.2079	2.1193	-5.7495	-0.3759
132	T	Q	-0.1884	2.1193	-21.3592	-0.2460
132	T	R	-0.2092	2.1193	-21.3592	-0.2733
132	T	S	-0.0023	2.1193	-4.7495	-0.1133
132	T	V	-0.0587	2.1193	-6.0714	-0.1784
132	T	W	-0.2234	2.1193	-21.3592	-0.2919
132	T	Y	-0.2320	2.1193	-21.3592	-0.3031
133	Q	A	-0.1254	0.8599	-3.5533	-0.1308
133	Q	C	-0.2625	0.8599	-21.3645	-0.1913
133	Q	D	-0.3028	0.8599	-21.3645	-0.2441
133	Q	E	-0.1536	0.8599	-8.0767	-0.1375
133	Q	F	-0.2705	0.8599	-21.3645	-0.2018
133	Q	G	-0.2870	0.8599	-21.3645	-0.2233
133	Q	H	-0.1364	0.8599	-5.4918	-0.1322
133	Q	I	-0.2519	0.8599	-21.3645	-0.1774
133	Q	K	-0.1765	0.8599	-7.0768	-0.1742
133	Q	L	-0.2352	0.8599	-21.3645	-0.1556
133	Q	M	-0.2062	0.8599	-21.3645	-0.1176
133	Q	N	-0.2320	0.8599	-21.3645	-0.1513
133	Q	P	-0.3170	0.8599	-7.0768	-0.3581
133	Q	R	-0.1802	0.8599	-8.0767	-0.1723
133	Q	S	-0.2347	0.8599	-21.3645	-0.1549
133	Q	T	-0.1768	0.8599	-8.0767	-0.1679
133	Q	V	-0.1791	0.8599	-7.0768	-0.1775
133	Q	W	-0.2699	0.8599	-21.3645	-0.2010
133	Q	Y	-0.2728	0.8599	-21.3645	-0.2048
134	N	A	-0.0952	1.6114	-5.4918	-0.1688
134	N	C	-0.2260	1.6114	-21.3645	-0.2341
134	N	D	-0.1794	1.6114	-21.3645	-0.1730
134	N	E	-0.1387	1.6114	-8.0767	-0.2085
134	N	F	-0.2333	1.6114	-21.3645	-0.2436
134	N	G	-0.2070	1.6114	-21.3645	-0.2091
134	N	H	-0.1811	1.6114	-21.3645	-0.1753
134	N	I	-0.1586	1.6114	-8.0767	-0.2346
134	N	K	-0.1035	1.6114	-6.4918	-0.1730
134	N	L	-0.2328	1.6114	-21.3645	-0.2430
134	N	M	-0.1870	1.6114	-21.3645	-0.1830
134	N	P	-0.2608	1.6114	-5.4918	-0.3856
134	N	Q	-0.1701	1.6114	-21.3645	-0.1609
134	N	R	-0.2115	1.6114	-21.3645	-0.2151
134	N	S	-0.0588	1.6114	-4.2695	-0.1294
134	N	T	-0.0913	1.6114	-0.9069	-0.1943
134	N	V	-0.2198	1.6114	-21.3645	-0.2259
134	N	W	-0.2384	1.6114	-21.3645	-0.2503
134	N	Y	-0.2169	1.6114	-21.3645	-0.2221
135	F	A	-0.2654	1.9500	-21.3699	-0.3264
135	F	C	-0.2336	1.9500	-21.3699	-0.2847
135	F	D	-0.3884	1.9500	-21.3699	-0.4874
135	F	E	-0.3578	1.9500	-21.3699	-0.4473
135	F	G	-0.3008	1.9500	-21.3699	-0.3727
135	F	H	-0.2930	1.9500	-21.3699	-0.3625
135	F	I	-0.1117	1.9500	-2.2242	-0.2530
135	F	K	-0.3646	1.9500	-21.3699	-0.4563
135	F	L	-0.0717	1.9500	-1.8154	-0.2034
135	F	M	-0.1266	1.9500	-6.4971	-0.2440
135	F	N	-0.3181	1.9500	-21.3699	-0.3953
135	F	P	-0.3888	1.9500	-21.3699	-0.4879
135	F	Q	-0.3201	1.9500	-21.3699	-0.3980
135	F	R	-0.2982	1.9500	-8.0820	-0.4581
135	F	S	-0.1664	1.9500	-6.0821	-0.2989
135	F	T	-0.2111	1.9500	-5.7602	-0.3595
135	F	V	-0.1216	1.9500	-5.2748	-0.2456
135	F	W	-0.1890	1.9500	-21.3699	-0.2263
135	F	Y	-0.1573	1.9500	-21.3699	-0.1848
136	I	A	-0.2014	1.5308	-5.7655	-0.2963
136	I	C	-0.2610	1.5308	-21.3752	-0.2701
136	I	D	-0.4051	1.5308	-21.3752	-0.4587
136	I	E	-0.3860	1.5308	-21.3752	-0.4337
136	I	F	-0.1589	1.5308	-5.0875	-0.2452
136	I	G	-0.2920	1.5308	-5.7655	-0.4150
136	I	H	-0.3716	1.5308	-21.3752	-0.4149
136	I	K	-0.3785	1.5308	-21.3752	-0.4239
136	I	L	-0.0822	1.5308	-4.9175	-0.1460
136	I	M	-0.1719	1.5308	-21.3752	-0.1534
136	I	N	-0.3182	1.5308	-21.3752	-0.3449
136	I	P	-0.4251	1.5308	-21.3752	-0.4849
136	I	Q	-0.3457	1.5308	-21.3752	-0.3810
136	I	R	-0.4053	1.5308	-21.3752	-0.4590
136	I	S	-0.3216	1.5308	-21.3752	-0.3494
136	I	T	-0.1655	1.5308	-7.0874	-0.2405
136	I	V	-0.0210	1.5308	-0.7212	-0.0938
136	I	W	-0.3309	1.5308	-21.3752	-0.3616
136	I	Y	-0.3398	1.5308	-21.3752	-0.3732
137	L	A	-0.2829	1.4371	-21.3805	-0.2874
137	L	C	-0.2043	1.4371	-8.0926	-0.2733
137	L	D	-0.4044	1.4371	-21.3805	-0.4465
137	L	E	-0.3725	1.4371	-21.3805	-0.4047
137	L	F	-0.1405	1.4371	-6.5078	-0.2003
137	L	G	-0.3577	1.4371	-21.3805	-0.3854
137	L	H	-0.2456	1.4371	-5.7708	-0.3429
137	L	I	-0.0715	1.4371	-4.6333	-0.1226
137	L	K	-0.3715	1.4371	-21.3805	-0.4034
137	L	M	-0.0948	1.4371	-4.6333	-0.1531
137	L	N	-0.3507	1.4371	-21.3805	-0.3762
137	L	P	-0.3663	1.4371	-21.3805	-0.3966
137	L	Q	-0.2359	1.4371	-8.0926	-0.3146
137	L	R	-0.2851	1.4371	-6.0927	-0.3924
137	L	S	-0.2455	1.4371	-8.0926	-0.3272
137	L	T	-0.2860	1.4371	-21.3805	-0.2915
137	L	V	-0.1012	1.4371	-3.3379	-0.1701
137	L	W	-0.3155	1.4371	-21.3805	-0.3301
137	L	Y	-0.2325	1.4371	-6.5078	-0.3208
138	T	A	-0.1358	1.0818	-5.0927	-0.1608
138	T	C	-0.2547	1.0818	-21.3805	-0.2077
138	T	D	-0.3344	1.0818	-21.3805	-0.3121
138	T	E	-0.3098	1.0818	-21.3805	-0.2798
138	T	F	-0.2583	1.0818	-8.0926	-0.3012
138	T	G	-0.2194	1.0818	-7.0927	-0.2570
138	T	H	-0.3064	1.0818	-21.3805	-0.2754
138	T	I	-0.1719	1.0818	-7.0927	-0.1947
138	T	K	-0.3020	1.0818	-21.3805	-0.2696
138	T	L	-0.2967	1.0818	-21.3805	-0.2627
138	T	M	-0.2636	1.0818	-21.3805	-0.2194
138	T	N	-0.1924	1.0818	-5.2854	-0.2336
138	T	P	-0.2945	1.0818	-4.0053	-0.3759
138	T	Q	-0.2840	1.0818	-21.3805	-0.2460
138	T	R	-0.3048	1.0818	-21.3805	-0.2733
138	T	S	-0.1016	1.0818	-5.5078	-0.1133
138	T	V	-0.1564	1.0818	-6.5078	-0.1784
138	T	W	-0.3190	1.0818	-21.3805	-0.2919
138	T	Y	-0.3276	1.0818	-21.3805	-0.3031
139	Q	A	-0.2071	0.9607	-21.3805	-0.1308
139	Q	C	-0.2533	0.9607	-21.3805	-0.1913
139	Q	D	-0.2936	0.9607	-21.3805	-0.2441
139	Q	E	-0.1255	0.9607	-4.3923	-0.1375
139	Q	F	-0.2613	0.9607	-21.3805	-0.2018
139	Q	G	-0.2048	0.9607	-7.0927	-0.2233
139	Q	H	-0.1285	0.9607	-5.7708	-0.1322
139	Q	I	-0.2427	0.9607	-21.3805	-0.1774
139	Q	K	-0.1673	0.9607	-7.0927	-0.1742
139	Q	L	-0.1582	0.9607	-8.0926	-0.1556
139	Q	M	-0.1970	0.9607	-21.3805	-0.1176
139	Q	N	-0.2228	0.9607	-21.3805	-0.1513
139	Q	P	-0.2946	0.9607	-4.5078	-0.3581
139	Q	R	-0.1608	0.9607	-6.0927	-0.1723
139	Q	S	-0.2255	0.9607	-21.3805	-0.1549
139	Q	T	-0.1676	0.9607	-8.0926	-0.1679
139	Q	V	-0.2428	0.9607	-21.3805	-0.1775
139	Q	W	-0.2607	0.9607	-21.3805	-0.2010
139	Q	Y	-0.2636	0.9607	-21.3805	-0.2048
140	T	A	0.0151	2.5089	-1.2546	-0.1608
140	T	C	-0.1234	2.5089	-21.3752	-0.2077
140	T	D	-0.1251	2.5089	-6.0874	-0.3121
140	T	E	-0.0930	2.5089	-4.6280	-0.2798
140	T	F	-0.1948	2.5089	-21.3752	-0.3012
140	T	G	-0.0701	2.5089	-3.5639	-0.2570
140	T	H	-0.1751	2.5089	-21.3752	-0.2754
140	T	I	-0.0456	2.5089	-8.0873	-0.1947
140	T	K	-0.1028	2.5089	-8.0873	-0.2696
140	T	L	-0.0976	2.5089	-8.0873	-0.2627
140	T	M	-0.0513	2.5089	-5.5025	-0.2194
140	T	N	-0.0592	2.5089	-4.9175	-0.2336
140	T	P	-0.1646	2.5089	-4.2801	-0.3759
140	T	Q	-0.1526	2.5089	-21.3752	-0.2460
140	T	R	-0.1735	2.5089	-21.3752	-0.2733
140	T	S	0.0217	2.5089	-7.0874	-0.1133
140	T	V	-0.0119	2.5089	-3.9175	-0.1784
140	T	W	-0.1877	2.5089	-21.3752	-0.2919
140	T	Y	-0.1962	2.5089	-21.3752	-0.3031
141	A	C	-0.1298	1.5059	-8.0926	-0.1841
141	A	D	-0.2794	1.5059	-21.3805	-0.2911
141	A	E	-0.2650	1.5059	-21.3805	-0.2723
141	A	F	-0.1800	1.5059	-8.0926	-0.2497
141	A	G	-0.1912	1.5059	-21.3805	-0.1756
141	A	H	-0.2519	1.5059	-21.3805	-0.2551
141	A	I	-0.2373	1.5059	-21.3805	-0.2360
141	A	K	-0.2697	1.5059	-21.3805	-0.2784
141	A	L	-0.2420	1.5059	-21.3805	-0.2422
141	A	M	-0.2008	1.5059	-21.3805	-0.1882
141	A	N	-0.1819	1.5059	-8.0926	-0.2523
141	A	P	-0.2134	1.5059	-0.6665	-0.3431
141	A	Q	-0.2472	1.5059	-21.3805	-0.2490
141	A	R	-0.2075	1.5059	-7.0927	-0.2924
141	A	S	-0.0737	1.5059	-4.0053	-0.1379
141	A	T	-0.0822	1.5059	-4.5078	-0.1457
141	A	V	-0.1653	1.5059	-21.3805	-0.1418
141	A	W	-0.2587	1.5059	-21.3805	-0.2640
141	A	Y	-0.2669	1.5059	-21.3805	-0.2748
142	L	A	-0.2337	1.1241	-6.0980	-0.2874
142	L	C	-0.2280	1.1241	-7.0980	-0.2733
142	L	D	-0.4332	1.1241	-21.3858	-0.4465
142	L	E	-0.4013	1.1241	-21.3858	-0.4047
142	L	F	-0.1621	1.1241	-5.0980	-0.2003
142	L	G	-0.3188	1.1241	-8.0979	-0.3854
142	L	H	-0.2674	1.1241	-4.3976	-0.3429
142	L	I	-0.1062	1.1241	-5.7761	-0.1226
142	L	K	-0.4003	1.1241	-21.3858	-0.4034
142	L	M	-0.2091	1.1241	-21.3858	-0.1531
142	L	N	-0.3795	1.1241	-21.3858	-0.3762
142	L	P	-0.3155	1.1241	-5.7761	-0.3966
142	L	Q	-0.3325	1.1241	-21.3858	-0.3146
142	L	R	-0.3241	1.1241	-8.0979	-0.3924
142	L	S	-0.3421	1.1241	-21.3858	-0.3272
142	L	T	-0.3148	1.1241	-21.3858	-0.2915
142	L	V	-0.1400	1.1241	-5.2907	-0.1701
142	L	W	-0.3443	1.1241	-21.3858	-0.3301
142	L	Y	-0.3372	1.1241	-21.3858	-0.3208
143	N	A	-0.1101	2.3306	-21.3858	-0.1688
143	N	C	-0.1600	2.3306	-21.3858	-0.2341
143	N	D	-0.0404	2.3306	-7.0980	-0.1730
143	N	E	-0.1404	2.3306	-21.3858	-0.2085
143	N	F	-0.1672	2.3306	-21.3858	-0.2436
143	N	G	-0.1409	2.3306	-21.3858	-0.2091
143	N	H	-0.0341	2.3306	-5.5131	-0.1753
143	N	I	-0.0698	2.3306	-3.6386	-0.2346
143	N	K	-0.0404	2.3306	-7.0980	-0.1730
143	N	L	-0.1668	2.3306	-21.3858	-0.2430
143	N	M	-0.0429	2.3306	-6.0980	-0.1830
143	N	P	-0.2757	2.3306	-21.3858	-0.3856
143	N	Q	-0.1041	2.3306	-21.3858	-0.1609
143	N	R	-0.0658	2.3306	-5.7761	-0.2151
143	N	S	0.0115	2.3306	-3.4542	-0.1294
143	N	T	-0.0384	2.3306	-3.5131	-0.1943
143	N	V	-0.0574	2.3306	-2.5131	-0.2259
143	N	W	-0.1724	2.3306	-21.3858	-0.2503
143	N	Y	-0.0779	2.3306	-7.0980	-0.2221
144	S	A	-0.1231	1.6629	-21.3910	-0.1054
144	S	C	-0.0827	1.6629	-3.5797	-0.1715
144	S	D	-0.2218	1.6629	-21.3910	-0.2346
144	S	E	-0.1272	1.6629	-8.1032	-0.1995
144	S	F	-0.1202	1.6629	-5.5183	-0.2076
144	S	G	-0.0417	1.6629	-3.6439	-0.1174
144	S	H	-0.2024	1.6629	-21.3910	-0.2092
144	S	I	-0.1365	1.6629	-8.1032	-0.2117
144	S	K	-0.2117	1.6629	-21.3910	-0.2214
144	S	L	-0.1196	1.6629	-5.5183	-0.2068
144	S	M	-0.1716	1.6629	-21.3910	-0.1689
144	S	N	-0.1454	1.6629	-21.3910	-0.1346
144	S	P	-0.2088	1.6629	-8.1032	-0.3063
144	S	Q	-0.1651	1.6629	-21.3910	-0.1603
144	S	R	-0.1330	1.6629	-4.9334	-0.2283
144	S	T	-0.1138	1.6629	-21.3910	-0.0932
144	S	V	-0.1057	1.6629	-7.1032	-0.1780
144	S	W	-0.1043	1.6629	-0.4960	-0.2203
144	S	Y	-0.1382	1.6629	-8.1032	-0.2139
145	T	A	-0.0005	2.6636	-7.1085	-0.1608
145	T	C	-0.1092	2.6636	-21.3962	-0.2077
145	T	D	-0.1890	2.6636	-21.3962	-0.3121
145	T	E	-0.1643	2.6636	-21.3962	-0.2798
145	T	F	-0.1807	2.6636	-21.3962	-0.3012
145	T	G	-0.0614	2.6636	-4.6491	-0.2570
145	T	H	-0.1609	2.6636	-21.3962	-0.2754
145	T	I	-0.0019	2.6636	-2.3012	-0.1947
145	T	K	-0.1565	2.6636	-21.3962	-0.2696
145	T	L	-0.0783	2.6636	-7.1085	-0.2627
145	T	M	-0.0423	2.6636	-6.5235	-0.2194
145	T	N	-0.0337	2.6636	-2.7162	-0.2336
145	T	P	-0.2377	2.6636	-21.3962	-0.3759
145	T	Q	-0.0404	2.6636	-2.1778	-0.2460
145	T	R	-0.0797	2.6636	-5.7866	-0.2733
145	T	S	0.0626	2.6636	-1.8606	-0.1133
145	T	V	-0.0088	2.6636	-6.1085	-0.1784
145	T	W	-0.1057	2.6636	-8.1084	-0.2919
145	T	Y	-0.1821	2.6636	-21.3962	-0.3031
146	A	C	-0.1801	1.6967	-21.3910	-0.1841
146	A	D	-0.1771	1.6967	-4.7814	-0.2911
146	A	E	-0.2475	1.6967	-21.3910	-0.2723
146	A	F	-0.2303	1.6967	-21.3910	-0.2497
146	A	G	-0.1007	1.6967	-7.1032	-0.1756
146	A	H	-0.1666	1.6967	-8.1032	-0.2551
146	A	I	-0.1469	1.6967	-7.1032	-0.2360
146	A	K	-0.2522	1.6967	-21.3910	-0.2784
146	A	L	-0.2245	1.6967	-21.3910	-0.2422
146	A	M	-0.1833	1.6967	-21.3910	-0.1882
146	A	N	-0.2322	1.6967	-21.3910	-0.2523
146	A	P	-0.2176	1.6967	-4.9334	-0.3431
146	A	Q	-0.2297	1.6967	-21.3910	-0.2490
146	A	R	-0.2629	1.6967	-21.3910	-0.2924
146	A	S	-0.0627	1.6967	-5.2959	-0.1379
146	A	T	-0.0585	1.6967	-3.2959	-0.1457
146	A	V	-0.0543	1.6967	-3.0589	-0.1418
146	A	W	-0.2412	1.6967	-21.3910	-0.2640
146	A	Y	-0.2494	1.6967	-21.3910	-0.2748
147	P	A	-0.1417	1.0925	-5.4972	-0.1672
147	P	C	-0.2554	1.0925	-21.3699	-0.2100
147	P	D	-0.2813	1.0925	-21.3699	-0.2439
147	P	E	-0.1973	1.0925	-8.0820	-0.2227
147	P	F	-0.2838	1.0925	-21.3699	-0.2472
147	P	G	-0.2371	1.0925	-21.3699	-0.1860
147	P	H	-0.2614	1.0925	-21.3699	-0.2179
147	P	I	-0.2669	1.0925	-21.3699	-0.2250
147	P	K	-0.2568	1.0925	-21.3699	-0.2118
147	P	L	-0.1934	1.0925	-6.0821	-0.2310
147	P	M	-0.2224	1.0925	-21.3699	-0.1668
147	P	N	-0.2495	1.0925	-21.3699	-0.2022
147	P	Q	-0.1833	1.0925	-8.0820	-0.2044
147	P	R	-0.2925	1.0925	-21.3699	-0.2586
147	P	S	-0.1242	1.0925	-2.1280	-0.1668
147	P	T	-0.2346	1.0925	-21.3699	-0.1827
147	P	V	-0.2223	1.0925	-21.3699	-0.1666
147	P	W	-0.2964	1.0925	-21.3699	-0.2636
147	P	Y	-0.2848	1.0925	-21.3699	-0.2485
148	G	A	-0.2812	1.0664	-21.3962	-0.2405
148	G	C	-0.2732	1.0664	-8.1084	-0.3187
148	G	D	-0.2619	1.0664	-5.7866	-0.3194
148	G	E	-0.2679	1.0664	-7.1085	-0.3185
148	G	F	-0.3791	1.0664	-21.3962	-0.3686
148	G	H	-0.3538	1.0664	-21.3962	-0.3355
148	G	I	-0.4248	1.0664	-21.3962	-0.4284
148	G	K	-0.3737	1.0664	-21.3962	-0.3616
148	G	L	-0.3930	1.0664	-21.3962	-0.3868
148	G	M	-0.2583	1.0664	-7.1085	-0.3059
148	G	N	-0.3418	1.0664	-21.3962	-0.3198
148	G	P	-0.4389	1.0664	-21.3962	-0.4469
148	G	Q	-0.3447	1.0664	-21.3962	-0.3236
148	G	R	-0.2691	1.0664	-4.0211	-0.3407
148	G	S	-0.2112	1.0664	-6.5235	-0.2482
148	G	T	-0.3640	1.0664	-21.3962	-0.3489
148	G	V	-0.2782	1.0664	-3.7866	-0.3541
148	G	W	-0.3789	1.0664	-21.3962	-0.3683
148	G	Y	-0.3795	1.0664	-21.3962	-0.3691
149	T	A	-0.0519	1.7521	-0.7526	-0.1608
149	T	C	-0.1932	1.7521	-21.4067	-0.2077
149	T	D	-0.2729	1.7521	-21.4067	-0.3121
149	T	E	-0.2482	1.7521	-21.4067	-0.2798
149	T	F	-0.2646	1.7521	-21.4067	-0.3012
149	T	G	-0.1487	1.7521	-5.3116	-0.2570
149	T	H	-0.1771	1.7521	-8.1188	-0.2754
149	T	I	-0.0985	1.7521	-4.7970	-0.1947
149	T	K	-0.2404	1.7521	-21.4067	-0.2696
149	T	L	-0.2352	1.7521	-21.4067	-0.2627
149	T	M	-0.2021	1.7521	-21.4067	-0.2194
149	T	N	-0.1451	1.7521	-8.1188	-0.2336
149	T	P	-0.2376	1.7521	-4.9490	-0.3759
149	T	Q	-0.2224	1.7521	-21.4067	-0.2460
149	T	R	-0.2433	1.7521	-21.4067	-0.2733
149	T	S	-0.0430	1.7521	-6.1189	-0.1133
149	T	V	-0.0868	1.7521	-4.9490	-0.1784
149	T	W	-0.1897	1.7521	-8.1188	-0.2919
149	T	Y	-0.2660	1.7521	-21.4067	-0.3031
150	P	A	-0.0185	2.3922	-4.7814	-0.1672
150	P	C	-0.1359	2.3922	-21.3910	-0.2100
150	P	D	-0.1618	2.3922	-21.3910	-0.2439
150	P	E	-0.0778	2.3922	-8.1032	-0.2227
150	P	F	-0.0812	2.3922	-5.1033	-0.2472
150	P	G	-0.1176	2.3922	-21.3910	-0.1860
150	P	H	-0.0742	2.3922	-8.1032	-0.2179
150	P	I	-0.0592	2.3922	-4.1033	-0.2250
150	P	K	-0.1373	2.3922	-21.3910	-0.2118
150	P	L	-0.0491	2.3922	-1.2329	-0.2310
150	P	M	-0.1029	2.3922	-21.3910	-0.1668
150	P	N	-0.1300	2.3922	-21.3910	-0.2022
150	P	Q	-0.0399	2.3922	-3.4029	-0.2044
150	P	R	-0.1052	2.3922	-8.1032	-0.2586
150	P	S	-0.0351	2.3922	-8.1032	-0.1668
150	P	T	-0.0354	2.3922	-5.7813	-0.1827
150	P	V	-0.0137	2.3922	-3.9334	-0.1666
150	P	W	-0.1769	2.3922	-21.3910	-0.2636
150	P	Y	-0.1653	2.3922	-21.3910	-0.2485
151	C	A	-0.3131	1.9034	-21.3910	-0.3830
151	C	D	-0.3474	1.9034	-7.1032	-0.5234
151	C	E	-0.4079	1.9034	-21.3910	-0.5072
151	C	F	-0.2311	1.9034	-6.5183	-0.3751
151	C	G	-0.2122	1.9034	-3.1033	-0.3731
151	C	H	-0.3366	1.9034	-5.2959	-0.5214
151	C	I	-0.3369	1.9034	-21.3910	-0.4142
151	C	K	-0.4085	1.9034	-21.3910	-0.5080
151	C	L	-0.2971	1.9034	-7.1032	-0.4575
151	C	M	-0.2575	1.9034	-5.7813	-0.4146
151	C	N	-0.3627	1.9034	-21.3910	-0.4480
151	C	P	-0.3636	1.9034	-8.1032	-0.5379
151	C	Q	-0.3189	1.9034	-8.1032	-0.4794
151	C	R	-0.2832	1.9034	-5.2959	-0.4514
151	C	S	-0.2103	1.9034	-3.0589	-0.3709
151	C	T	-0.2656	1.9034	-7.1032	-0.4163
151	C	V	-0.2621	1.9034	-7.1032	-0.4117
151	C	W	-0.3102	1.9034	-21.3910	-0.3792
151	C	Y	-0.2434	1.9034	-7.1032	-0.3873
152	G	A	-0.1872	1.2399	-6.0980	-0.2405
152	G	C	-0.3250	1.2399	-21.3858	-0.3187
152	G	D	-0.3255	1.2399	-21.3858	-0.3194
152	G	E	-0.2349	1.2399	-3.7761	-0.3185
152	G	F	-0.2953	1.2399	-8.0979	-0.3686
152	G	H	-0.3378	1.2399	-21.3858	-0.3355
152	G	I	-0.4088	1.2399	-21.3858	-0.4284
152	G	K	-0.2848	1.2399	-7.0980	-0.3616
152	G	L	-0.3770	1.2399	-21.3858	-0.3868
152	G	M	-0.3152	1.2399	-21.3858	-0.3059
152	G	N	-0.3258	1.2399	-21.3858	-0.3198
152	G	P	-0.3551	1.2399	-8.0979	-0.4469
152	G	Q	-0.2528	1.2399	-6.5130	-0.3236
152	G	R	-0.2545	1.2399	-4.2907	-0.3407
152	G	S	-0.2033	1.2399	-8.0979	-0.2482
152	G	T	-0.2802	1.2399	-8.0979	-0.3489
152	G	V	-0.2740	1.2399	-6.0980	-0.3541
152	G	W	-0.2870	1.2399	-6.5130	-0.3683
152	G	Y	-0.3635	1.2399	-21.3858	-0.3691
153	G	A	-0.1460	1.5486	-3.5797	-0.2405
153	G	C	-0.2966	1.5486	-21.3910	-0.3187
153	G	D	-0.2242	1.5486	-7.1032	-0.3194
153	G	E	-0.2964	1.5486	-21.3910	-0.3185
153	G	F	-0.3347	1.5486	-21.3910	-0.3686
153	G	H	-0.3094	1.5486	-21.3910	-0.3355
153	G	I	-0.3126	1.5486	-8.1032	-0.4284
153	G	K	-0.3294	1.5486	-21.3910	-0.3616
153	G	L	-0.3486	1.5486	-21.3910	-0.3868
153	G	M	-0.2868	1.5486	-21.3910	-0.3059
153	G	N	-0.2215	1.5486	-6.5183	-0.3198
153	G	P	-0.3267	1.5486	-8.1032	-0.4469
153	G	Q	-0.3003	1.5486	-21.3910	-0.3236
153	G	R	-0.2405	1.5486	-7.1032	-0.3407
153	G	S	-0.1504	1.5486	-3.2959	-0.2482
153	G	T	-0.2375	1.5486	-5.2959	-0.3489
153	G	V	-0.2375	1.5486	-4.5183	-0.3541
153	G	W	-0.3345	1.5486	-21.3910	-0.3683
153	G	Y	-0.3351	1.5486	-21.3910	-0.3691
154	L	A	-0.0721	2.6421	-1.7943	-0.2874
154	L	C	-0.0935	2.6421	-8.0979	-0.2733
154	L	D	-0.2936	2.6421	-21.3858	-0.4465
154	L	E	-0.2616	2.6421	-21.3858	-0.4047
154	L	F	-0.1055	2.6421	-21.3858	-0.2003
154	L	G	-0.1710	2.6421	-6.5130	-0.3854
154	L	H	-0.2144	2.6421	-21.3858	-0.3429
154	L	I	0.0348	2.6421	-5.5131	-0.1226
154	L	K	-0.2606	2.6421	-21.3858	-0.4034
154	L	M	0.0188	2.6421	-4.0980	-0.1531
154	L	N	-0.2399	2.6421	-21.3858	-0.3762
154	L	P	-0.1607	2.6421	-2.8126	-0.3966
154	L	Q	-0.1097	2.6421	-5.0980	-0.3146
154	L	R	-0.1844	2.6421	-8.0979	-0.3924
154	L	S	-0.1185	2.6421	-4.9281	-0.3272
154	L	T	-0.0920	2.6421	-5.0980	-0.2915
154	L	V	0.0182	2.6421	-1.6551	-0.1701
154	L	W	-0.2046	2.6421	-21.3858	-0.3301
154	L	Y	-0.1975	2.6421	-21.3858	-0.3208
155	E	A	0.0486	2.9077	-2.3168	-0.1580
155	E	C	-0.1182	2.9077	-21.4118	-0.2488
155	E	D	0.0664	2.9077	-5.5391	-0.1131
155	E	F	-0.0959	2.9077	-21.4118	-0.2195
155	E	G	0.0163	2.9077	-3.6006	-0.1917
155	E	H	-0.0193	2.9077	-8.1240	-0.2081
155	E	I	-0.0334	2.9077	-8.1240	-0.2265
155	E	K	0.0071	2.9077	-6.1241	-0.1868
155	E	L	-0.0224	2.9077	-5.5391	-0.2293
155	E	M	0.0258	2.9077	-6.1241	-0.1623
155	E	N	-0.0751	2.9077	-21.4118	-0.1923
155	E	P	-0.1278	2.9077	-6.1241	-0.3635
155	E	Q	0.0681	2.9077	-3.8762	-0.1220
155	E	R	-0.0555	2.9077	-6.5391	-0.2660
155	E	S	0.0173	2.9077	-5.8022	-0.1756
155	E	T	0.0058	2.9077	-4.9542	-0.1964
155	E	V	0.0356	2.9077	-2.2661	-0.1753
155	E	W	-0.1059	2.9077	-21.4118	-0.2327
155	E	Y	-0.0967	2.9077	-21.4118	-0.2206
156	G	A	-0.0984	2.2064	-6.1189	-0.2405
156	G	C	-0.1315	2.2064	-0.9095	-0.3187
156	G	D	-0.1587	2.2064	-6.1189	-0.3194
156	G	E	-0.2360	2.2064	-21.4067	-0.3185
156	G	F	-0.2013	2.2064	-7.1189	-0.3686
156	G	H	-0.1578	2.2064	-3.5340	-0.3355
156	G	I	-0.3199	2.2064	-21.4067	-0.4284
156	G	K	-0.2689	2.2064	-21.4067	-0.3616
156	G	L	-0.2882	2.2064	-21.4067	-0.3868
156	G	M	-0.2264	2.2064	-21.4067	-0.3059
156	G	N	-0.1539	2.2064	-5.1189	-0.3198
156	G	P	-0.2582	2.2064	-6.5339	-0.4469
156	G	Q	-0.1589	2.2064	-5.5340	-0.3236
156	G	R	-0.1719	2.2064	-5.5340	-0.3407
156	G	S	-0.1013	2.2064	-5.5340	-0.2482
156	G	T	-0.2592	2.2064	-21.4067	-0.3489
156	G	V	-0.1954	2.2064	-8.1188	-0.3541
156	G	W	-0.2740	2.2064	-21.4067	-0.3683
156	G	Y	-0.1950	2.2064	-5.7970	-0.3691
157	P	A	-0.1317	1.0922	-3.5340	-0.1672
157	P	C	-0.2556	1.0922	-21.4067	-0.2100
157	P	D	-0.2815	1.0922	-21.4067	-0.2439
157	P	E	-0.2653	1.0922	-21.4067	-0.2227
157	P	F	-0.2841	1.0922	-21.4067	-0.2472
157	P	G	-0.1695	1.0922	-8.1188	-0.1860
157	P	H	-0.2617	1.0922	-21.4067	-0.2179
157	P	I	-0.1993	1.0922	-8.1188	-0.2250
157	P	K	-0.2570	1.0922	-21.4067	-0.2118
157	P	L	-0.1862	1.0922	-4.6595	-0.2310
157	P	M	-0.1548	1.0922	-8.1188	-0.1668
157	P	N	-0.2497	1.0922	-21.4067	-0.2022
157	P	Q	-0.1755	1.0922	-6.5339	-0.2044
157	P	R	-0.2928	1.0922	-21.4067	-0.2586
157	P	S	-0.1395	1.0922	-5.1189	-0.1668
157	P	T	-0.1670	1.0922	-8.1188	-0.1827
157	P	V	-0.1547	1.0922	-8.1188	-0.1666
157	P	W	-0.2966	1.0922	-21.4067	-0.2636
157	P	Y	-0.2850	1.0922	-21.4067	-0.2485
158	A	C	-0.1034	1.7950	-8.1240	-0.1841
158	A	D	-0.1800	1.7950	-7.1241	-0.2911
158	A	E	-0.1627	1.7950	-6.5391	-0.2723
158	A	F	-0.2213	1.7950	-21.4118	-0.2497
158	A	G	-0.0918	1.7950	-7.1241	-0.1756
158	A	H	-0.2254	1.7950	-21.4118	-0.2551
158	A	I	-0.2108	1.7950	-21.4118	-0.2360
158	A	K	-0.2432	1.7950	-21.4118	-0.2784
158	A	L	-0.1397	1.7950	-6.5391	-0.2422
158	A	M	-0.1743	1.7950	-21.4118	-0.1882
158	A	N	-0.2233	1.7950	-21.4118	-0.2523
158	A	P	-0.1894	1.7950	-1.1816	-0.3431
158	A	Q	-0.1530	1.7950	-8.1240	-0.2490
158	A	R	-0.2539	1.7950	-21.4118	-0.2924
158	A	S	-0.0579	1.7950	-6.1241	-0.1379
158	A	T	-0.0541	1.7950	-4.2172	-0.1457
158	A	V	-0.0568	1.7950	-5.3168	-0.1418
158	A	W	-0.2322	1.7950	-21.4118	-0.2640
158	A	Y	-0.2405	1.7950	-21.4118	-0.2748
159	P	A	-0.1618	0.9323	-6.5339	-0.1672
159	P	C	-0.2025	0.9323	-8.1188	-0.2100
159	P	D	-0.2962	0.9323	-21.4067	-0.2439
159	P	E	-0.2800	0.9323	-21.4067	-0.2227
159	P	F	-0.2988	0.9323	-21.4067	-0.2472
159	P	G	-0.1761	0.9323	-6.5339	-0.1860
159	P	H	-0.2035	0.9323	-7.1189	-0.2179
159	P	I	-0.2818	0.9323	-21.4067	-0.2250
159	P	K	-0.2717	0.9323	-21.4067	-0.2118
159	P	L	-0.2135	0.9323	-7.1189	-0.2310
159	P	M	-0.2373	0.9323	-21.4067	-0.1668
159	P	N	-0.1966	0.9323	-8.1188	-0.2022
159	P	Q	-0.1983	0.9323	-8.1188	-0.2044
159	P	R	-0.3075	0.9323	-21.4067	-0.2586
159	P	S	-0.1458	0.9323	-3.4751	-0.1668
159	P	T	-0.1715	0.9323	-6.1189	-0.1827
159	P	V	-0.2372	0.9323	-21.4067	-0.1666
159	P	W	-0.3113	0.9323	-21.4067	-0.2636
159	P	Y	-0.2998	0.9323	-21.4067	-0.2485
160	P	A	-0.0134	2.6306	-8.0926	-0.1672
160	P	C	-0.1139	2.6306	-21.3805	-0.2100
160	P	D	-0.0720	2.6306	-8.0926	-0.2439
160	P	E	-0.1236	2.6306	-21.3805	-0.2227
160	P	F	-0.0627	2.6306	-5.7708	-0.2472
160	P	G	-0.0074	2.6306	-4.0928	-0.1860
160	P	H	-0.0378	2.6306	-5.2854	-0.2179
160	P	I	-0.0414	2.6306	-4.9228	-0.2250
160	P	K	-0.1153	2.6306	-21.3805	-0.2118
160	P	L	-0.0272	2.6306	-1.2348	-0.2310
160	P	M	-0.0809	2.6306	-21.3805	-0.1668
160	P	N	-0.1080	2.6306	-21.3805	-0.2022
160	P	Q	-0.0159	2.6306	-3.0053	-0.2044
160	P	R	-0.0565	2.6306	-2.8448	-0.2586
160	P	S	-0.0131	2.6306	-8.0926	-0.1668
160	P	T	-0.0931	2.6306	-21.3805	-0.1827
160	P	V	0.0069	2.6306	-4.1859	-0.1666
160	P	W	-0.0871	2.6306	-8.0926	-0.2636
160	P	Y	-0.1434	2.6306	-21.3805	-0.2485
161	F	A	-0.1672	2.1949	-6.5287	-0.3264
161	F	C	-0.1332	2.1949	-6.1137	-0.2847
161	F	D	-0.3660	2.1949	-21.4015	-0.4874
161	F	E	-0.3354	2.1949	-21.4015	-0.4473
161	F	G	-0.2784	2.1949	-21.4015	-0.3727
161	F	H	-0.2706	2.1949	-21.4015	-0.3625
161	F	I	-0.1022	2.1949	-4.7918	-0.2530
161	F	K	-0.3423	2.1949	-21.4015	-0.4563
161	F	L	-0.0506	2.1949	-2.0914	-0.2034
161	F	M	-0.1123	2.1949	-8.1136	-0.2440
161	F	N	-0.2957	2.1949	-21.4015	-0.3953
161	F	P	-0.2758	2.1949	-3.6543	-0.4879
161	F	Q	-0.2218	2.1949	-6.5287	-0.3980
161	F	R	-0.3436	2.1949	-21.4015	-0.4581
161	F	S	-0.1440	2.1949	-6.1137	-0.2989
161	F	T	-0.1924	2.1949	-6.5287	-0.3595
161	F	V	-0.1054	2.1949	-6.5287	-0.2456
161	F	W	-0.1666	2.1949	-21.4015	-0.2263
161	F	Y	-0.0458	2.1949	-3.9438	-0.1848
162	V	A	-0.0897	2.0561	-8.1188	-0.1977
162	V	C	-0.1176	2.0561	-8.1188	-0.2342
162	V	D	-0.3241	2.0561	-21.4067	-0.4158
162	V	E	-0.2136	2.0561	-8.1188	-0.3599
162	V	F	-0.1618	2.0561	-7.1189	-0.2987
162	V	G	-0.1986	2.0561	-4.7970	-0.3624
162	V	H	-0.2593	2.0561	-8.1188	-0.4197
162	V	I	-0.0083	2.0561	-4.7970	-0.1133
162	V	K	-0.3204	2.0561	-21.4067	-0.4109
162	V	L	-0.0536	2.0561	-0.9095	-0.1985
162	V	M	-0.0733	2.0561	-2.9897	-0.2104
162	V	N	-0.3120	2.0561	-21.4067	-0.3999
162	V	P	-0.2890	2.0561	-7.1189	-0.4652
162	V	Q	-0.2921	2.0561	-21.4067	-0.3738
162	V	R	-0.2736	2.0561	-8.1188	-0.4384
162	V	S	-0.1883	2.0561	-7.1189	-0.3334
162	V	T	-0.1007	2.0561	-6.5339	-0.2226
162	V	W	-0.2753	2.0561	-21.4067	-0.3518
162	V	Y	-0.2782	2.0561	-21.4067	-0.3556
163	T	A	-0.0117	2.2118	-1.1648	-0.1608
163	T	C	-0.1509	2.2118	-21.4067	-0.2077
163	T	D	-0.1628	2.2118	-8.1188	-0.3121
163	T	E	-0.1133	2.2118	-3.2610	-0.2798
163	T	F	-0.2223	2.2118	-21.4067	-0.3012
163	T	G	-0.1885	2.2118	-21.4067	-0.2570
163	T	H	-0.2026	2.2118	-21.4067	-0.2754
163	T	I	-0.0680	2.2118	-7.1189	-0.1947
163	T	K	-0.1252	2.2118	-7.1189	-0.2696
163	T	L	-0.1929	2.2118	-21.4067	-0.2627
163	T	M	-0.0920	2.2118	-8.1188	-0.2194
163	T	N	-0.0947	2.2118	-6.5339	-0.2336
163	T	P	-0.1997	2.2118	-5.7970	-0.3759
163	T	Q	-0.1072	2.2118	-7.1189	-0.2460
163	T	R	-0.1119	2.2118	-3.9490	-0.2733
163	T	S	0.0022	2.2118	-5.5340	-0.1133
163	T	V	-0.0526	2.2118	-6.5339	-0.1784
163	T	W	-0.2152	2.2118	-21.4067	-0.2919
163	T	Y	-0.2237	2.2118	-21.4067	-0.3031
164	A	C	-0.2095	1.3787	-21.4118	-0.1841
164	A	D	-0.2183	1.3787	-7.1241	-0.2911
164	A	E	-0.2769	1.3787	-21.4118	-0.2723
164	A	F	-0.2596	1.3787	-21.4118	-0.2497
164	A	G	-0.1209	1.3787	-5.3168	-0.1756
164	A	H	-0.2637	1.3787	-21.4118	-0.2551
164	A	I	-0.2492	1.3787	-21.4118	-0.2360
164	A	K	-0.2815	1.3787	-21.4118	-0.2784
164	A	L	-0.2539	1.3787	-21.4118	-0.2422
164	A	M	-0.2126	1.3787	-21.4118	-0.1882
164	A	N	-0.1857	1.3787	-6.5391	-0.2523
164	A	P	-0.2449	1.3787	-4.5392	-0.3431
164	A	Q	-0.1913	1.3787	-8.1240	-0.2490
164	A	R	-0.2922	1.3787	-21.4118	-0.2924
164	A	S	-0.0911	1.3787	-5.1241	-0.1379
164	A	T	-0.0864	1.3787	-3.0367	-0.1457
164	A	V	-0.1013	1.3787	-6.5391	-0.1418
164	A	W	-0.2705	1.3787	-21.4118	-0.2640
164	A	Y	-0.2788	1.3787	-21.4118	-0.2748
165	S	A	0.0096	2.0448	-2.2661	-0.1054
165	S	C	-0.1386	2.0448	-21.4118	-0.1715
165	S	D	-0.1868	2.0448	-21.4118	-0.2346
165	S	E	-0.1600	2.0448	-21.4118	-0.1995
165	S	F	-0.1662	2.0448	-21.4118	-0.2076
165	S	G	-0.0973	2.0448	-21.4118	-0.1174
165	S	H	-0.0996	2.0448	-8.1240	-0.2092
165	S	I	-0.1693	2.0448	-21.4118	-0.2117
165	S	K	-0.1089	2.0448	-8.1240	-0.2214
165	S	L	-0.0927	2.0448	-7.1241	-0.2068
165	S	M	-0.1366	2.0448	-21.4118	-0.1689
165	S	N	-0.1104	2.0448	-21.4118	-0.1346
165	S	P	-0.1440	2.0448	-2.2912	-0.3063
165	S	Q	-0.0571	2.0448	-7.1241	-0.1603
165	S	R	-0.1142	2.0448	-8.1240	-0.2283
165	S	T	0.0141	2.0448	-3.2172	-0.0932
165	S	V	-0.0707	2.0448	-7.1241	-0.1780
165	S	W	-0.1759	2.0448	-21.4118	-0.2203
165	S	Y	-0.1710	2.0448	-21.4118	-0.2139
166	N	A	0.0056	2.4932	-1.6432	-0.1688
166	N	C	-0.1451	2.4932	-21.4067	-0.2341
166	N	D	-0.0255	2.4932	-7.1189	-0.1730
166	N	E	-0.0425	2.4932	-5.1189	-0.2085
166	N	F	-0.1524	2.4932	-21.4067	-0.2436
166	N	G	-0.0480	2.4932	-6.1189	-0.2091
166	N	H	-0.0324	2.4932	-8.1188	-0.1753
166	N	I	-0.0726	2.4932	-7.1189	-0.2346
166	N	K	-0.0985	2.4932	-21.4067	-0.1730
166	N	L	-0.0841	2.4932	-8.1188	-0.2430
166	N	M	-0.0383	2.4932	-8.1188	-0.1830
166	N	P	-0.1615	2.4932	-1.9291	-0.3856
166	N	Q	-0.0163	2.4932	-7.1189	-0.1609
166	N	R	-0.1306	2.4932	-21.4067	-0.2151
166	N	S	0.0170	2.4932	-5.3116	-0.1294
166	N	T	-0.0351	2.4932	-5.7970	-0.1943
166	N	V	-0.0498	2.4932	-3.9490	-0.2259
166	N	W	-0.1575	2.4932	-21.4067	-0.2503
166	N	Y	-0.1360	2.4932	-21.4067	-0.2221
167	V	A	-0.0707	2.0022	-3.4185	-0.1977
167	V	C	-0.1904	2.0022	-21.4067	-0.2342
167	V	D	-0.3291	2.0022	-21.4067	-0.4158
167	V	E	-0.2135	2.0022	-7.1189	-0.3599
167	V	F	-0.2397	2.0022	-21.4067	-0.2987
167	V	G	-0.1965	2.0022	-3.4185	-0.3624
167	V	H	-0.3321	2.0022	-21.4067	-0.4197
167	V	I	-0.0200	2.0022	-6.1189	-0.1133
167	V	K	-0.3254	2.0022	-21.4067	-0.4109
167	V	L	-0.0740	2.0022	-3.9490	-0.1985
167	V	M	-0.0769	2.0022	-2.7266	-0.2104
167	V	N	-0.3170	2.0022	-21.4067	-0.3999
167	V	P	-0.3668	2.0022	-21.4067	-0.4652
167	V	Q	-0.2970	2.0022	-21.4067	-0.3738
167	V	R	-0.3464	2.0022	-21.4067	-0.4384
167	V	S	-0.2662	2.0022	-21.4067	-0.3334
167	V	T	-0.1035	2.0022	-6.1189	-0.2226
167	V	W	-0.2802	2.0022	-21.4067	-0.3518
167	V	Y	-0.2831	2.0022	-21.4067	-0.3556
168	K	A	-0.0097	2.6146	-8.0820	-0.1604
168	K	C	-0.1477	2.6146	-21.3699	-0.2523
168	K	D	-0.1085	2.6146	-6.0821	-0.3031
168	K	E	-0.0029	2.6146	-1.8727	-0.1930
168	K	F	-0.1486	2.6146	-21.3699	-0.2535
168	K	G	-0.0689	2.6146	-8.0820	-0.2379
168	K	H	-0.0876	2.6146	-21.3699	-0.1736
168	K	I	-0.1158	2.6146	-21.3699	-0.2106
168	K	L	-0.0386	2.6146	-6.4971	-0.2089
168	K	M	-0.0876	2.6146	-21.3699	-0.1736
168	K	N	-0.0029	2.6146	-3.1753	-0.1843
168	K	P	-0.1840	2.6146	-8.0820	-0.3886
168	K	Q	0.0043	2.6146	-5.4972	-0.1594
168	K	R	0.0729	2.6146	-4.9122	-0.0735
168	K	S	-0.0147	2.6146	-7.0821	-0.1737
168	K	T	-0.0147	2.6146	-4.7602	-0.1892
168	K	V	-0.0014	2.6146	-2.1049	-0.1895
168	K	W	-0.1576	2.6146	-21.3699	-0.2653
168	K	Y	-0.1335	2.6146	-21.3699	-0.2337
169	T	A	-0.0691	1.7882	-4.7602	-0.1608
169	T	C	-0.1896	1.7882	-21.3699	-0.2077
169	T	D	-0.2694	1.7882	-21.3699	-0.3121
169	T	E	-0.2447	1.7882	-21.3699	-0.2798
169	T	F	-0.2611	1.7882	-21.3699	-0.3012
169	T	G	-0.1544	1.7882	-7.0821	-0.2570
169	T	H	-0.2414	1.7882	-21.3699	-0.2754
169	T	I	-0.1119	1.7882	-8.0820	-0.1947
169	T	K	-0.1640	1.7882	-7.0821	-0.2696
169	T	L	-0.2317	1.7882	-21.3699	-0.2627
169	T	M	-0.1206	1.7882	-6.0821	-0.2194
169	T	N	-0.1416	1.7882	-8.0820	-0.2336
169	T	P	-0.2181	1.7882	-1.7602	-0.3759
169	T	Q	-0.1392	1.7882	-5.7602	-0.2460
169	T	R	-0.2398	1.7882	-21.3699	-0.2733
169	T	S	-0.0309	1.7882	-4.3817	-0.1133
169	T	V	-0.0944	1.7882	-7.0821	-0.1784
169	T	W	-0.2540	1.7882	-21.3699	-0.2919
169	T	Y	-0.2625	1.7882	-21.3699	-0.3031
170	I	A	-0.0686	2.8436	-3.4222	-0.2963
170	I	C	-0.1401	2.8436	-21.3538	-0.2701
170	I	D	-0.2164	2.8436	-8.0660	-0.4587
170	I	E	-0.2651	2.8436	-21.3538	-0.4337
170	I	F	-0.0267	2.8436	-2.8566	-0.2452
170	I	G	-0.1660	2.8436	-4.7442	-0.4150
170	I	H	-0.2507	2.8436	-21.3538	-0.4149
170	I	K	-0.2576	2.8436	-21.3538	-0.4239
170	I	L	0.0478	2.8436	-3.1119	-0.1460
170	I	M	0.0321	2.8436	-5.0661	-0.1534
170	I	N	-0.1973	2.8436	-21.3538	-0.3449
170	I	P	-0.2364	2.8436	-8.0660	-0.4849
170	I	Q	-0.1570	2.8436	-8.0660	-0.3810
170	I	R	-0.2844	2.8436	-21.3538	-0.4590
170	I	S	-0.1135	2.8436	-4.2587	-0.3494
170	I	T	-0.0314	2.8436	-4.4811	-0.2405
170	I	V	0.0891	2.8436	-2.8182	-0.0938
170	I	W	-0.2100	2.8436	-21.3538	-0.3616
170	I	Y	-0.2189	2.8436	-21.3538	-0.3732
171	L	A	-0.1236	2.3212	-6.1137	-0.2874
171	L	C	-0.1909	2.3212	-21.4015	-0.2733
171	L	D	-0.3232	2.3212	-21.4015	-0.4465
171	L	E	-0.2912	2.3212	-21.4015	-0.4047
171	L	F	-0.1351	2.3212	-21.4015	-0.2003
171	L	G	-0.2765	2.3212	-21.4015	-0.3854
171	L	H	-0.2440	2.3212	-21.4015	-0.3429
171	L	I	0.0201	2.3212	-2.6219	-0.1226
171	L	K	-0.2902	2.3212	-21.4015	-0.4034
171	L	M	0.0015	2.3212	-1.7044	-0.1531
171	L	N	-0.2695	2.3212	-21.4015	-0.3762
171	L	P	-0.2121	2.3212	-7.1137	-0.3966
171	L	Q	-0.1495	2.3212	-7.1137	-0.3146
171	L	R	-0.2818	2.3212	-21.4015	-0.3924
171	L	S	-0.2320	2.3212	-21.4015	-0.3272
171	L	T	-0.1166	2.3212	-4.1137	-0.2915
171	L	V	-0.0160	2.3212	-2.5902	-0.1701
171	L	W	-0.2343	2.3212	-21.4015	-0.3301
171	L	Y	-0.2272	2.3212	-21.4015	-0.3208
172	P	A	-0.0393	2.0332	-2.3858	-0.1672
172	P	C	-0.1690	2.0332	-21.4015	-0.2100
172	P	D	-0.1949	2.0332	-21.4015	-0.2439
172	P	E	-0.1787	2.0332	-21.4015	-0.2227
172	P	F	-0.1974	2.0332	-21.4015	-0.2472
172	P	G	-0.1507	2.0332	-21.4015	-0.1860
172	P	H	-0.1751	2.0332	-21.4015	-0.2179
172	P	I	-0.1805	2.0332	-21.4015	-0.2250
172	P	K	-0.1704	2.0332	-21.4015	-0.2118
172	P	L	-0.1011	2.0332	-4.9438	-0.2310
172	P	M	-0.1360	2.0332	-21.4015	-0.1668
172	P	N	-0.0719	2.0332	-3.5288	-0.2022
172	P	Q	-0.1647	2.0332	-21.4015	-0.2044
172	P	R	-0.2061	2.0332	-21.4015	-0.2586
172	P	S	-0.0451	2.0332	-3.5902	-0.1668
172	P	T	-0.0583	2.0332	-3.7918	-0.1827
172	P	V	-0.0630	2.0332	-7.1137	-0.1666
172	P	W	-0.2100	2.0332	-21.4015	-0.2636
172	P	Y	-0.1984	2.0332	-21.4015	-0.2485
173	S	A	-0.0097	1.7474	-0.6843	-0.1054
173	S	C	-0.1659	1.7474	-21.4067	-0.1715
173	S	D	-0.1287	1.7474	-4.6595	-0.2346
173	S	E	-0.1873	1.7474	-21.4067	-0.1995
173	S	F	-0.1935	1.7474	-21.4067	-0.2076
173	S	G	-0.0415	1.7474	-5.1189	-0.1174
173	S	H	-0.1947	1.7474	-21.4067	-0.2092
173	S	I	-0.1966	1.7474	-21.4067	-0.2117
173	S	K	-0.2040	1.7474	-21.4067	-0.2214
173	S	L	-0.1929	1.7474	-21.4067	-0.2068
173	S	M	-0.1639	1.7474	-21.4067	-0.1689
173	S	N	-0.1377	1.7474	-21.4067	-0.1346
173	S	P	-0.1834	1.7474	-4.6595	-0.3063
173	S	Q	-0.0896	1.7474	-8.1188	-0.1603
173	S	R	-0.2093	1.7474	-21.4067	-0.2283
173	S	T	-0.0086	1.7474	-2.2861	-0.0932
173	S	V	-0.0878	1.7474	-5.1189	-0.1780
173	S	W	-0.2032	1.7474	-21.4067	-0.2203
173	S	Y	-0.1983	1.7474	-21.4067	-0.2139
174	K	A	0.0266	2.8993	-6.1137	-0.1604
174	K	C	-0.1216	2.8993	-21.4015	-0.2523
174	K	D	-0.1604	2.8993	-21.4015	-0.3031
174	K	E	0.0047	2.8993	-5.5288	-0.1930
174	K	F	-0.1225	2.8993	-21.4015	-0.2535
174	K	G	-0.1106	2.8993	-21.4015	-0.2379
174	K	H	0.0206	2.8993	-5.3064	-0.1736
174	K	I	-0.0220	2.8993	-8.1136	-0.2106
174	K	L	-0.0054	2.8993	-5.1137	-0.2089
174	K	M	0.0063	2.8993	-8.1136	-0.1736
174	K	N	-0.0697	2.8993	-21.4015	-0.1843
174	K	P	-0.1297	2.8993	-2.5902	-0.3886
174	K	Q	0.0491	2.8993	-1.8470	-0.1594
174	K	R	0.0971	2.8993	-5.3064	-0.0735
174	K	S	0.0347	2.8993	-2.5288	-0.1737
174	K	T	0.0143	2.8993	-4.2069	-0.1892
174	K	V	0.0111	2.8993	-4.7918	-0.1895
174	K	W	-0.1316	2.8993	-21.4015	-0.2653
174	K	Y	-0.1074	2.8993	-21.4015	-0.2337
175	A	C	-0.1432	2.1005	-21.4221	-0.1841
175	A	D	-0.1571	2.1005	-8.1343	-0.2911
175	A	E	-0.2105	2.1005	-21.4221	-0.2723
175	A	F	-0.1933	2.1005	-21.4221	-0.2497
175	A	G	-0.0637	2.1005	-7.1344	-0.1756
175	A	H	-0.1974	2.1005	-21.4221	-0.2551
175	A	I	-0.0905	2.1005	-3.3271	-0.2360
175	A	K	-0.2152	2.1005	-21.4221	-0.2784
175	A	L	-0.1095	2.1005	-6.1344	-0.2422
175	A	M	-0.0704	2.1005	-6.5494	-0.1882
175	A	N	-0.1223	2.1005	-7.1344	-0.2523
175	A	P	-0.1815	2.1005	-5.1344	-0.3431
175	A	Q	-0.1927	2.1005	-21.4221	-0.2490
175	A	R	-0.2259	2.1005	-21.4221	-0.2924
175	A	S	-0.0188	2.1005	-3.9645	-0.1379
175	A	T	-0.0307	2.1005	-5.1344	-0.1457
175	A	V	-0.0137	2.1005	-2.3795	-0.1418
175	A	W	-0.2042	2.1005	-21.4221	-0.2640
175	A	Y	-0.2124	2.1005	-21.4221	-0.2748
176	V	A	-0.0527	2.1765	-3.0367	-0.1977
176	V	C	-0.1744	2.1765	-21.4118	-0.2342
176	V	D	-0.3131	2.1765	-21.4118	-0.4158
176	V	E	-0.2704	2.1765	-21.4118	-0.3599
176	V	F	-0.1291	2.1765	-2.8762	-0.2987
176	V	G	-0.2045	2.1765	-8.1240	-0.3624
176	V	H	-0.2432	2.1765	-7.1241	-0.4197
176	V	I	0.0092	2.1765	-3.5392	-0.1133
176	V	K	-0.3093	2.1765	-21.4118	-0.4109
176	V	L	-0.0631	2.1765	-4.9542	-0.1985
176	V	M	-0.0782	2.1765	-6.1241	-0.2104
176	V	N	-0.3009	2.1765	-21.4118	-0.3999
176	V	P	-0.3508	2.1765	-21.4118	-0.4652
176	V	Q	-0.2810	2.1765	-21.4118	-0.3738
176	V	R	-0.2544	2.1765	-6.5391	-0.4384
176	V	S	-0.1670	2.1765	-5.1241	-0.3334
176	V	T	-0.0875	2.1765	-6.1241	-0.2226
176	V	W	-0.2642	2.1765	-21.4118	-0.3518
176	V	Y	-0.2671	2.1765	-21.4118	-0.3556
177	G	A	-0.1665	1.3725	-4.4237	-0.2405
177	G	C	-0.3129	1.3725	-21.4118	-0.3187
177	G	D	-0.2456	1.3725	-8.1240	-0.3194
177	G	E	-0.3127	1.3725	-21.4118	-0.3185
177	G	F	-0.2832	1.3725	-8.1240	-0.3686
177	G	H	-0.3257	1.3725	-21.4118	-0.3355
177	G	I	-0.3289	1.3725	-8.1240	-0.4284
177	G	K	-0.2779	1.3725	-8.1240	-0.3616
177	G	L	-0.3649	1.3725	-21.4118	-0.3868
177	G	M	-0.3031	1.3725	-21.4118	-0.3059
177	G	N	-0.3137	1.3725	-21.4118	-0.3198
177	G	P	-0.3430	1.3725	-8.1240	-0.4469
177	G	Q	-0.3166	1.3725	-21.4118	-0.3236
177	G	R	-0.2517	1.3725	-6.1241	-0.3407
177	G	S	-0.1675	1.3725	-3.4803	-0.2482
177	G	T	-0.2631	1.3725	-7.1241	-0.3489
177	G	V	-0.2532	1.3725	-4.4237	-0.3541
177	G	W	-0.2749	1.3725	-6.5391	-0.3683
177	G	Y	-0.3514	1.3725	-21.4118	-0.3691
178	V	A	-0.0172	2.5899	-3.5392	-0.1977
178	V	C	-0.0502	2.5899	-4.5392	-0.2342
178	V	D	-0.1919	2.5899	-5.1241	-0.4158
178	V	E	-0.1645	2.5899	-8.1240	-0.3599
178	V	F	-0.1127	2.5899	-7.1241	-0.2987
178	V	G	-0.1321	2.5899	-1.3962	-0.3624
178	V	H	-0.2780	2.5899	-21.4118	-0.4197
178	V	I	0.0340	2.5899	-6.1241	-0.1133
178	V	K	-0.2035	2.5899	-8.1240	-0.4109
178	V	L	-0.0281	2.5899	-5.5391	-0.1985
178	V	M	-0.0350	2.5899	-5.1241	-0.2104
178	V	N	-0.1951	2.5899	-8.1240	-0.3999
178	V	P	-0.3128	2.5899	-21.4118	-0.4652
178	V	Q	-0.1752	2.5899	-8.1240	-0.3738
178	V	R	-0.2245	2.5899	-8.1240	-0.4384
178	V	S	-0.1266	2.5899	-4.6647	-0.3334
178	V	T	-0.0478	2.5899	-5.8022	-0.2226
178	V	W	-0.1532	2.5899	-7.1241	-0.3518
178	V	Y	-0.2291	2.5899	-21.4118	-0.3556
179	S	A	0.0203	2.2462	-3.7918	-0.1054
179	S	C	-0.1200	2.2462	-21.4015	-0.1715
179	S	D	-0.1682	2.2462	-21.4015	-0.2346
179	S	E	-0.1414	2.2462	-21.4015	-0.1995
179	S	F	-0.0747	2.2462	-7.1137	-0.2076
179	S	G	-0.0007	2.2462	-6.1137	-0.1174
179	S	H	-0.0810	2.2462	-8.1136	-0.2092
179	S	I	-0.0676	2.2462	-5.1137	-0.2117
179	S	K	-0.1581	2.2462	-21.4015	-0.2214
179	S	L	-0.0792	2.2462	-8.1136	-0.2068
179	S	M	-0.1180	2.2462	-21.4015	-0.1689
179	S	N	-0.0064	2.2462	-4.6543	-0.1346
179	S	P	-0.1471	2.2462	-6.5287	-0.3063
179	S	Q	-0.0356	2.2462	-6.5287	-0.1603
179	S	R	-0.0956	2.2462	-8.1136	-0.2283
179	S	T	0.0437	2.2462	-1.0477	-0.0932
179	S	V	-0.0372	2.2462	-4.2069	-0.1780
179	S	W	-0.1573	2.2462	-21.4015	-0.2203
179	S	Y	-0.0846	2.2462	-8.1136	-0.2139
180	Q	A	-0.1283	1.0814	-8.1240	-0.1308
180	Q	C	-0.2424	1.0814	-21.4118	-0.1913
180	Q	D	-0.2827	1.0814	-21.4118	-0.2441
180	Q	E	-0.1216	1.0814	-5.8022	-0.1375
180	Q	F	-0.2504	1.0814	-21.4118	-0.2018
180	Q	G	-0.1888	1.0814	-6.1241	-0.2233
180	Q	H	-0.1243	1.0814	-7.1241	-0.1322
180	Q	I	-0.2317	1.0814	-21.4118	-0.1774
180	Q	K	-0.2293	1.0814	-21.4118	-0.1742
180	Q	L	-0.1422	1.0814	-7.1241	-0.1556
180	Q	M	-0.1861	1.0814	-21.4118	-0.1176
180	Q	N	-0.1440	1.0814	-8.1240	-0.1513
180	Q	P	-0.2867	1.0814	-5.1241	-0.3581
180	Q	R	-0.1469	1.0814	-5.5391	-0.1723
180	Q	S	-0.1417	1.0814	-7.1241	-0.1549
180	Q	T	-0.1567	1.0814	-8.1240	-0.1679
180	Q	V	-0.1589	1.0814	-7.1241	-0.1775
180	Q	W	-0.1739	1.0814	-6.5391	-0.2010
180	Q	Y	-0.1768	1.0814	-6.5391	-0.2048
181	E	A	-0.0387	1.9042	-1.3245	-0.1580
181	E	C	-0.2106	1.9042	-21.4067	-0.2488
181	E	D	-0.0272	1.9042	-5.7970	-0.1131
181	E	F	-0.1882	1.9042	-21.4067	-0.2195
181	E	G	-0.0910	1.9042	-6.5339	-0.1917
181	E	H	-0.0963	1.9042	-5.1189	-0.2081
181	E	I	-0.1935	1.9042	-21.4067	-0.2265
181	E	K	-0.0903	1.9042	-7.1189	-0.1868
181	E	L	-0.1957	1.9042	-21.4067	-0.2293
181	E	M	-0.1445	1.9042	-21.4067	-0.1623
181	E	N	-0.0945	1.9042	-7.1189	-0.1923
181	E	P	-0.2253	1.9042	-7.1189	-0.3635
181	E	Q	-0.0408	1.9042	-7.1189	-0.1220
181	E	R	-0.1508	1.9042	-7.1189	-0.2660
181	E	S	-0.0715	1.9042	-5.1189	-0.1756
181	E	T	-0.1705	1.9042	-21.4067	-0.1964
181	E	V	-0.0748	1.9042	-5.7970	-0.1753
181	E	W	-0.1983	1.9042	-21.4067	-0.2327
181	E	Y	-0.1212	1.9042	-8.1188	-0.2206
182	G	A	-0.1266	1.8678	-5.5340	-0.2405
182	G	C	-0.1740	1.8678	-3.1189	-0.3187
182	G	D	-0.2000	1.8678	-8.1188	-0.3194
182	G	E	-0.1942	1.8678	-7.1189	-0.3185
182	G	F	-0.3054	1.8678	-21.4067	-0.3686
182	G	H	-0.2042	1.8678	-6.5339	-0.3355
182	G	I	-0.2752	1.8678	-6.5339	-0.4284
182	G	K	-0.3001	1.8678	-21.4067	-0.3616
182	G	L	-0.2464	1.8678	-7.1189	-0.3868
182	G	M	-0.2575	1.8678	-21.4067	-0.3059
182	G	N	-0.2681	1.8678	-21.4067	-0.3198
182	G	P	-0.3652	1.8678	-21.4067	-0.4469
182	G	Q	-0.2710	1.8678	-21.4067	-0.3236
182	G	R	-0.2112	1.8678	-7.1189	-0.3407
182	G	S	-0.1248	1.8678	-4.0315	-0.2482
182	G	T	-0.2904	1.8678	-21.4067	-0.3489
182	G	V	-0.2133	1.8678	-5.5340	-0.3541
182	G	W	-0.2153	1.8678	-3.7970	-0.3683
182	G	Y	-0.2380	1.8678	-8.1188	-0.3691
183	P	A	0.0742	3.3787	-4.4081	-0.1672
183	P	C	-0.0452	3.3787	-21.3962	-0.2100
183	P	D	0.0171	3.3787	-4.1085	-0.2439
183	P	E	0.0389	3.3787	-3.0211	-0.2227
183	P	F	-0.0736	3.3787	-21.3962	-0.2472
183	P	G	0.0409	3.3787	-8.1084	-0.1860
183	P	H	0.0298	3.3787	-5.5235	-0.2179
183	P	I	0.0112	3.3787	-8.1084	-0.2250
183	P	K	0.0470	3.3787	-3.0641	-0.2118
183	P	L	0.0343	3.3787	-2.6823	-0.2310
183	P	M	0.0637	3.3787	-6.5235	-0.1668
183	P	N	0.0286	3.3787	-8.1084	-0.2022
183	P	Q	0.0387	3.3787	-5.7866	-0.2044
183	P	R	-0.0043	3.3787	-6.1085	-0.2586
183	P	S	0.0833	3.3787	-2.6823	-0.1668
183	P	T	0.0666	3.3787	-3.5850	-0.1827
183	P	V	0.0660	3.3787	-6.1085	-0.1666
183	P	W	-0.0132	3.3787	-7.1085	-0.2636
183	P	Y	-0.0068	3.3787	-8.1084	-0.2485
184	P	A	-0.0057	2.5237	-4.6491	-0.1672
184	P	C	-0.1239	2.5237	-21.3962	-0.2100
184	P	D	-0.0768	2.5237	-7.1085	-0.2439
184	P	E	-0.0658	2.5237	-8.1084	-0.2227
184	P	F	-0.1523	2.5237	-21.3962	-0.2472
184	P	G	-0.0075	2.5237	-2.1778	-0.1860
184	P	H	-0.0459	2.5237	-4.9386	-0.2179
184	P	I	-0.1353	2.5237	-21.3962	-0.2250
184	P	K	-0.1252	2.5237	-21.3962	-0.2118
184	P	L	-0.0551	2.5237	-4.7866	-0.2310
184	P	M	-0.0909	2.5237	-21.3962	-0.1668
184	P	N	-0.1179	2.5237	-21.3962	-0.2022
184	P	Q	-0.0305	2.5237	-3.9386	-0.2044
184	P	R	-0.0851	2.5237	-6.5235	-0.2586
184	P	S	-0.0048	2.5237	-4.5236	-0.1668
184	P	T	-0.0301	2.5237	-7.1085	-0.1827
184	P	V	-0.0907	2.5237	-21.3962	-0.1666
184	P	W	-0.0722	2.5237	-3.2505	-0.2636
184	P	Y	-0.1533	2.5237	-21.3962	-0.2485
185	G	A	-0.1693	1.3907	-5.3064	-0.2405
185	G	C	-0.2353	1.3907	-6.5287	-0.3187
185	G	D	-0.2337	1.3907	-6.1137	-0.3194
185	G	E	-0.3110	1.3907	-21.4015	-0.3185
185	G	F	-0.3493	1.3907	-21.4015	-0.3686
185	G	H	-0.2562	1.3907	-8.1136	-0.3355
185	G	I	-0.3272	1.3907	-8.1136	-0.4284
185	G	K	-0.3439	1.3907	-21.4015	-0.3616
185	G	L	-0.3632	1.3907	-21.4015	-0.3868
185	G	M	-0.3014	1.3907	-21.4015	-0.3059
185	G	N	-0.2442	1.3907	-8.1136	-0.3198
185	G	P	-0.3413	1.3907	-8.1136	-0.4469
185	G	Q	-0.2420	1.3907	-7.1137	-0.3236
185	G	R	-0.2521	1.3907	-6.5287	-0.3407
185	G	S	-0.1763	1.3907	-5.5288	-0.2482
185	G	T	-0.2503	1.3907	-4.9438	-0.3489
185	G	V	-0.2473	1.3907	-3.5902	-0.3541
185	G	W	-0.3491	1.3907	-21.4015	-0.3683
185	G	Y	-0.3497	1.3907	-21.4015	-0.3691
186	L	A	-0.2578	1.7115	-21.4067	-0.2874
186	L	C	-0.2470	1.7115	-21.4067	-0.2733
186	L	D	-0.3793	1.7115	-21.4067	-0.4465
186	L	E	-0.3474	1.7115	-21.4067	-0.4047
186	L	F	-0.1018	1.7115	-3.8710	-0.2003
186	L	G	-0.2567	1.7115	-6.5339	-0.3854
186	L	H	-0.2192	1.7115	-5.5340	-0.3429
186	L	I	-0.0539	1.7115	-6.1189	-0.1226
186	L	K	-0.3464	1.7115	-21.4067	-0.4034
186	L	M	-0.0874	1.7115	-8.1188	-0.1531
186	L	N	-0.3256	1.7115	-21.4067	-0.3762
186	L	P	-0.2653	1.7115	-6.5339	-0.3966
186	L	Q	-0.2107	1.7115	-8.1188	-0.3146
186	L	R	-0.2600	1.7115	-6.1189	-0.3924
186	L	S	-0.2153	1.7115	-7.1189	-0.3272
186	L	T	-0.1931	1.7115	-8.1188	-0.2915
186	L	V	-0.1004	1.7115	-8.1188	-0.1701
186	L	W	-0.1938	1.7115	-2.4751	-0.3301
186	L	Y	-0.2833	1.7115	-21.4067	-0.3208
187	P	A	-0.0174	2.3901	-4.5340	-0.1672
187	P	C	-0.0603	2.3901	-6.5339	-0.2100
187	P	D	-0.0943	2.3901	-8.1188	-0.2439
187	P	E	-0.0679	2.3901	-6.1189	-0.2227
187	P	F	-0.0968	2.3901	-8.1188	-0.2472
187	P	G	-0.0280	2.3901	-3.7970	-0.1860
187	P	H	-0.0693	2.3901	-7.1189	-0.2179
187	P	I	-0.0799	2.3901	-8.1188	-0.2250
187	P	K	-0.0698	2.3901	-8.1188	-0.2118
187	P	L	-0.0577	2.3901	-2.8710	-0.2310
187	P	M	-0.1032	2.3901	-21.4067	-0.1668
187	P	N	-0.0624	2.3901	-8.1188	-0.2022
187	P	Q	-0.0590	2.3901	-7.1189	-0.2044
187	P	R	-0.0893	2.3901	-4.9490	-0.2586
187	P	S	-0.0141	2.3901	-3.9490	-0.1668
187	P	T	-0.0357	2.3901	-5.7970	-0.1827
187	P	V	-0.0301	2.3901	-7.1189	-0.1666
187	P	W	-0.1042	2.3901	-7.1189	-0.2636
187	P	Y	-0.0978	2.3901	-8.1188	-0.2485
188	P	A	-0.0571	1.8943	-3.3692	-0.1672
188	P	C	-0.1140	1.8943	-8.1240	-0.2100
188	P	D	-0.2077	1.8943	-21.4118	-0.2439
188	P	E	-0.1237	1.8943	-8.1240	-0.2227
188	P	F	-0.2103	1.8943	-21.4118	-0.2472
188	P	G	-0.0906	1.8943	-7.1241	-0.1860
188	P	H	-0.1120	1.8943	-6.5391	-0.2179
188	P	I	-0.1174	1.8943	-6.5391	-0.2250
188	P	K	-0.1832	1.8943	-21.4118	-0.2118
188	P	L	-0.1046	1.8943	-3.1241	-0.2310
188	P	M	-0.1489	1.8943	-21.4118	-0.1668
188	P	N	-0.1030	1.8943	-7.1241	-0.2022
188	P	Q	-0.1776	1.8943	-21.4118	-0.2044
188	P	R	-0.1512	1.8943	-8.1240	-0.2586
188	P	S	-0.0583	1.8943	-3.6647	-0.1668
188	P	T	-0.0851	1.8943	-6.5391	-0.1827
188	P	V	-0.0690	1.8943	-5.8022	-0.1666
188	P	W	-0.2228	1.8943	-21.4118	-0.2636
188	P	Y	-0.2113	1.8943	-21.4118	-0.2485
189	Q	A	-0.0221	2.1480	-6.5339	-0.1308
189	Q	C	-0.0764	2.1480	-8.1188	-0.1913
189	Q	D	-0.1167	2.1480	-8.1188	-0.2441
189	Q	E	-0.0353	2.1480	-8.1188	-0.1375
189	Q	F	-0.1522	2.1480	-21.4067	-0.2018
189	Q	G	-0.0847	2.1480	-4.9490	-0.2233
189	Q	H	-0.0092	2.1480	-3.7970	-0.1322
189	Q	I	-0.1336	2.1480	-21.4067	-0.1774
189	Q	K	-0.1311	2.1480	-21.4067	-0.1742
189	Q	L	-0.0322	2.1480	-4.7970	-0.1556
189	Q	M	-0.0879	2.1480	-21.4067	-0.1176
189	Q	N	-0.1136	2.1480	-21.4067	-0.1513
189	Q	P	-0.1715	2.1480	-1.7791	-0.3581
189	Q	R	-0.0430	2.1480	-4.4185	-0.1723
189	Q	S	-0.0333	2.1480	-5.1189	-0.1549
189	Q	T	-0.1263	2.1480	-21.4067	-0.1679
189	Q	V	-0.1337	2.1480	-21.4067	-0.1775
189	Q	W	-0.1516	2.1480	-21.4067	-0.2010
189	Q	Y	-0.1545	2.1480	-21.4067	-0.2048
190	P	A	-0.0399	1.9445	-0.9095	-0.1672
190	P	C	-0.1772	1.9445	-21.4067	-0.2100
190	P	D	-0.2031	1.9445	-21.4067	-0.2439
190	P	E	-0.1140	1.9445	-7.1189	-0.2227
190	P	F	-0.2056	1.9445	-21.4067	-0.2472
190	P	G	-0.0809	1.9445	-6.1189	-0.1860
190	P	H	-0.1832	1.9445	-21.4067	-0.2179
190	P	I	-0.1209	1.9445	-8.1188	-0.2250
190	P	K	-0.1786	1.9445	-21.4067	-0.2118
190	P	L	-0.1071	1.9445	-4.5340	-0.2310
190	P	M	-0.1442	1.9445	-21.4067	-0.1668
190	P	N	-0.1712	1.9445	-21.4067	-0.2022
190	P	Q	-0.0949	1.9445	-6.1189	-0.2044
190	P	R	-0.2143	1.9445	-21.4067	-0.2586
190	P	S	-0.0646	1.9445	-5.7970	-0.1668
190	P	T	-0.0767	1.9445	-5.7970	-0.1827
190	P	V	-0.0535	1.9445	-3.6595	-0.1666
190	P	W	-0.2181	1.9445	-21.4067	-0.2636
190	P	Y	-0.2066	1.9445	-21.4067	-0.2485
191	P	A	-0.1291	1.1693	-4.4133	-0.1672
191	P	C	-0.2485	1.1693	-21.4015	-0.2100
191	P	D	-0.2744	1.1693	-21.4015	-0.2439
191	P	E	-0.2582	1.1693	-21.4015	-0.2227
191	P	F	-0.2769	1.1693	-21.4015	-0.2472
191	P	G	-0.2302	1.1693	-21.4015	-0.1860
191	P	H	-0.1867	1.1693	-8.1136	-0.2179
191	P	I	-0.1922	1.1693	-8.1136	-0.2250
191	P	K	-0.2499	1.1693	-21.4015	-0.2118
191	P	L	-0.1720	1.1693	-3.2558	-0.2310
191	P	M	-0.2155	1.1693	-21.4015	-0.1668
191	P	N	-0.2426	1.1693	-21.4015	-0.2022
191	P	Q	-0.1662	1.1693	-6.1137	-0.2044
191	P	R	-0.2856	1.1693	-21.4015	-0.2586
191	P	S	-0.1396	1.1693	-6.5287	-0.1668
191	P	T	-0.1547	1.1693	-7.1137	-0.1827
191	P	V	-0.1373	1.1693	-6.1137	-0.1666
191	P	W	-0.2895	1.1693	-21.4015	-0.2636
191	P	Y	-0.2779	1.1693	-21.4015	-0.2485
192	P	A	-0.1098	1.4012	-4.8125	-0.1672
192	P	C	-0.1595	1.4012	-8.1343	-0.2100
192	P	D	-0.2532	1.4012	-21.4221	-0.2439
192	P	E	-0.2370	1.4012	-21.4221	-0.2227
192	P	F	-0.2557	1.4012	-21.4221	-0.2472
192	P	G	-0.1411	1.4012	-8.1343	-0.1860
192	P	H	-0.2333	1.4012	-21.4221	-0.2179
192	P	I	-0.2387	1.4012	-21.4221	-0.2250
192	P	K	-0.2287	1.4012	-21.4221	-0.2118
192	P	L	-0.1556	1.4012	-4.2275	-0.2310
192	P	M	-0.1943	1.4012	-21.4221	-0.1668
192	P	N	-0.2213	1.4012	-21.4221	-0.2022
192	P	Q	-0.1433	1.4012	-5.8125	-0.2044
192	P	R	-0.1966	1.4012	-8.1343	-0.2586
192	P	S	-0.1163	1.4012	-6.1344	-0.1668
192	P	T	-0.1144	1.4012	-3.3795	-0.1827
192	P	V	-0.1182	1.4012	-6.5494	-0.1666
192	P	W	-0.2004	1.4012	-8.1343	-0.2636
192	P	Y	-0.2567	1.4012	-21.4221	-0.2485
193	P	A	-0.1302	1.1719	-4.6647	-0.1672
193	P	C	-0.2483	1.1719	-21.4118	-0.2100
193	P	D	-0.2742	1.1719	-21.4118	-0.2439
193	P	E	-0.1902	1.1719	-8.1240	-0.2227
193	P	F	-0.2767	1.1719	-21.4118	-0.2472
193	P	G	-0.2300	1.1719	-21.4118	-0.1860
193	P	H	-0.2544	1.1719	-21.4118	-0.2179
193	P	I	-0.1920	1.1719	-8.1240	-0.2250
193	P	K	-0.2497	1.1719	-21.4118	-0.2118
193	P	L	-0.1783	1.1719	-4.5392	-0.2310
193	P	M	-0.2153	1.1719	-21.4118	-0.1668
193	P	N	-0.2424	1.1719	-21.4118	-0.2022
193	P	Q	-0.1558	1.1719	-4.1241	-0.2044
193	P	R	-0.2854	1.1719	-21.4118	-0.2586
193	P	S	-0.1373	1.1719	-6.1241	-0.1668
193	P	T	-0.1435	1.1719	-4.9542	-0.1827
193	P	V	-0.2152	1.1719	-21.4118	-0.1666
193	P	W	-0.2893	1.1719	-21.4118	-0.2636
193	P	Y	-0.2777	1.1719	-21.4118	-0.2485
194	V	A	-0.0855	1.6859	-0.6211	-0.1977
194	V	C	-0.1518	1.6859	-8.1445	-0.2342
194	V	D	-0.3583	1.6859	-21.4324	-0.4158
194	V	E	-0.3156	1.6859	-21.4324	-0.3599
194	V	F	-0.1892	1.6859	-5.8227	-0.2987
194	V	G	-0.2379	1.6859	-5.8227	-0.3624
194	V	H	-0.3613	1.6859	-21.4324	-0.4197
194	V	I	-0.0595	1.6859	-8.1445	-0.1133
194	V	K	-0.3546	1.6859	-21.4324	-0.4109
194	V	L	-0.1245	1.6859	-8.1445	-0.1985
194	V	M	-0.2014	1.6859	-21.4324	-0.2104
194	V	N	-0.3462	1.6859	-21.4324	-0.3999
194	V	P	-0.3106	1.6859	-4.6852	-0.4652
194	V	Q	-0.2584	1.6859	-8.1445	-0.3738
194	V	R	-0.3078	1.6859	-8.1445	-0.4384
194	V	S	-0.2225	1.6859	-7.1446	-0.3334
194	V	T	-0.1221	1.6859	-4.0572	-0.2226
194	V	W	-0.3094	1.6859	-21.4324	-0.3518
194	V	Y	-0.3124	1.6859	-21.4324	-0.3556
195	A	C	-0.1961	1.5257	-21.4375	-0.1841
195	A	D	-0.2778	1.5257	-21.4375	-0.2911
195	A	E	-0.2635	1.5257	-21.4375	-0.2723
195	A	F	-0.2462	1.5257	-21.4375	-0.2497
195	A	G	-0.1218	1.5257	-8.1496	-0.1756
195	A	H	-0.1825	1.5257	-8.1496	-0.2551
195	A	I	-0.1680	1.5257	-8.1496	-0.2360
195	A	K	-0.2003	1.5257	-8.1496	-0.2784
195	A	L	-0.2405	1.5257	-21.4375	-0.2422
195	A	M	-0.1993	1.5257	-21.4375	-0.1882
195	A	N	-0.2482	1.5257	-21.4375	-0.2523
195	A	P	-0.2242	1.5257	-3.1498	-0.3431
195	A	Q	-0.1728	1.5257	-7.1497	-0.2490
195	A	R	-0.2788	1.5257	-21.4375	-0.2924
195	A	S	-0.0828	1.5257	-6.1497	-0.1379
195	A	T	-0.0837	1.5257	-5.1497	-0.1457
195	A	V	-0.0688	1.5257	-2.8278	-0.1418
195	A	W	-0.2571	1.5257	-21.4375	-0.2640
195	A	Y	-0.2654	1.5257	-21.4375	-0.2748
196	Q	A	-0.1183	1.0634	-5.8278	-0.1308
196	Q	C	-0.2442	1.0634	-21.4375	-0.1913
196	Q	D	-0.2035	1.0634	-5.5648	-0.2441
196	Q	E	-0.1353	1.0634	-8.1496	-0.1375
196	Q	F	-0.2522	1.0634	-21.4375	-0.2018
196	Q	G	-0.2686	1.0634	-21.4375	-0.2233
196	Q	H	-0.1159	1.0634	-5.1497	-0.1322
196	Q	I	-0.2335	1.0634	-21.4375	-0.1774
196	Q	K	-0.1633	1.0634	-8.1496	-0.1742
196	Q	L	-0.1410	1.0634	-6.5647	-0.1556
196	Q	M	-0.1201	1.0634	-8.1496	-0.1176
196	Q	N	-0.2136	1.0634	-21.4375	-0.1513
196	Q	P	-0.2861	1.0634	-4.6903	-0.3581
196	Q	R	-0.1500	1.0634	-5.8278	-0.1723
196	Q	S	-0.1485	1.0634	-8.1496	-0.1549
196	Q	T	-0.2263	1.0634	-21.4375	-0.1679
196	Q	V	-0.1658	1.0634	-8.1496	-0.1775
196	Q	W	-0.2516	1.0634	-21.4375	-0.2010
196	Q	Y	-0.2545	1.0634	-21.4375	-0.2048
197	L	A	-0.1939	1.5588	-6.1446	-0.2874
197	L	C	-0.2612	1.5588	-21.4324	-0.2733
197	L	D	-0.3935	1.5588	-21.4324	-0.4465
197	L	E	-0.2937	1.5588	-8.1445	-0.4047
197	L	F	-0.1376	1.5588	-8.1445	-0.2003
197	L	G	-0.2790	1.5588	-8.1445	-0.3854
197	L	H	-0.3143	1.5588	-21.4324	-0.3429
197	L	I	-0.0702	1.5588	-6.5597	-0.1226
197	L	K	-0.3606	1.5588	-21.4324	-0.4034
197	L	M	-0.0788	1.5588	-3.6852	-0.1531
197	L	N	-0.2720	1.5588	-8.1445	-0.3762
197	L	P	-0.2651	1.5588	-3.7523	-0.3966
197	L	Q	-0.2147	1.5588	-6.1446	-0.3146
197	L	R	-0.2741	1.5588	-6.1446	-0.3924
197	L	S	-0.3023	1.5588	-21.4324	-0.3272
197	L	T	-0.2751	1.5588	-21.4324	-0.2915
197	L	V	-0.0962	1.5588	-4.5597	-0.1701
197	L	W	-0.2368	1.5588	-8.1445	-0.3301
197	L	Y	-0.2975	1.5588	-21.4324	-0.3208
198	V	A	-0.0641	1.9248	-0.7319	-0.1977
198	V	C	-0.1977	1.9248	-21.4375	-0.2342
198	V	D	-0.2686	1.9248	-8.1496	-0.4158
198	V	E	-0.2178	1.9248	-6.5647	-0.3599
198	V	F	-0.2469	1.9248	-21.4375	-0.2987
198	V	G	-0.2278	1.9248	-8.1496	-0.3624
198	V	H	-0.3394	1.9248	-21.4375	-0.4197
198	V	I	-0.0294	1.9248	-6.5647	-0.1133
198	V	K	-0.3326	1.9248	-21.4375	-0.4109
198	V	L	-0.0924	1.9248	-6.1497	-0.1985
198	V	M	-0.1036	1.9248	-6.5647	-0.2104
198	V	N	-0.3242	1.9248	-21.4375	-0.3999
198	V	P	-0.2803	1.9248	-3.0623	-0.4652
198	V	Q	-0.2365	1.9248	-8.1496	-0.3738
198	V	R	-0.3536	1.9248	-21.4375	-0.4384
198	V	S	-0.2005	1.9248	-7.1497	-0.3334
198	V	T	-0.0973	1.9248	-3.5059	-0.2226
198	V	W	-0.2875	1.9248	-21.4375	-0.3518
198	V	Y	-0.2904	1.9248	-21.4375	-0.3556
199	P	A	-0.1020	1.4560	-4.2580	-0.1672
199	P	C	-0.1546	1.4560	-8.1648	-0.2100
199	P	D	-0.2483	1.4560	-21.4526	-0.2439
199	P	E	-0.2321	1.4560	-21.4526	-0.2227
199	P	F	-0.1728	1.4560	-6.1649	-0.2472
199	P	G	-0.2041	1.4560	-21.4526	-0.1860
199	P	H	-0.1555	1.4560	-7.1648	-0.2179
199	P	I	-0.1660	1.4560	-8.1648	-0.2250
199	P	K	-0.2238	1.4560	-21.4526	-0.2118
199	P	L	-0.1574	1.4560	-5.5799	-0.2310
199	P	M	-0.1165	1.4560	-7.1648	-0.1668
199	P	N	-0.2164	1.4560	-21.4526	-0.2022
199	P	Q	-0.1503	1.4560	-8.1648	-0.2044
199	P	R	-0.1866	1.4560	-7.1648	-0.2586
199	P	S	-0.0973	1.4560	-3.4100	-0.1668
199	P	T	-0.1205	1.4560	-5.5799	-0.1827
199	P	V	-0.1214	1.4560	-8.1648	-0.1666
199	P	W	-0.2633	1.4560	-21.4526	-0.2636
199	P	Y	-0.1840	1.4560	-8.1648	-0.2485
200	I	A	-0.1618	1.9823	-6.1598	-0.2963
200	I	C	-0.2198	1.9823	-21.4476	-0.2701
200	I	D	-0.3639	1.9823	-21.4476	-0.4587
200	I	E	-0.3448	1.9823	-21.4476	-0.4337
200	I	F	-0.1330	1.9823	-8.1597	-0.2452
200	I	G	-0.2525	1.9823	-6.1598	-0.4150
200	I	H	-0.3305	1.9823	-21.4476	-0.4149
200	I	K	-0.3373	1.9823	-21.4476	-0.4239
200	I	L	-0.0572	1.9823	-8.1597	-0.1460
200	I	M	-0.0420	1.9823	-4.0724	-0.1534
200	I	N	-0.2041	1.9823	-7.1598	-0.3449
200	I	P	-0.3043	1.9823	-5.8379	-0.4849
200	I	Q	-0.2265	1.9823	-6.1598	-0.3810
200	I	R	-0.2882	1.9823	-6.5749	-0.4590
200	I	S	-0.1932	1.9823	-4.3525	-0.3494
200	I	T	-0.1118	1.9823	-4.7004	-0.2405
200	I	V	0.0096	1.9823	-2.8745	-0.0938
200	I	W	-0.2897	1.9823	-21.4476	-0.3616
200	I	Y	-0.2986	1.9823	-21.4476	-0.3732
201	V	A	-0.0412	2.4308	-5.3676	-0.1977
201	V	C	-0.1512	2.4308	-21.4626	-0.2342
201	V	D	-0.2899	2.4308	-21.4626	-0.4158
201	V	E	-0.1713	2.4308	-6.5899	-0.3599
201	V	F	-0.1128	2.4308	-4.2680	-0.2987
201	V	G	-0.2492	2.4308	-21.4626	-0.3624
201	V	H	-0.2929	2.4308	-21.4626	-0.4197
201	V	I	0.0361	2.4308	-2.8530	-0.1133
201	V	K	-0.2862	2.4308	-21.4626	-0.4109
201	V	L	-0.0392	2.4308	-4.8530	-0.1985
201	V	M	-0.0405	2.4308	-3.3169	-0.2104
201	V	N	-0.2778	2.4308	-21.4626	-0.3999
201	V	P	-0.2497	2.4308	-6.1749	-0.4652
201	V	Q	-0.1820	2.4308	-6.5899	-0.3738
201	V	R	-0.2185	2.4308	-4.0875	-0.4384
201	V	S	-0.1460	2.4308	-5.5899	-0.3334
201	V	T	-0.0644	2.4308	-6.1749	-0.2226
201	V	W	-0.1732	2.4308	-8.1748	-0.3518
201	V	Y	-0.2440	2.4308	-21.4626	-0.3556
202	P	A	-0.0364	2.1391	-3.7318	-0.1672
202	P	C	-0.0864	2.1391	-7.1241	-0.2100
202	P	D	-0.1174	2.1391	-8.1240	-0.2439
202	P	E	-0.1690	2.1391	-21.4118	-0.2227
202	P	F	-0.1056	2.1391	-5.3168	-0.2472
202	P	G	-0.0732	2.1391	-8.1240	-0.1860
202	P	H	-0.0925	2.1391	-7.1241	-0.2179
202	P	I	-0.1030	2.1391	-8.1240	-0.2250
202	P	K	-0.1607	2.1391	-21.4118	-0.2118
202	P	L	-0.0932	2.1391	-5.3168	-0.2310
202	P	M	-0.1263	2.1391	-21.4118	-0.1668
202	P	N	-0.1534	2.1391	-21.4118	-0.2022
202	P	Q	-0.1551	2.1391	-21.4118	-0.2044
202	P	R	-0.1098	2.1391	-4.4237	-0.2586
202	P	S	-0.0277	2.1391	-2.0797	-0.1668
202	P	T	-0.0575	2.1391	-5.5391	-0.1827
202	P	V	-0.0503	2.1391	-6.5391	-0.1666
202	P	W	-0.2003	2.1391	-21.4118	-0.2636
202	P	Y	-0.1209	2.1391	-8.1240	-0.2485
203	L	A	-0.2201	2.1215	-21.4273	-0.2874
203	L	C	-0.2094	2.1215	-21.4273	-0.2733
203	L	D	-0.3417	2.1215	-21.4273	-0.4465
203	L	E	-0.3097	2.1215	-21.4273	-0.4047
203	L	F	-0.0807	2.1215	-7.1395	-0.2003
203	L	G	-0.2221	2.1215	-7.1395	-0.3854
203	L	H	-0.1947	2.1215	-8.1394	-0.3429
203	L	I	-0.0214	2.1215	-7.1395	-0.1226
203	L	K	-0.2409	2.1215	-8.1394	-0.4034
203	L	M	-0.0379	2.1215	-5.8176	-0.1531
203	L	N	-0.2880	2.1215	-21.4273	-0.3762
203	L	P	-0.1981	2.1215	-0.7645	-0.3966
203	L	Q	-0.1469	2.1215	-3.0103	-0.3146
203	L	R	-0.2131	2.1215	-4.3322	-0.3924
203	L	S	-0.1658	2.1215	-4.8176	-0.3272
203	L	T	-0.1436	2.1215	-5.8176	-0.2915
203	L	V	-0.0474	2.1215	-5.1395	-0.1701
203	L	W	-0.2528	2.1215	-21.4273	-0.3301
203	L	Y	-0.2457	2.1215	-21.4273	-0.3208
204	E	A	0.0047	2.5288	-4.0875	-0.1580
204	E	C	-0.1534	2.5288	-21.4626	-0.2488
204	E	D	0.0181	2.5288	-8.1748	-0.1131
204	E	F	-0.1310	2.5288	-21.4626	-0.2195
204	E	G	-0.0108	2.5288	-2.0664	-0.1917
204	E	H	-0.0545	2.5288	-8.1748	-0.2081
204	E	I	-0.0553	2.5288	-5.5899	-0.2265
204	E	K	-0.1060	2.5288	-21.4626	-0.1868
204	E	L	-0.1385	2.5288	-21.4626	-0.2293
204	E	M	-0.0093	2.5288	-6.1749	-0.1623
204	E	N	-0.0255	2.5288	-4.8530	-0.1923
204	E	P	-0.1651	2.5288	-6.5899	-0.3635
204	E	Q	-0.0565	2.5288	-21.4626	-0.1220
204	E	R	-0.0936	2.5288	-7.1749	-0.2660
204	E	S	-0.0127	2.5288	-4.8530	-0.1756
204	E	T	-0.0455	2.5288	-8.1748	-0.1964
204	E	V	0.0038	2.5288	-1.6671	-0.1753
204	E	W	-0.0733	2.5288	-8.1748	-0.2327
204	E	Y	-0.1318	2.5288	-21.4626	-0.2206
205	K	A	-0.0459	2.1165	-6.1996	-0.1604
205	K	C	-0.1941	2.1165	-21.4874	-0.2523
205	K	D	-0.1462	2.1165	-4.4992	-0.3031
205	K	E	-0.1488	2.1165	-21.4874	-0.1930
205	K	F	-0.1950	2.1165	-21.4874	-0.2535
205	K	G	-0.1831	2.1165	-21.4874	-0.2379
205	K	H	-0.0530	2.1165	-5.6147	-0.1736
205	K	I	-0.0944	2.1165	-8.1995	-0.2106
205	K	L	-0.1610	2.1165	-21.4874	-0.2089
205	K	M	-0.0543	2.1165	-5.8777	-0.1736
205	K	N	-0.0376	2.1165	-1.0000	-0.1843
205	K	P	-0.2304	2.1165	-8.1995	-0.3886
205	K	Q	-0.0392	2.1165	-5.0297	-0.1594
205	K	R	0.0205	2.1165	-6.1996	-0.0735
205	K	S	-0.0486	2.1165	-4.7402	-0.1737
205	K	T	-0.0638	2.1165	-5.3923	-0.1892
205	K	V	-0.1461	2.1165	-21.4874	-0.1895
205	K	W	-0.2040	2.1165	-21.4874	-0.2653
205	K	Y	-0.1799	2.1165	-21.4874	-0.2337
206	A	C	-0.0852	1.9418	-7.1996	-0.1841
206	A	D	-0.2398	1.9418	-21.4874	-0.2911
206	A	E	-0.1576	1.9418	-8.1995	-0.2723
206	A	F	-0.2082	1.9418	-21.4874	-0.2497
206	A	G	-0.0757	1.9418	-6.6147	-0.1756
206	A	H	-0.1445	1.9418	-8.1995	-0.2551
206	A	I	-0.1977	1.9418	-21.4874	-0.2360
206	A	K	-0.1623	1.9418	-8.1995	-0.2784
206	A	L	-0.1228	1.9418	-5.8777	-0.2422
206	A	M	-0.1612	1.9418	-21.4874	-0.1882
206	A	N	-0.1424	1.9418	-8.1995	-0.2523
206	A	P	-0.1897	1.9418	-3.8777	-0.3431
206	A	Q	-0.1296	1.9418	-6.1996	-0.2490
206	A	R	-0.1730	1.9418	-8.1995	-0.2924
206	A	S	-0.0273	1.9418	-2.7734	-0.1379
206	A	T	-0.0397	1.9418	-4.0297	-0.1457
206	A	V	-0.0461	1.9418	-5.8777	-0.1418
206	A	W	-0.2191	1.9418	-21.4874	-0.2640
206	A	Y	-0.1515	1.9418	-6.6147	-0.2748
207	W	A	-0.2579	2.4437	-3.8430	-0.4931
207	W	C	-0.1937	2.4437	-3.8430	-0.4091
207	W	D	-0.3720	2.4437	-21.4526	-0.5249
207	W	E	-0.3238	2.4437	-8.1648	-0.5505
207	W	F	-0.1149	2.4437	-4.7055	-0.3001
207	W	G	-0.2301	2.4437	-1.3069	-0.4737
207	W	H	-0.3361	2.4437	-21.4526	-0.4778
207	W	I	-0.3336	2.4437	-21.4526	-0.4746
207	W	K	-0.3358	2.4437	-8.1648	-0.5662
207	W	L	-0.2273	2.4437	-8.1648	-0.4242
207	W	M	-0.3073	2.4437	-21.4526	-0.4401
207	W	N	-0.3125	2.4437	-8.1648	-0.5357
207	W	P	-0.3507	2.4437	-8.1648	-0.5857
207	W	Q	-0.2880	2.4437	-5.1649	-0.5237
207	W	R	-0.2438	2.4437	-4.2580	-0.4719
207	W	S	-0.2678	2.4437	-6.1649	-0.4906
207	W	T	-0.3895	2.4437	-21.4526	-0.5477
207	W	V	-0.2473	2.4437	-6.1649	-0.4637
207	W	Y	-0.2483	2.4437	-21.4526	-0.3629
208	P	A	-0.1456	1.0439	-5.3874	-0.1672
208	P	C	-0.2605	1.0439	-21.4825	-0.2100
208	P	D	-0.2864	1.0439	-21.4825	-0.2439
208	P	E	-0.2702	1.0439	-21.4825	-0.2227
208	P	F	-0.2130	1.0439	-6.6098	-0.2472
208	P	G	-0.2421	1.0439	-21.4825	-0.1860
208	P	H	-0.2665	1.0439	-21.4825	-0.2179
208	P	I	-0.2719	1.0439	-21.4825	-0.2250
208	P	K	-0.1940	1.0439	-8.1946	-0.2118
208	P	L	-0.1934	1.0439	-5.1947	-0.2310
208	P	M	-0.2275	1.0439	-21.4825	-0.1668
208	P	N	-0.2545	1.0439	-21.4825	-0.2022
208	P	Q	-0.1884	1.0439	-8.1946	-0.2044
208	P	R	-0.2179	1.0439	-5.8728	-0.2586
208	P	S	-0.1369	1.0439	-3.7353	-0.1668
208	P	T	-0.1667	1.0439	-7.1947	-0.1827
208	P	V	-0.2273	1.0439	-21.4825	-0.1666
208	P	W	-0.3014	1.0439	-21.4825	-0.2636
208	P	Y	-0.2899	1.0439	-21.4825	-0.2485
209	G	A	-0.0620	2.6052	-6.1799	-0.2405
209	G	C	-0.1188	2.6052	-5.5949	-0.3187
209	G	D	-0.1325	2.6052	-8.1798	-0.3194
209	G	E	-0.1267	2.6052	-7.1798	-0.3185
209	G	F	-0.2379	2.6052	-21.4676	-0.3686
209	G	H	-0.1367	2.6052	-6.5949	-0.3355
209	G	I	-0.2836	2.6052	-21.4676	-0.4284
209	G	K	-0.2325	2.6052	-21.4676	-0.3616
209	G	L	-0.2518	2.6052	-21.4676	-0.3868
209	G	M	-0.1900	2.6052	-21.4676	-0.3059
209	G	N	-0.2006	2.6052	-21.4676	-0.3198
209	G	P	-0.2051	2.6052	-3.3219	-0.4469
209	G	Q	-0.1104	2.6052	-3.2257	-0.3236
209	G	R	-0.1224	2.6052	-3.0100	-0.3407
209	G	S	-0.0628	2.6052	-5.1799	-0.2482
209	G	T	-0.1550	2.6052	-8.1798	-0.3489
209	G	V	-0.2268	2.6052	-21.4676	-0.3541
209	G	W	-0.1374	2.6052	-1.8224	-0.3683
209	G	Y	-0.2383	2.6052	-21.4676	-0.3691
210	P	A	-0.1458	1.1088	-6.5799	-0.1672
210	P	C	-0.1865	1.1088	-8.1648	-0.2100
210	P	D	-0.2802	1.1088	-21.4526	-0.2439
210	P	E	-0.2640	1.1088	-21.4526	-0.2227
210	P	F	-0.2828	1.1088	-21.4526	-0.2472
210	P	G	-0.2360	1.1088	-21.4526	-0.1860
210	P	H	-0.2604	1.1088	-21.4526	-0.2179
210	P	I	-0.1929	1.1088	-7.1648	-0.2250
210	P	K	-0.2557	1.1088	-21.4526	-0.2118
210	P	L	-0.1856	1.1088	-4.8430	-0.2310
210	P	M	-0.2213	1.1088	-21.4526	-0.1668
210	P	N	-0.2484	1.1088	-21.4526	-0.2022
210	P	Q	-0.1628	1.1088	-4.3576	-0.2044
210	P	R	-0.2915	1.1088	-21.4526	-0.2586
210	P	S	-0.1352	1.1088	-4.5799	-0.1668
210	P	T	-0.1495	1.1088	-4.9950	-0.1827
210	P	V	-0.2212	1.1088	-21.4526	-0.1666
210	P	W	-0.2953	1.1088	-21.4526	-0.2636
210	P	Y	-0.2837	1.1088	-21.4526	-0.2485
211	H	A	-0.0843	2.2677	-21.4425	-0.1271
211	H	C	-0.0660	2.2677	-7.1548	-0.1985
211	H	D	-0.0494	2.2677	-5.3475	-0.1889
211	H	E	-0.0651	2.2677	-6.1548	-0.2040
211	H	F	-0.1059	2.2677	-21.4425	-0.1554
211	H	G	-0.0991	2.2677	-8.1547	-0.2352
211	H	I	-0.0926	2.2677	-6.1548	-0.2400
211	H	K	-0.0374	2.2677	-3.8329	-0.1833
211	H	L	-0.0582	2.2677	-6.5698	-0.1923
211	H	M	-0.0843	2.2677	-21.4425	-0.1270
211	H	N	-0.0232	2.2677	-8.1547	-0.1359
211	H	P	-0.1570	2.2677	-3.6954	-0.3408
211	H	Q	0.0494	2.2677	-1.4683	-0.0855
211	H	R	-0.0427	2.2677	-6.1548	-0.1747
211	H	S	-0.0225	2.2677	-8.1547	-0.1349
211	H	T	-0.1351	2.2677	-21.4425	-0.1936
211	H	V	-0.0591	2.2677	-8.1547	-0.1829
211	H	W	-0.1222	2.2677	-21.4425	-0.1767
211	H	Y	0.0117	2.2677	-8.1547	-0.0902
212	G	A	-0.1816	1.1658	-3.6613	-0.2405
212	G	C	-0.2563	1.1658	-6.5999	-0.3187
212	G	D	-0.3328	1.1658	-21.4726	-0.3194
212	G	E	-0.2562	1.1658	-6.5999	-0.3185
212	G	F	-0.3703	1.1658	-21.4726	-0.3686
212	G	H	-0.3451	1.1658	-21.4726	-0.3355
212	G	I	-0.4160	1.1658	-21.4726	-0.4284
212	G	K	-0.3650	1.1658	-21.4726	-0.3616
212	G	L	-0.3164	1.1658	-8.1847	-0.3868
212	G	M	-0.2495	1.1658	-7.1848	-0.3059
212	G	N	-0.3331	1.1658	-21.4726	-0.3198
212	G	P	-0.4301	1.1658	-21.4726	-0.4469
212	G	Q	-0.3360	1.1658	-21.4726	-0.3236
212	G	R	-0.2669	1.1658	-5.3775	-0.3407
212	G	S	-0.2055	1.1658	-7.1848	-0.2482
212	G	T	-0.2732	1.1658	-5.3775	-0.3489
212	G	V	-0.2864	1.1658	-7.1848	-0.3541
212	G	W	-0.2942	1.1658	-6.5999	-0.3683
212	G	Y	-0.3707	1.1658	-21.4726	-0.3691
213	T	A	-0.0379	1.9046	-0.7503	-0.1608
213	T	C	-0.1795	1.9046	-21.4726	-0.2077
213	T	D	-0.1863	1.9046	-7.1848	-0.3121
213	T	E	-0.1616	1.9046	-7.1848	-0.2798
213	T	F	-0.2509	1.9046	-21.4726	-0.3012
213	T	G	-0.1391	1.9046	-6.1848	-0.2570
213	T	H	-0.2312	1.9046	-21.4726	-0.2754
213	T	I	-0.1695	1.9046	-21.4726	-0.1947
213	T	K	-0.2267	1.9046	-21.4726	-0.2696
213	T	L	-0.1537	1.9046	-8.1847	-0.2627
213	T	M	-0.1206	1.9046	-8.1847	-0.2194
213	T	N	-0.1196	1.9046	-5.8629	-0.2336
213	T	P	-0.2232	1.9046	-4.8629	-0.3759
213	T	Q	-0.2087	1.9046	-21.4726	-0.2460
213	T	R	-0.2296	1.9046	-21.4726	-0.2733
213	T	S	-0.0187	1.9046	-4.0974	-0.1133
213	T	V	-0.0698	1.9046	-4.3775	-0.1784
213	T	W	-0.1760	1.9046	-8.1847	-0.2919
213	T	Y	-0.2523	1.9046	-21.4726	-0.3031
214	T	A	0.0400	2.9579	-4.4894	-0.1608
214	T	C	0.0035	2.9579	-4.6049	-0.2077
214	T	D	-0.0864	2.9579	-6.6048	-0.3121
214	T	E	-0.0698	2.9579	-8.1897	-0.2798
214	T	F	-0.0730	2.9579	-5.6048	-0.3012
214	T	G	-0.0443	2.9579	-6.6048	-0.2570
214	T	H	-0.0356	2.9579	-2.1454	-0.2754
214	T	I	-0.0048	2.9579	-8.1897	-0.1947
214	T	K	-0.1298	2.9579	-21.4775	-0.2696
214	T	L	-0.0517	2.9579	-7.1898	-0.2627
214	T	M	-0.0237	2.9579	-8.1897	-0.2194
214	T	N	-0.0294	2.9579	-7.1898	-0.2336
214	T	P	-0.1228	2.9579	-4.1898	-0.3759
214	T	Q	-0.1118	2.9579	-21.4775	-0.2460
214	T	R	-0.0649	2.9579	-8.1897	-0.2733
214	T	S	0.0904	2.9579	-1.7141	-0.1133
214	T	V	0.0285	2.9579	-4.1024	-0.1784
214	T	W	-0.1469	2.9579	-21.4775	-0.2919
214	T	Y	-0.0677	2.9579	-4.2829	-0.3031
215	G	A	-0.1348	1.8145	-6.1848	-0.2405
215	G	C	-0.2725	1.8145	-21.4726	-0.3187
215	G	D	-0.2731	1.8145	-21.4726	-0.3194
215	G	E	-0.1965	1.8145	-6.5999	-0.3185
215	G	F	-0.3106	1.8145	-21.4726	-0.3686
215	G	H	-0.2854	1.8145	-21.4726	-0.3355
215	G	I	-0.3563	1.8145	-21.4726	-0.4284
215	G	K	-0.2294	1.8145	-6.5999	-0.3616
215	G	L	-0.2516	1.8145	-7.1848	-0.3868
215	G	M	-0.1773	1.8145	-4.7254	-0.3059
215	G	N	-0.2734	1.8145	-21.4726	-0.3198
215	G	P	-0.2946	1.8145	-6.5999	-0.4469
215	G	Q	-0.2004	1.8145	-6.5999	-0.3236
215	G	R	-0.1889	1.8145	-1.7926	-0.3407
215	G	S	-0.1407	1.8145	-6.1848	-0.2482
215	G	T	-0.2146	1.8145	-5.5999	-0.3489
215	G	V	-0.2267	1.8145	-7.1848	-0.3541
215	G	W	-0.3104	1.8145	-21.4726	-0.3683
215	G	Y	-0.3110	1.8145	-21.4726	-0.3691
216	E	A	-0.1337	1.1244	-5.8728	-0.1580
216	E	C	-0.2827	1.1244	-21.4825	-0.2488
216	E	D	-0.0951	1.1244	-5.0248	-0.1131
216	E	F	-0.2603	1.1244	-21.4825	-0.2195
216	E	G	-0.1632	1.1244	-6.6098	-0.1917
216	E	H	-0.2516	1.1244	-21.4825	-0.2081
216	E	I	-0.2657	1.1244	-21.4825	-0.2265
216	E	K	-0.1522	1.1244	-5.1947	-0.1868
216	E	L	-0.2678	1.1244	-21.4825	-0.2293
216	E	M	-0.2166	1.1244	-21.4825	-0.1623
216	E	N	-0.1636	1.1244	-6.6098	-0.1923
216	E	P	-0.2974	1.1244	-7.1947	-0.3635
216	E	Q	-0.1027	1.1244	-5.1947	-0.1220
216	E	R	-0.2229	1.1244	-7.1947	-0.2660
216	E	S	-0.1509	1.1244	-6.6098	-0.1756
216	E	T	-0.1698	1.1244	-7.1947	-0.1964
216	E	V	-0.2266	1.1244	-21.4825	-0.1753
216	E	W	-0.2704	1.1244	-21.4825	-0.2327
216	E	Y	-0.1933	1.1244	-8.1946	-0.2206
217	G	A	-0.1715	1.3696	-5.3575	-0.2405
217	G	C	-0.2354	1.3696	-6.1649	-0.3187
217	G	D	-0.2410	1.3696	-7.1648	-0.3194
217	G	E	-0.2322	1.3696	-5.5799	-0.3185
217	G	F	-0.3515	1.3696	-21.4526	-0.3686
217	G	H	-0.3262	1.3696	-21.4526	-0.3355
217	G	I	-0.3972	1.3696	-21.4526	-0.4284
217	G	K	-0.2732	1.3696	-7.1648	-0.3616
217	G	L	-0.3654	1.3696	-21.4526	-0.3868
217	G	M	-0.3036	1.3696	-21.4526	-0.3059
217	G	N	-0.2383	1.3696	-6.5799	-0.3198
217	G	P	-0.4113	1.3696	-21.4526	-0.4469
217	G	Q	-0.2412	1.3696	-6.5799	-0.3236
217	G	R	-0.2505	1.3696	-5.8430	-0.3407
217	G	S	-0.1674	1.3696	-3.4100	-0.2482
217	G	T	-0.3364	1.3696	-21.4526	-0.3489
217	G	V	-0.2645	1.3696	-6.5799	-0.3541
217	G	W	-0.3513	1.3696	-21.4526	-0.3683
217	G	Y	-0.2841	1.3696	-8.1648	-0.3691
218	G	A	-0.1220	1.8876	-4.9899	-0.2405
218	G	C	-0.1836	1.8876	-5.3525	-0.3187
218	G	D	-0.1866	1.8876	-5.8379	-0.3194
218	G	E	-0.1977	1.8876	-8.1597	-0.3185
218	G	F	-0.3038	1.8876	-21.4476	-0.3686
218	G	H	-0.2056	1.8876	-7.1598	-0.3355
218	G	I	-0.2817	1.8876	-8.1597	-0.4284
218	G	K	-0.2985	1.8876	-21.4476	-0.3616
218	G	L	-0.2418	1.8876	-6.5749	-0.3868
218	G	M	-0.2559	1.8876	-21.4476	-0.3059
218	G	N	-0.1936	1.8876	-7.1598	-0.3198
218	G	P	-0.2958	1.8876	-8.1597	-0.4469
218	G	Q	-0.2016	1.8876	-8.1597	-0.3236
218	G	R	-0.2096	1.8876	-7.1598	-0.3407
218	G	S	-0.1083	1.8876	-1.1487	-0.2482
218	G	T	-0.2129	1.8876	-6.5749	-0.3489
218	G	V	-0.2198	1.8876	-7.1598	-0.3541
218	G	W	-0.3036	1.8876	-21.4476	-0.3683
218	G	Y	-0.3042	1.8876	-21.4476	-0.3691
219	P	A	-0.0740	1.8865	-6.5339	-0.1672
219	P	C	-0.1147	1.8865	-8.1188	-0.2100
219	P	D	-0.2084	1.8865	-21.4067	-0.2439
219	P	E	-0.1193	1.8865	-7.1189	-0.2227
219	P	F	-0.2110	1.8865	-21.4067	-0.2472
219	P	G	-0.0913	1.8865	-7.1189	-0.1860
219	P	H	-0.1886	1.8865	-21.4067	-0.2179
219	P	I	-0.1940	1.8865	-21.4067	-0.2250
219	P	K	-0.1161	1.8865	-8.1188	-0.2118
219	P	L	-0.0949	1.8865	-1.0855	-0.2310
219	P	M	-0.0817	1.8865	-8.1188	-0.1668
219	P	N	-0.1766	1.8865	-21.4067	-0.2022
219	P	Q	-0.0900	1.8865	-4.1189	-0.2044
219	P	R	-0.1417	1.8865	-6.1189	-0.2586
219	P	S	-0.0715	1.8865	-6.1189	-0.1668
219	P	T	-0.0807	1.8865	-5.5340	-0.1827
219	P	V	-0.0765	1.8865	-7.1189	-0.1666
219	P	W	-0.2235	1.8865	-21.4067	-0.2636
219	P	Y	-0.2120	1.8865	-21.4067	-0.2485
220	V	A	-0.0450	2.1311	-0.7091	-0.1977
220	V	C	-0.1784	2.1311	-21.3805	-0.2342
220	V	D	-0.2442	2.1311	-7.0927	-0.4158
220	V	E	-0.1934	2.1311	-5.5078	-0.3599
220	V	F	-0.2277	2.1311	-21.3805	-0.2987
220	V	G	-0.1983	2.1311	-6.0927	-0.3624
220	V	H	-0.2404	2.1311	-5.7708	-0.4197
220	V	I	-0.0101	2.1311	-6.5078	-0.1133
220	V	K	-0.3134	2.1311	-21.3805	-0.4109
220	V	L	-0.0616	2.1311	-3.8448	-0.1985
220	V	M	-0.0806	2.1311	-5.7708	-0.2104
220	V	N	-0.3050	2.1311	-21.3805	-0.3999
220	V	P	-0.2633	2.1311	-3.4489	-0.4652
220	V	Q	-0.2850	2.1311	-21.3805	-0.3738
220	V	R	-0.3344	2.1311	-21.3805	-0.4384
220	V	S	-0.1702	2.1311	-4.9228	-0.3334
220	V	T	-0.0899	2.1311	-5.7708	-0.2226
220	V	W	-0.2682	2.1311	-21.3805	-0.3518
220	V	Y	-0.2711	2.1311	-21.3805	-0.3556
221	A	C	0.0047	2.7977	-5.0149	-0.1841
221	A	D	-0.0932	2.7977	-8.1847	-0.2911
221	A	E	-0.1466	2.7977	-21.4726	-0.2723
221	A	F	-0.0616	2.7977	-8.1847	-0.2497
221	A	G	0.0053	2.7977	-6.1848	-0.1756
221	A	H	-0.0657	2.7977	-8.1847	-0.2551
221	A	I	-0.1189	2.7977	-21.4726	-0.2360
221	A	K	-0.0784	2.7977	-7.1848	-0.2784
221	A	L	-0.0558	2.7977	-8.1847	-0.2422
221	A	M	-0.0146	2.7977	-8.1847	-0.1882
221	A	N	-0.0436	2.7977	-4.2780	-0.2523
221	A	P	-0.1038	2.7977	-2.4844	-0.3431
221	A	Q	-0.0478	2.7977	-5.5999	-0.2490
221	A	R	-0.0789	2.7977	-5.1849	-0.2924
221	A	S	0.0514	2.7977	-2.7926	-0.1379
221	A	T	0.0457	2.7977	-2.7255	-0.1457
221	A	V	0.0327	2.7977	-5.8629	-0.1418
221	A	W	-0.1403	2.7977	-21.4726	-0.2640
221	A	Y	-0.1485	2.7977	-21.4726	-0.2748
222	T	A	0.0076	2.5245	-3.0100	-0.1608
222	T	C	-0.0495	2.5245	-7.1798	-0.2077
222	T	D	-0.2021	2.5245	-21.4676	-0.3121
222	T	E	-0.1775	2.5245	-21.4676	-0.2798
222	T	F	-0.1179	2.5245	-6.5949	-0.3012
222	T	G	-0.0804	2.5245	-5.8580	-0.2570
222	T	H	-0.1741	2.5245	-21.4676	-0.2754
222	T	I	-0.0328	2.5245	-5.8580	-0.1947
222	T	K	-0.1697	2.5245	-21.4676	-0.2696
222	T	L	-0.0966	2.5245	-8.1798	-0.2627
222	T	M	-0.1313	2.5245	-21.4676	-0.2194
222	T	N	-0.0491	2.5245	-3.2257	-0.2336
222	T	P	-0.1699	2.5245	-5.5949	-0.3759
222	T	Q	-0.0736	2.5245	-6.1799	-0.2460
222	T	R	-0.1047	2.5245	-8.1798	-0.2733
222	T	S	0.0522	2.5245	-1.3855	-0.1133
222	T	V	-0.0153	2.5245	-4.8580	-0.1784
222	T	W	-0.1867	2.5245	-21.4676	-0.2919
222	T	Y	-0.1275	2.5245	-8.1798	-0.3031
223	L	A	-0.1380	2.2751	-8.1032	-0.2874
223	L	C	-0.1951	2.2751	-21.3910	-0.2733
223	L	D	-0.3274	2.2751	-21.3910	-0.4465
223	L	E	-0.2954	2.2751	-21.3910	-0.4047
223	L	F	-0.0583	2.2751	-5.5183	-0.2003
223	L	G	-0.2027	2.2751	-6.1033	-0.3854
223	L	H	-0.1753	2.2751	-7.1032	-0.3429
223	L	I	-0.0003	2.2751	-5.7813	-0.1226
223	L	K	-0.2097	2.2751	-4.7814	-0.4034
223	L	M	-0.1032	2.2751	-21.3910	-0.1531
223	L	N	-0.2007	2.2751	-7.1032	-0.3762
223	L	P	-0.1994	2.2751	-3.7814	-0.3966
223	L	Q	-0.1211	2.2751	-0.7196	-0.3146
223	L	R	-0.1951	2.2751	-3.5797	-0.3924
223	L	S	-0.1531	2.2751	-5.1033	-0.3272
223	L	T	-0.1331	2.2751	-6.5183	-0.2915
223	L	V	-0.0308	2.2751	-4.6439	-0.1701
223	L	W	-0.1655	2.2751	-7.1032	-0.3301
223	L	Y	-0.2313	2.2751	-21.3910	-0.3208
224	S	A	0.0524	2.4796	-1.7270	-0.1054
224	S	C	-0.0259	2.4796	-7.1699	-0.1715
224	S	D	-0.0792	2.4796	-8.1698	-0.2346
224	S	E	-0.1202	2.4796	-21.4576	-0.1995
224	S	F	-0.1264	2.4796	-21.4576	-0.2076
224	S	G	0.0103	2.4796	-8.1698	-0.1174
224	S	H	-0.0455	2.4796	-5.3626	-0.2092
224	S	I	-0.1295	2.4796	-21.4576	-0.2117
224	S	K	-0.0589	2.4796	-6.1699	-0.2214
224	S	L	-0.1258	2.4796	-21.4576	-0.2068
224	S	M	-0.0968	2.4796	-21.4576	-0.1689
224	S	N	0.0023	2.4796	-7.1699	-0.1346
224	S	P	-0.1100	2.4796	-3.4695	-0.3063
224	S	Q	0.0015	2.4796	-3.4695	-0.1603
224	S	R	-0.0574	2.4796	-4.8480	-0.2283
224	S	T	0.0492	2.4796	-4.1699	-0.0932
224	S	V	-0.1038	2.4796	-21.4576	-0.1780
224	S	W	-0.1361	2.4796	-21.4576	-0.2203
224	S	Y	-0.0634	2.4796	-8.1698	-0.2139
225	K	A	-0.0082	2.4092	-4.0875	-0.1604
225	K	C	-0.1670	2.4092	-21.4626	-0.2523
225	K	D	-0.1380	2.4092	-8.1748	-0.3031
225	K	E	-0.0459	2.4092	-6.5899	-0.1930
225	K	F	-0.1680	2.4092	-21.4626	-0.2535
225	K	G	-0.0831	2.4092	-7.1749	-0.2379
225	K	H	-0.1069	2.4092	-21.4626	-0.1736
225	K	I	-0.1352	2.4092	-21.4626	-0.2106
225	K	L	-0.1339	2.4092	-21.4626	-0.2089
225	K	M	-0.0273	2.4092	-5.8530	-0.1736
225	K	N	-0.0279	2.4092	-4.3676	-0.1843
225	K	P	-0.1931	2.4092	-6.1749	-0.3886
225	K	Q	-0.0106	2.4092	-4.7155	-0.1594
225	K	R	0.0586	2.4092	-4.0050	-0.0735
225	K	S	-0.0215	2.4092	-4.7155	-0.1737
225	K	T	-0.0280	2.4092	-3.6514	-0.1892
225	K	V	-0.0462	2.4092	-7.1749	-0.1895
225	K	W	-0.1770	2.4092	-21.4626	-0.2653
225	K	Y	-0.0656	2.4092	-4.3676	-0.2337
226	P	A	-0.0090	2.3237	-1.6867	-0.1672
226	P	C	-0.0733	2.3237	-7.8764	-0.2100
226	P	D	-0.0941	2.3237	-6.8765	-0.2439
226	P	E	-0.0830	2.3237	-7.8764	-0.2227
226	P	F	-0.0966	2.3237	-6.8765	-0.2472
226	P	G	-0.0431	2.3237	-5.5546	-0.1860
226	P	H	-0.1471	2.3237	-21.1642	-0.2179
226	P	I	-0.1525	2.3237	-21.1642	-0.2250
226	P	K	-0.0666	2.3237	-6.2915	-0.2118
226	P	L	-0.0812	2.3237	-6.2915	-0.2310
226	P	M	-0.1081	2.3237	-21.1642	-0.1668
226	P	N	-0.0474	2.3237	-3.9696	-0.2022
226	P	Q	-0.0690	2.3237	-7.8764	-0.2044
226	P	R	-0.1782	2.3237	-21.1642	-0.2586
226	P	S	-0.0214	2.3237	-4.1761	-0.1668
226	P	T	-0.0362	2.3237	-4.7066	-0.1827
226	P	V	-0.0350	2.3237	-6.8765	-0.1666
226	P	W	-0.1820	2.3237	-21.1642	-0.2636
226	P	Y	-0.0976	2.3237	-6.8765	-0.2485
227	S	A	0.0007	1.9654	-2.5695	-0.1054
227	S	C	-0.0781	1.9654	-8.1240	-0.1715
227	S	D	-0.1161	1.9654	-6.1241	-0.2346
227	S	E	-0.1673	1.9654	-21.4118	-0.1995
227	S	F	-0.1057	1.9654	-8.1240	-0.2076
227	S	G	-0.1046	1.9654	-21.4118	-0.1174
227	S	H	-0.1747	1.9654	-21.4118	-0.2092
227	S	I	-0.1766	1.9654	-21.4118	-0.2117
227	S	K	-0.1162	1.9654	-8.1240	-0.2214
227	S	L	-0.1051	1.9654	-8.1240	-0.2068
227	S	M	-0.1439	1.9654	-21.4118	-0.1689
227	S	N	-0.0499	1.9654	-8.1240	-0.1346
227	S	P	-0.1541	1.9654	-2.8387	-0.3063
227	S	Q	-0.0593	1.9654	-6.1241	-0.1603
227	S	R	-0.1164	1.9654	-7.1241	-0.2283
227	S	T	-0.0021	1.9654	-4.9542	-0.0932
227	S	V	-0.0699	1.9654	-5.5391	-0.1780
227	S	W	-0.1154	1.9654	-8.1240	-0.2203
227	S	Y	-0.1783	1.9654	-21.4118	-0.2139
228	L	A	-0.1131	2.3876	-5.2479	-0.2874
228	L	C	-0.1065	2.3876	-6.0553	-0.2733
228	L	D	-0.2490	2.3876	-8.0551	-0.4465
228	L	E	-0.1994	2.3876	-4.5958	-0.4047
228	L	F	-0.1287	2.3876	-21.3430	-0.2003
228	L	G	-0.2701	2.3876	-21.3430	-0.3854
228	L	H	-0.1596	2.3876	-6.0553	-0.3429
228	L	I	-0.0694	2.3876	-21.3430	-0.1226
228	L	K	-0.2838	2.3876	-21.3430	-0.4034
228	L	M	-0.0927	2.3876	-21.3430	-0.1531
228	L	N	-0.2631	2.3876	-21.3430	-0.3762
228	L	P	-0.1781	2.3876	-1.6459	-0.3966
228	L	Q	-0.1216	2.3876	-2.8458	-0.3146
228	L	R	-0.2076	2.3876	-8.0551	-0.3924
228	L	S	-0.1417	2.3876	-4.8854	-0.3272
228	L	T	-0.1187	2.3876	-5.7333	-0.2915
228	L	V	-0.0276	2.3876	-6.0553	-0.1701
228	L	W	-0.2279	2.3876	-21.3430	-0.3301
228	L	Y	-0.2207	2.3876	-21.3430	-0.3208
229	G	A	-0.0491	2.6847	-5.0875	-0.2405
229	G	C	-0.1920	2.6847	-21.3752	-0.3187
229	G	D	-0.0960	2.6847	-2.4728	-0.3194
229	G	E	-0.1009	2.6847	-3.5639	-0.3185
229	G	F	-0.2301	2.6847	-21.3752	-0.3686
229	G	H	-0.1268	2.6847	-6.0874	-0.3355
229	G	I	-0.2758	2.6847	-21.3752	-0.4284
229	G	K	-0.1518	2.6847	-7.0874	-0.3616
229	G	L	-0.1762	2.6847	-8.0873	-0.3868
229	G	M	-0.1093	2.6847	-7.0874	-0.3059
229	G	N	-0.1074	2.6847	-4.6280	-0.3198
229	G	P	-0.1916	2.6847	-2.1102	-0.4469
229	G	Q	-0.1177	2.6847	-6.0874	-0.3236
229	G	R	-0.1359	2.6847	-7.0874	-0.3407
229	G	S	-0.0560	2.6847	-5.2801	-0.2482
229	G	T	-0.1472	2.6847	-8.0873	-0.3489
229	G	V	-0.1461	2.6847	-7.0874	-0.3541
229	G	W	-0.2299	2.6847	-21.3752	-0.3683
229	G	Y	-0.2305	2.6847	-21.3752	-0.3691
230	D	A	-0.1463	1.3335	-6.6293	-0.1947
230	D	C	-0.1816	1.3335	-5.4070	-0.2490
230	D	E	-0.0811	1.3335	-4.6294	-0.1226
230	D	F	-0.3224	1.3335	-21.5020	-0.3258
230	D	G	-0.1554	1.3335	-6.2143	-0.2093
230	D	H	-0.1557	1.3335	-6.6293	-0.2069
230	D	I	-0.3146	1.3335	-21.5020	-0.3156
230	D	K	-0.2200	1.3335	-7.2143	-0.2873
230	D	L	-0.3082	1.3335	-21.5020	-0.3073
230	D	M	-0.2470	1.3335	-21.5020	-0.2271
230	D	N	-0.0998	1.3335	-4.0444	-0.1511
230	D	P	-0.2812	1.3335	-6.2143	-0.3740
230	D	Q	-0.1733	1.3335	-6.6293	-0.2300
230	D	R	-0.3240	1.3335	-21.5020	-0.3279
230	D	S	-0.1557	1.3335	-7.2143	-0.2031
230	D	T	-0.2587	1.3335	-21.5020	-0.2424
230	D	V	-0.2693	1.3335	-21.5020	-0.2563
230	D	W	-0.3028	1.3335	-21.5020	-0.3002
230	D	Y	-0.1943	1.3335	-7.2143	-0.2536
231	R	A	-0.0488	2.8988	-3.7549	-0.2748
231	R	C	-0.0581	2.8988	-3.8289	-0.2864
231	R	D	-0.1296	2.8988	-1.7370	-0.3940
231	R	E	-0.1750	2.8988	-21.3645	-0.3223
231	R	F	-0.0979	2.8988	-7.0768	-0.3169
231	R	G	-0.1062	2.8988	-8.0767	-0.3211
231	R	H	-0.0274	2.8988	-5.4918	-0.2352
231	R	I	-0.1003	2.8988	-8.0767	-0.3133
231	R	K	0.0440	2.8988	-7.0768	-0.1311
231	R	L	-0.0414	2.8988	-1.8289	-0.2780
231	R	M	-0.0392	2.8988	-8.0767	-0.2333
231	R	N	-0.0663	2.8988	-4.2695	-0.2943
231	R	P	-0.2129	2.8988	-8.0767	-0.4608
231	R	Q	-0.0405	2.8988	-7.0768	-0.2417
231	R	S	-0.0477	2.8988	-3.4330	-0.2755
231	R	T	-0.0656	2.8988	-6.0768	-0.2812
231	R	V	-0.1552	2.8988	-21.3645	-0.2964
231	R	W	-0.1564	2.8988	-21.3645	-0.2980
231	R	Y	-0.0770	2.8988	-5.0768	-0.3029
232	S	A	-0.0343	1.6475	-3.7004	-0.1054
232	S	C	-0.0836	1.6475	-3.4691	-0.1715
232	S	D	-0.1458	1.6475	-6.2240	-0.2346
232	S	E	-0.1971	1.6475	-21.5117	-0.1995
232	S	F	-0.1222	1.6475	-5.6390	-0.2076
232	S	G	-0.1343	1.6475	-21.5117	-0.1174
232	S	H	-0.1367	1.6475	-8.2239	-0.2092
232	S	I	-0.2064	1.6475	-21.5117	-0.2117
232	S	K	-0.1409	1.6475	-7.2239	-0.2214
232	S	L	-0.1165	1.6475	-4.6390	-0.2068
232	S	M	-0.1737	1.6475	-21.5117	-0.1689
232	S	N	-0.1475	1.6475	-21.5117	-0.1346
232	S	P	-0.1990	1.6475	-5.9021	-0.3063
232	S	Q	-0.1671	1.6475	-21.5117	-0.1603
232	S	R	-0.2190	1.6475	-21.5117	-0.2283
232	S	T	-0.0349	1.6475	-5.6390	-0.0932
232	S	V	-0.1806	1.6475	-21.5117	-0.1780
232	S	W	-0.2129	1.6475	-21.5117	-0.2203
232	S	Y	-0.1402	1.6475	-8.2239	-0.2139
233	K	A	-0.0896	2.4911	-21.5117	-0.1604
233	K	C	-0.0558	2.4911	-1.1472	-0.2523
233	K	D	-0.1986	2.4911	-21.5117	-0.3031
233	K	E	-0.1145	2.4911	-21.5117	-0.1930
233	K	F	-0.0827	2.4911	-6.2240	-0.2535
233	K	G	-0.0758	2.4911	-7.2239	-0.2379
233	K	H	-0.0135	2.4911	-4.6390	-0.1736
233	K	I	-0.1279	2.4911	-21.5117	-0.2106
233	K	L	-0.0537	2.4911	-7.2239	-0.2089
233	K	M	-0.0996	2.4911	-21.5117	-0.1736
233	K	N	-0.0147	2.4911	-3.2698	-0.1843
233	K	P	-0.2639	2.4911	-21.5117	-0.3886
233	K	Q	-0.0888	2.4911	-21.5117	-0.1594
233	K	R	0.0565	2.4911	-5.9021	-0.0735
233	K	S	-0.0092	2.4911	-3.7646	-0.1737
233	K	T	-0.0319	2.4911	-5.9021	-0.1892
233	K	V	-0.1118	2.4911	-21.5117	-0.1895
233	K	W	-0.0968	2.4911	-7.2239	-0.2653
233	K	Y	-0.0484	2.4911	-2.4691	-0.2337
234	I	A	-0.0993	2.5355	-3.8783	-0.2963
234	I	C	-0.0883	2.5355	-5.6438	-0.2701
234	I	D	-0.2391	2.5355	-6.9657	-0.4587
234	I	E	-0.2929	2.5355	-21.2535	-0.4337
234	I	F	-0.0760	2.5355	-6.9657	-0.2452
234	I	G	-0.1990	2.5355	-5.6438	-0.4150
234	I	H	-0.2108	2.5355	-7.9657	-0.4149
234	I	K	-0.1982	2.5355	-4.1584	-0.4239
234	I	L	0.0027	2.5355	-6.3808	-0.1460
234	I	M	-0.0788	2.5355	-21.2535	-0.1534
234	I	N	-0.1220	2.5355	-1.0589	-0.3449
234	I	P	-0.3320	2.5355	-21.2535	-0.4849
234	I	Q	-0.2527	2.5355	-21.2535	-0.3810
234	I	R	-0.2363	2.5355	-6.3808	-0.4590
234	I	S	-0.1424	2.5355	-4.3808	-0.3494
234	I	T	-0.0487	2.5355	-2.3219	-0.2405
234	I	V	0.0477	2.5355	-5.3808	-0.0938
234	I	W	-0.2378	2.5355	-21.2535	-0.3616
234	I	Y	-0.1789	2.5355	-7.9657	-0.3732
235	S	A	-0.0542	1.6282	-7.2573	-0.1054
235	S	C	-0.0996	1.6282	-6.2574	-0.1715
235	S	D	-0.2258	1.6282	-21.5451	-0.2346
235	S	E	-0.1990	1.6282	-21.5451	-0.1995
235	S	F	-0.2052	1.6282	-21.5451	-0.2076
235	S	G	-0.0685	1.6282	-8.2573	-0.1174
235	S	H	-0.1254	1.6282	-5.6724	-0.2092
235	S	I	-0.2083	1.6282	-21.5451	-0.2117
235	S	K	-0.2157	1.6282	-21.5451	-0.2214
235	S	L	-0.1266	1.6282	-6.2574	-0.2068
235	S	M	-0.1756	1.6282	-21.5451	-0.1689
235	S	N	-0.0765	1.6282	-7.2573	-0.1346
235	S	P	-0.1750	1.6282	-0.8651	-0.3063
235	S	Q	-0.0961	1.6282	-7.2573	-0.1603
235	S	R	-0.1430	1.6282	-6.2574	-0.2283
235	S	T	-0.0381	1.6282	-5.9354	-0.0932
235	S	V	-0.1826	1.6282	-21.5451	-0.1780
235	S	W	-0.2149	1.6282	-21.5451	-0.2203
235	S	Y	-0.2100	1.6282	-21.5451	-0.2139
236	K	A	-0.0676	1.9952	-8.2667	-0.1604
236	K	C	-0.2056	1.9952	-21.5545	-0.2523
236	K	D	-0.1532	1.9952	-3.6818	-0.3031
236	K	E	-0.0874	1.9952	-7.2667	-0.1930
236	K	F	-0.2065	1.9952	-21.5545	-0.2535
236	K	G	-0.1217	1.9952	-7.2667	-0.2379
236	K	H	-0.0726	1.9952	-7.2667	-0.1736
236	K	I	-0.1738	1.9952	-21.5545	-0.2106
236	K	L	-0.1046	1.9952	-8.2667	-0.2089
236	K	M	-0.0777	1.9952	-8.2667	-0.1736
236	K	N	-0.0654	1.9952	-4.2668	-0.1843
236	K	P	-0.2236	1.9952	-4.6818	-0.3886
236	K	Q	-0.0423	1.9952	-3.4594	-0.1594
236	K	R	0.0201	1.9952	-4.0969	-0.0735
236	K	S	-0.1456	1.9952	-21.5545	-0.1737
236	K	T	-0.0764	1.9952	-5.6818	-0.1892
236	K	V	-0.1576	1.9952	-21.5545	-0.1895
236	K	W	-0.2155	1.9952	-21.5545	-0.2653
236	K	Y	-0.1914	1.9952	-21.5545	-0.2337
237	D	A	-0.2347	1.2018	-21.5777	-0.1947
237	D	C	-0.2762	1.2018	-21.5777	-0.2490
237	D	E	-0.1067	1.2018	-7.2900	-0.1226
237	D	F	-0.3349	1.2018	-21.5777	-0.3258
237	D	G	-0.1458	1.2018	-1.9681	-0.2093
237	D	H	-0.2440	1.2018	-21.5777	-0.2069
237	D	I	-0.3271	1.2018	-21.5777	-0.3156
237	D	K	-0.3055	1.2018	-21.5777	-0.2873
237	D	L	-0.3207	1.2018	-21.5777	-0.3073
237	D	M	-0.2595	1.2018	-21.5777	-0.2271
237	D	N	-0.1336	1.2018	-8.2899	-0.1511
237	D	P	-0.3717	1.2018	-21.5777	-0.3740
237	D	Q	-0.2617	1.2018	-21.5777	-0.2300
237	D	R	-0.2687	1.2018	-8.2899	-0.3279
237	D	S	-0.1338	1.2018	-0.5418	-0.2031
237	D	T	-0.1983	1.2018	-7.2900	-0.2424
237	D	V	-0.2818	1.2018	-21.5777	-0.2563
237	D	W	-0.3153	1.2018	-21.5777	-0.3002
237	D	Y	-0.2797	1.2018	-21.5777	-0.2536
238	V	A	-0.2006	0.7736	-6.7142	-0.1977
238	V	C	-0.3043	0.7736	-21.5869	-0.2342
238	V	D	-0.4431	0.7736	-21.5869	-0.4158
238	V	E	-0.4004	0.7736	-21.5869	-0.3599
238	V	F	-0.2858	0.7736	-8.2991	-0.2987
238	V	G	-0.4023	0.7736	-21.5869	-0.3624
238	V	H	-0.4460	0.7736	-21.5869	-0.4197
238	V	I	-0.1289	0.7736	-5.2992	-0.1133
238	V	K	-0.4393	0.7736	-21.5869	-0.4109
238	V	L	-0.1991	0.7736	-6.2992	-0.1985
238	V	M	-0.2007	0.7736	-4.8398	-0.2104
238	V	N	-0.3529	0.7736	-6.2992	-0.3999
238	V	P	-0.4808	0.7736	-21.5869	-0.4652
238	V	Q	-0.4110	0.7736	-21.5869	-0.3738
238	V	R	-0.4603	0.7736	-21.5869	-0.4384
238	V	S	-0.3123	0.7736	-8.2991	-0.3334
238	V	T	-0.2226	0.7736	-7.2991	-0.2226
238	V	W	-0.3942	0.7736	-21.5869	-0.3518
238	V	Y	-0.3971	0.7736	-21.5869	-0.3556
239	Y	A	-0.4111	0.4091	-21.5869	-0.3300
239	Y	C	-0.3088	0.4091	-7.2991	-0.2916
239	Y	D	-0.4253	0.4091	-21.5869	-0.3486
239	Y	E	-0.4540	0.4091	-21.5869	-0.3862
239	Y	F	-0.1706	0.4091	-6.2992	-0.1173
239	Y	G	-0.4816	0.4091	-21.5869	-0.4224
239	Y	H	-0.2510	0.4091	-8.2991	-0.2092
239	Y	I	-0.4231	0.4091	-21.5869	-0.3458
239	Y	K	-0.4793	0.4091	-21.5869	-0.4193
239	Y	L	-0.4002	0.4091	-21.5869	-0.3158
239	Y	M	-0.3523	0.4091	-21.5869	-0.2531
239	Y	N	-0.3314	0.4091	-7.2991	-0.3211
239	Y	P	-0.5353	0.4091	-21.5869	-0.4926
239	Y	Q	-0.3529	0.4091	-6.7142	-0.3532
239	Y	R	-0.4746	0.4091	-21.5869	-0.4132
239	Y	S	-0.3480	0.4091	-8.2991	-0.3362
239	Y	T	-0.3666	0.4091	-8.2991	-0.3606
239	Y	V	-0.4127	0.4091	-21.5869	-0.3321
239	Y	W	-0.2608	0.4091	-8.2991	-0.2221
240	E	A	-0.1618	1.6908	-21.5961	-0.1580
240	E	C	-0.2312	1.6908	-21.5961	-0.2488
240	E	D	-0.0478	1.6908	-5.9864	-0.1131
240	E	F	-0.2088	1.6908	-21.5961	-0.2195
240	E	G	-0.0963	1.6908	-3.7234	-0.1917
240	E	H	-0.2001	1.6908	-21.5961	-0.2081
240	E	I	-0.2141	1.6908	-21.5961	-0.2265
240	E	K	-0.0936	1.6908	-3.9160	-0.1868
240	E	L	-0.2163	1.6908	-21.5961	-0.2293
240	E	M	-0.0973	1.6908	-8.3082	-0.1623
240	E	N	-0.1202	1.6908	-8.3082	-0.1923
240	E	P	-0.3188	1.6908	-21.5961	-0.3635
240	E	Q	-0.0420	1.6908	-3.5010	-0.1220
240	E	R	-0.1765	1.6908	-8.3082	-0.2660
240	E	S	-0.0866	1.6908	-4.2209	-0.1756
240	E	T	-0.1911	1.6908	-21.5961	-0.1964
240	E	V	-0.0991	1.6908	-6.7233	-0.1753
240	E	W	-0.2189	1.6908	-21.5961	-0.2327
240	E	Y	-0.2096	1.6908	-21.5961	-0.2206
241	N	A	-0.2627	0.6843	-21.5961	-0.1688
241	N	C	-0.2447	0.6843	-8.3082	-0.2341
241	N	D	-0.1764	0.6843	-4.0604	-0.1730
241	N	E	-0.2930	0.6843	-21.5961	-0.2085
241	N	F	-0.3198	0.6843	-21.5961	-0.2436
241	N	G	-0.2934	0.6843	-21.5961	-0.2091
241	N	H	-0.1880	0.6843	-5.9864	-0.1753
241	N	I	-0.3129	0.6843	-21.5961	-0.2346
241	N	K	-0.1879	0.6843	-6.3083	-0.1730
241	N	L	-0.3193	0.6843	-21.5961	-0.2430
241	N	M	-0.2735	0.6843	-21.5961	-0.1830
241	N	P	-0.4283	0.6843	-21.5961	-0.3856
241	N	Q	-0.2566	0.6843	-21.5961	-0.1609
241	N	R	-0.2251	0.6843	-7.3083	-0.2151
241	N	S	-0.1648	0.6843	-8.3082	-0.1294
241	N	T	-0.2821	0.6843	-21.5961	-0.1943
241	N	V	-0.3063	0.6843	-21.5961	-0.2259
241	N	W	-0.3249	0.6843	-21.5961	-0.2503
241	N	Y	-0.2356	0.6843	-8.3082	-0.2221
242	F	A	-0.3648	0.8827	-21.5961	-0.3264
242	F	C	-0.3329	0.8827	-21.5961	-0.2847
242	F	D	-0.4878	0.8827	-21.5961	-0.4874
242	F	E	-0.4571	0.8827	-21.5961	-0.4473
242	F	G	-0.4002	0.8827	-21.5961	-0.3727
242	F	H	-0.3924	0.8827	-21.5961	-0.3625
242	F	I	-0.2210	0.8827	-4.4014	-0.2530
242	F	K	-0.4640	0.8827	-21.5961	-0.4563
242	F	L	-0.1979	0.8827	-7.3083	-0.2034
242	F	M	-0.3018	0.8827	-21.5961	-0.2440
242	F	N	-0.4174	0.8827	-21.5961	-0.3953
242	F	P	-0.4881	0.8827	-21.5961	-0.4879
242	F	Q	-0.4195	0.8827	-21.5961	-0.3980
242	F	R	-0.4654	0.8827	-21.5961	-0.4581
242	F	S	-0.3438	0.8827	-21.5961	-0.2989
242	F	T	-0.3901	0.8827	-21.5961	-0.3595
242	F	V	-0.3031	0.8827	-21.5961	-0.2456
242	F	W	-0.2883	0.8827	-21.5961	-0.2263
242	F	Y	-0.1613	0.8827	-2.9160	-0.1848
243	R	A	-0.3604	0.5019	-21.5915	-0.2748
243	R	C	-0.3692	0.5019	-21.5915	-0.2864
243	R	D	-0.4514	0.5019	-21.5915	-0.3940
243	R	E	-0.3967	0.5019	-21.5915	-0.3223
243	R	F	-0.3925	0.5019	-21.5915	-0.3169
243	R	G	-0.3958	0.5019	-21.5915	-0.3211
243	R	H	-0.3301	0.5019	-21.5915	-0.2352
243	R	I	-0.3898	0.5019	-21.5915	-0.3133
243	R	K	-0.1828	0.5019	-8.3036	-0.1311
243	R	L	-0.2899	0.5019	-7.3037	-0.2780
243	R	M	-0.3287	0.5019	-21.5915	-0.2333
243	R	N	-0.3753	0.5019	-21.5915	-0.2943
243	R	P	-0.5025	0.5019	-21.5915	-0.4608
243	R	Q	-0.2469	0.5019	-4.3038	-0.2417
243	R	S	-0.2931	0.5019	-8.3036	-0.2755
243	R	T	-0.3653	0.5019	-21.5915	-0.2812
243	R	V	-0.3769	0.5019	-21.5915	-0.2964
243	R	W	-0.3001	0.5019	-6.3038	-0.2980
243	R	Y	-0.3819	0.5019	-21.5915	-0.3029
244	Q	A	-0.1504	1.5884	-21.5915	-0.1308
244	Q	C	-0.1084	1.5884	-4.3038	-0.1913
244	Q	D	-0.2370	1.5884	-21.5915	-0.2441
244	Q	E	-0.0877	1.5884	-8.3036	-0.1375
244	Q	F	-0.1369	1.5884	-8.3036	-0.2018
244	Q	G	-0.1533	1.5884	-8.3036	-0.2233
244	Q	H	-0.0633	1.5884	-4.3038	-0.1322
244	Q	I	-0.1860	1.5884	-21.5915	-0.1774
244	Q	K	-0.1836	1.5884	-21.5915	-0.1742
244	Q	L	-0.0702	1.5884	-2.1540	-0.1556
244	Q	M	-0.1403	1.5884	-21.5915	-0.1176
244	Q	N	-0.1661	1.5884	-21.5915	-0.1513
244	Q	P	-0.3240	1.5884	-21.5915	-0.3581
244	Q	R	-0.0753	1.5884	-0.6527	-0.1723
244	Q	S	-0.1688	1.5884	-21.5915	-0.1549
244	Q	T	-0.1788	1.5884	-21.5915	-0.1679
244	Q	V	-0.1861	1.5884	-21.5915	-0.1775
244	Q	W	-0.1244	1.5884	-5.9818	-0.2010
244	Q	Y	-0.2070	1.5884	-21.5915	-0.2048
245	W	A	-0.5654	0.0863	-21.5915	-0.4931
245	W	C	-0.4283	0.0863	-7.3037	-0.4091
245	W	D	-0.5897	0.0863	-21.5915	-0.5249
245	W	E	-0.6092	0.0863	-21.5915	-0.5505
245	W	F	-0.4180	0.0863	-21.5915	-0.3001
245	W	G	-0.5506	0.0863	-21.5915	-0.4737
245	W	H	-0.4859	0.0863	-8.3036	-0.4778
245	W	I	-0.5512	0.0863	-21.5915	-0.4746
245	W	K	-0.6212	0.0863	-21.5915	-0.5662
245	W	L	-0.5127	0.0863	-21.5915	-0.4242
245	W	M	-0.5249	0.0863	-21.5915	-0.4401
245	W	N	-0.5979	0.0863	-21.5915	-0.5357
245	W	P	-0.6361	0.0863	-21.5915	-0.5857
245	W	Q	-0.5887	0.0863	-21.5915	-0.5237
245	W	R	-0.5492	0.0863	-21.5915	-0.4719
245	W	S	-0.5635	0.0863	-21.5915	-0.4906
245	W	T	-0.6071	0.0863	-21.5915	-0.5477
245	W	V	-0.5429	0.0863	-21.5915	-0.4637
245	W	Y	-0.4659	0.0863	-21.5915	-0.3629
246	Q	A	-0.2853	0.1230	-21.5961	-0.1308
246	Q	C	-0.3315	0.1230	-21.5961	-0.1913
246	Q	D	-0.3718	0.1230	-21.5961	-0.2441
246	Q	E	-0.2226	0.1230	-8.3082	-0.1375
246	Q	F	-0.3395	0.1230	-21.5961	-0.2018
246	Q	G	-0.3559	0.1230	-21.5961	-0.2233
246	Q	H	-0.2185	0.1230	-8.3082	-0.1322
246	Q	I	-0.3209	0.1230	-21.5961	-0.1774
246	Q	K	-0.2506	0.1230	-8.3082	-0.1742
246	Q	L	-0.3042	0.1230	-21.5961	-0.1556
246	Q	M	-0.2752	0.1230	-21.5961	-0.1176
246	Q	N	-0.3009	0.1230	-21.5961	-0.1513
246	Q	P	-0.4589	0.1230	-21.5961	-0.3581
246	Q	R	-0.2492	0.1230	-8.3082	-0.1723
246	Q	S	-0.3037	0.1230	-21.5961	-0.1549
246	Q	T	-0.3136	0.1230	-21.5961	-0.1679
246	Q	V	-0.3209	0.1230	-21.5961	-0.1775
246	Q	W	-0.3389	0.1230	-21.5961	-0.2010
246	Q	Y	-0.3418	0.1230	-21.5961	-0.2048
247	R	A	-0.2264	1.9582	-21.5869	-0.2748
247	R	C	-0.1396	1.9582	-2.8398	-0.2864
247	R	D	-0.3174	1.9582	-21.5869	-0.3940
247	R	E	-0.2626	1.9582	-21.5869	-0.3223
247	R	F	-0.1856	1.9582	-7.2991	-0.3169
247	R	G	-0.2617	1.9582	-21.5869	-0.3211
247	R	H	-0.0952	1.9582	-1.8074	-0.2352
247	R	I	-0.2558	1.9582	-21.5869	-0.3133
247	R	K	-0.1166	1.9582	-21.5869	-0.1311
247	R	L	-0.1610	1.9582	-8.2991	-0.2780
247	R	M	-0.1269	1.9582	-8.2991	-0.2333
247	R	N	-0.1632	1.9582	-6.2992	-0.2943
247	R	P	-0.3684	1.9582	-21.5869	-0.4608
247	R	Q	-0.1214	1.9582	-5.9773	-0.2417
247	R	S	-0.1472	1.9582	-5.9773	-0.2755
247	R	T	-0.2313	1.9582	-21.5869	-0.2812
247	R	V	-0.2429	1.9582	-21.5869	-0.2964
247	R	W	-0.2441	1.9582	-21.5869	-0.2980
247	R	Y	-0.1624	1.9582	-4.8398	-0.3029
248	Y	A	-0.2849	1.7801	-21.5915	-0.3300
248	Y	C	-0.1797	1.7801	-6.7188	-0.2916
248	Y	D	-0.2991	1.7801	-21.5915	-0.3486
248	Y	E	-0.3279	1.7801	-21.5915	-0.3862
248	Y	F	-0.0204	1.7801	-1.5895	-0.1173
248	Y	G	-0.3555	1.7801	-21.5915	-0.4224
248	Y	H	-0.1249	1.7801	-8.3036	-0.2092
248	Y	I	-0.2055	1.7801	-3.6599	-0.3458
248	Y	K	-0.3531	1.7801	-21.5915	-0.4193
248	Y	L	-0.1808	1.7801	-3.3038	-0.3158
248	Y	M	-0.1584	1.7801	-8.3036	-0.2531
248	Y	N	-0.2781	1.7801	-21.5915	-0.3211
248	Y	P	-0.4091	1.7801	-21.5915	-0.4926
248	Y	Q	-0.3027	1.7801	-21.5915	-0.3532
248	Y	R	-0.3485	1.7801	-21.5915	-0.4132
248	Y	S	-0.2897	1.7801	-21.5915	-0.3362
248	Y	T	-0.3083	1.7801	-21.5915	-0.3606
248	Y	V	-0.2865	1.7801	-21.5915	-0.3321
248	Y	W	-0.2025	1.7801	-21.5915	-0.2221
249	K	A	-0.2825	0.3982	-21.5915	-0.1604
249	K	C	-0.2798	0.3982	-7.3037	-0.2523
249	K	D	-0.3915	0.3982	-21.5915	-0.3031
249	K	E	-0.3074	0.3982	-21.5915	-0.1930
249	K	F	-0.3537	0.3982	-21.5915	-0.2535
249	K	G	-0.3417	0.3982	-21.5915	-0.2379
249	K	H	-0.2926	0.3982	-21.5915	-0.1736
249	K	I	-0.3209	0.3982	-21.5915	-0.2106
249	K	L	-0.3196	0.3982	-21.5915	-0.2089
249	K	M	-0.2926	0.3982	-21.5915	-0.1736
249	K	N	-0.2330	0.3982	-8.3036	-0.1843
249	K	P	-0.4569	0.3982	-21.5915	-0.3886
249	K	Q	-0.2818	0.3982	-21.5915	-0.1594
249	K	R	-0.1314	0.3982	-4.9818	-0.0735
249	K	S	-0.2198	0.3982	-7.3037	-0.1737
249	K	T	-0.2316	0.3982	-7.3037	-0.1892
249	K	V	-0.3048	0.3982	-21.5915	-0.1895
249	K	W	-0.3627	0.3982	-21.5915	-0.2653
249	K	Y	-0.3385	0.3982	-21.5915	-0.2337
250	A	C	-0.1004	2.5742	-21.5915	-0.1841
250	A	D	-0.1012	2.5742	-5.7188	-0.2911
250	A	E	-0.0919	2.5742	-6.7188	-0.2723
250	A	F	-0.0776	2.5742	-7.3037	-0.2497
250	A	G	-0.0261	2.5742	-8.3036	-0.1756
250	A	H	-0.0868	2.5742	-8.3036	-0.2551
250	A	I	-0.0642	2.5742	-6.7188	-0.2360
250	A	K	-0.1046	2.5742	-8.3036	-0.2784
250	A	L	-0.1448	2.5742	-21.5915	-0.2422
250	A	M	-0.1036	2.5742	-21.5915	-0.1882
250	A	N	-0.0847	2.5742	-8.3036	-0.2523
250	A	P	-0.1211	2.5742	-1.8444	-0.3431
250	A	Q	-0.0741	2.5742	-6.7188	-0.2490
250	A	R	-0.1153	2.5742	-8.3036	-0.2924
250	A	S	0.0328	2.5742	-2.3969	-0.1379
250	A	T	0.0247	2.5742	-2.8119	-0.1457
250	A	V	0.0201	2.5742	-4.3038	-0.1418
250	A	W	-0.1615	2.5742	-21.5915	-0.2640
250	A	Y	-0.1697	2.5742	-21.5915	-0.2748
251	L	A	-0.3884	0.3021	-21.5915	-0.2874
251	L	C	-0.3776	0.3021	-21.5915	-0.2733
251	L	D	-0.5099	0.3021	-21.5915	-0.4465
251	L	E	-0.4780	0.3021	-21.5915	-0.4047
251	L	F	-0.2541	0.3021	-8.3036	-0.2003
251	L	G	-0.4633	0.3021	-21.5915	-0.3854
251	L	H	-0.4308	0.3021	-21.5915	-0.3429
251	L	I	-0.1947	0.3021	-8.3036	-0.1226
251	L	K	-0.4770	0.3021	-21.5915	-0.4034
251	L	M	-0.2099	0.3021	-6.7188	-0.1531
251	L	N	-0.4562	0.3021	-21.5915	-0.3762
251	L	P	-0.4718	0.3021	-21.5915	-0.3966
251	L	Q	-0.4092	0.3021	-21.5915	-0.3146
251	L	R	-0.4008	0.3021	-8.3036	-0.3924
251	L	S	-0.4188	0.3021	-21.5915	-0.3272
251	L	T	-0.3156	0.3021	-6.7188	-0.2915
251	L	V	-0.2259	0.3021	-7.3037	-0.1701
251	L	W	-0.4210	0.3021	-21.5915	-0.3301
251	L	Y	-0.4139	0.3021	-21.5915	-0.3208
252	A	C	-0.2602	0.8380	-21.5961	-0.1841
252	A	D	-0.3419	0.8380	-21.5961	-0.2911
252	A	E	-0.3276	0.8380	-21.5961	-0.2723
252	A	F	-0.3103	0.8380	-21.5961	-0.2497
252	A	G	-0.1859	0.8380	-8.3082	-0.1756
252	A	H	-0.3144	0.8380	-21.5961	-0.2551
252	A	I	-0.2998	0.8380	-21.5961	-0.2360
252	A	K	-0.3322	0.8380	-21.5961	-0.2784
252	A	L	-0.2215	0.8380	-5.3083	-0.2422
252	A	M	-0.2633	0.8380	-21.5961	-0.1882
252	A	N	-0.3123	0.8380	-21.5961	-0.2523
252	A	P	-0.3087	0.8380	-7.3083	-0.3431
252	A	Q	-0.3098	0.8380	-21.5961	-0.2490
252	A	R	-0.3429	0.8380	-21.5961	-0.2924
252	A	S	-0.1571	0.8380	-8.3082	-0.1379
252	A	T	-0.1631	0.8380	-8.3082	-0.1457
252	A	V	-0.1333	0.8380	-3.0604	-0.1418
252	A	W	-0.3212	0.8380	-21.5961	-0.2640
252	A	Y	-0.3295	0.8380	-21.5961	-0.2748
253	R	A	-0.2736	1.4453	-21.5961	-0.2748
253	R	C	-0.2045	1.4453	-6.3083	-0.2864
253	R	D	-0.3647	1.4453	-21.5961	-0.3940
253	R	E	-0.2340	1.4453	-6.7233	-0.3223
253	R	F	-0.3058	1.4453	-21.5961	-0.3169
253	R	G	-0.2250	1.4453	-5.1384	-0.3211
253	R	H	-0.1675	1.4453	-6.7233	-0.2352
253	R	I	-0.3030	1.4453	-21.5961	-0.3133
253	R	K	-0.1638	1.4453	-21.5961	-0.1311
253	R	L	-0.2002	1.4453	-6.7233	-0.2780
253	R	M	-0.2419	1.4453	-21.5961	-0.2333
253	R	N	-0.2885	1.4453	-21.5961	-0.2943
253	R	P	-0.4157	1.4453	-21.5961	-0.4608
253	R	Q	-0.1539	1.4453	-3.0989	-0.2417
253	R	S	-0.1945	1.4453	-5.9864	-0.2755
253	R	T	-0.2107	1.4453	-8.3082	-0.2812
253	R	V	-0.2901	1.4453	-21.5961	-0.2964
253	R	W	-0.2027	1.4453	-4.2209	-0.2980
253	R	Y	-0.2951	1.4453	-21.5961	-0.3029
254	R	A	-0.1802	1.6683	-7.3083	-0.2748
254	R	C	-0.2619	1.6683	-21.5961	-0.2864
254	R	D	-0.3441	1.6683	-21.5961	-0.3940
254	R	E	-0.2063	1.6683	-5.3083	-0.3223
254	R	F	-0.2174	1.6683	-8.3082	-0.3169
254	R	G	-0.2037	1.6683	-4.9864	-0.3211
254	R	H	-0.2228	1.6683	-21.5961	-0.2352
254	R	I	-0.2825	1.6683	-21.5961	-0.3133
254	R	K	-0.0561	1.6683	-4.5010	-0.1311
254	R	L	-0.1826	1.6683	-7.3083	-0.2780
254	R	M	-0.1417	1.6683	-5.9864	-0.2333
254	R	N	-0.2680	1.6683	-21.5961	-0.2943
254	R	P	-0.3274	1.6683	-8.3082	-0.4608
254	R	Q	-0.1411	1.6683	-4.6079	-0.2417
254	R	S	-0.1664	1.6683	-4.5010	-0.2755
254	R	T	-0.1719	1.6683	-4.7234	-0.2812
254	R	V	-0.2696	1.6683	-21.5961	-0.2964
254	R	W	-0.1979	1.6683	-7.3083	-0.2980
254	R	Y	-0.2745	1.6683	-21.5961	-0.3029
255	H	A	-0.2061	0.9523	-21.5915	-0.1271
255	H	C	-0.2607	0.9523	-21.5915	-0.1985
255	H	D	-0.1804	0.9523	-7.3037	-0.1889
255	H	E	-0.2649	0.9523	-21.5915	-0.2040
255	H	F	-0.1519	0.9523	-6.7188	-0.1554
255	H	G	-0.2887	0.9523	-21.5915	-0.2352
255	H	I	-0.2144	0.9523	-6.3038	-0.2400
255	H	K	-0.1812	0.9523	-8.3036	-0.1833
255	H	L	-0.1779	0.9523	-6.3038	-0.1923
255	H	M	-0.2061	0.9523	-21.5915	-0.1270
255	H	N	-0.1450	0.9523	-8.3036	-0.1359
255	H	P	-0.2965	0.9523	-7.3037	-0.3408
255	H	Q	-0.1014	0.9523	-7.3037	-0.0855
255	H	R	-0.1645	0.9523	-6.3038	-0.1747
255	H	S	-0.1443	0.9523	-8.3036	-0.1349
255	H	T	-0.2569	0.9523	-21.5915	-0.1936
255	H	V	-0.1809	0.9523	-8.3036	-0.1829
255	H	W	-0.2440	0.9523	-21.5915	-0.1767
255	H	Y	-0.0893	0.9523	-4.2163	-0.0902
256	L	A	-0.3086	1.1698	-21.5915	-0.2874
256	L	C	-0.2198	1.1698	-6.3038	-0.2733
256	L	D	-0.4301	1.1698	-21.5915	-0.4465
256	L	E	-0.3252	1.1698	-7.3037	-0.4047
256	L	F	-0.1534	1.1698	-4.2163	-0.2003
256	L	G	-0.3834	1.1698	-21.5915	-0.3854
256	L	H	-0.2637	1.1698	-4.4964	-0.3429
256	L	I	-0.0954	1.1698	-4.4964	-0.1226
256	L	K	-0.3972	1.1698	-21.5915	-0.4034
256	L	M	-0.2060	1.1698	-21.5915	-0.1531
256	L	N	-0.3764	1.1698	-21.5915	-0.3762
256	L	P	-0.3920	1.1698	-21.5915	-0.3966
256	L	Q	-0.3293	1.1698	-21.5915	-0.3146
256	L	R	-0.3888	1.1698	-21.5915	-0.3924
256	L	S	-0.3390	1.1698	-21.5915	-0.3272
256	L	T	-0.3117	1.1698	-21.5915	-0.2915
256	L	V	-0.1431	1.1698	-6.7188	-0.1701
256	L	W	-0.3412	1.1698	-21.5915	-0.3301
256	L	Y	-0.2531	1.1698	-5.7188	-0.3208
257	S	A	-0.1027	1.1042	-7.3037	-0.1054
257	S	C	-0.2261	1.1042	-21.5915	-0.1715
257	S	D	-0.2743	1.1042	-21.5915	-0.2346
257	S	E	-0.2475	1.1042	-21.5915	-0.1995
257	S	F	-0.1858	1.1042	-8.3036	-0.2076
257	S	G	-0.1847	1.1042	-21.5915	-0.1174
257	S	H	-0.2549	1.1042	-21.5915	-0.2092
257	S	I	-0.2568	1.1042	-21.5915	-0.2117
257	S	K	-0.2642	1.1042	-21.5915	-0.2214
257	S	L	-0.1801	1.1042	-7.3037	-0.2068
257	S	M	-0.2241	1.1042	-21.5915	-0.1689
257	S	N	-0.1979	1.1042	-21.5915	-0.1346
257	S	P	-0.2214	1.1042	-0.5094	-0.3063
257	S	Q	-0.2175	1.1042	-21.5915	-0.1603
257	S	R	-0.1898	1.1042	-5.9818	-0.2283
257	S	T	-0.0984	1.1042	-8.3036	-0.0932
257	S	V	-0.2310	1.1042	-21.5915	-0.1780
257	S	W	-0.2633	1.1042	-21.5915	-0.2203
257	S	Y	-0.2584	1.1042	-21.5915	-0.2139
258	Q	A	-0.1207	1.1749	-8.3036	-0.1308
258	Q	C	-0.1669	1.1749	-8.3036	-0.1913
258	Q	D	-0.1970	1.1749	-6.3038	-0.2441
258	Q	E	-0.1936	1.1749	-21.5915	-0.1375
258	Q	F	-0.2427	1.1749	-21.5915	-0.2018
258	Q	G	-0.1862	1.1749	-7.3037	-0.2233
258	Q	H	-0.1034	1.1749	-4.7188	-0.1322
258	Q	I	-0.2241	1.1749	-21.5915	-0.1774
258	Q	K	-0.1457	1.1749	-6.7188	-0.1742
258	Q	L	-0.1264	1.1749	-5.7188	-0.1556
258	Q	M	-0.1106	1.1749	-8.3036	-0.1176
258	Q	N	-0.2041	1.1749	-21.5915	-0.1513
258	Q	P	-0.2811	1.1749	-5.7188	-0.3581
258	Q	R	-0.1371	1.1749	-5.3038	-0.1723
258	Q	S	-0.1310	1.1749	-6.7188	-0.1549
258	Q	T	-0.1490	1.1749	-8.3036	-0.1679
258	Q	V	-0.2241	1.1749	-21.5915	-0.1775
258	Q	W	-0.1743	1.1749	-8.3036	-0.2010
258	Q	Y	-0.1721	1.1749	-7.3037	-0.2048
259	S	A	-0.1940	0.9036	-21.5915	-0.1054
259	S	C	-0.2445	0.9036	-21.5915	-0.1715
259	S	D	-0.2927	0.9036	-21.5915	-0.2346
259	S	E	-0.2659	0.9036	-21.5915	-0.1995
259	S	F	-0.2721	0.9036	-21.5915	-0.2076
259	S	G	-0.1354	0.9036	-8.3036	-0.1174
259	S	H	-0.2733	0.9036	-21.5915	-0.2092
259	S	I	-0.1993	0.9036	-6.7188	-0.2117
259	S	K	-0.2826	0.9036	-21.5915	-0.2214
259	S	L	-0.2037	0.9036	-8.3036	-0.2068
259	S	M	-0.2425	0.9036	-21.5915	-0.1689
259	S	N	-0.1404	0.9036	-6.7188	-0.1346
259	S	P	-0.3475	0.9036	-21.5915	-0.3063
259	S	Q	-0.2360	0.9036	-21.5915	-0.1603
259	S	R	-0.2099	0.9036	-6.3038	-0.2283
259	S	T	-0.0887	0.9036	-2.7802	-0.0932
259	S	V	-0.2495	0.9036	-21.5915	-0.1780
259	S	W	-0.2818	0.9036	-21.5915	-0.2203
259	S	Y	-0.2769	0.9036	-21.5915	-0.2139
260	P	A	-0.3018	0.2455	-21.5915	-0.1672
260	P	C	-0.3345	0.2455	-21.5915	-0.2100
260	P	D	-0.3604	0.2455	-21.5915	-0.2439
260	P	E	-0.3442	0.2455	-21.5915	-0.2227
260	P	F	-0.3629	0.2455	-21.5915	-0.2472
260	P	G	-0.3162	0.2455	-21.5915	-0.1860
260	P	H	-0.2727	0.2455	-8.3036	-0.2179
260	P	I	-0.3459	0.2455	-21.5915	-0.2250
260	P	K	-0.3359	0.2455	-21.5915	-0.2118
260	P	L	-0.2776	0.2455	-7.3037	-0.2310
260	P	M	-0.3015	0.2455	-21.5915	-0.1668
260	P	N	-0.3285	0.2455	-21.5915	-0.2022
260	P	Q	-0.3302	0.2455	-21.5915	-0.2044
260	P	R	-0.3716	0.2455	-21.5915	-0.2586
260	P	S	-0.2235	0.2455	-6.3038	-0.1668
260	P	T	-0.2458	0.2455	-8.3036	-0.1827
260	P	V	-0.3013	0.2455	-21.5915	-0.1666
260	P	W	-0.3076	0.2455	-8.3036	-0.2636
260	P	Y	-0.3639	0.2455	-21.5915	-0.2485
261	D	A	-0.3369	0.0926	-21.5915	-0.1947
261	D	C	-0.3783	0.0926	-21.5915	-0.2490
261	D	E	-0.2818	0.0926	-21.5915	-0.1226
261	D	F	-0.4370	0.0926	-21.5915	-0.3258
261	D	G	-0.3480	0.0926	-21.5915	-0.2093
261	D	H	-0.3462	0.0926	-21.5915	-0.2069
261	D	I	-0.4292	0.0926	-21.5915	-0.3156
261	D	K	-0.4076	0.0926	-21.5915	-0.2873
261	D	L	-0.3551	0.0926	-8.3036	-0.3073
261	D	M	-0.3616	0.0926	-21.5915	-0.2271
261	D	N	-0.2358	0.0926	-8.3036	-0.1511
261	D	P	-0.4738	0.0926	-21.5915	-0.3740
261	D	Q	-0.3638	0.0926	-21.5915	-0.2300
261	D	R	-0.4386	0.0926	-21.5915	-0.3279
261	D	S	-0.2755	0.0926	-8.3036	-0.2031
261	D	T	-0.3733	0.0926	-21.5915	-0.2424
261	D	V	-0.3839	0.0926	-21.5915	-0.2563
261	D	W	-0.4175	0.0926	-21.5915	-0.3002
261	D	Y	-0.3819	0.0926	-21.5915	-0.2536
262	T	A	-0.0492	1.8003	-1.0800	-0.1608
262	T	C	-0.1896	1.8003	-21.5869	-0.2077
262	T	D	-0.2694	1.8003	-21.5869	-0.3121
262	T	E	-0.2447	1.8003	-21.5869	-0.2798
262	T	F	-0.2611	1.8003	-21.5869	-0.3012
262	T	G	-0.1493	1.8003	-6.2992	-0.2570
262	T	H	-0.2414	1.8003	-21.5869	-0.2754
262	T	I	-0.1119	1.8003	-8.2991	-0.1947
262	T	K	-0.2369	1.8003	-21.5869	-0.2696
262	T	L	-0.2316	1.8003	-21.5869	-0.2627
262	T	M	-0.1125	1.8003	-4.7142	-0.2194
262	T	N	-0.2094	1.8003	-21.5869	-0.2336
262	T	P	-0.3181	1.8003	-21.5869	-0.3759
262	T	Q	-0.2189	1.8003	-21.5869	-0.2460
262	T	R	-0.1668	1.8003	-7.2991	-0.2733
262	T	S	-0.0446	1.8003	-7.2991	-0.1133
262	T	V	-0.0721	1.8003	-2.9417	-0.1784
262	T	W	-0.2540	1.8003	-21.5869	-0.2919
262	T	Y	-0.2625	1.8003	-21.5869	-0.3031
263	E	A	-0.1547	0.8750	-5.4964	-0.1580
263	E	C	-0.3062	0.8750	-21.5915	-0.2488
263	E	D	-0.1296	0.8750	-7.3037	-0.1131
263	E	F	-0.2838	0.8750	-21.5915	-0.2195
263	E	G	-0.1765	0.8750	-4.7188	-0.1917
263	E	H	-0.2751	0.8750	-21.5915	-0.2081
263	E	I	-0.2892	0.8750	-21.5915	-0.2265
263	E	K	-0.2588	0.8750	-21.5915	-0.1868
263	E	L	-0.2913	0.8750	-21.5915	-0.2293
263	E	M	-0.2401	0.8750	-21.5915	-0.1623
263	E	N	-0.2630	0.8750	-21.5915	-0.1923
263	E	P	-0.3260	0.8750	-8.3036	-0.3635
263	E	Q	-0.1313	0.8750	-6.3038	-0.1220
263	E	R	-0.3193	0.8750	-21.5915	-0.2660
263	E	S	-0.1612	0.8750	-4.1339	-0.1756
263	E	T	-0.2662	0.8750	-21.5915	-0.1964
263	E	V	-0.2501	0.8750	-21.5915	-0.1753
263	E	W	-0.2939	0.8750	-21.5915	-0.2327
263	E	Y	-0.2847	0.8750	-21.5915	-0.2206
264	A	C	-0.3116	0.2797	-21.5961	-0.1841
264	A	D	-0.3933	0.2797	-21.5961	-0.2911
264	A	E	-0.3111	0.2797	-8.3082	-0.2723
264	A	F	-0.3617	0.2797	-21.5961	-0.2497
264	A	G	-0.3051	0.2797	-21.5961	-0.1756
264	A	H	-0.3658	0.2797	-21.5961	-0.2551
264	A	I	-0.3512	0.2797	-21.5961	-0.2360
264	A	K	-0.3836	0.2797	-21.5961	-0.2784
264	A	L	-0.3560	0.2797	-21.5961	-0.2422
264	A	M	-0.3147	0.2797	-21.5961	-0.1882
264	A	N	-0.3637	0.2797	-21.5961	-0.2523
264	A	P	-0.4330	0.2797	-21.5961	-0.3431
264	A	Q	-0.3612	0.2797	-21.5961	-0.2490
264	A	R	-0.3943	0.2797	-21.5961	-0.2924
264	A	S	-0.2004	0.2797	-6.7233	-0.1379
264	A	T	-0.2093	0.2797	-7.3083	-0.1457
264	A	V	-0.1996	0.2797	-5.9864	-0.1418
264	A	W	-0.3726	0.2797	-21.5961	-0.2640
264	A	Y	-0.3809	0.2797	-21.5961	-0.2748
265	L	A	-0.3468	0.7539	-21.5961	-0.2874
265	L	C	-0.3361	0.7539	-21.5961	-0.2733
265	L	D	-0.4684	0.7539	-21.5961	-0.4465
265	L	E	-0.4364	0.7539	-21.5961	-0.4047
265	L	F	-0.1868	0.7539	-3.2639	-0.2003
265	L	G	-0.4217	0.7539	-21.5961	-0.3854
265	L	H	-0.3892	0.7539	-21.5961	-0.3429
265	L	I	-0.2210	0.7539	-21.5961	-0.1226
265	L	K	-0.4354	0.7539	-21.5961	-0.4034
265	L	M	-0.1765	0.7539	-8.3082	-0.1531
265	L	N	-0.4147	0.7539	-21.5961	-0.3762
265	L	P	-0.4303	0.7539	-21.5961	-0.3966
265	L	Q	-0.3676	0.7539	-21.5961	-0.3146
265	L	R	-0.4270	0.7539	-21.5961	-0.3924
265	L	S	-0.3772	0.7539	-21.5961	-0.3272
265	L	T	-0.3500	0.7539	-21.5961	-0.2915
265	L	V	-0.1718	0.7539	-4.8489	-0.1701
265	L	W	-0.3795	0.7539	-21.5961	-0.3301
265	L	Y	-0.3045	0.7539	-8.3082	-0.3208
266	S	A	-0.1223	0.7247	-4.3129	-0.1054
266	S	C	-0.1738	0.7247	-4.5055	-0.1715
266	S	D	-0.3092	0.7247	-21.6006	-0.2346
266	S	E	-0.2824	0.7247	-21.6006	-0.1995
266	S	F	-0.2106	0.7247	-6.3129	-0.2076
266	S	G	-0.2197	0.7247	-21.6006	-0.1174
266	S	H	-0.2898	0.7247	-21.6006	-0.2092
266	S	I	-0.2917	0.7247	-21.6006	-0.2117
266	S	K	-0.2262	0.7247	-7.3128	-0.2214
266	S	L	-0.2880	0.7247	-21.6006	-0.2068
266	S	M	-0.2590	0.7247	-21.6006	-0.1689
266	S	N	-0.2328	0.7247	-21.6006	-0.1346
266	S	P	-0.2962	0.7247	-8.3127	-0.3063
266	S	Q	-0.2525	0.7247	-21.6006	-0.1603
266	S	R	-0.3044	0.7247	-21.6006	-0.2283
266	S	T	-0.2012	0.7247	-21.6006	-0.0932
266	S	V	-0.2660	0.7247	-21.6006	-0.1780
266	S	W	-0.2983	0.7247	-21.6006	-0.2203
266	S	Y	-0.2934	0.7247	-21.6006	-0.2139
267	C	A	-0.3972	0.2082	-7.3128	-0.3830
267	C	D	-0.5773	0.2082	-21.6006	-0.5234
267	C	E	-0.4972	0.2082	-8.3127	-0.5072
267	C	F	-0.4641	0.2082	-21.6006	-0.3751
267	C	G	-0.4625	0.2082	-21.6006	-0.3731
267	C	H	-0.5758	0.2082	-21.6006	-0.5214
267	C	I	-0.4939	0.2082	-21.6006	-0.4142
267	C	K	-0.5656	0.2082	-21.6006	-0.5080
267	C	L	-0.4592	0.2082	-8.3127	-0.4575
267	C	M	-0.4942	0.2082	-21.6006	-0.4146
267	C	N	-0.5198	0.2082	-21.6006	-0.4480
267	C	P	-0.5206	0.2082	-8.3127	-0.5379
267	C	Q	-0.5437	0.2082	-21.6006	-0.4794
267	C	R	-0.4545	0.2082	-8.3127	-0.4514
267	C	S	-0.3931	0.2082	-8.3127	-0.3709
267	C	T	-0.4955	0.2082	-21.6006	-0.4163
267	C	V	-0.4920	0.2082	-21.6006	-0.4117
267	C	W	-0.4672	0.2082	-21.6006	-0.3792
267	C	Y	-0.4734	0.2082	-21.6006	-0.3873
268	F	A	-0.4251	0.2268	-21.5961	-0.3264
268	F	C	-0.3933	0.2268	-21.5961	-0.2847
268	F	D	-0.5481	0.2268	-21.5961	-0.4874
268	F	E	-0.5175	0.2268	-21.5961	-0.4473
268	F	G	-0.3927	0.2268	-8.3082	-0.3727
268	F	H	-0.4527	0.2268	-21.5961	-0.3625
268	F	I	-0.3691	0.2268	-21.5961	-0.2530
268	F	K	-0.5244	0.2268	-21.5961	-0.4563
268	F	L	-0.2583	0.2268	-7.3083	-0.2034
268	F	M	-0.3622	0.2268	-21.5961	-0.2440
268	F	N	-0.4778	0.2268	-21.5961	-0.3953
268	F	P	-0.5485	0.2268	-21.5961	-0.4879
268	F	Q	-0.4798	0.2268	-21.5961	-0.3980
268	F	R	-0.5257	0.2268	-21.5961	-0.4581
268	F	S	-0.3312	0.2268	-7.3083	-0.2989
268	F	T	-0.4504	0.2268	-21.5961	-0.3595
268	F	V	-0.2956	0.2268	-8.3082	-0.2456
268	F	W	-0.3487	0.2268	-21.5961	-0.2263
268	F	Y	-0.2441	0.2268	-7.3083	-0.1848
269	L	A	-0.3404	0.8245	-21.6006	-0.2874
269	L	C	-0.3296	0.8245	-21.6006	-0.2733
269	L	D	-0.4619	0.8245	-21.6006	-0.4465
269	L	E	-0.4300	0.8245	-21.6006	-0.4047
269	L	F	-0.1777	0.8245	-2.7583	-0.2003
269	L	G	-0.4152	0.8245	-21.6006	-0.3854
269	L	H	-0.3828	0.8245	-21.6006	-0.3429
269	L	I	-0.2145	0.8245	-21.6006	-0.1226
269	L	K	-0.3612	0.8245	-8.3127	-0.4034
269	L	M	-0.2378	0.8245	-21.6006	-0.1531
269	L	N	-0.4082	0.8245	-21.6006	-0.3762
269	L	P	-0.4238	0.8245	-21.6006	-0.3966
269	L	Q	-0.2933	0.8245	-8.3127	-0.3146
269	L	R	-0.4206	0.8245	-21.6006	-0.3924
269	L	S	-0.3708	0.8245	-21.6006	-0.3272
269	L	T	-0.3435	0.8245	-21.6006	-0.2915
269	L	V	-0.1698	0.8245	-5.7279	-0.1701
269	L	W	-0.3730	0.8245	-21.6006	-0.3301
269	L	Y	-0.2981	0.8245	-8.3127	-0.3208
270	I	A	-0.3385	0.9186	-21.6006	-0.2963
270	I	C	-0.2507	0.9186	-8.3127	-0.2701
270	I	D	-0.4626	0.9186	-21.6006	-0.4587
270	I	E	-0.4435	0.9186	-21.6006	-0.4337
270	I	F	-0.2995	0.9186	-21.6006	-0.2452
270	I	G	-0.4292	0.9186	-21.6006	-0.4150
270	I	H	-0.3613	0.9186	-8.3127	-0.4149
270	I	K	-0.4360	0.9186	-21.6006	-0.4239
270	I	L	-0.1559	0.9186	-8.3127	-0.1460
270	I	M	-0.1373	0.9186	-3.5580	-0.1534
270	I	N	-0.3756	0.9186	-21.6006	-0.3449
270	I	P	-0.4826	0.9186	-21.6006	-0.4849
270	I	Q	-0.4032	0.9186	-21.6006	-0.3810
270	I	R	-0.3950	0.9186	-8.3127	-0.4590
270	I	S	-0.3113	0.9186	-8.3127	-0.3494
270	I	T	-0.2179	0.9186	-6.3129	-0.2405
270	I	V	-0.0966	0.9186	-4.5055	-0.0938
270	I	W	-0.3884	0.9186	-21.6006	-0.3616
270	I	Y	-0.3972	0.9186	-21.6006	-0.3732
271	P	A	-0.2307	0.2807	-8.2853	-0.1672
271	P	C	-0.3312	0.2807	-21.5731	-0.2100
271	P	D	-0.3570	0.2807	-21.5731	-0.2439
271	P	E	-0.2730	0.2807	-8.2853	-0.2227
271	P	F	-0.3596	0.2807	-21.5731	-0.2472
271	P	G	-0.3128	0.2807	-21.5731	-0.1860
271	P	H	-0.3372	0.2807	-21.5731	-0.2179
271	P	I	-0.3426	0.2807	-21.5731	-0.2250
271	P	K	-0.3325	0.2807	-21.5731	-0.2118
271	P	L	-0.2713	0.2807	-6.7004	-0.2310
271	P	M	-0.2982	0.2807	-21.5731	-0.1668
271	P	N	-0.3252	0.2807	-21.5731	-0.2022
271	P	Q	-0.2591	0.2807	-8.2853	-0.2044
271	P	R	-0.2924	0.2807	-6.7004	-0.2586
271	P	S	-0.2982	0.2807	-21.5731	-0.1668
271	P	T	-0.2425	0.2807	-8.2853	-0.1827
271	P	V	-0.2980	0.2807	-21.5731	-0.1666
271	P	W	-0.3721	0.2807	-21.5731	-0.2636
271	P	Y	-0.3606	0.2807	-21.5731	-0.2485
272	V	A	-0.2111	0.5620	-4.9681	-0.1977
272	V	C	-0.3238	0.5620	-21.5777	-0.2342
272	V	D	-0.4625	0.5620	-21.5777	-0.4158
272	V	E	-0.3439	0.5620	-6.7050	-0.3599
272	V	F	-0.3052	0.5620	-8.2899	-0.2987
272	V	G	-0.3488	0.5620	-7.2900	-0.3624
272	V	H	-0.4655	0.5620	-21.5777	-0.4197
272	V	I	-0.2314	0.5620	-21.5777	-0.1133
272	V	K	-0.4587	0.5620	-21.5777	-0.4109
272	V	L	-0.2236	0.5620	-7.2900	-0.1985
272	V	M	-0.2297	0.5620	-6.7050	-0.2104
272	V	N	-0.4503	0.5620	-21.5777	-0.3999
272	V	P	-0.5002	0.5620	-21.5777	-0.4652
272	V	Q	-0.4304	0.5620	-21.5777	-0.3738
272	V	R	-0.4798	0.5620	-21.5777	-0.4384
272	V	S	-0.3317	0.5620	-8.2899	-0.3334
272	V	T	-0.2471	0.5620	-8.2899	-0.2226
272	V	W	-0.4136	0.5620	-21.5777	-0.3518
272	V	Y	-0.4165	0.5620	-21.5777	-0.3556
273	L	A	-0.3848	0.3407	-21.5777	-0.2874
273	L	C	-0.3062	0.3407	-8.2899	-0.2733
273	L	D	-0.5063	0.3407	-21.5777	-0.4465
273	L	E	-0.4744	0.3407	-21.5777	-0.4047
273	L	F	-0.2453	0.3407	-7.2900	-0.2003
273	L	G	-0.4596	0.3407	-21.5777	-0.3854
273	L	H	-0.4272	0.3407	-21.5777	-0.3429
273	L	I	-0.1779	0.3407	-5.7050	-0.1226
273	L	K	-0.4734	0.3407	-21.5777	-0.4034
273	L	M	-0.2093	0.3407	-7.2900	-0.1531
273	L	N	-0.4526	0.3407	-21.5777	-0.3762
273	L	P	-0.4682	0.3407	-21.5777	-0.3966
273	L	Q	-0.3377	0.3407	-8.2899	-0.3146
273	L	R	-0.4650	0.3407	-21.5777	-0.3924
273	L	S	-0.4152	0.3407	-21.5777	-0.3272
273	L	T	-0.3879	0.3407	-21.5777	-0.2915
273	L	V	-0.2952	0.3407	-21.5777	-0.1701
273	L	W	-0.3496	0.3407	-8.2899	-0.3301
273	L	Y	-0.4103	0.3407	-21.5777	-0.3208
274	R	A	-0.3677	0.4210	-21.5638	-0.2748
274	R	C	-0.3087	0.4210	-8.2760	-0.2864
274	R	D	-0.4587	0.4210	-21.5638	-0.3940
274	R	E	-0.3362	0.4210	-8.2760	-0.3223
274	R	F	-0.3998	0.4210	-21.5638	-0.3169
274	R	G	-0.3352	0.4210	-8.2760	-0.3211
274	R	H	-0.3374	0.4210	-21.5638	-0.2352
274	R	I	-0.3971	0.4210	-21.5638	-0.3133
274	R	K	-0.2579	0.4210	-21.5638	-0.1311
274	R	L	-0.3701	0.4210	-21.5638	-0.2780
274	R	M	-0.3360	0.4210	-21.5638	-0.2333
274	R	N	-0.3148	0.4210	-8.2760	-0.2943
274	R	P	-0.4339	0.4210	-6.6911	-0.4608
274	R	Q	-0.2603	0.4210	-5.4688	-0.2417
274	R	S	-0.3682	0.4210	-21.5638	-0.2755
274	R	T	-0.3726	0.4210	-21.5638	-0.2812
274	R	V	-0.3164	0.4210	-8.2760	-0.2964
274	R	W	-0.3176	0.4210	-8.2760	-0.2980
274	R	Y	-0.3892	0.4210	-21.5638	-0.3029
275	S	A	-0.2239	0.5780	-21.5685	-0.1054
275	S	C	-0.2015	0.5780	-7.2807	-0.1715
275	S	D	-0.2496	0.5780	-7.2807	-0.2346
275	S	E	-0.2279	0.5780	-8.2806	-0.1995
275	S	F	-0.3019	0.5780	-21.5685	-0.2076
275	S	G	-0.2330	0.5780	-21.5685	-0.1174
275	S	H	-0.3032	0.5780	-21.5685	-0.2092
275	S	I	-0.2373	0.5780	-8.2806	-0.2117
275	S	K	-0.3125	0.5780	-21.5685	-0.2214
275	S	L	-0.3013	0.5780	-21.5685	-0.2068
275	S	M	-0.2724	0.5780	-21.5685	-0.1689
275	S	N	-0.1784	0.5780	-8.2806	-0.1346
275	S	P	-0.3044	0.5780	-7.2807	-0.3063
275	S	Q	-0.2658	0.5780	-21.5685	-0.1603
275	S	R	-0.3177	0.5780	-21.5685	-0.2283
275	S	T	-0.1255	0.5780	-4.1108	-0.0932
275	S	V	-0.2793	0.5780	-21.5685	-0.1780
275	S	W	-0.3116	0.5780	-21.5685	-0.2203
275	S	Y	-0.3067	0.5780	-21.5685	-0.2139
276	L	A	-0.3840	0.3483	-21.5638	-0.2874
276	L	C	-0.3054	0.3483	-8.2760	-0.2733
276	L	D	-0.5055	0.3483	-21.5638	-0.4465
276	L	E	-0.4736	0.3483	-21.5638	-0.4047
276	L	F	-0.3175	0.3483	-21.5638	-0.2003
276	L	G	-0.4589	0.3483	-21.5638	-0.3854
276	L	H	-0.4264	0.3483	-21.5638	-0.3429
276	L	I	-0.1903	0.3483	-8.2760	-0.1226
276	L	K	-0.4726	0.3483	-21.5638	-0.4034
276	L	M	-0.2034	0.3483	-6.2761	-0.1531
276	L	N	-0.4518	0.3483	-21.5638	-0.3762
276	L	P	-0.3996	0.3483	-8.2760	-0.3966
276	L	Q	-0.4048	0.3483	-21.5638	-0.3146
276	L	R	-0.4642	0.3483	-21.5638	-0.3924
276	L	S	-0.4144	0.3483	-21.5638	-0.3272
276	L	T	-0.3871	0.3483	-21.5638	-0.2915
276	L	V	-0.2123	0.3483	-5.4688	-0.1701
276	L	W	-0.4166	0.3483	-21.5638	-0.3301
276	L	Y	-0.4095	0.3483	-21.5638	-0.3208
277	A	C	-0.1696	0.9558	-5.9681	-0.1841
277	A	D	-0.3310	0.9558	-21.5777	-0.2911
277	A	E	-0.3166	0.9558	-21.5777	-0.2723
277	A	F	-0.2994	0.9558	-21.5777	-0.2497
277	A	G	-0.1669	0.9558	-6.7050	-0.1756
277	A	H	-0.3035	0.9558	-21.5777	-0.2551
277	A	I	-0.2889	0.9558	-21.5777	-0.2360
277	A	K	-0.3213	0.9558	-21.5777	-0.2784
277	A	L	-0.2258	0.9558	-8.2899	-0.2422
277	A	M	-0.2524	0.9558	-21.5777	-0.1882
277	A	N	-0.3014	0.9558	-21.5777	-0.2523
277	A	P	-0.3029	0.9558	-8.2899	-0.3431
277	A	Q	-0.2988	0.9558	-21.5777	-0.2490
277	A	R	-0.3320	0.9558	-21.5777	-0.2924
277	A	S	-0.1188	0.9558	-2.9325	-0.1379
277	A	T	-0.1403	0.9558	-5.9681	-0.1457
277	A	V	-0.1492	0.9558	-8.2899	-0.1418
277	A	W	-0.3103	0.9558	-21.5777	-0.2640
277	A	Y	-0.3185	0.9558	-21.5777	-0.2748
278	R	A	-0.2372	1.1030	-8.2853	-0.2748
278	R	C	-0.2358	1.1030	-6.2854	-0.2864
278	R	D	-0.3960	1.1030	-21.5731	-0.3940
278	R	E	-0.2654	1.1030	-6.7004	-0.3223
278	R	F	-0.3371	1.1030	-21.5731	-0.3169
278	R	G	-0.3403	1.1030	-21.5731	-0.3211
278	R	H	-0.1937	1.1030	-5.7004	-0.2352
278	R	I	-0.2666	1.1030	-8.2853	-0.3133
278	R	K	-0.1952	1.1030	-21.5731	-0.1311
278	R	L	-0.2227	1.1030	-4.9635	-0.2780
278	R	M	-0.2733	1.1030	-21.5731	-0.2333
278	R	N	-0.3199	1.1030	-21.5731	-0.2943
278	R	P	-0.4471	1.1030	-21.5731	-0.4608
278	R	Q	-0.1871	1.1030	-3.4274	-0.2417
278	R	S	-0.2377	1.1030	-8.2853	-0.2755
278	R	T	-0.3099	1.1030	-21.5731	-0.2812
278	R	V	-0.2537	1.1030	-8.2853	-0.2964
278	R	W	-0.2549	1.1030	-8.2853	-0.2980
278	R	Y	-0.3264	1.1030	-21.5731	-0.3029
279	L	A	-0.2711	1.5765	-21.5777	-0.2874
279	L	C	-0.2603	1.5765	-21.5777	-0.2733
279	L	D	-0.3926	1.5765	-21.5777	-0.4465
279	L	E	-0.3607	1.5765	-21.5777	-0.4047
279	L	F	-0.2045	1.5765	-21.5777	-0.2003
279	L	G	-0.2781	1.5765	-8.2899	-0.3854
279	L	H	-0.2405	1.5765	-7.2900	-0.3429
279	L	I	-0.0774	1.5765	-8.2899	-0.1226
279	L	K	-0.3597	1.5765	-21.5777	-0.4034
279	L	M	-0.1007	1.5765	-8.2899	-0.1531
279	L	N	-0.2660	1.5765	-7.2900	-0.3762
279	L	P	-0.3545	1.5765	-21.5777	-0.3966
279	L	Q	-0.2032	1.5765	-4.2026	-0.3146
279	L	R	-0.2491	1.5765	-1.5621	-0.3924
279	L	S	-0.2337	1.5765	-8.2899	-0.3272
279	L	T	-0.2742	1.5765	-21.5777	-0.2915
279	L	V	-0.1815	1.5765	-21.5777	-0.1701
279	L	W	-0.2197	1.5765	-5.1201	-0.3301
279	L	Y	-0.2966	1.5765	-21.5777	-0.3208
280	K	A	-0.1993	1.3025	-21.5777	-0.1604
280	K	C	-0.2017	1.3025	-8.2899	-0.2523
280	K	D	-0.2324	1.3025	-6.7050	-0.3031
280	K	E	-0.1462	1.3025	-6.2900	-0.1930
280	K	F	-0.2704	1.3025	-21.5777	-0.2535
280	K	G	-0.2585	1.3025	-21.5777	-0.2379
280	K	H	-0.1364	1.3025	-7.2900	-0.1736
280	K	I	-0.2376	1.3025	-21.5777	-0.2106
280	K	L	-0.2363	1.3025	-21.5777	-0.2089
280	K	M	-0.2094	1.3025	-21.5777	-0.1736
280	K	N	-0.1284	1.3025	-4.1201	-0.1843
280	K	P	-0.3736	1.3025	-21.5777	-0.3886
280	K	Q	-0.1205	1.3025	-6.2900	-0.1594
280	K	R	-0.0398	1.3025	-3.3358	-0.0735
280	K	S	-0.2094	1.3025	-21.5777	-0.1737
280	K	T	-0.1484	1.3025	-7.2900	-0.1892
280	K	V	-0.2215	1.3025	-21.5777	-0.1895
280	K	W	-0.2116	1.3025	-8.2899	-0.2653
280	K	Y	-0.1772	1.3025	-6.2900	-0.2337
281	P	A	-0.3107	0.1486	-21.5823	-0.1672
281	P	C	-0.3434	0.1486	-21.5823	-0.2100
281	P	D	-0.3692	0.1486	-21.5823	-0.2439
281	P	E	-0.3531	0.1486	-21.5823	-0.2227
281	P	F	-0.3718	0.1486	-21.5823	-0.2472
281	P	G	-0.3250	0.1486	-21.5823	-0.1860
281	P	H	-0.3494	0.1486	-21.5823	-0.2179
281	P	I	-0.3548	0.1486	-21.5823	-0.2250
281	P	K	-0.3447	0.1486	-21.5823	-0.2118
281	P	L	-0.2865	0.1486	-7.2946	-0.2310
281	P	M	-0.3104	0.1486	-21.5823	-0.1668
281	P	N	-0.3374	0.1486	-21.5823	-0.2022
281	P	Q	-0.3391	0.1486	-21.5823	-0.2044
281	P	R	-0.3127	0.1486	-8.2945	-0.2586
281	P	S	-0.2425	0.1486	-8.2945	-0.1668
281	P	T	-0.2547	0.1486	-8.2945	-0.1827
281	P	V	-0.3102	0.1486	-21.5823	-0.1666
281	P	W	-0.3843	0.1486	-21.5823	-0.2636
281	P	Y	-0.3728	0.1486	-21.5823	-0.2485
282	T	A	-0.1164	1.2527	-4.3877	-0.1608
282	T	C	-0.2400	1.2527	-21.5823	-0.2077
282	T	D	-0.2388	1.2527	-5.7096	-0.3121
282	T	E	-0.2192	1.2527	-6.7096	-0.2798
282	T	F	-0.3114	1.2527	-21.5823	-0.3012
282	T	G	-0.2099	1.2527	-8.2945	-0.2570
282	T	H	-0.2917	1.2527	-21.5823	-0.2754
282	T	I	-0.2301	1.2527	-21.5823	-0.1947
282	T	K	-0.2195	1.2527	-8.2945	-0.2696
282	T	L	-0.2820	1.2527	-21.5823	-0.2627
282	T	M	-0.1760	1.2527	-7.2946	-0.2194
282	T	N	-0.2598	1.2527	-21.5823	-0.2336
282	T	P	-0.3685	1.2527	-21.5823	-0.3759
282	T	Q	-0.1963	1.2527	-7.2946	-0.2460
282	T	R	-0.2121	1.2527	-6.2946	-0.2733
282	T	S	-0.0743	1.2527	-3.2502	-0.1133
282	T	V	-0.2176	1.2527	-21.5823	-0.1784
282	T	W	-0.3043	1.2527	-21.5823	-0.2919
282	T	Y	-0.2451	1.2527	-8.2945	-0.3031
283	M	A	-0.3528	0.4967	-21.6231	-0.2641
283	M	C	-0.3583	0.4967	-21.6231	-0.2713
283	M	D	-0.4643	0.4967	-21.6231	-0.4100
283	M	E	-0.4545	0.4967	-21.6231	-0.3972
283	M	F	-0.3579	0.4967	-21.6231	-0.2707
283	M	G	-0.4337	0.4967	-21.6231	-0.3700
283	M	H	-0.4111	0.4967	-21.6231	-0.3404
283	M	I	-0.1905	0.4967	-6.0134	-0.1558
283	M	K	-0.4154	0.4967	-21.6231	-0.3460
283	M	L	-0.1517	0.4967	-4.8760	-0.1126
283	M	N	-0.4059	0.4967	-21.6231	-0.3336
283	M	P	-0.5238	0.4967	-21.6231	-0.4879
283	M	Q	-0.3980	0.4967	-21.6231	-0.3232
283	M	R	-0.4427	0.4967	-21.6231	-0.3817
283	M	S	-0.3842	0.4967	-21.6231	-0.3052
283	M	T	-0.2511	0.4967	-7.3353	-0.2263
283	M	V	-0.2226	0.4967	-6.0134	-0.1978
283	M	W	-0.4207	0.4967	-21.6231	-0.3529
283	M	Y	-0.4002	0.4967	-21.6231	-0.3261
284	T	A	-0.1005	1.4885	-5.5236	-0.1608
284	T	C	-0.2185	1.4885	-21.6186	-0.2077
284	T	D	-0.2304	1.4885	-8.3308	-0.3121
284	T	E	-0.2736	1.4885	-21.6186	-0.2798
284	T	F	-0.2899	1.4885	-21.6186	-0.3012
284	T	G	-0.2562	1.4885	-21.6186	-0.2570
284	T	H	-0.2702	1.4885	-21.6186	-0.2754
284	T	I	-0.1408	1.4885	-8.3308	-0.1947
284	T	K	-0.2658	1.4885	-21.6186	-0.2696
284	T	L	-0.1808	1.4885	-6.0090	-0.2627
284	T	M	-0.1464	1.4885	-5.7459	-0.2194
284	T	N	-0.1474	1.4885	-3.8074	-0.2336
284	T	P	-0.2630	1.4885	-5.1610	-0.3759
284	T	Q	-0.2478	1.4885	-21.6186	-0.2460
284	T	R	-0.2008	1.4885	-8.3308	-0.2733
284	T	S	-0.0526	1.4885	-3.2435	-0.1133
284	T	V	-0.1961	1.4885	-21.6186	-0.1784
284	T	W	-0.2828	1.4885	-21.6186	-0.2919
284	T	Y	-0.2914	1.4885	-21.6186	-0.3031
285	L	A	-0.3176	1.0727	-21.6186	-0.2874
285	L	C	-0.3069	1.0727	-21.6186	-0.2733
285	L	D	-0.4392	1.0727	-21.6186	-0.4465
285	L	E	-0.4072	1.0727	-21.6186	-0.4047
285	L	F	-0.1680	1.0727	-5.3309	-0.2003
285	L	G	-0.3925	1.0727	-21.6186	-0.3854
285	L	H	-0.3600	1.0727	-21.6186	-0.3429
285	L	I	-0.1239	1.0727	-8.3308	-0.1226
285	L	K	-0.4062	1.0727	-21.6186	-0.4034
285	L	M	-0.1278	1.0727	-4.5236	-0.1531
285	L	N	-0.3855	1.0727	-21.6186	-0.3762
285	L	P	-0.3281	1.0727	-7.3309	-0.3966
285	L	Q	-0.3384	1.0727	-21.6186	-0.3146
285	L	R	-0.3300	1.0727	-8.3308	-0.3924
285	L	S	-0.3480	1.0727	-21.6186	-0.3272
285	L	T	-0.2479	1.0727	-7.3309	-0.2915
285	L	V	-0.1341	1.0727	-3.2016	-0.1701
285	L	W	-0.3502	1.0727	-21.6186	-0.3301
285	L	Y	-0.3431	1.0727	-21.6186	-0.3208
286	E	A	-0.2065	0.4693	-8.3397	-0.1580
286	E	C	-0.3437	0.4693	-21.6276	-0.2488
286	E	D	-0.1591	0.4693	-5.7549	-0.1131
286	E	F	-0.2535	0.4693	-8.3397	-0.2195
286	E	G	-0.3001	0.4693	-21.6276	-0.1917
286	E	H	-0.3126	0.4693	-21.6276	-0.2081
286	E	I	-0.3267	0.4693	-21.6276	-0.2265
286	E	K	-0.2205	0.4693	-6.7548	-0.1868
286	E	L	-0.3288	0.4693	-21.6276	-0.2293
286	E	M	-0.2776	0.4693	-21.6276	-0.1623
286	E	N	-0.3006	0.4693	-21.6276	-0.1923
286	E	P	-0.4313	0.4693	-21.6276	-0.3635
286	E	Q	-0.2469	0.4693	-21.6276	-0.1220
286	E	R	-0.3568	0.4693	-21.6276	-0.2660
286	E	S	-0.2119	0.4693	-6.7548	-0.1756
286	E	T	-0.2257	0.4693	-6.3398	-0.1964
286	E	V	-0.2198	0.4693	-8.3397	-0.1753
286	E	W	-0.3314	0.4693	-21.6276	-0.2327
286	E	Y	-0.3222	0.4693	-21.6276	-0.2206
287	E	A	-0.1525	0.9011	-5.5280	-0.1580
287	E	C	-0.3040	0.9011	-21.6231	-0.2488
287	E	D	-0.1163	0.9011	-5.1655	-0.1131
287	E	F	-0.2816	0.9011	-21.6231	-0.2195
287	E	G	-0.1844	0.9011	-6.7504	-0.1917
287	E	H	-0.2729	0.9011	-21.6231	-0.2081
287	E	I	-0.2869	0.9011	-21.6231	-0.2265
287	E	K	-0.1745	0.9011	-5.5280	-0.1868
287	E	L	-0.2891	0.9011	-21.6231	-0.2293
287	E	M	-0.2379	0.9011	-21.6231	-0.1623
287	E	N	-0.2608	0.9011	-21.6231	-0.1923
287	E	P	-0.3916	0.9011	-21.6231	-0.3635
287	E	Q	-0.1240	0.9011	-5.3354	-0.1220
287	E	R	-0.3171	0.9011	-21.6231	-0.2660
287	E	S	-0.2480	0.9011	-21.6231	-0.1756
287	E	T	-0.2639	0.9011	-21.6231	-0.1964
287	E	V	-0.2478	0.9011	-21.6231	-0.1753
287	E	W	-0.2077	0.9011	-5.1655	-0.2327
287	E	Y	-0.2824	0.9011	-21.6231	-0.2206
288	G	A	-0.2501	0.4643	-4.4374	-0.2405
288	G	C	-0.3976	0.4643	-21.6320	-0.3187
288	G	D	-0.3981	0.4643	-21.6320	-0.3194
288	G	E	-0.3296	0.4643	-8.3442	-0.3185
288	G	F	-0.4357	0.4643	-21.6320	-0.3686
288	G	H	-0.4104	0.4643	-21.6320	-0.3355
288	G	I	-0.4814	0.4643	-21.6320	-0.4284
288	G	K	-0.4304	0.4643	-21.6320	-0.3616
288	G	L	-0.4496	0.4643	-21.6320	-0.3868
288	G	M	-0.3878	0.4643	-21.6320	-0.3059
288	G	N	-0.3984	0.4643	-21.6320	-0.3198
288	G	P	-0.4955	0.4643	-21.6320	-0.4469
288	G	Q	-0.4013	0.4643	-21.6320	-0.3236
288	G	R	-0.3466	0.4643	-8.3442	-0.3407
288	G	S	-0.2678	0.4643	-6.7593	-0.2482
288	G	T	-0.3528	0.4643	-8.3442	-0.3489
288	G	V	-0.3568	0.4643	-8.3442	-0.3541
288	G	W	-0.4355	0.4643	-21.6320	-0.3683
288	G	Y	-0.4361	0.4643	-21.6320	-0.3691
289	L	A	-0.3137	1.1164	-21.6320	-0.2874
289	L	C	-0.3029	1.1164	-21.6320	-0.2733
289	L	D	-0.4352	1.1164	-21.6320	-0.4465
289	L	E	-0.3355	1.1164	-8.3442	-0.4047
289	L	F	-0.1742	1.1164	-7.3442	-0.2003
289	L	G	-0.3885	1.1164	-21.6320	-0.3854
289	L	H	-0.3561	1.1164	-21.6320	-0.3429
289	L	I	-0.0983	1.1164	-4.0964	-0.1226
289	L	K	-0.4023	1.1164	-21.6320	-0.4034
289	L	M	-0.1233	1.1164	-4.4374	-0.1531
289	L	N	-0.3815	1.1164	-21.6320	-0.3762
289	L	P	-0.3293	1.1164	-8.3442	-0.3966
289	L	Q	-0.3345	1.1164	-21.6320	-0.3146
289	L	R	-0.3939	1.1164	-21.6320	-0.3924
289	L	S	-0.3441	1.1164	-21.6320	-0.3272
289	L	T	-0.3168	1.1164	-21.6320	-0.2915
289	L	V	-0.1315	1.1164	-3.4863	-0.1701
289	L	W	-0.3463	1.1164	-21.6320	-0.3301
289	L	Y	-0.3392	1.1164	-21.6320	-0.3208
290	P	A	-0.0327	2.3797	-7.3353	-0.1672
290	P	C	-0.0501	2.3797	-4.3354	-0.2100
290	P	D	-0.1642	2.3797	-21.6231	-0.2439
290	P	E	-0.1480	2.3797	-21.6231	-0.2227
290	P	F	-0.1667	2.3797	-21.6231	-0.2472
290	P	G	-0.0332	2.3797	-4.6349	-0.1860
290	P	H	-0.0765	2.3797	-8.3353	-0.2179
290	P	I	-0.1497	2.3797	-21.6231	-0.2250
290	P	K	-0.0718	2.3797	-8.3353	-0.2118
290	P	L	-0.0814	2.3797	-7.3353	-0.2310
290	P	M	-0.1053	2.3797	-21.6231	-0.1668
290	P	N	-0.0564	2.3797	-6.7504	-0.2022
290	P	Q	-0.0453	2.3797	-4.2479	-0.2044
290	P	R	-0.0806	2.3797	-3.0500	-0.2586
290	P	S	-0.0213	2.3797	-5.1655	-0.1668
290	P	T	-0.0496	2.3797	-8.3353	-0.1827
290	P	V	-0.1051	2.3797	-21.6231	-0.1666
290	P	W	-0.0749	2.3797	-1.1755	-0.2636
290	P	Y	-0.1677	2.3797	-21.6231	-0.2485
291	L	A	-0.1793	1.7843	-7.3398	-0.2874
291	L	C	-0.2414	1.7843	-21.6276	-0.2733
291	L	D	-0.3737	1.7843	-21.6276	-0.4465
291	L	E	-0.3418	1.7843	-21.6276	-0.4047
291	L	F	-0.1047	1.7843	-5.7549	-0.2003
291	L	G	-0.3271	1.7843	-21.6276	-0.3854
291	L	H	-0.2946	1.7843	-21.6276	-0.3429
291	L	I	-0.0391	1.7843	-4.5325	-0.1226
291	L	K	-0.2531	1.7843	-4.4330	-0.4034
291	L	M	-0.0818	1.7843	-8.3397	-0.1531
291	L	N	-0.3200	1.7843	-21.6276	-0.3762
291	L	P	-0.3356	1.7843	-21.6276	-0.3966
291	L	Q	-0.1809	1.7843	-3.5850	-0.3146
291	L	R	-0.2249	1.7843	-0.5520	-0.3924
291	L	S	-0.2826	1.7843	-21.6276	-0.3272
291	L	T	-0.1875	1.7843	-8.3397	-0.2915
291	L	V	-0.0867	1.7843	-6.7548	-0.1701
291	L	W	-0.1946	1.7843	-3.9475	-0.3301
291	L	Y	-0.2777	1.7843	-21.6276	-0.3208
292	A	C	-0.2467	0.9865	-21.6276	-0.1841
292	A	D	-0.3284	0.9865	-21.6276	-0.2911
292	A	E	-0.3141	0.9865	-21.6276	-0.2723
292	A	F	-0.2290	0.9865	-8.3397	-0.2497
292	A	G	-0.1441	0.9865	-2.7853	-0.1756
292	A	H	-0.3009	0.9865	-21.6276	-0.2551
292	A	I	-0.2863	0.9865	-21.6276	-0.2360
292	A	K	-0.3187	0.9865	-21.6276	-0.2784
292	A	L	-0.2911	0.9865	-21.6276	-0.2422
292	A	M	-0.2498	0.9865	-21.6276	-0.1882
292	A	N	-0.2988	0.9865	-21.6276	-0.2523
292	A	P	-0.3681	0.9865	-21.6276	-0.3431
292	A	Q	-0.2285	0.9865	-8.3397	-0.2490
292	A	R	-0.2616	0.9865	-8.3397	-0.2924
292	A	S	-0.1232	0.9865	-4.3398	-0.1379
292	A	T	-0.1496	0.9865	-8.3397	-0.1457
292	A	V	-0.2144	0.9865	-21.6276	-0.1418
292	A	W	-0.3077	0.9865	-21.6276	-0.2640
292	A	Y	-0.3160	0.9865	-21.6276	-0.2748
293	V	A	-0.1959	1.6511	-21.6276	-0.1977
293	V	C	-0.2238	1.6511	-21.6276	-0.2342
293	V	D	-0.3625	1.6511	-21.6276	-0.4158
293	V	E	-0.2367	1.6511	-5.3398	-0.3599
293	V	F	-0.2053	1.6511	-8.3397	-0.2987
293	V	G	-0.3217	1.6511	-21.6276	-0.3624
293	V	H	-0.3655	1.6511	-21.6276	-0.4197
293	V	I	-0.0637	1.6511	-8.3397	-0.1133
293	V	K	-0.3588	1.6511	-21.6276	-0.4109
293	V	L	-0.0995	1.6511	-2.6119	-0.1985
293	V	M	-0.1057	1.6511	-2.0361	-0.2104
293	V	N	-0.3504	1.6511	-21.6276	-0.3999
293	V	P	-0.4003	1.6511	-21.6276	-0.4652
293	V	Q	-0.3304	1.6511	-21.6276	-0.3738
293	V	R	-0.3120	1.6511	-8.3397	-0.4384
293	V	S	-0.2996	1.6511	-21.6276	-0.3334
293	V	T	-0.1420	1.6511	-7.3398	-0.2226
293	V	W	-0.3136	1.6511	-21.6276	-0.3518
293	V	Y	-0.3165	1.6511	-21.6276	-0.3556
294	Q	A	-0.1083	1.3116	-8.3397	-0.1308
294	Q	C	-0.2223	1.3116	-21.6276	-0.1913
294	Q	D	-0.2626	1.3116	-21.6276	-0.2441
294	Q	E	-0.1134	1.3116	-8.3397	-0.1375
294	Q	F	-0.2303	1.3116	-21.6276	-0.2018
294	Q	G	-0.1687	1.3116	-6.3398	-0.2233
294	Q	H	-0.0924	1.3116	-5.0179	-0.1322
294	Q	I	-0.2117	1.3116	-21.6276	-0.1774
294	Q	K	-0.1363	1.3116	-7.3398	-0.1742
294	Q	L	-0.1272	1.3116	-8.3397	-0.1556
294	Q	M	-0.1660	1.3116	-21.6276	-0.1176
294	Q	N	-0.1917	1.3116	-21.6276	-0.1513
294	Q	P	-0.3497	1.3116	-21.6276	-0.3581
294	Q	R	-0.1088	1.3116	-2.2313	-0.1723
294	Q	S	-0.1267	1.3116	-8.3397	-0.1549
294	Q	T	-0.1366	1.3116	-8.3397	-0.1679
294	Q	V	-0.2117	1.3116	-21.6276	-0.1775
294	Q	W	-0.1517	1.3116	-6.3398	-0.2010
294	Q	Y	-0.2326	1.3116	-21.6276	-0.2048
295	E	A	-0.2174	0.2408	-6.3398	-0.1580
295	E	C	-0.3647	0.2408	-21.6276	-0.2488
295	E	D	-0.1933	0.2408	-8.3397	-0.1131
295	E	F	-0.3424	0.2408	-21.6276	-0.2195
295	E	G	-0.3211	0.2408	-21.6276	-0.1917
295	E	H	-0.3336	0.2408	-21.6276	-0.2081
295	E	I	-0.3477	0.2408	-21.6276	-0.2265
295	E	K	-0.3174	0.2408	-21.6276	-0.1868
295	E	L	-0.3498	0.2408	-21.6276	-0.2293
295	E	M	-0.2987	0.2408	-21.6276	-0.1623
295	E	N	-0.3216	0.2408	-21.6276	-0.1923
295	E	P	-0.4523	0.2408	-21.6276	-0.3635
295	E	Q	-0.1882	0.2408	-6.0179	-0.1220
295	E	R	-0.3779	0.2408	-21.6276	-0.2660
295	E	S	-0.3088	0.2408	-21.6276	-0.1756
295	E	T	-0.3247	0.2408	-21.6276	-0.1964
295	E	V	-0.3086	0.2408	-21.6276	-0.1753
295	E	W	-0.3524	0.2408	-21.6276	-0.2327
295	E	Y	-0.3432	0.2408	-21.6276	-0.2206
296	W	A	-0.5652	0.0906	-21.6276	-0.4931
296	W	C	-0.5010	0.0906	-21.6276	-0.4091
296	W	D	-0.5894	0.0906	-21.6276	-0.5249
296	W	E	-0.6090	0.0906	-21.6276	-0.5505
296	W	F	-0.3499	0.0906	-8.3397	-0.3001
296	W	G	-0.5503	0.0906	-21.6276	-0.4737
296	W	H	-0.5535	0.0906	-21.6276	-0.4778
296	W	I	-0.5510	0.0906	-21.6276	-0.4746
296	W	K	-0.6210	0.0906	-21.6276	-0.5662
296	W	L	-0.4447	0.0906	-8.3397	-0.4242
296	W	M	-0.5247	0.0906	-21.6276	-0.4401
296	W	N	-0.5977	0.0906	-21.6276	-0.5357
296	W	P	-0.6359	0.0906	-21.6276	-0.5857
296	W	Q	-0.5885	0.0906	-21.6276	-0.5237
296	W	R	-0.5490	0.0906	-21.6276	-0.4719
296	W	S	-0.5632	0.0906	-21.6276	-0.4906
296	W	T	-0.6069	0.0906	-21.6276	-0.5477
296	W	V	-0.4749	0.0906	-8.3397	-0.4637
296	W	Y	-0.4657	0.0906	-21.6276	-0.3629
297	E	A	-0.1500	1.8202	-21.6231	-0.1580
297	E	C	-0.2194	1.8202	-21.6231	-0.2488
297	E	D	-0.0255	1.8202	-3.9431	-0.1131
297	E	F	-0.1970	1.8202	-21.6231	-0.2195
297	E	G	-0.1029	1.8202	-7.3353	-0.1917
297	E	H	-0.1052	1.8202	-5.3354	-0.2081
297	E	I	-0.1345	1.8202	-8.3353	-0.2265
297	E	K	-0.0991	1.8202	-7.3353	-0.1868
297	E	L	-0.2045	1.8202	-21.6231	-0.2293
297	E	M	-0.1533	1.8202	-21.6231	-0.1623
297	E	N	-0.1003	1.8202	-6.7504	-0.1923
297	E	P	-0.3070	1.8202	-21.6231	-0.3635
297	E	Q	-0.0163	1.8202	-0.7962	-0.1220
297	E	R	-0.1458	1.8202	-4.6349	-0.2660
297	E	S	-0.1635	1.8202	-21.6231	-0.1756
297	E	T	-0.1794	1.8202	-21.6231	-0.1964
297	E	V	-0.1632	1.8202	-21.6231	-0.1753
297	E	W	-0.1261	1.8202	-5.7504	-0.2327
297	E	Y	-0.1978	1.8202	-21.6231	-0.2206
298	H	A	-0.0968	2.1432	-21.6320	-0.1271
298	H	C	-0.0580	2.1432	-3.3443	-0.1985
298	H	D	-0.1440	2.1432	-21.6320	-0.1889
298	H	E	-0.1555	2.1432	-21.6320	-0.2040
298	H	F	-0.1184	2.1432	-21.6320	-0.1554
298	H	G	-0.0962	2.1432	-5.3443	-0.2352
298	H	I	-0.1830	2.1432	-21.6320	-0.2400
298	H	K	-0.0575	2.1432	-5.5369	-0.1833
298	H	L	-0.0707	2.1432	-6.7593	-0.1923
298	H	M	-0.0967	2.1432	-21.6320	-0.1270
298	H	N	-0.0204	2.1432	-5.3443	-0.1359
298	H	P	-0.1922	2.1432	-8.3442	-0.3408
298	H	Q	0.0109	2.1432	-6.7593	-0.0855
298	H	R	-0.0301	2.1432	-1.4374	-0.1747
298	H	S	-0.0196	2.1432	-5.3443	-0.1349
298	H	T	-0.1475	2.1432	-21.6320	-0.1936
298	H	V	-0.0665	2.1432	-7.3442	-0.1829
298	H	W	-0.1346	2.1432	-21.6320	-0.1767
298	H	Y	0.0043	2.1432	-7.3442	-0.0902
299	T	A	-0.0699	1.9780	-8.3397	-0.1608
299	T	C	-0.1735	1.9780	-21.6276	-0.2077
299	T	D	-0.2532	1.9780	-21.6276	-0.3121
299	T	E	-0.2286	1.9780	-21.6276	-0.2798
299	T	F	-0.2449	1.9780	-21.6276	-0.3012
299	T	G	-0.2112	1.9780	-21.6276	-0.2570
299	T	H	-0.2252	1.9780	-21.6276	-0.2754
299	T	I	-0.0769	1.9780	-4.6394	-0.1947
299	T	K	-0.1240	1.9780	-2.6674	-0.2696
299	T	L	-0.1294	1.9780	-4.7549	-0.2627
299	T	M	-0.0984	1.9780	-5.1699	-0.2194
299	T	N	-0.1136	1.9780	-6.0179	-0.2336
299	T	P	-0.2342	1.9780	-8.3397	-0.3759
299	T	Q	-0.2027	1.9780	-21.6276	-0.2460
299	T	R	-0.1318	1.9780	-3.6394	-0.2733
299	T	S	-0.0183	1.9780	-5.3398	-0.1133
299	T	V	-0.0782	1.9780	-7.3398	-0.1784
299	T	W	-0.2378	1.9780	-21.6276	-0.2919
299	T	Y	-0.2464	1.9780	-21.6276	-0.3031
300	S	A	-0.1838	0.2798	-8.3442	-0.1054
300	S	C	-0.2292	0.2798	-7.3442	-0.1715
300	S	D	-0.3503	0.2798	-21.6320	-0.2346
300	S	E	-0.2557	0.2798	-8.3442	-0.1995
300	S	F	-0.3297	0.2798	-21.6320	-0.2076
300	S	G	-0.1930	0.2798	-8.3442	-0.1174
300	S	H	-0.2631	0.2798	-8.3442	-0.2092
300	S	I	-0.3328	0.2798	-21.6320	-0.2117
300	S	K	-0.3402	0.2798	-21.6320	-0.2214
300	S	L	-0.3291	0.2798	-21.6320	-0.2068
300	S	M	-0.3001	0.2798	-21.6320	-0.1689
300	S	N	-0.1980	0.2798	-6.7593	-0.1346
300	S	P	-0.4051	0.2798	-21.6320	-0.3063
300	S	Q	-0.2936	0.2798	-21.6320	-0.1603
300	S	R	-0.2777	0.2798	-8.3442	-0.2283
300	S	T	-0.2423	0.2798	-21.6320	-0.0932
300	S	V	-0.3071	0.2798	-21.6320	-0.1780
300	S	W	-0.3394	0.2798	-21.6320	-0.2203
300	S	Y	-0.3345	0.2798	-21.6320	-0.2139
301	N	A	-0.2583	0.7331	-21.6276	-0.1688
301	N	C	-0.3082	0.7331	-21.6276	-0.2341
301	N	D	-0.1819	0.7331	-6.0179	-0.1730
301	N	E	-0.2887	0.7331	-21.6276	-0.2085
301	N	F	-0.2477	0.7331	-8.3397	-0.2436
301	N	G	-0.2891	0.7331	-21.6276	-0.2091
301	N	H	-0.1874	0.7331	-6.7548	-0.1753
301	N	I	-0.2408	0.7331	-8.3397	-0.2346
301	N	K	-0.1794	0.7331	-5.5325	-0.1730
301	N	L	-0.3150	0.7331	-21.6276	-0.2430
301	N	M	-0.2692	0.7331	-21.6276	-0.1830
301	N	P	-0.4239	0.7331	-21.6276	-0.3856
301	N	Q	-0.2523	0.7331	-21.6276	-0.1609
301	N	R	-0.2937	0.7331	-21.6276	-0.2151
301	N	S	-0.1461	0.7331	-5.5325	-0.1294
301	N	T	-0.1968	0.7331	-5.7549	-0.1943
301	N	V	-0.2290	0.7331	-7.3398	-0.2259
301	N	W	-0.3206	0.7331	-21.6276	-0.2503
301	N	Y	-0.2990	0.7331	-21.6276	-0.2221
302	F	A	-0.3299	1.2633	-21.6231	-0.3264
302	F	C	-0.2251	1.2633	-7.3353	-0.2847
302	F	D	-0.4529	1.2633	-21.6231	-0.4874
302	F	E	-0.4222	1.2633	-21.6231	-0.4473
302	F	G	-0.2975	1.2633	-8.3353	-0.3727
302	F	H	-0.3575	1.2633	-21.6231	-0.3625
302	F	I	-0.2060	1.2633	-8.3353	-0.2530
302	F	K	-0.4291	1.2633	-21.6231	-0.4563
302	F	L	-0.1630	1.2633	-7.3353	-0.2034
302	F	M	-0.2670	1.2633	-21.6231	-0.2440
302	F	N	-0.3825	1.2633	-21.6231	-0.3953
302	F	P	-0.4533	1.2633	-21.6231	-0.4879
302	F	Q	-0.3846	1.2633	-21.6231	-0.3980
302	F	R	-0.4305	1.2633	-21.6231	-0.4581
302	F	S	-0.2202	1.2633	-4.2479	-0.2989
302	F	T	-0.3552	1.2633	-21.6231	-0.3595
302	F	V	-0.1834	1.2633	-5.0135	-0.2456
302	F	W	-0.2534	1.2633	-21.6231	-0.2263
302	F	Y	-0.1250	1.2633	-2.6630	-0.1848
303	D	A	-0.2842	0.6665	-21.6276	-0.1947
303	D	C	-0.2579	0.6665	-8.3397	-0.2490
303	D	E	-0.1366	0.6665	-3.4819	-0.1226
303	D	F	-0.3844	0.6665	-21.6276	-0.3258
303	D	G	-0.2276	0.6665	-8.3397	-0.2093
303	D	H	-0.2258	0.6665	-8.3397	-0.2069
303	D	I	-0.3766	0.6665	-21.6276	-0.3156
303	D	K	-0.2872	0.6665	-8.3397	-0.2873
303	D	L	-0.3703	0.6665	-21.6276	-0.3073
303	D	M	-0.3090	0.6665	-21.6276	-0.2271
303	D	N	-0.1713	0.6665	-6.0179	-0.1511
303	D	P	-0.4212	0.6665	-21.6276	-0.3740
303	D	Q	-0.3112	0.6665	-21.6276	-0.2300
303	D	R	-0.3860	0.6665	-21.6276	-0.3279
303	D	S	-0.2907	0.6665	-21.6276	-0.2031
303	D	T	-0.3207	0.6665	-21.6276	-0.2424
303	D	V	-0.3313	0.6665	-21.6276	-0.2563
303	D	W	-0.3648	0.6665	-21.6276	-0.3002
303	D	Y	-0.3292	0.6665	-21.6276	-0.2536
304	R	A	-0.3535	0.5793	-21.6320	-0.2748
304	R	C	-0.2945	0.5793	-8.3442	-0.2864
304	R	D	-0.4445	0.5793	-21.6320	-0.3940
304	R	E	-0.3219	0.5793	-8.3442	-0.3223
304	R	F	-0.3856	0.5793	-21.6320	-0.3169
304	R	G	-0.3888	0.5793	-21.6320	-0.3211
304	R	H	-0.2503	0.5793	-7.3442	-0.2352
304	R	I	-0.3829	0.5793	-21.6320	-0.3133
304	R	K	-0.1759	0.5793	-8.3442	-0.1311
304	R	L	-0.2881	0.5793	-8.3442	-0.2780
304	R	M	-0.3218	0.5793	-21.6320	-0.2333
304	R	N	-0.3684	0.5793	-21.6320	-0.2943
304	R	P	-0.4955	0.5793	-21.6320	-0.4608
304	R	Q	-0.2421	0.5793	-4.7593	-0.2417
304	R	S	-0.2862	0.5793	-8.3442	-0.2755
304	R	T	-0.3584	0.5793	-21.6320	-0.2812
304	R	V	-0.3700	0.5793	-21.6320	-0.2964
304	R	W	-0.2891	0.5793	-5.5369	-0.2980
304	R	Y	-0.3749	0.5793	-21.6320	-0.3029
305	M	A	-0.2165	1.1872	-7.3442	-0.2641
305	M	C	-0.2949	1.1872	-21.6320	-0.2713
305	M	D	-0.4008	1.1872	-21.6320	-0.4100
305	M	E	-0.3181	1.1872	-7.3442	-0.3972
305	M	F	-0.2215	1.1872	-7.3442	-0.2707
305	M	G	-0.3703	1.1872	-21.6320	-0.3700
305	M	H	-0.3476	1.1872	-21.6320	-0.3404
305	M	I	-0.1286	1.1872	-6.3443	-0.1558
305	M	K	-0.2739	1.1872	-6.3443	-0.3460
305	M	L	-0.0940	1.1872	-6.0223	-0.1126
305	M	N	-0.3425	1.1872	-21.6320	-0.3336
305	M	P	-0.4603	1.1872	-21.6320	-0.4879
305	M	Q	-0.2616	1.1872	-7.3442	-0.3232
305	M	R	-0.2897	1.1872	-4.0964	-0.3817
305	M	S	-0.2427	1.1872	-6.3443	-0.3052
305	M	T	-0.1876	1.1872	-7.3442	-0.2263
305	M	V	-0.1533	1.1872	-4.8849	-0.1978
305	M	W	-0.3572	1.1872	-21.6320	-0.3529
305	M	Y	-0.3367	1.1872	-21.6320	-0.3261
306	I	A	-0.1979	1.5058	-4.6394	-0.2963
306	I	C	-0.2646	1.5058	-21.6276	-0.2701
306	I	D	-0.3409	1.5058	-8.3397	-0.4587
306	I	E	-0.3099	1.5058	-6.0179	-0.4337
306	I	F	-0.2456	1.5058	-21.6276	-0.2452
306	I	G	-0.3753	1.5058	-21.6276	-0.4150
306	I	H	-0.3752	1.5058	-21.6276	-0.4149
306	I	K	-0.2990	1.5058	-5.3398	-0.4239
306	I	L	-0.0969	1.5058	-7.3398	-0.1460
306	I	M	-0.0996	1.5058	-6.7548	-0.1534
306	I	N	-0.2386	1.5058	-5.3398	-0.3449
306	I	P	-0.3609	1.5058	-8.3397	-0.4849
306	I	Q	-0.2815	1.5058	-8.3397	-0.3810
306	I	R	-0.4089	1.5058	-21.6276	-0.4590
306	I	S	-0.2523	1.5058	-7.3398	-0.3494
306	I	T	-0.1553	1.5058	-4.6394	-0.2405
306	I	V	-0.0401	1.5058	-4.0179	-0.0938
306	I	W	-0.3345	1.5058	-21.6276	-0.3616
306	I	Y	-0.3434	1.5058	-21.6276	-0.3732
307	F	A	-0.3464	1.0844	-21.6276	-0.3264
307	F	C	-0.2467	1.0844	-8.3397	-0.2847
307	F	D	-0.4694	1.0844	-21.6276	-0.4874
307	F	E	-0.4387	1.0844	-21.6276	-0.4473
307	F	G	-0.3818	1.0844	-21.6276	-0.3727
307	F	H	-0.3062	1.0844	-8.3397	-0.3625
307	F	I	-0.2225	1.0844	-8.3397	-0.2530
307	F	K	-0.4456	1.0844	-21.6276	-0.4563
307	F	L	-0.2524	1.0844	-21.6276	-0.2034
307	F	M	-0.2834	1.0844	-21.6276	-0.2440
307	F	N	-0.3990	1.0844	-21.6276	-0.3953
307	F	P	-0.4697	1.0844	-21.6276	-0.4879
307	F	Q	-0.4011	1.0844	-21.6276	-0.3980
307	F	R	-0.4470	1.0844	-21.6276	-0.4581
307	F	S	-0.2576	1.0844	-8.3397	-0.2989
307	F	T	-0.3717	1.0844	-21.6276	-0.3595
307	F	V	-0.2847	1.0844	-21.6276	-0.2456
307	F	W	-0.2021	1.0844	-8.3397	-0.2263
307	F	Y	-0.1354	1.0844	-1.4695	-0.1848
308	Y	A	-0.3087	0.7866	-8.3397	-0.3300
308	Y	C	-0.2794	0.7866	-8.3397	-0.2916
308	Y	D	-0.3907	0.7866	-21.6276	-0.3486
308	Y	E	-0.4195	0.7866	-21.6276	-0.3862
308	Y	F	-0.1223	0.7866	-3.6394	-0.1173
308	Y	G	-0.4471	0.7866	-21.6276	-0.4224
308	Y	H	-0.2021	0.7866	-5.5325	-0.2092
308	Y	I	-0.3886	0.7866	-21.6276	-0.3458
308	Y	K	-0.4447	0.7866	-21.6276	-0.4193
308	Y	L	-0.2979	0.7866	-8.3397	-0.3158
308	Y	M	-0.3178	0.7866	-21.6276	-0.2531
308	Y	N	-0.3697	0.7866	-21.6276	-0.3211
308	Y	P	-0.5007	0.7866	-21.6276	-0.4926
308	Y	Q	-0.3943	0.7866	-21.6276	-0.3532
308	Y	R	-0.4401	0.7866	-21.6276	-0.4132
308	Y	S	-0.2991	0.7866	-5.5325	-0.3362
308	Y	T	-0.3999	0.7866	-21.6276	-0.3606
308	Y	V	-0.3781	0.7866	-21.6276	-0.3321
308	Y	W	-0.2941	0.7866	-21.6276	-0.2221
309	E	A	-0.1606	0.8806	-6.7548	-0.1580
309	E	C	-0.3059	0.8806	-21.6276	-0.2488
309	E	D	-0.1226	0.8806	-6.0179	-0.1131
309	E	F	-0.2835	0.8806	-21.6276	-0.2195
309	E	G	-0.2623	0.8806	-21.6276	-0.1917
309	E	H	-0.1951	0.8806	-6.0179	-0.2081
309	E	I	-0.2888	0.8806	-21.6276	-0.2265
309	E	K	-0.1737	0.8806	-5.0179	-0.1868
309	E	L	-0.2910	0.8806	-21.6276	-0.2293
309	E	M	-0.2398	0.8806	-21.6276	-0.1623
309	E	N	-0.1847	0.8806	-6.3398	-0.1923
309	E	P	-0.3257	0.8806	-8.3397	-0.3635
309	E	Q	-0.1280	0.8806	-5.7549	-0.1220
309	E	R	-0.2512	0.8806	-8.3397	-0.2660
309	E	S	-0.1719	0.8806	-6.3398	-0.1756
309	E	T	-0.2658	0.8806	-21.6276	-0.1964
309	E	V	-0.2497	0.8806	-21.6276	-0.1753
309	E	W	-0.2936	0.8806	-21.6276	-0.2327
309	E	Y	-0.2843	0.8806	-21.6276	-0.2206
310	M	A	-0.2934	1.1435	-21.6320	-0.2641
310	M	C	-0.2989	1.1435	-21.6320	-0.2713
310	M	D	-0.4048	1.1435	-21.6320	-0.4100
310	M	E	-0.3272	1.1435	-8.3442	-0.3972
310	M	F	-0.2306	1.1435	-8.3442	-0.2707
310	M	G	-0.3743	1.1435	-21.6320	-0.3700
310	M	H	-0.3517	1.1435	-21.6320	-0.3404
310	M	I	-0.1198	1.1435	-3.8207	-0.1558
310	M	K	-0.2830	1.1435	-7.3442	-0.3460
310	M	L	-0.0929	1.1435	-5.0224	-0.1126
310	M	N	-0.3465	1.1435	-21.6320	-0.3336
310	M	P	-0.3965	1.1435	-8.3442	-0.4879
310	M	Q	-0.3385	1.1435	-21.6320	-0.3232
310	M	R	-0.3154	1.1435	-8.3442	-0.3817
310	M	S	-0.3248	1.1435	-21.6320	-0.3052
310	M	T	-0.1773	1.1435	-4.5369	-0.2263
310	M	V	-0.1596	1.1435	-5.3443	-0.1978
310	M	W	-0.3612	1.1435	-21.6320	-0.3529
310	M	Y	-0.3407	1.1435	-21.6320	-0.3261
311	A	C	-0.2971	0.4386	-21.6320	-0.1841
311	A	D	-0.3789	0.4386	-21.6320	-0.2911
311	A	E	-0.3645	0.4386	-21.6320	-0.2723
311	A	F	-0.2794	0.4386	-8.3442	-0.2497
311	A	G	-0.2228	0.4386	-8.3442	-0.1756
311	A	H	-0.3514	0.4386	-21.6320	-0.2551
311	A	I	-0.2690	0.4386	-8.3442	-0.2360
311	A	K	-0.3692	0.4386	-21.6320	-0.2784
311	A	L	-0.2737	0.4386	-8.3442	-0.2422
311	A	M	-0.3003	0.4386	-21.6320	-0.1882
311	A	N	-0.3492	0.4386	-21.6320	-0.2523
311	A	P	-0.3508	0.4386	-8.3442	-0.3431
311	A	Q	-0.2789	0.4386	-8.3442	-0.2490
311	A	R	-0.3799	0.4386	-21.6320	-0.2924
311	A	S	-0.1822	0.4386	-6.0223	-0.1379
311	A	T	-0.2000	0.4386	-8.3442	-0.1457
311	A	V	-0.1852	0.4386	-6.0223	-0.1418
311	A	W	-0.3582	0.4386	-21.6320	-0.2640
311	A	Y	-0.3664	0.4386	-21.6320	-0.2748
312	E	A	-0.0205	2.1987	-3.0677	-0.1580
312	E	C	-0.1847	2.1987	-21.6409	-0.2488
312	E	D	0.0000	2.1987	-5.7682	-0.1131
312	E	F	-0.1623	2.1987	-21.6409	-0.2195
312	E	G	-0.0482	2.1987	-3.4463	-0.1917
312	E	H	-0.1536	2.1987	-21.6409	-0.2081
312	E	I	-0.1676	2.1987	-21.6409	-0.2265
312	E	K	-0.0400	2.1987	-2.5718	-0.1868
312	E	L	-0.1698	2.1987	-21.6409	-0.2293
312	E	M	-0.0457	2.1987	-7.3531	-0.1623
312	E	N	-0.0737	2.1987	-8.3530	-0.1923
312	E	P	-0.2045	2.1987	-8.3530	-0.3635
312	E	Q	-0.0006	2.1987	-4.5458	-0.1220
312	E	R	-0.1157	2.1987	-5.5458	-0.2660
312	E	S	-0.0609	2.1987	-8.3530	-0.1756
312	E	T	-0.0768	2.1987	-8.3530	-0.1964
312	E	V	-0.0607	2.1987	-8.3530	-0.1753
312	E	W	-0.1724	2.1987	-21.6409	-0.2327
312	E	Y	-0.1631	2.1987	-21.6409	-0.2206
313	R	A	-0.2881	1.2905	-21.6497	-0.2748
313	R	C	-0.2970	1.2905	-21.6497	-0.2864
313	R	D	-0.3114	1.2905	-8.3618	-0.3940
313	R	E	-0.2434	1.2905	-5.7770	-0.3223
313	R	F	-0.2234	1.2905	-2.6615	-0.3169
313	R	G	-0.3235	1.2905	-21.6497	-0.3211
313	R	H	-0.2579	1.2905	-21.6497	-0.2352
313	R	I	-0.3175	1.2905	-21.6497	-0.3133
313	R	K	-0.0700	1.2905	-0.4253	-0.1311
313	R	L	-0.2906	1.2905	-21.6497	-0.2780
313	R	M	-0.1805	1.2905	-6.7769	-0.2333
313	R	N	-0.2271	1.2905	-6.7769	-0.2943
313	R	P	-0.4302	1.2905	-21.6497	-0.4608
313	R	Q	-0.1950	1.2905	-8.3618	-0.2417
313	R	S	-0.2887	1.2905	-21.6497	-0.2755
313	R	T	-0.2201	1.2905	-7.3619	-0.2812
313	R	V	-0.3046	1.2905	-21.6497	-0.2964
313	R	W	-0.2380	1.2905	-8.3618	-0.2980
313	R	Y	-0.3096	1.2905	-21.6497	-0.3029
314	F	A	-0.3558	0.9832	-21.6453	-0.3264
314	F	C	-0.2561	0.9832	-8.3574	-0.2847
314	F	D	-0.4788	0.9832	-21.6453	-0.4874
314	F	E	-0.4481	0.9832	-21.6453	-0.4473
314	F	G	-0.3912	0.9832	-21.6453	-0.3727
314	F	H	-0.3834	0.9832	-21.6453	-0.3625
314	F	I	-0.2997	0.9832	-21.6453	-0.2530
314	F	K	-0.3791	0.9832	-6.7726	-0.4563
314	F	L	-0.1940	0.9832	-8.3574	-0.2034
314	F	M	-0.1957	0.9832	-2.6027	-0.2440
314	F	N	-0.4084	0.9832	-21.6453	-0.3953
314	F	P	-0.4791	0.9832	-21.6453	-0.4879
314	F	Q	-0.4105	0.9832	-21.6453	-0.3980
314	F	R	-0.3886	0.9832	-8.3574	-0.4581
314	F	S	-0.2670	0.9832	-8.3574	-0.2989
314	F	T	-0.3133	0.9832	-8.3574	-0.3595
314	F	V	-0.2263	0.9832	-8.3574	-0.2456
314	F	W	-0.2793	0.9832	-21.6453	-0.2263
314	F	Y	-0.1696	0.9832	-6.3575	-0.1848
315	M	A	-0.1202	2.2902	-8.3792	-0.2641
315	M	C	-0.1936	2.2902	-21.6671	-0.2713
315	M	D	-0.2317	2.2902	-8.3792	-0.4100
315	M	E	-0.1920	2.2902	-2.5214	-0.3972
315	M	F	-0.1253	2.2902	-8.3792	-0.2707
315	M	G	-0.2011	2.2902	-8.3792	-0.3700
315	M	H	-0.2463	2.2902	-21.6671	-0.3404
315	M	I	-0.0324	2.2902	-7.3793	-0.1558
315	M	K	-0.1619	2.2902	-4.2919	-0.3460
315	M	L	0.0273	2.2902	-2.1506	-0.1126
315	M	N	-0.2411	2.2902	-21.6671	-0.3336
315	M	P	-0.2912	2.2902	-8.3792	-0.4879
315	M	Q	-0.2332	2.2902	-21.6671	-0.3232
315	M	R	-0.2101	2.2902	-8.3792	-0.3817
315	M	S	-0.1516	2.2902	-8.3792	-0.3052
315	M	T	-0.0680	2.2902	-3.7944	-0.2263
315	M	V	-0.0543	2.2902	-5.3794	-0.1978
315	M	W	-0.2559	2.2902	-21.6671	-0.3529
315	M	Y	-0.2354	2.2902	-21.6671	-0.3261
316	E	A	-0.1509	1.0212	-7.3836	-0.1580
316	E	C	-0.2932	1.0212	-21.6714	-0.2488
316	E	D	-0.1217	1.0212	-8.3836	-0.1131
316	E	F	-0.1729	1.0212	-2.5011	-0.2195
316	E	G	-0.1817	1.0212	-8.3836	-0.1917
316	E	H	-0.1892	1.0212	-7.3836	-0.2081
316	E	I	-0.2761	1.0212	-21.6714	-0.2265
316	E	K	-0.2458	1.0212	-21.6714	-0.1868
316	E	L	-0.2783	1.0212	-21.6714	-0.2293
316	E	M	-0.1593	1.0212	-8.3836	-0.1623
316	E	N	-0.2500	1.0212	-21.6714	-0.1923
316	E	P	-0.3808	1.0212	-21.6714	-0.3635
316	E	Q	-0.1183	1.0212	-6.3837	-0.1220
316	E	R	-0.2304	1.0212	-6.7987	-0.2660
316	E	S	-0.2372	1.0212	-21.6714	-0.1756
316	E	T	-0.2531	1.0212	-21.6714	-0.1964
316	E	V	-0.2370	1.0212	-21.6714	-0.1753
316	E	W	-0.2809	1.0212	-21.6714	-0.2327
316	E	Y	-0.2716	1.0212	-21.6714	-0.2206
317	F	A	-0.3368	1.1903	-21.6671	-0.3264
317	F	C	-0.2372	1.1903	-8.3792	-0.2847
317	F	D	-0.4598	1.1903	-21.6671	-0.4874
317	F	E	-0.3311	1.1903	-2.4486	-0.4473
317	F	G	-0.3722	1.1903	-21.6671	-0.3727
317	F	H	-0.3644	1.1903	-21.6671	-0.3625
317	F	I	-0.2049	1.1903	-6.7944	-0.2530
317	F	K	-0.3683	1.1903	-8.3792	-0.4563
317	F	L	-0.1608	1.1903	-5.5720	-0.2034
317	F	M	-0.1942	1.1903	-6.0574	-0.2440
317	F	N	-0.3895	1.1903	-21.6671	-0.3953
317	F	P	-0.4602	1.1903	-21.6671	-0.4879
317	F	Q	-0.3915	1.1903	-21.6671	-0.3980
317	F	R	-0.4374	1.1903	-21.6671	-0.4581
317	F	S	-0.2480	1.1903	-8.3792	-0.2989
317	F	T	-0.2943	1.1903	-8.3792	-0.3595
317	F	V	-0.2751	1.1903	-21.6671	-0.2456
317	F	W	-0.2604	1.1903	-21.6671	-0.2263
317	F	Y	-0.1528	1.1903	-6.7944	-0.1848
318	E	A	-0.1080	1.2468	-3.0575	-0.1580
318	E	C	-0.2724	1.2468	-21.6671	-0.2488
318	E	D	-0.1009	1.2468	-8.3792	-0.1131
318	E	F	-0.1822	1.2468	-8.3792	-0.2195
318	E	G	-0.2288	1.2468	-21.6671	-0.1917
318	E	H	-0.1684	1.2468	-7.3793	-0.2081
318	E	I	-0.1875	1.2468	-8.3792	-0.2265
318	E	K	-0.1572	1.2468	-8.3792	-0.1868
318	E	L	-0.1765	1.2468	-5.7944	-0.2293
318	E	M	-0.1242	1.2468	-5.5720	-0.1623
318	E	N	-0.2292	1.2468	-21.6671	-0.1923
318	E	P	-0.3600	1.2468	-21.6671	-0.3635
318	E	Q	-0.0996	1.2468	-6.7944	-0.1220
318	E	R	-0.2855	1.2468	-21.6671	-0.2660
318	E	S	-0.1368	1.2468	-6.0574	-0.1756
318	E	T	-0.1594	1.2468	-7.3793	-0.1964
318	E	V	-0.1433	1.2468	-7.3793	-0.1753
318	E	W	-0.2601	1.2468	-21.6671	-0.2327
318	E	Y	-0.2508	1.2468	-21.6671	-0.2206
319	A	C	-0.1190	1.5839	-7.3750	-0.1841
319	A	D	-0.2058	1.5839	-8.3749	-0.2911
319	A	E	-0.1606	1.5839	-2.3307	-0.2723
319	A	F	-0.2420	1.5839	-21.6628	-0.2497
319	A	G	-0.1854	1.5839	-21.6628	-0.1756
319	A	H	-0.2461	1.5839	-21.6628	-0.2551
319	A	I	-0.1519	1.5839	-6.0531	-0.2360
319	A	K	-0.1880	1.5839	-6.7900	-0.2784
319	A	L	-0.1634	1.5839	-7.3750	-0.2422
319	A	M	-0.1191	1.5839	-6.7900	-0.1882
319	A	N	-0.1762	1.5839	-8.3749	-0.2523
319	A	P	-0.3134	1.5839	-21.6628	-0.3431
319	A	Q	-0.1686	1.5839	-7.3750	-0.2490
319	A	R	-0.2746	1.5839	-21.6628	-0.2924
319	A	S	-0.0770	1.5839	-6.0531	-0.1379
319	A	T	-0.0829	1.5839	-6.0531	-0.1457
319	A	V	-0.0741	1.5839	-4.9156	-0.1418
319	A	W	-0.2529	1.5839	-21.6628	-0.2640
319	A	Y	-0.2612	1.5839	-21.6628	-0.2748
320	E	A	-0.1629	0.7544	-4.9199	-0.1580
320	E	C	-0.3177	0.7544	-21.6671	-0.2488
320	E	D	-0.1462	0.7544	-8.3792	-0.1131
320	E	F	-0.2953	0.7544	-21.6671	-0.2195
320	E	G	-0.2063	0.7544	-8.3792	-0.1917
320	E	H	-0.2866	0.7544	-21.6671	-0.2081
320	E	I	-0.2328	0.7544	-8.3792	-0.2265
320	E	K	-0.1944	0.7544	-6.7944	-0.1868
320	E	L	-0.3028	0.7544	-21.6671	-0.2293
320	E	M	-0.1838	0.7544	-8.3792	-0.1623
320	E	N	-0.2745	0.7544	-21.6671	-0.1923
320	E	P	-0.3324	0.7544	-7.3793	-0.3635
320	E	Q	-0.1428	0.7544	-6.3794	-0.1220
320	E	R	-0.2579	0.7544	-7.3793	-0.2660
320	E	S	-0.1889	0.7544	-7.3793	-0.1756
320	E	T	-0.2047	0.7544	-7.3793	-0.1964
320	E	V	-0.2615	0.7544	-21.6671	-0.1753
320	E	W	-0.2325	0.7544	-7.3793	-0.2327
320	E	Y	-0.2961	0.7544	-21.6671	-0.2206
321	E	A	-0.2731	0.4853	-21.6671	-0.1580
321	E	C	-0.3424	0.4853	-21.6671	-0.2488
321	E	D	-0.1591	0.4853	-6.0574	-0.1131
321	E	F	-0.3201	0.4853	-21.6671	-0.2195
321	E	G	-0.2988	0.4853	-21.6671	-0.1917
321	E	H	-0.3113	0.4853	-21.6671	-0.2081
321	E	I	-0.3254	0.4853	-21.6671	-0.2265
321	E	K	-0.2154	0.4853	-6.0574	-0.1868
321	E	L	-0.2597	0.4853	-8.3792	-0.2293
321	E	M	-0.2035	0.4853	-7.3793	-0.1623
321	E	N	-0.2993	0.4853	-21.6671	-0.1923
321	E	P	-0.4300	0.4853	-21.6671	-0.3635
321	E	Q	-0.1697	0.4853	-6.7944	-0.1220
321	E	R	-0.2827	0.4853	-7.3793	-0.2660
321	E	S	-0.2136	0.4853	-7.3793	-0.1756
321	E	T	-0.3024	0.4853	-21.6671	-0.1964
321	E	V	-0.2863	0.4853	-21.6671	-0.1753
321	E	W	-0.3301	0.4853	-21.6671	-0.2327
321	E	Y	-0.3209	0.4853	-21.6671	-0.2206
322	M	A	-0.1399	1.9450	-6.0090	-0.2641
322	M	C	-0.2251	1.9450	-21.6186	-0.2713
322	M	D	-0.3310	1.9450	-21.6186	-0.4100
322	M	E	-0.2259	1.9450	-2.9386	-0.3972
322	M	F	-0.2246	1.9450	-21.6186	-0.2707
322	M	G	-0.3005	1.9450	-21.6186	-0.3700
322	M	H	-0.2100	1.9450	-8.3308	-0.3404
322	M	I	-0.0529	1.9450	-5.1610	-0.1558
322	M	K	-0.2062	1.9450	-6.7459	-0.3460
322	M	L	-0.0097	1.9450	-3.1610	-0.1126
322	M	N	-0.2727	1.9450	-21.6186	-0.3336
322	M	P	-0.3905	1.9450	-21.6186	-0.4879
322	M	Q	-0.1918	1.9450	-7.3309	-0.3232
322	M	R	-0.2284	1.9450	-5.7459	-0.3817
322	M	S	-0.1832	1.9450	-8.3308	-0.3052
322	M	T	-0.1076	1.9450	-5.3309	-0.2263
322	M	V	-0.0849	1.9450	-5.1610	-0.1978
322	M	W	-0.2874	1.9450	-21.6186	-0.3529
322	M	Y	-0.2669	1.9450	-21.6186	-0.3261
323	Q	A	-0.1763	1.3098	-21.6320	-0.1308
323	Q	C	-0.2225	1.3098	-21.6320	-0.1913
323	Q	D	-0.2628	1.3098	-21.6320	-0.2441
323	Q	E	-0.0868	1.3098	-3.0964	-0.1375
323	Q	F	-0.2305	1.3098	-21.6320	-0.2018
323	Q	G	-0.2469	1.3098	-21.6320	-0.2233
323	Q	H	-0.1044	1.3098	-7.3442	-0.1322
323	Q	I	-0.1389	1.3098	-7.3442	-0.1774
323	Q	K	-0.1335	1.3098	-6.7593	-0.1742
323	Q	L	-0.1156	1.3098	-6.0223	-0.1556
323	Q	M	-0.0822	1.3098	-5.1744	-0.1176
323	Q	N	-0.1241	1.3098	-8.3442	-0.1513
323	Q	P	-0.3499	1.3098	-21.6320	-0.3581
323	Q	R	-0.1258	1.3098	-5.5369	-0.1723
323	Q	S	-0.1269	1.3098	-8.3442	-0.1549
323	Q	T	-0.1266	1.3098	-6.3443	-0.1679
323	Q	V	-0.2119	1.3098	-21.6320	-0.1775
323	Q	W	-0.1621	1.3098	-8.3442	-0.2010
323	Q	Y	-0.2328	1.3098	-21.6320	-0.2048
324	I	A	-0.1463	2.2722	-8.3486	-0.2963
324	I	C	-0.1161	2.2722	-6.3487	-0.2701
324	I	D	-0.2602	2.2722	-6.3487	-0.4587
324	I	E	-0.2360	2.2722	-5.3487	-0.4337
324	I	F	-0.0874	2.2722	-4.4418	-0.2452
324	I	G	-0.2370	2.2722	-8.3486	-0.4150
324	I	H	-0.2237	2.2722	-5.7638	-0.4149
324	I	K	-0.2357	2.2722	-6.7637	-0.4239
324	I	L	-0.0132	2.2722	-4.7638	-0.1460
324	I	M	-0.0122	2.2722	-3.4418	-0.1534
324	I	N	-0.1658	2.2722	-4.8893	-0.3449
324	I	P	-0.2802	2.2722	-6.3487	-0.4849
324	I	Q	-0.1992	2.2722	-6.0268	-0.3810
324	I	R	-0.2706	2.2722	-8.3486	-0.4590
324	I	S	-0.1788	2.2722	-6.7637	-0.3494
324	I	T	-0.0905	2.2722	-5.7638	-0.2405
324	I	V	0.0227	2.2722	-5.5414	-0.0938
324	I	W	-0.2640	2.2722	-21.6364	-0.3616
324	I	Y	-0.2729	2.2722	-21.6364	-0.3732
325	Q	A	-0.1552	1.5387	-21.6364	-0.1308
325	Q	C	-0.2014	1.5387	-21.6364	-0.1913
325	Q	D	-0.1608	1.5387	-5.7638	-0.2441
325	Q	E	-0.0705	1.5387	-4.0268	-0.1375
325	Q	F	-0.2095	1.5387	-21.6364	-0.2018
325	Q	G	-0.1500	1.5387	-6.7637	-0.2233
325	Q	H	-0.0766	1.5387	-6.0268	-0.1322
325	Q	I	-0.1908	1.5387	-21.6364	-0.1774
325	Q	K	-0.1884	1.5387	-21.6364	-0.1742
325	Q	L	-0.1064	1.5387	-8.3486	-0.1556
325	Q	M	-0.0655	1.5387	-6.0268	-0.1176
325	Q	N	-0.0912	1.5387	-6.0268	-0.1513
325	Q	P	-0.2441	1.5387	-5.0268	-0.3581
325	Q	R	-0.1008	1.5387	-4.7638	-0.1723
325	Q	S	-0.0926	1.5387	-5.7638	-0.1549
325	Q	T	-0.1158	1.5387	-8.3486	-0.1679
325	Q	V	-0.1909	1.5387	-21.6364	-0.1775
325	Q	W	-0.1329	1.5387	-6.7637	-0.2010
325	Q	Y	-0.2117	1.5387	-21.6364	-0.2048
326	N	A	-0.0588	2.1098	-7.3487	-0.1688
326	N	C	-0.1816	2.1098	-21.6364	-0.2341
326	N	D	-0.1349	2.1098	-21.6364	-0.1730
326	N	E	-0.1620	2.1098	-21.6364	-0.2085
326	N	F	-0.1888	2.1098	-21.6364	-0.2436
326	N	G	-0.0866	2.1098	-6.7637	-0.2091
326	N	H	-0.0587	2.1098	-6.3487	-0.1753
326	N	I	-0.1820	2.1098	-21.6364	-0.2346
326	N	K	-0.0300	2.1098	-1.0726	-0.1730
326	N	L	-0.1884	2.1098	-21.6364	-0.2430
326	N	M	-0.0527	2.1098	-4.0268	-0.1830
326	N	P	-0.2214	2.1098	-6.7637	-0.3856
326	N	Q	-0.0348	2.1098	-3.8252	-0.1609
326	N	R	-0.0789	2.1098	-4.3487	-0.2151
326	N	S	-0.0236	2.1098	-6.3487	-0.1294
326	N	T	-0.1512	2.1098	-21.6364	-0.1943
326	N	V	-0.1075	2.1098	-8.3486	-0.2259
326	N	W	-0.1940	2.1098	-21.6364	-0.2503
326	N	Y	-0.1724	2.1098	-21.6364	-0.2221
327	T	A	0.0235	2.6957	-2.9823	-0.1608
327	T	C	-0.1075	2.6957	-21.6276	-0.2077
327	T	D	-0.1872	2.6957	-21.6276	-0.3121
327	T	E	-0.0896	2.6957	-7.3398	-0.2798
327	T	F	-0.1030	2.6957	-6.7548	-0.3012
327	T	G	-0.0722	2.6957	-7.3398	-0.2570
327	T	H	-0.1592	2.6957	-21.6276	-0.2754
327	T	I	-0.0975	2.6957	-21.6276	-0.1947
327	T	K	-0.0751	2.6957	-6.0179	-0.2696
327	T	L	-0.0471	2.6957	-1.5717	-0.2627
327	T	M	-0.0309	2.6957	-4.8804	-0.2194
327	T	N	-0.0594	2.6957	-8.3397	-0.2336
327	T	P	-0.1600	2.6957	-6.7548	-0.3759
327	T	Q	-0.1367	2.6957	-21.6276	-0.2460
327	T	R	-0.0817	2.6957	-6.7548	-0.2733
327	T	S	0.0645	2.6957	-2.0545	-0.1133
327	T	V	0.0036	2.6957	-4.2524	-0.1784
327	T	W	-0.0887	2.6957	-5.3398	-0.2919
327	T	Y	-0.1803	2.6957	-21.6276	-0.3031
328	Q	A	-0.0886	1.4376	-6.7548	-0.1308
328	Q	C	-0.2107	1.4376	-21.6276	-0.1913
328	Q	D	-0.2510	1.4376	-21.6276	-0.2441
328	Q	E	-0.0781	1.4376	-3.6960	-0.1375
328	Q	F	-0.2187	1.4376	-21.6276	-0.2018
328	Q	G	-0.2351	1.4376	-21.6276	-0.2233
328	Q	H	-0.0977	1.4376	-8.3397	-0.1322
328	Q	I	-0.2001	1.4376	-21.6276	-0.1774
328	Q	K	-0.1099	1.4376	-4.4330	-0.1742
328	Q	L	-0.1105	1.4376	-7.3398	-0.1556
328	Q	M	-0.0815	1.4376	-7.3398	-0.1176
328	Q	N	-0.1123	1.4376	-8.3397	-0.1513
328	Q	P	-0.2601	1.4376	-6.3398	-0.3581
328	Q	R	-0.1095	1.4376	-4.6394	-0.1723
328	Q	S	-0.1070	1.4376	-6.7548	-0.1549
328	Q	T	-0.1199	1.4376	-7.3398	-0.1679
328	Q	V	-0.1221	1.4376	-6.3398	-0.1775
328	Q	W	-0.2181	1.4376	-21.6276	-0.2010
328	Q	Y	-0.2210	1.4376	-21.6276	-0.2048
329	L	A	-0.2218	2.1143	-21.6231	-0.2874
329	L	C	-0.1279	2.1143	-5.3354	-0.2733
329	L	D	-0.3433	2.1143	-21.6231	-0.4465
329	L	E	-0.2232	2.1143	-4.3354	-0.4047
329	L	F	-0.1553	2.1143	-21.6231	-0.2003
329	L	G	-0.2967	2.1143	-21.6231	-0.3854
329	L	H	-0.2642	2.1143	-21.6231	-0.3429
329	L	I	-0.0200	2.1143	-6.7504	-0.1226
329	L	K	-0.3104	2.1143	-21.6231	-0.4034
329	L	M	-0.0371	2.1143	-5.5280	-0.1531
329	L	N	-0.2896	2.1143	-21.6231	-0.3762
329	L	P	-0.2374	2.1143	-8.3353	-0.3966
329	L	Q	-0.1527	2.1143	-4.0135	-0.3146
329	L	R	-0.2291	2.1143	-7.3353	-0.3924
329	L	S	-0.1763	2.1143	-6.7504	-0.3272
329	L	T	-0.2249	2.1143	-21.6231	-0.2915
329	L	V	-0.0482	2.1143	-5.1655	-0.1701
329	L	W	-0.1512	2.1143	-1.3929	-0.3301
329	L	Y	-0.2473	2.1143	-21.6231	-0.3208
330	M	A	-0.1349	2.1287	-8.3353	-0.2641
330	M	C	-0.2082	2.1287	-21.6231	-0.2713
330	M	D	-0.3141	2.1287	-21.6231	-0.4100
330	M	E	-0.3043	2.1287	-21.6231	-0.3972
330	M	F	-0.2077	2.1287	-21.6231	-0.2707
330	M	G	-0.2107	2.1287	-7.3353	-0.3700
330	M	H	-0.2610	2.1287	-21.6231	-0.3404
330	M	I	-0.0360	2.1287	-5.1655	-0.1558
330	M	K	-0.1747	2.1287	-3.8760	-0.3460
330	M	L	0.0056	2.1287	-3.4774	-0.1126
330	M	N	-0.2558	2.1287	-21.6231	-0.3336
330	M	P	-0.3058	2.1287	-8.3353	-0.4879
330	M	Q	-0.1800	2.1287	-8.3353	-0.3232
330	M	R	-0.2019	2.1287	-3.8760	-0.3817
330	M	S	-0.1582	2.1287	-6.7504	-0.3052
330	M	T	-0.0826	2.1287	-3.7504	-0.2263
330	M	V	-0.0630	2.1287	-4.1655	-0.1978
330	M	W	-0.2705	2.1287	-21.6231	-0.3529
330	M	Y	-0.2500	2.1287	-21.6231	-0.3261
331	N	A	-0.0177	2.5235	-6.7548	-0.1688
331	N	C	-0.0757	2.5235	-8.3397	-0.2341
331	N	D	-0.0290	2.5235	-8.3397	-0.1730
331	N	E	-0.0443	2.5235	-6.0179	-0.2085
331	N	F	-0.1507	2.5235	-21.6276	-0.2436
331	N	G	-0.0389	2.5235	-4.8804	-0.2091
331	N	H	-0.0256	2.5235	-7.3398	-0.1753
331	N	I	-0.0709	2.5235	-7.3398	-0.2346
331	N	K	0.0072	2.5235	-1.2418	-0.1730
331	N	L	-0.0825	2.5235	-8.3397	-0.2430
331	N	M	-0.0197	2.5235	-5.0179	-0.1830
331	N	P	-0.2592	2.5235	-21.6276	-0.3856
331	N	Q	0.0040	2.5235	-3.6960	-0.1609
331	N	R	-0.0395	2.5235	-4.0919	-0.2151
331	N	S	0.0256	2.5235	-4.1699	-0.1294
331	N	T	-0.0334	2.5235	-6.0179	-0.1943
331	N	V	-0.1372	2.5235	-21.6276	-0.2259
331	N	W	-0.1558	2.5235	-21.6276	-0.2503
331	N	Y	-0.1343	2.5235	-21.6276	-0.2221
332	G	A	-0.1011	2.0735	-4.2479	-0.2405
332	G	C	-0.1608	2.0735	-4.2479	-0.3187
332	G	D	-0.2500	2.0735	-21.6231	-0.3194
332	G	E	-0.1621	2.0735	-4.5280	-0.3185
332	G	F	-0.2876	2.0735	-21.6231	-0.3686
332	G	H	-0.2623	2.0735	-21.6231	-0.3355
332	G	I	-0.3333	2.0735	-21.6231	-0.4284
332	G	K	-0.2822	2.0735	-21.6231	-0.3616
332	G	L	-0.2256	2.0735	-6.7504	-0.3868
332	G	M	-0.2397	2.0735	-21.6231	-0.3059
332	G	N	-0.1682	2.0735	-5.5280	-0.3198
332	G	P	-0.2796	2.0735	-8.3353	-0.4469
332	G	Q	-0.1803	2.0735	-7.3353	-0.3236
332	G	R	-0.1785	2.0735	-4.4285	-0.3407
332	G	S	-0.1109	2.0735	-5.0135	-0.2482
332	G	T	-0.2047	2.0735	-8.3353	-0.3489
332	G	V	-0.1856	2.0735	-3.8118	-0.3541
332	G	W	-0.2064	2.0735	-5.7504	-0.3683
332	G	Y	-0.2880	2.0735	-21.6231	-0.3691
333	S	A	0.0815	2.8388	-2.4952	-0.1054
333	S	C	0.0092	2.8388	-6.7681	-0.1715
333	S	D	-0.0420	2.8388	-7.3531	-0.2346
333	S	E	-0.0152	2.8388	-7.3531	-0.1995
333	S	F	-0.0052	2.8388	-4.1832	-0.2076
333	S	G	-0.0254	2.8388	-21.6409	-0.1174
333	S	H	-0.0955	2.8388	-21.6409	-0.2092
333	S	I	-0.0164	2.8388	-5.7682	-0.2117
333	S	K	-0.0268	2.8388	-6.3531	-0.2214
333	S	L	-0.0076	2.8388	-4.7682	-0.2068
333	S	M	-0.0647	2.8388	-21.6409	-0.1689
333	S	N	-0.0385	2.8388	-21.6409	-0.1346
333	S	P	-0.0709	2.8388	-2.2871	-0.3063
333	S	Q	0.0148	2.8388	-7.3531	-0.1603
333	S	R	-0.0423	2.8388	-8.3530	-0.2283
333	S	T	0.0813	2.8388	-4.3531	-0.0932
333	S	V	0.0212	2.8388	-3.4463	-0.1780
333	S	W	-0.1040	2.8388	-21.6409	-0.2203
333	S	Y	-0.0232	2.8388	-6.7681	-0.2139
334	Q	A	-0.0917	1.4046	-6.7637	-0.1308
334	Q	C	-0.2138	1.4046	-21.6364	-0.1913
334	Q	D	-0.2541	1.4046	-21.6364	-0.2441
334	Q	E	-0.0968	1.4046	-6.7637	-0.1375
334	Q	F	-0.1489	1.4046	-7.3487	-0.2018
334	Q	G	-0.2382	1.4046	-21.6364	-0.2233
334	Q	H	-0.0876	1.4046	-5.7638	-0.1322
334	Q	I	-0.1192	1.4046	-5.1788	-0.1774
334	Q	K	-0.2007	1.4046	-21.6364	-0.1742
334	Q	L	-0.1069	1.4046	-6.0268	-0.1556
334	Q	M	-0.1575	1.4046	-21.6364	-0.1176
334	Q	N	-0.1154	1.4046	-8.3486	-0.1513
334	Q	P	-0.2500	1.4046	-3.7638	-0.3581
334	Q	R	-0.1315	1.4046	-8.3486	-0.1723
334	Q	S	-0.1131	1.4046	-7.3487	-0.1549
334	Q	T	-0.1179	1.4046	-6.3487	-0.1679
334	Q	V	-0.1178	1.4046	-4.8893	-0.1775
334	Q	W	-0.2212	1.4046	-21.6364	-0.2010
334	Q	Y	-0.2241	1.4046	-21.6364	-0.2048
335	G	A	-0.0828	2.4430	-7.3353	-0.2405
335	G	C	-0.1145	2.4430	-1.8276	-0.3187
335	G	D	-0.1273	2.4430	-4.2479	-0.3194
335	G	E	-0.2153	2.4430	-21.6231	-0.3185
335	G	F	-0.1715	2.4430	-5.5280	-0.3686
335	G	H	-0.1452	2.4430	-5.3354	-0.3355
335	G	I	-0.2315	2.4430	-8.3353	-0.4284
335	G	K	-0.1672	2.4430	-5.7504	-0.3616
335	G	L	-0.2675	2.4430	-21.6231	-0.3868
335	G	M	-0.2057	2.4430	-21.6231	-0.3059
335	G	N	-0.1485	2.4430	-8.3353	-0.3198
335	G	P	-0.2456	2.4430	-8.3353	-0.4469
335	G	Q	-0.1371	2.4430	-5.5280	-0.3236
335	G	R	-0.1645	2.4430	-8.3353	-0.3407
335	G	S	-0.0704	2.4430	-3.7504	-0.2482
335	G	T	-0.1546	2.4430	-5.1655	-0.3489
335	G	V	-0.1747	2.4430	-8.3353	-0.3541
335	G	W	-0.2534	2.4430	-21.6231	-0.3683
335	G	Y	-0.1730	2.4430	-5.7504	-0.3691
336	L	A	-0.1463	2.0693	-6.0179	-0.2874
336	L	C	-0.1257	2.0693	-4.0919	-0.2733
336	L	D	-0.3475	2.0693	-21.6276	-0.4465
336	L	E	-0.2478	2.0693	-8.3397	-0.4047
336	L	F	-0.0865	2.0693	-7.3398	-0.2003
336	L	G	-0.2330	2.0693	-8.3397	-0.3854
336	L	H	-0.1925	2.0693	-6.7548	-0.3429
336	L	I	-0.1001	2.0693	-21.6276	-0.1226
336	L	K	-0.2366	2.0693	-6.3398	-0.4034
336	L	M	-0.0437	2.0693	-6.0179	-0.1531
336	L	N	-0.2938	2.0693	-21.6276	-0.3762
336	L	P	-0.2176	2.0693	-3.6394	-0.3966
336	L	Q	-0.1518	2.0693	-3.0179	-0.3146
336	L	R	-0.2303	2.0693	-6.7548	-0.3924
336	L	S	-0.1805	2.0693	-6.7548	-0.3272
336	L	T	-0.2291	2.0693	-21.6276	-0.2915
336	L	V	-0.0524	2.0693	-5.1699	-0.1701
336	L	W	-0.2586	2.0693	-21.6276	-0.3301
336	L	Y	-0.1786	2.0693	-7.3398	-0.3208
337	S	A	-0.0496	1.6265	-6.3309	-0.1054
337	S	C	-0.1103	1.6265	-8.3308	-0.1715
337	S	D	-0.2263	1.6265	-21.6186	-0.2346
337	S	E	-0.1995	1.6265	-21.6186	-0.1995
337	S	F	-0.2057	1.6265	-21.6186	-0.2076
337	S	G	-0.1368	1.6265	-21.6186	-0.1174
337	S	H	-0.1289	1.6265	-6.3309	-0.2092
337	S	I	-0.2088	1.6265	-21.6186	-0.2117
337	S	K	-0.2163	1.6265	-21.6186	-0.2214
337	S	L	-0.1179	1.6265	-4.5236	-0.2068
337	S	M	-0.1762	1.6265	-21.6186	-0.1689
337	S	N	-0.1500	1.6265	-21.6186	-0.1346
337	S	P	-0.1734	1.6265	-0.5171	-0.3063
337	S	Q	-0.0835	1.6265	-4.7460	-0.1603
337	S	R	-0.1435	1.6265	-6.3309	-0.2283
337	S	T	-0.0424	1.6265	-6.7459	-0.0932
337	S	V	-0.0991	1.6265	-5.1610	-0.1780
337	S	W	-0.2154	1.6265	-21.6186	-0.2203
337	S	Y	-0.1427	1.6265	-8.3308	-0.2139
338	P	A	-0.1222	1.3178	-5.7279	-0.1672
338	P	C	-0.1681	1.3178	-8.3127	-0.2100
338	P	D	-0.2618	1.3178	-21.6006	-0.2439
338	P	E	-0.2456	1.3178	-21.6006	-0.2227
338	P	F	-0.2643	1.3178	-21.6006	-0.2472
338	P	G	-0.2175	1.3178	-21.6006	-0.1860
338	P	H	-0.1741	1.3178	-8.3127	-0.2179
338	P	I	-0.1714	1.3178	-6.7279	-0.2250
338	P	K	-0.1643	1.3178	-7.3128	-0.2118
338	P	L	-0.1632	1.3178	-4.2254	-0.2310
338	P	M	-0.2029	1.3178	-21.6006	-0.1668
338	P	N	-0.1621	1.3178	-8.3127	-0.2022
338	P	Q	-0.2316	1.3178	-21.6006	-0.2044
338	P	R	-0.2001	1.3178	-7.3128	-0.2586
338	P	S	-0.1156	1.3178	-4.5055	-0.1668
338	P	T	-0.1329	1.3178	-5.5055	-0.1827
338	P	V	-0.1173	1.3178	-4.8534	-0.1666
338	P	W	-0.2768	1.3178	-21.6006	-0.2636
338	P	Y	-0.2653	1.3178	-21.6006	-0.2485
339	A	C	-0.1570	1.9602	-21.6096	-0.1841
339	A	D	-0.2387	1.9602	-21.6096	-0.2911
339	A	E	-0.1515	1.9602	-7.3219	-0.2723
339	A	F	-0.2071	1.9602	-21.6096	-0.2497
339	A	G	-0.0776	1.9602	-7.3219	-0.1756
339	A	H	-0.1383	1.9602	-7.3219	-0.2551
339	A	I	-0.1208	1.9602	-6.7369	-0.2360
339	A	K	-0.2290	1.9602	-21.6096	-0.2784
339	A	L	-0.1123	1.9602	-4.1520	-0.2422
339	A	M	-0.1601	1.9602	-21.6096	-0.1882
339	A	N	-0.1413	1.9602	-8.3218	-0.2523
339	A	P	-0.1724	1.9602	-0.8221	-0.3431
339	A	Q	-0.2066	1.9602	-21.6096	-0.2490
339	A	R	-0.2397	1.9602	-21.6096	-0.2924
339	A	S	-0.0350	1.9602	-4.6215	-0.1379
339	A	T	-0.0437	1.9602	-5.1520	-0.1457
339	A	V	-0.0365	1.9602	-4.3219	-0.1418
339	A	W	-0.2180	1.9602	-21.6096	-0.2640
339	A	Y	-0.2263	1.9602	-21.6096	-0.2748
340	T	A	-0.0706	1.5350	-0.4899	-0.1608
340	T	C	-0.1464	1.5350	-8.3353	-0.2077
340	T	D	-0.2181	1.5350	-6.7504	-0.3121
340	T	E	-0.2015	1.5350	-8.3353	-0.2798
340	T	F	-0.2857	1.5350	-21.6231	-0.3012
340	T	G	-0.1790	1.5350	-7.3353	-0.2570
340	T	H	-0.2659	1.5350	-21.6231	-0.2754
340	T	I	-0.1203	1.5350	-5.1655	-0.1947
340	T	K	-0.2615	1.5350	-21.6231	-0.2696
340	T	L	-0.2562	1.5350	-21.6231	-0.2627
340	T	M	-0.2232	1.5350	-21.6231	-0.2194
340	T	N	-0.1662	1.5350	-8.3353	-0.2336
340	T	P	-0.2606	1.5350	-5.5280	-0.3759
340	T	Q	-0.2435	1.5350	-21.6231	-0.2460
340	T	R	-0.2643	1.5350	-21.6231	-0.2733
340	T	S	-0.0641	1.5350	-6.3354	-0.1133
340	T	V	-0.1028	1.5350	-4.1655	-0.1784
340	T	W	-0.2107	1.5350	-8.3353	-0.2919
340	T	Y	-0.2871	1.5350	-21.6231	-0.3031
341	P	A	-0.1012	1.5339	-5.5146	-0.1672
341	P	C	-0.2160	1.5339	-21.6096	-0.2100
341	P	D	-0.2419	1.5339	-21.6096	-0.2439
341	P	E	-0.2257	1.5339	-21.6096	-0.2227
341	P	F	-0.2444	1.5339	-21.6096	-0.2472
341	P	G	-0.1299	1.5339	-8.3218	-0.1860
341	P	H	-0.1543	1.5339	-8.3218	-0.2179
341	P	I	-0.1546	1.5339	-7.3219	-0.2250
341	P	K	-0.1445	1.5339	-7.3219	-0.2118
341	P	L	-0.1422	1.5339	-4.0000	-0.2310
341	P	M	-0.1830	1.5339	-21.6096	-0.1668
341	P	N	-0.2101	1.5339	-21.6096	-0.2022
341	P	Q	-0.1439	1.5339	-8.3218	-0.2044
341	P	R	-0.1853	1.5339	-8.3218	-0.2586
341	P	S	-0.0935	1.5339	-4.0740	-0.1668
341	P	T	-0.1021	1.5339	-3.3677	-0.1827
341	P	V	-0.1070	1.5339	-6.7369	-0.1666
341	P	W	-0.2570	1.5339	-21.6096	-0.2636
341	P	Y	-0.2454	1.5339	-21.6096	-0.2485
342	L	A	-0.1533	2.0319	-6.7188	-0.2874
342	L	C	-0.1455	2.0319	-7.3037	-0.2733
342	L	D	-0.2829	2.0319	-8.3036	-0.4465
342	L	E	-0.2510	2.0319	-8.3036	-0.4047
342	L	F	-0.1627	2.0319	-21.5915	-0.2003
342	L	G	-0.3041	2.0319	-21.5915	-0.3854
342	L	H	-0.2716	2.0319	-21.5915	-0.3429
342	L	I	-0.1033	2.0319	-21.5915	-0.1226
342	L	K	-0.2500	2.0319	-8.3036	-0.4034
342	L	M	-0.0537	2.0319	-7.3037	-0.1531
342	L	N	-0.2292	2.0319	-8.3036	-0.3762
342	L	P	-0.2075	2.0319	-0.9909	-0.3966
342	L	Q	-0.1690	2.0319	-5.7188	-0.3146
342	L	R	-0.2227	2.0319	-4.6033	-0.3924
342	L	S	-0.1816	2.0319	-6.3038	-0.3272
342	L	T	-0.1433	2.0319	-4.1339	-0.2915
342	L	V	-0.0586	2.0319	-5.7188	-0.1701
342	L	W	-0.1940	2.0319	-8.3036	-0.3301
342	L	Y	-0.2547	2.0319	-21.5915	-0.3208
343	K	A	-0.0477	2.0722	-5.7504	-0.1604
343	K	C	-0.1989	2.0722	-21.6231	-0.2523
343	K	D	-0.1648	2.0722	-7.3353	-0.3031
343	K	E	-0.0807	2.0722	-7.3353	-0.1930
343	K	F	-0.1998	2.0722	-21.6231	-0.2535
343	K	G	-0.1099	2.0722	-6.3354	-0.2379
343	K	H	-0.0658	2.0722	-7.3353	-0.1736
343	K	I	-0.0941	2.0722	-7.3353	-0.2106
343	K	L	-0.1657	2.0722	-21.6231	-0.2089
343	K	M	-0.0629	2.0722	-6.7504	-0.1736
343	K	N	-0.0587	2.0722	-4.3354	-0.1843
343	K	P	-0.2190	2.0722	-5.1655	-0.3886
343	K	Q	-0.0601	2.0722	-8.3353	-0.1594
343	K	R	0.0415	2.0722	-1.2910	-0.0735
343	K	S	-0.0629	2.0722	-6.7504	-0.1737
343	K	T	-0.0748	2.0722	-6.7504	-0.1892
343	K	V	-0.1509	2.0722	-21.6231	-0.1895
343	K	W	-0.2088	2.0722	-21.6231	-0.2653
343	K	Y	-0.1066	2.0722	-6.3354	-0.2337
344	L	A	-0.1759	1.8770	-8.3442	-0.2874
344	L	C	-0.1651	1.8770	-8.3442	-0.2733
344	L	D	-0.3652	1.8770	-21.6320	-0.4465
344	L	E	-0.2655	1.8770	-8.3442	-0.4047
344	L	F	-0.0991	1.8770	-6.3443	-0.2003
344	L	G	-0.2507	1.8770	-8.3442	-0.3854
344	L	H	-0.2183	1.8770	-8.3442	-0.3429
344	L	I	-0.0398	1.8770	-6.3443	-0.1226
344	L	K	-0.2543	1.8770	-6.3443	-0.4034
344	L	M	-0.0733	1.8770	-8.3442	-0.1531
344	L	N	-0.2437	1.8770	-8.3442	-0.3762
344	L	P	-0.2278	1.8770	-2.1744	-0.3966
344	L	Q	-0.1739	1.8770	-3.8849	-0.3146
344	L	R	-0.2459	1.8770	-6.3443	-0.3924
344	L	S	-0.2012	1.8770	-7.3442	-0.3272
344	L	T	-0.2468	1.8770	-21.6320	-0.2915
344	L	V	-0.0710	1.8770	-5.3443	-0.1701
344	L	W	-0.2085	1.8770	-8.3442	-0.3301
344	L	Y	-0.2692	1.8770	-21.6320	-0.3208
345	D	A	-0.0814	2.0231	-6.3398	-0.1947
345	D	C	-0.2009	2.0231	-21.6276	-0.2490
345	D	E	-0.0017	2.0231	-1.5197	-0.1226
345	D	F	-0.2596	2.0231	-21.6276	-0.3258
345	D	G	-0.0884	2.0231	-5.5325	-0.2093
345	D	H	-0.0833	2.0231	-4.8804	-0.2069
345	D	I	-0.2518	2.0231	-21.6276	-0.3156
345	D	K	-0.1492	2.0231	-5.7549	-0.2873
345	D	L	-0.1674	2.0231	-6.3398	-0.3073
345	D	M	-0.1842	2.0231	-21.6276	-0.2271
345	D	N	-0.0583	2.0231	-8.3397	-0.1511
345	D	P	-0.2205	2.0231	-6.7548	-0.3740
345	D	Q	-0.1084	2.0231	-6.3398	-0.2300
345	D	R	-0.1934	2.0231	-8.3397	-0.3279
345	D	S	-0.0878	2.0231	-6.3398	-0.2031
345	D	T	-0.1229	2.0231	-7.3398	-0.2424
345	D	V	-0.1285	2.0231	-6.3398	-0.2563
345	D	W	-0.1671	2.0231	-7.3398	-0.3002
345	D	Y	-0.2044	2.0231	-21.6276	-0.2536
346	P	A	-0.1531	0.9973	-6.0090	-0.1672
346	P	C	-0.2654	0.9973	-21.6186	-0.2100
346	P	D	-0.2913	0.9973	-21.6186	-0.2439
346	P	E	-0.2073	0.9973	-8.3308	-0.2227
346	P	F	-0.2210	0.9973	-7.3309	-0.2472
346	P	G	-0.1793	0.9973	-8.3308	-0.1860
346	P	H	-0.1935	0.9973	-6.3309	-0.2179
346	P	I	-0.2040	0.9973	-7.3309	-0.2250
346	P	K	-0.2668	0.9973	-21.6186	-0.2118
346	P	L	-0.2018	0.9973	-6.0090	-0.2310
346	P	M	-0.2325	0.9973	-21.6186	-0.1668
346	P	N	-0.1917	0.9973	-8.3308	-0.2022
346	P	Q	-0.2612	0.9973	-21.6186	-0.2044
346	P	R	-0.2229	0.9973	-6.0090	-0.2586
346	P	S	-0.1493	0.9973	-5.3309	-0.1668
346	P	T	-0.1615	0.9973	-5.3309	-0.1827
346	P	V	-0.2323	0.9973	-21.6186	-0.1666
346	P	W	-0.2386	0.9973	-8.3308	-0.2636
346	P	Y	-0.2949	0.9973	-21.6186	-0.2485
347	L	A	-0.1061	2.5227	-6.3083	-0.2874
347	L	C	-0.1733	2.5227	-21.5961	-0.2733
347	L	D	-0.3056	2.5227	-21.5961	-0.4465
347	L	E	-0.1978	2.5227	-6.7233	-0.4047
347	L	F	-0.1176	2.5227	-21.5961	-0.2003
347	L	G	-0.1911	2.5227	-8.3082	-0.3854
347	L	H	-0.1398	2.5227	-4.6079	-0.3429
347	L	I	-0.0582	2.5227	-21.5961	-0.1226
347	L	K	-0.2049	2.5227	-8.3082	-0.4034
347	L	M	-0.0137	2.5227	-8.3082	-0.1531
347	L	N	-0.2519	2.5227	-21.5961	-0.3762
347	L	P	-0.1656	2.5227	-1.6218	-0.3966
347	L	Q	-0.1042	2.5227	-1.8654	-0.3146
347	L	R	-0.1661	2.5227	-2.3541	-0.3924
347	L	S	-0.1278	2.5227	-4.6079	-0.3272
347	L	T	-0.1872	2.5227	-21.5961	-0.2915
347	L	V	-0.0945	2.5227	-21.5961	-0.1701
347	L	W	-0.1300	2.5227	-4.6079	-0.3301
347	L	Y	-0.1418	2.5227	-8.3082	-0.3208
348	G	A	-0.1304	1.7765	-4.6394	-0.2405
348	G	C	-0.2009	1.7765	-6.7548	-0.3187
348	G	D	-0.2096	1.7765	-8.3397	-0.3194
348	G	E	-0.1936	1.7765	-5.3398	-0.3185
348	G	F	-0.3149	1.7765	-21.6276	-0.3686
348	G	H	-0.2167	1.7765	-7.3398	-0.3355
348	G	I	-0.3606	1.7765	-21.6276	-0.4284
348	G	K	-0.2316	1.7765	-6.3398	-0.3616
348	G	L	-0.2610	1.7765	-8.3397	-0.3868
348	G	M	-0.1941	1.7765	-7.3398	-0.3059
348	G	N	-0.2099	1.7765	-8.3397	-0.3198
348	G	P	-0.3069	1.7765	-8.3397	-0.4469
348	G	Q	-0.2806	1.7765	-21.6276	-0.3236
348	G	R	-0.1983	1.7765	-2.9475	-0.3407
348	G	S	-0.1450	1.7765	-6.3398	-0.2482
348	G	T	-0.2189	1.7765	-5.7549	-0.3489
348	G	V	-0.2172	1.7765	-4.6394	-0.3541
348	G	W	-0.3147	1.7765	-21.6276	-0.3683
348	G	Y	-0.3153	1.7765	-21.6276	-0.3691
349	P	A	-0.1218	1.4672	-8.3442	-0.1672
349	P	C	-0.2223	1.4672	-21.6320	-0.2100
349	P	D	-0.2482	1.4672	-21.6320	-0.2439
349	P	E	-0.2320	1.4672	-21.6320	-0.2227
349	P	F	-0.1748	1.4672	-6.7593	-0.2472
349	P	G	-0.1361	1.4672	-8.3442	-0.1860
349	P	H	-0.2283	1.4672	-21.6320	-0.2179
349	P	I	-0.1659	1.4672	-8.3442	-0.2250
349	P	K	-0.1478	1.4672	-6.7593	-0.2118
349	P	L	-0.1430	1.4672	-2.9520	-0.2310
349	P	M	-0.1893	1.4672	-21.6320	-0.1668
349	P	N	-0.2163	1.4672	-21.6320	-0.2022
349	P	Q	-0.1451	1.4672	-7.3442	-0.2044
349	P	R	-0.1916	1.4672	-8.3442	-0.2586
349	P	S	-0.0975	1.4672	-3.6439	-0.1668
349	P	T	-0.1167	1.4672	-5.0224	-0.1827
349	P	V	-0.1213	1.4672	-8.3442	-0.1666
349	P	W	-0.2632	1.4672	-21.6320	-0.2636
349	P	Y	-0.2517	1.4672	-21.6320	-0.2485
350	L	A	-0.1536	2.0309	-6.7459	-0.2874
350	L	C	-0.1428	2.0309	-6.7459	-0.2733
350	L	D	-0.3510	2.0309	-21.6186	-0.4465
350	L	E	-0.3191	2.0309	-21.6186	-0.4047
350	L	F	-0.1629	2.0309	-21.6186	-0.2003
350	L	G	-0.3043	2.0309	-21.6186	-0.3854
350	L	H	-0.1989	2.0309	-7.3309	-0.3429
350	L	I	-0.0358	2.0309	-8.3308	-0.1226
350	L	K	-0.2452	2.0309	-7.3309	-0.4034
350	L	M	-0.0459	2.0309	-5.7459	-0.1531
350	L	N	-0.2973	2.0309	-21.6186	-0.3762
350	L	P	-0.2068	2.0309	-0.8311	-0.3966
350	L	Q	-0.1722	2.0309	-6.3309	-0.3146
350	L	R	-0.2275	2.0309	-5.5236	-0.3924
350	L	S	-0.1640	2.0309	-2.8391	-0.3272
350	L	T	-0.1516	2.0309	-5.7459	-0.2915
350	L	V	-0.0640	2.0309	-6.7459	-0.1701
350	L	W	-0.2621	2.0309	-21.6186	-0.3301
350	L	Y	-0.2550	2.0309	-21.6186	-0.3208
351	A	C	-0.1750	1.7662	-21.6320	-0.1841
351	A	D	-0.1838	1.7662	-7.3442	-0.2911
351	A	E	-0.1745	1.7662	-8.3442	-0.2723
351	A	F	-0.2251	1.7662	-21.6320	-0.2497
351	A	G	-0.0818	1.7662	-4.6439	-0.1756
351	A	H	-0.2292	1.7662	-21.6320	-0.2551
351	A	I	-0.1366	1.7662	-6.3443	-0.2360
351	A	K	-0.2470	1.7662	-21.6320	-0.2784
351	A	L	-0.1516	1.7662	-8.3442	-0.2422
351	A	M	-0.0985	1.7662	-6.0223	-0.1882
351	A	N	-0.1491	1.7662	-6.3443	-0.2523
351	A	P	-0.2143	1.7662	-5.5369	-0.3431
351	A	Q	-0.2246	1.7662	-21.6320	-0.2490
351	A	R	-0.1899	1.7662	-8.3442	-0.2924
351	A	S	-0.0485	1.7662	-3.7593	-0.1379
351	A	T	-0.0617	1.7662	-5.1744	-0.1457
351	A	V	-0.0503	1.7662	-3.5369	-0.1418
351	A	W	-0.2360	1.7662	-21.6320	-0.2640
351	A	Y	-0.2443	1.7662	-21.6320	-0.2748
352	S	A	-0.0539	1.5074	-5.0224	-0.1054
352	S	C	-0.1892	1.5074	-21.6320	-0.1715
352	S	D	-0.2374	1.5074	-21.6320	-0.2346
352	S	E	-0.2106	1.5074	-21.6320	-0.1995
352	S	F	-0.1409	1.5074	-6.7593	-0.2076
352	S	G	-0.1478	1.5074	-21.6320	-0.1174
352	S	H	-0.1502	1.5074	-8.3442	-0.2092
352	S	I	-0.1440	1.5074	-6.7593	-0.2117
352	S	K	-0.2273	1.5074	-21.6320	-0.2214
352	S	L	-0.1314	1.5074	-5.0224	-0.2068
352	S	M	-0.1872	1.5074	-21.6320	-0.1689
352	S	N	-0.1610	1.5074	-21.6320	-0.1346
352	S	P	-0.1840	1.5074	-0.4374	-0.3063
352	S	Q	-0.1128	1.5074	-8.3442	-0.1603
352	S	R	-0.1545	1.5074	-6.3443	-0.2283
352	S	T	-0.0373	1.5074	-3.5894	-0.0932
352	S	V	-0.1212	1.5074	-7.3442	-0.1780
352	S	W	-0.2264	1.5074	-21.6320	-0.2203
352	S	Y	-0.2216	1.5074	-21.6320	-0.2139
353	E	A	-0.0288	2.2257	-5.1744	-0.1580
353	E	C	-0.1821	2.2257	-21.6320	-0.2488
353	E	D	0.0076	2.2257	-4.7593	-0.1131
353	E	F	-0.0919	2.2257	-8.3442	-0.2195
353	E	G	-0.0588	2.2257	-6.0223	-0.1917
353	E	H	-0.0781	2.2257	-7.3442	-0.2081
353	E	I	-0.1651	2.2257	-21.6320	-0.2265
353	E	K	-0.0400	2.2257	-3.0589	-0.1868
353	E	L	-0.1672	2.2257	-21.6320	-0.2293
353	E	M	-0.0402	2.2257	-6.7593	-0.1623
353	E	N	-0.0631	2.2257	-6.7593	-0.1923
353	E	P	-0.1938	2.2257	-6.7593	-0.3635
353	E	Q	-0.0021	2.2257	-5.3443	-0.1220
353	E	R	-0.1194	2.2257	-6.7593	-0.2660
353	E	S	-0.0465	2.2257	-6.0223	-0.1756
353	E	T	-0.0624	2.2257	-6.0223	-0.1964
353	E	V	-0.0316	2.2257	-3.1348	-0.1753
353	E	W	-0.1698	2.2257	-21.6320	-0.2327
353	E	Y	-0.1606	2.2257	-21.6320	-0.2206
354	V	A	-0.0725	1.9392	-2.6350	-0.1977
354	V	C	-0.1295	1.9392	-8.3353	-0.2342
354	V	D	-0.2631	1.9392	-7.3353	-0.4158
354	V	E	-0.2102	1.9392	-5.3354	-0.3599
354	V	F	-0.2466	1.9392	-21.6231	-0.2987
354	V	G	-0.2121	1.9392	-5.3354	-0.3624
354	V	H	-0.2712	1.9392	-8.3353	-0.4197
354	V	I	-0.0195	1.9392	-4.8760	-0.1133
354	V	K	-0.3323	1.9392	-21.6231	-0.4109
354	V	L	-0.0904	1.9392	-6.0134	-0.1985
354	V	M	-0.1032	1.9392	-6.7504	-0.2104
354	V	N	-0.2560	1.9392	-8.3353	-0.3999
354	V	P	-0.3008	1.9392	-7.3353	-0.4652
354	V	Q	-0.2361	1.9392	-8.3353	-0.3738
354	V	R	-0.2723	1.9392	-5.7504	-0.4384
354	V	S	-0.1909	1.9392	-5.5280	-0.3334
354	V	T	-0.1104	1.9392	-6.3354	-0.2226
354	V	W	-0.2871	1.9392	-21.6231	-0.3518
354	V	Y	-0.2222	1.9392	-8.3353	-0.3556
355	C	A	-0.1433	2.7733	-3.8207	-0.3830
355	C	D	-0.2554	2.7733	-4.7593	-0.5234
355	C	E	-0.3291	2.7733	-21.6320	-0.5072
355	C	F	-0.1405	2.7733	-4.4374	-0.3751
355	C	G	-0.1267	2.7733	-2.0405	-0.3731
355	C	H	-0.2721	2.7733	-8.3442	-0.5214
355	C	I	-0.1801	2.7733	-6.3443	-0.4142
355	C	K	-0.2538	2.7733	-6.7593	-0.5080
355	C	L	-0.2153	2.7733	-6.7593	-0.4575
355	C	M	-0.1906	2.7733	-8.3442	-0.4146
355	C	N	-0.2059	2.7733	-6.3443	-0.4480
355	C	P	-0.2848	2.7733	-8.3442	-0.5379
355	C	Q	-0.3079	2.7733	-21.6320	-0.4794
355	C	R	-0.2136	2.7733	-7.3442	-0.4514
355	C	S	-0.1419	2.7733	-5.3443	-0.3709
355	C	T	-0.1838	2.7733	-6.7593	-0.4163
355	C	V	-0.1556	2.7733	-1.9180	-0.4117
355	C	W	-0.2313	2.7733	-21.6320	-0.3792
355	C	Y	-0.1697	2.7733	-8.3442	-0.3873
356	Q	A	0.0130	2.5184	-6.3354	-0.1308
356	Q	C	-0.0434	2.5184	-8.3353	-0.1913
356	Q	D	-0.1516	2.5184	-21.6231	-0.2441
356	Q	E	0.0194	2.5184	-4.0875	-0.1375
356	Q	F	-0.0514	2.5184	-8.3353	-0.2018
356	Q	G	-0.0560	2.5184	-6.0134	-0.2233
356	Q	H	0.0068	2.5184	-7.3353	-0.1322
356	Q	I	-0.0328	2.5184	-8.3353	-0.1774
356	Q	K	0.0010	2.5184	-2.1857	-0.1742
356	Q	L	0.0015	2.5184	-4.8760	-0.1556
356	Q	M	-0.0549	2.5184	-21.6231	-0.1176
356	Q	N	-0.0027	2.5184	-6.3354	-0.1513
356	Q	P	-0.1431	2.5184	-2.9091	-0.3581
356	Q	R	-0.0112	2.5184	-4.8760	-0.1723
356	Q	S	-0.0013	2.5184	-5.5280	-0.1549
356	Q	T	-0.0175	2.5184	-6.7504	-0.1679
356	Q	V	-0.1007	2.5184	-21.6231	-0.1775
356	Q	W	-0.1186	2.5184	-21.6231	-0.2010
356	Q	Y	-0.1215	2.5184	-21.6231	-0.2048
357	Q	A	-0.0646	1.6015	-5.0179	-0.1308
357	Q	C	-0.1956	1.6015	-21.6276	-0.1913
357	Q	D	-0.2359	1.6015	-21.6276	-0.2441
357	Q	E	-0.0605	1.6015	-3.2106	-0.1375
357	Q	F	-0.1358	1.6015	-8.3397	-0.2018
357	Q	G	-0.2201	1.6015	-21.6276	-0.2233
357	Q	H	-0.0657	1.6015	-5.0179	-0.1322
357	Q	I	-0.1850	1.6015	-21.6276	-0.1774
357	Q	K	-0.0959	1.6015	-4.6394	-0.1742
357	Q	L	-0.0903	1.6015	-6.3398	-0.1556
357	Q	M	-0.0715	1.6015	-8.3397	-0.1176
357	Q	N	-0.1651	1.6015	-21.6276	-0.1513
357	Q	P	-0.2420	1.6015	-5.7549	-0.3581
357	Q	R	-0.0980	1.6015	-5.3398	-0.1723
357	Q	S	-0.1000	1.6015	-8.3397	-0.1549
357	Q	T	-0.1777	1.6015	-21.6276	-0.1679
357	Q	V	-0.1851	1.6015	-21.6276	-0.1775
357	Q	W	-0.2030	1.6015	-21.6276	-0.2010
357	Q	Y	-0.1381	1.6015	-8.3397	-0.2048
358	P	A	-0.1523	1.0241	-6.3309	-0.1672
358	P	C	-0.2630	1.0241	-21.6186	-0.2100
358	P	D	-0.2211	1.0241	-8.3308	-0.2439
358	P	E	-0.1947	1.0241	-6.3309	-0.2227
358	P	F	-0.2914	1.0241	-21.6186	-0.2472
358	P	G	-0.1768	1.0241	-8.3308	-0.1860
358	P	H	-0.2690	1.0241	-21.6186	-0.2179
358	P	I	-0.2744	1.0241	-21.6186	-0.2250
358	P	K	-0.1822	1.0241	-5.5236	-0.2118
358	P	L	-0.2112	1.0241	-8.3308	-0.2310
358	P	M	-0.2300	1.0241	-21.6186	-0.1668
358	P	N	-0.1892	1.0241	-8.3308	-0.2022
358	P	Q	-0.1726	1.0241	-4.7460	-0.2044
358	P	R	-0.2272	1.0241	-7.3309	-0.2586
358	P	S	-0.1428	1.0241	-4.5236	-0.1668
358	P	T	-0.1743	1.0241	-8.3308	-0.1827
358	P	V	-0.2298	1.0241	-21.6186	-0.1666
358	P	W	-0.3039	1.0241	-21.6186	-0.2636
358	P	Y	-0.2924	1.0241	-21.6186	-0.2485
359	V	A	-0.0613	2.0466	-2.3776	-0.1977
359	V	C	-0.1092	2.0466	-6.3083	-0.2342
359	V	D	-0.2463	2.0466	-5.9864	-0.4158
359	V	E	-0.1985	2.0466	-4.9864	-0.3599
359	V	F	-0.2365	2.0466	-21.5961	-0.2987
359	V	G	-0.1965	2.0466	-4.2209	-0.3624
359	V	H	-0.2611	2.0466	-8.3082	-0.4197
359	V	I	-0.0220	2.0466	-7.3083	-0.1133
359	V	K	-0.3222	2.0466	-21.5961	-0.4109
359	V	L	-0.0803	2.0466	-5.9864	-0.1985
359	V	M	-0.1691	2.0466	-21.5961	-0.2104
359	V	N	-0.2460	2.0466	-8.3082	-0.3999
359	V	P	-0.2959	2.0466	-8.3082	-0.4652
359	V	Q	-0.2939	2.0466	-21.5961	-0.3738
359	V	R	-0.2754	2.0466	-8.3082	-0.4384
359	V	S	-0.1820	2.0466	-5.7234	-0.3334
359	V	T	-0.0897	2.0466	-4.2209	-0.2226
359	V	W	-0.2771	2.0466	-21.5961	-0.3518
359	V	Y	-0.2800	2.0466	-21.5961	-0.3556
360	Y	A	-0.1155	2.7967	-6.7188	-0.3300
360	Y	C	-0.0635	2.7967	-2.2814	-0.2916
360	Y	D	-0.1246	2.7967	-5.7188	-0.3486
360	Y	E	-0.2343	2.7967	-21.5915	-0.3862
360	Y	F	0.0572	2.7967	-4.7188	-0.1173
360	Y	G	-0.1810	2.7967	-5.7188	-0.4224
360	Y	H	-0.0100	2.7967	-4.1339	-0.2092
360	Y	I	-0.2035	2.7967	-21.5915	-0.3458
360	Y	K	-0.1775	2.7967	-5.4964	-0.4193
360	Y	L	-0.0984	2.7967	-5.4964	-0.3158
360	Y	M	-0.0597	2.7967	-7.3037	-0.2531
360	Y	N	-0.1117	2.7967	-7.3037	-0.3211
360	Y	P	-0.2346	2.7967	-5.7188	-0.4926
360	Y	Q	-0.1295	2.7967	-5.9818	-0.3532
360	Y	R	-0.1702	2.7967	-4.9818	-0.4132
360	Y	S	-0.1107	2.7967	-4.8443	-0.3362
360	Y	T	-0.1300	2.7967	-4.9818	-0.3606
360	Y	V	-0.1171	2.7967	-6.7188	-0.3321
360	Y	W	-0.0412	2.7967	-8.3036	-0.2221
361	I	A	-0.0937	2.6220	-4.3354	-0.2963
361	I	C	-0.0941	2.6220	-8.3353	-0.2701
361	I	D	-0.2381	2.6220	-8.3353	-0.4587
361	I	E	-0.2190	2.6220	-8.3353	-0.4337
361	I	F	-0.0699	2.6220	-7.3353	-0.2452
361	I	G	-0.2726	2.6220	-21.6231	-0.4150
361	I	H	-0.2725	2.6220	-21.6231	-0.4149
361	I	K	-0.2115	2.6220	-8.3353	-0.4239
361	I	L	0.0323	2.6220	-2.1456	-0.1460
361	I	M	0.0032	2.6220	-6.7504	-0.1534
361	I	N	-0.1295	2.6220	-4.0875	-0.3449
361	I	P	-0.2463	2.6220	-6.0134	-0.4849
361	I	Q	-0.1788	2.6220	-8.3353	-0.3810
361	I	R	-0.2384	2.6220	-8.3353	-0.4590
361	I	S	-0.1428	2.6220	-6.0134	-0.3494
361	I	T	-0.0494	2.6220	-4.0135	-0.2405
361	I	V	0.0709	2.6220	-2.4047	-0.0938
361	I	W	-0.2318	2.6220	-21.6231	-0.3616
361	I	Y	-0.2406	2.6220	-21.6231	-0.3732
362	P	A	-0.1316	1.2176	-5.7593	-0.1672
362	P	C	-0.2452	1.2176	-21.6320	-0.2100
362	P	D	-0.2033	1.2176	-8.3442	-0.2439
362	P	E	-0.2549	1.2176	-21.6320	-0.2227
362	P	F	-0.2737	1.2176	-21.6320	-0.2472
362	P	G	-0.2269	1.2176	-21.6320	-0.1860
362	P	H	-0.2513	1.2176	-21.6320	-0.2179
362	P	I	-0.1889	1.2176	-8.3442	-0.2250
362	P	K	-0.2466	1.2176	-21.6320	-0.2118
362	P	L	-0.1758	1.2176	-4.8849	-0.2310
362	P	M	-0.1393	1.2176	-7.3442	-0.1668
362	P	N	-0.2393	1.2176	-21.6320	-0.2022
362	P	Q	-0.1630	1.2176	-6.3443	-0.2044
362	P	R	-0.2044	1.2176	-6.3443	-0.2586
362	P	S	-0.1194	1.2176	-3.4374	-0.1668
362	P	T	-0.1447	1.2176	-6.0223	-0.1827
362	P	V	-0.1443	1.2176	-8.3442	-0.1666
362	P	W	-0.2862	1.2176	-21.6320	-0.2636
362	P	Y	-0.2746	1.2176	-21.6320	-0.2485
363	K	A	-0.0296	2.4123	-8.3397	-0.1604
363	K	C	-0.1676	2.4123	-21.6276	-0.2523
363	K	D	-0.2064	2.4123	-21.6276	-0.3031
363	K	E	-0.0402	2.4123	-5.5325	-0.1930
363	K	F	-0.1685	2.4123	-21.6276	-0.2535
363	K	G	-0.0807	2.4123	-6.7548	-0.2379
363	K	H	-0.1075	2.4123	-21.6276	-0.1736
363	K	I	-0.0628	2.4123	-7.3398	-0.2106
363	K	L	-0.0666	2.4123	-8.3397	-0.2089
363	K	M	-0.0188	2.4123	-4.2524	-0.1736
363	K	N	-0.0479	2.4123	-8.3397	-0.1843
363	K	P	-0.1921	2.4123	-6.0179	-0.3886
363	K	Q	-0.0237	2.4123	-7.3398	-0.1594
363	K	R	0.0690	2.4123	-2.0179	-0.0735
363	K	S	-0.0085	2.4123	-2.2106	-0.1737
363	K	T	-0.0299	2.4123	-4.0919	-0.1892
363	K	V	-0.1196	2.4123	-21.6276	-0.1895
363	K	W	-0.1775	2.4123	-21.6276	-0.2653
363	K	Y	-0.1534	2.4123	-21.6276	-0.2337
364	K	A	-0.0867	1.6483	-5.7459	-0.1604
364	K	C	-0.1649	1.6483	-7.3309	-0.2523
364	K	D	-0.2008	1.6483	-6.7459	-0.3031
364	K	E	-0.1196	1.6483	-7.3309	-0.1930
364	K	F	-0.2388	1.6483	-21.6186	-0.2535
364	K	G	-0.1408	1.6483	-4.7460	-0.2379
364	K	H	-0.1048	1.6483	-7.3309	-0.1736
364	K	I	-0.1382	1.6483	-8.3308	-0.2106
364	K	L	-0.1318	1.6483	-7.3309	-0.2089
364	K	M	-0.0981	1.6483	-6.0090	-0.1736
364	K	N	-0.1100	1.6483	-6.7459	-0.1843
364	K	P	-0.2742	1.6483	-8.3308	-0.3886
364	K	Q	-0.0797	1.6483	-4.5236	-0.1594
364	K	R	-0.0191	1.6483	-5.5236	-0.0735
364	K	S	-0.0998	1.6483	-6.3309	-0.1737
364	K	T	-0.1030	1.6483	-4.6305	-0.1892
364	K	V	-0.1221	1.6483	-8.3308	-0.1895
364	K	W	-0.2478	1.6483	-21.6186	-0.2653
364	K	Y	-0.2236	1.6483	-21.6186	-0.2337
365	A	C	-0.0497	2.3350	-7.3309	-0.1841
365	A	D	-0.1284	2.3350	-6.7459	-0.2911
365	A	E	-0.1899	2.3350	-21.6186	-0.2723
365	A	F	-0.0998	2.3350	-7.3309	-0.2497
365	A	G	-0.0288	2.3350	-4.5236	-0.1756
365	A	H	-0.0947	2.3350	-5.5236	-0.2551
365	A	I	-0.0893	2.3350	-7.3309	-0.2360
365	A	K	-0.1125	2.3350	-5.5236	-0.2784
365	A	L	-0.0911	2.3350	-6.7459	-0.2422
365	A	M	-0.1257	2.3350	-21.6186	-0.1882
365	A	N	-0.1018	2.3350	-7.3309	-0.2523
365	A	P	-0.1573	2.3350	-4.6305	-0.3431
365	A	Q	-0.1721	2.3350	-21.6186	-0.2490
365	A	R	-0.1294	2.3350	-6.7459	-0.2924
365	A	S	0.0045	2.3350	-3.6305	-0.1379
365	A	T	0.0009	2.3350	-3.1610	-0.1457
365	A	V	-0.0012	2.3350	-4.1610	-0.1418
365	A	W	-0.1836	2.3350	-21.6186	-0.2640
365	A	Y	-0.1919	2.3350	-21.6186	-0.2748
366	A	C	0.0014	2.7618	-5.0268	-0.1841
366	A	D	-0.0790	2.7618	-4.7638	-0.2911
366	A	E	-0.0635	2.7618	-4.5414	-0.2723
366	A	F	-0.0657	2.7618	-8.3486	-0.2497
366	A	G	0.0270	2.7618	-1.2826	-0.1756
366	A	H	-0.0596	2.7618	-6.3487	-0.2551
366	A	I	-0.0450	2.7618	-6.3487	-0.2360
366	A	K	-0.0774	2.7618	-6.3487	-0.2784
366	A	L	-0.0549	2.7618	-7.3487	-0.2422
366	A	M	-0.0865	2.7618	-21.6364	-0.1882
366	A	N	-0.0677	2.7618	-8.3486	-0.2523
366	A	P	-0.1227	2.7618	-5.5414	-0.3431
366	A	Q	-0.0571	2.7618	-6.7637	-0.2490
366	A	R	-0.0902	2.7618	-6.7637	-0.2924
366	A	S	0.0380	2.7618	-4.7638	-0.1379
366	A	T	0.0307	2.7618	-5.0268	-0.1457
366	A	V	0.0391	2.7618	-3.9564	-0.1418
366	A	W	-0.0766	2.7618	-8.3486	-0.2640
366	A	Y	-0.0849	2.7618	-8.3486	-0.2748
367	S	A	0.0247	2.3195	-4.2568	-0.1054
367	S	C	-0.0385	2.3195	-6.7593	-0.1715
367	S	D	-0.0897	2.3195	-7.3442	-0.2346
367	S	E	-0.0680	2.3195	-8.3442	-0.1995
367	S	F	-0.0691	2.3195	-7.3442	-0.2076
367	S	G	0.0049	2.3195	-6.3443	-0.1174
367	S	H	-0.0585	2.3195	-5.0224	-0.2092
367	S	I	-0.1452	2.3195	-21.6320	-0.2117
367	S	K	-0.1526	2.3195	-21.6320	-0.2214
367	S	L	-0.0566	2.3195	-5.0224	-0.2068
367	S	M	-0.1125	2.3195	-21.6320	-0.1689
367	S	N	-0.0133	2.3195	-7.3442	-0.1346
367	S	P	-0.1137	2.3195	-1.3109	-0.3063
367	S	Q	-0.0238	2.3195	-5.5369	-0.1603
367	S	R	-0.0768	2.3195	-5.7593	-0.2283
367	S	T	0.0315	2.3195	-4.7593	-0.0932
367	S	V	-0.0516	2.3195	-8.3442	-0.1780
367	S	W	-0.1517	2.3195	-21.6320	-0.2203
367	S	Y	-0.1468	2.3195	-21.6320	-0.2139
368	K	A	-0.0530	1.9916	-5.3443	-0.1604
368	K	C	-0.2063	1.9916	-21.6320	-0.2523
368	K	D	-0.2451	1.9916	-21.6320	-0.3031
368	K	E	-0.0763	1.9916	-5.0224	-0.1930
368	K	F	-0.1343	1.9916	-7.3442	-0.2535
368	K	G	-0.1173	1.9916	-6.3443	-0.2379
368	K	H	-0.0666	1.9916	-6.0223	-0.1736
368	K	I	-0.1067	1.9916	-8.3442	-0.2106
368	K	L	-0.1003	1.9916	-7.3442	-0.2089
368	K	M	-0.0631	1.9916	-5.3443	-0.1736
368	K	N	-0.0866	1.9916	-8.3442	-0.1843
368	K	P	-0.2426	1.9916	-8.3442	-0.3886
368	K	Q	-0.0557	1.9916	-6.0223	-0.1594
368	K	R	0.0270	1.9916	-2.6719	-0.0735
368	K	S	-0.0608	1.9916	-4.8849	-0.1737
368	K	T	-0.0801	1.9916	-6.3443	-0.1892
368	K	V	-0.0855	1.9916	-7.3442	-0.1895
368	K	W	-0.2163	1.9916	-21.6320	-0.2653
368	K	Y	-0.1243	1.9916	-8.3442	-0.2337
369	T	A	-0.0228	2.0685	-0.7414	-0.1608
369	T	C	-0.0856	2.0685	-6.0268	-0.2077
369	T	D	-0.1772	2.0685	-8.3486	-0.3121
369	T	E	-0.1423	2.0685	-6.3487	-0.2798
369	T	F	-0.1688	2.0685	-8.3486	-0.3012
369	T	G	-0.1270	2.0685	-6.7637	-0.2570
369	T	H	-0.2169	2.0685	-21.6364	-0.2754
369	T	I	-0.0875	2.0685	-8.3486	-0.1947
369	T	K	-0.1447	2.0685	-8.3486	-0.2696
369	T	L	-0.1313	2.0685	-6.7637	-0.2627
369	T	M	-0.1063	2.0685	-8.3486	-0.2194
369	T	N	-0.1070	2.0685	-6.3487	-0.2336
369	T	P	-0.2116	2.0685	-5.5414	-0.3759
369	T	Q	-0.1267	2.0685	-8.3486	-0.2460
369	T	R	-0.1475	2.0685	-8.3486	-0.2733
369	T	S	-0.0016	2.0685	-3.7049	-0.1133
369	T	V	-0.0551	2.0685	-4.4418	-0.1784
369	T	W	-0.2295	2.0685	-21.6364	-0.2919
369	T	Y	-0.1703	2.0685	-8.3486	-0.3031
370	R	A	-0.0577	2.9693	-6.7593	-0.2748
370	R	C	-0.0577	2.9693	-5.0224	-0.2864
370	R	D	-0.1379	2.9693	-4.6439	-0.3940
370	R	E	-0.0939	2.9693	-6.7593	-0.3223
370	R	F	-0.0928	2.9693	-7.3442	-0.3169
370	R	G	-0.0960	2.9693	-7.3442	-0.3211
370	R	H	-0.0179	2.9693	-4.8849	-0.2352
370	R	I	-0.1630	2.9693	-21.6320	-0.3133
370	R	K	0.0671	2.9693	-3.8207	-0.1311
370	R	L	-0.0451	2.9693	-3.8207	-0.2780
370	R	M	-0.0341	2.9693	-8.3442	-0.2333
370	R	N	-0.0755	2.9693	-7.3442	-0.2943
370	R	P	-0.1800	2.9693	-2.8849	-0.4608
370	R	Q	-0.0089	2.9693	-2.1545	-0.2417
370	R	S	-0.0544	2.9693	-6.0223	-0.2755
370	R	T	-0.0563	2.9693	-5.5369	-0.2812
370	R	V	-0.0823	2.9693	-8.3442	-0.2964
370	R	W	-0.1513	2.9693	-21.6320	-0.2980
370	R	Y	-0.1550	2.9693	-21.6320	-0.3029
371	A	C	0.0022	2.7784	-5.1699	-0.1841
371	A	D	-0.1635	2.7784	-21.6276	-0.2911
371	A	E	-0.0814	2.7784	-8.3397	-0.2723
371	A	F	-0.0641	2.7784	-8.3397	-0.2497
371	A	G	0.0068	2.7784	-5.5325	-0.1756
371	A	H	-0.0529	2.7784	-5.3398	-0.2551
371	A	I	-0.0434	2.7784	-6.3398	-0.2360
371	A	K	-0.0860	2.7784	-8.3397	-0.2784
371	A	L	-0.0371	2.7784	-4.1699	-0.2422
371	A	M	-0.0850	2.7784	-21.6276	-0.1882
371	A	N	-0.0661	2.7784	-8.3397	-0.2523
371	A	P	-0.1022	2.7784	-1.8163	-0.3431
371	A	Q	-0.0493	2.7784	-5.5325	-0.2490
371	A	R	-0.1645	2.7784	-21.6276	-0.2924
371	A	S	0.0345	2.7784	-5.7549	-0.1379
371	A	T	0.0417	2.7784	-3.1699	-0.1457
371	A	V	0.0426	2.7784	-3.5850	-0.1418
371	A	W	-0.0750	2.7784	-8.3397	-0.2640
371	A	Y	-0.0833	2.7784	-8.3397	-0.2748
372	P	A	-0.0543	1.8721	-2.4211	-0.1672
372	P	C	-0.1848	1.8721	-21.5915	-0.2100
372	P	D	-0.2107	1.8721	-21.5915	-0.2439
372	P	E	-0.1945	1.8721	-21.5915	-0.2227
372	P	F	-0.2132	1.8721	-21.5915	-0.2472
372	P	G	-0.0987	1.8721	-8.3036	-0.1860
372	P	H	-0.1099	1.8721	-5.7188	-0.2179
372	P	I	-0.1234	1.8721	-7.3037	-0.2250
372	P	K	-0.1133	1.8721	-7.3037	-0.2118
372	P	L	-0.1228	1.8721	-6.3038	-0.2310
372	P	M	-0.1518	1.8721	-21.5915	-0.1668
372	P	N	-0.1110	1.8721	-8.3036	-0.2022
372	P	Q	-0.1076	1.8721	-7.3037	-0.2044
372	P	R	-0.1541	1.8721	-8.3036	-0.2586
372	P	S	-0.0587	1.8721	-3.3496	-0.1668
372	P	T	-0.0757	1.8721	-4.3038	-0.1827
372	P	V	-0.0839	1.8721	-8.3036	-0.1666
372	P	W	-0.2258	1.8721	-21.5915	-0.2636
372	P	Y	-0.2142	1.8721	-21.5915	-0.2485
373	R	A	-0.0675	2.7811	-5.2946	-0.2748
373	R	C	-0.0664	2.7811	-3.3404	-0.2864
373	R	D	-0.1688	2.7811	-7.2946	-0.3940
373	R	E	-0.1140	2.7811	-7.2946	-0.3223
373	R	F	-0.1828	2.7811	-21.5823	-0.3169
373	R	G	-0.1131	2.7811	-7.2946	-0.3211
373	R	H	-0.0280	2.7811	-3.4873	-0.2352
373	R	I	-0.1800	2.7811	-21.5823	-0.3133
373	R	K	0.0452	2.7811	-4.7097	-0.1311
373	R	L	-0.0721	2.7811	-5.7096	-0.2780
373	R	M	-0.0511	2.7811	-8.2945	-0.2333
373	R	N	-0.0845	2.7811	-5.7096	-0.2943
373	R	P	-0.1989	2.7811	-3.2072	-0.4608
373	R	Q	-0.0457	2.7811	-5.9727	-0.2417
373	R	S	-0.0645	2.7811	-4.5942	-0.2755
373	R	T	-0.0724	2.7811	-5.2946	-0.2812
373	R	V	-0.0840	2.7811	-5.2946	-0.2964
373	R	W	-0.1683	2.7811	-21.5823	-0.2980
373	R	Y	-0.1043	2.7811	-8.2945	-0.3029
374	R	A	-0.0765	2.7073	-5.7234	-0.2748
374	R	C	-0.0934	2.7073	-7.3083	-0.2864
374	R	D	-0.1807	2.7073	-8.3082	-0.3940
374	R	E	-0.1260	2.7073	-8.3082	-0.3223
374	R	F	-0.1218	2.7073	-8.3082	-0.3169
374	R	G	-0.1118	2.7073	-5.7234	-0.3211
374	R	H	-0.0476	2.7073	-5.9864	-0.2352
374	R	I	-0.1869	2.7073	-21.5961	-0.3133
374	R	K	0.0425	2.7073	-3.9160	-0.1311
374	R	L	-0.0636	2.7073	-2.7234	-0.2780
374	R	M	-0.0478	2.7073	-6.3083	-0.2333
374	R	N	-0.1724	2.7073	-21.5961	-0.2943
374	R	P	-0.2042	2.7073	-2.9160	-0.4608
374	R	Q	-0.0367	2.7073	-2.8821	-0.2417
374	R	S	-0.0851	2.7073	-7.3083	-0.2755
374	R	T	-0.0802	2.7073	-5.5010	-0.2812
374	R	V	-0.1011	2.7073	-7.3083	-0.2964
374	R	W	-0.1752	2.7073	-21.5961	-0.2980
374	R	Y	-0.1789	2.7073	-21.5961	-0.3029
375	R	A	-0.0670	2.7381	-4.4195	-0.2748
375	R	C	-0.0958	2.7381	-8.3263	-0.2864
375	R	D	-0.2458	2.7381	-21.6142	-0.3940
375	R	E	-0.1181	2.7381	-7.3264	-0.3223
375	R	F	-0.1869	2.7381	-21.6142	-0.3169
375	R	G	-0.1142	2.7381	-6.7414	-0.3211
375	R	H	-0.0346	2.7381	-4.0045	-0.2352
375	R	I	-0.1841	2.7381	-21.6142	-0.3133
375	R	K	0.0423	2.7381	-4.5191	-0.1311
375	R	L	-0.0741	2.7381	-5.3264	-0.2780
375	R	M	-0.1230	2.7381	-21.6142	-0.2333
375	R	N	-0.0967	2.7381	-7.3264	-0.2943
375	R	P	-0.1978	2.7381	-2.2179	-0.4608
375	R	Q	-0.0341	2.7381	-2.9341	-0.2417
375	R	S	-0.0686	2.7381	-4.6260	-0.2755
375	R	T	-0.0816	2.7381	-6.3264	-0.2812
375	R	V	-0.1034	2.7381	-8.3263	-0.2964
375	R	W	-0.0966	2.7381	-6.7414	-0.2980
375	R	Y	-0.1084	2.7381	-8.3263	-0.3029
376	Q	A	0.0178	2.4425	-4.0179	-0.1308
376	Q	C	-0.0386	2.4425	-6.0179	-0.1913
376	Q	D	-0.0907	2.4425	-8.3397	-0.2441
376	Q	E	0.0069	2.4425	-5.1699	-0.1375
376	Q	F	-0.1262	2.4425	-21.6276	-0.2018
376	Q	G	-0.0698	2.4425	-7.3398	-0.2233
376	Q	H	0.0147	2.4425	-4.4330	-0.1322
376	Q	I	-0.0398	2.4425	-8.3397	-0.1774
376	Q	K	-0.0220	2.4425	-5.3398	-0.1742
376	Q	L	-0.0100	2.4425	-5.7549	-0.1556
376	Q	M	-0.0619	2.4425	-21.6276	-0.1176
376	Q	N	-0.0199	2.4425	-8.3397	-0.1513
376	Q	P	-0.1459	2.4425	-2.0919	-0.3581
376	Q	R	-0.0257	2.4425	-6.3398	-0.1723
376	Q	S	-0.0108	2.4425	-6.0179	-0.1549
376	Q	T	-0.0172	2.4425	-5.3398	-0.1679
376	Q	V	-0.0280	2.4425	-6.0179	-0.1775
376	Q	W	-0.1256	2.4425	-21.6276	-0.2010
376	Q	Y	-0.1285	2.4425	-21.6276	-0.2048
377	R	A	-0.0992	2.4934	-6.3264	-0.2748
377	R	C	-0.1040	2.4934	-5.5191	-0.2864
377	R	D	-0.1924	2.4934	-6.7414	-0.3940
377	R	E	-0.2135	2.4934	-21.6142	-0.3223
377	R	F	-0.1365	2.4934	-7.3264	-0.3169
377	R	G	-0.1305	2.4934	-5.5191	-0.3211
377	R	H	-0.0493	2.4934	-2.4685	-0.2352
377	R	I	-0.2067	2.4934	-21.6142	-0.3133
377	R	K	0.0003	2.4934	-8.3263	-0.1311
377	R	L	-0.0936	2.4934	-4.7415	-0.2780
377	R	M	-0.0777	2.4934	-8.3263	-0.2333
377	R	N	-0.1243	2.4934	-8.3263	-0.2943
377	R	P	-0.2253	2.4934	-3.1972	-0.4608
377	R	Q	-0.0710	2.4934	-5.7415	-0.2417
377	R	S	-0.0917	2.4934	-4.7415	-0.2755
377	R	T	-0.0990	2.4934	-5.3264	-0.2812
377	R	V	-0.1208	2.4934	-7.3264	-0.2964
377	R	W	-0.1272	2.4934	-8.3263	-0.2980
377	R	Y	-0.1309	2.4934	-8.3263	-0.3029
378	K	A	-0.0421	2.1881	-6.7548	-0.1604
378	K	C	-0.1882	2.1881	-21.6276	-0.2523
378	K	D	-0.1592	2.1881	-8.3397	-0.3031
378	K	E	-0.0700	2.1881	-7.3398	-0.1930
378	K	F	-0.1891	2.1881	-21.6276	-0.2535
378	K	G	-0.1013	2.1881	-6.7548	-0.2379
378	K	H	-0.0501	2.1881	-6.3398	-0.1736
378	K	I	-0.1564	2.1881	-21.6276	-0.2106
378	K	L	-0.0822	2.1881	-7.3398	-0.2089
378	K	M	-0.1281	2.1881	-21.6276	-0.1736
378	K	N	-0.1363	2.1881	-21.6276	-0.1843
378	K	P	-0.1986	2.1881	-3.2524	-0.3886
378	K	Q	-0.0306	2.1881	-4.6394	-0.1594
378	K	R	0.0522	2.1881	-1.2846	-0.0735
378	K	S	-0.0553	2.1881	-7.3398	-0.1737
378	K	T	-0.0505	2.1881	-4.0919	-0.1892
378	K	V	-0.1403	2.1881	-21.6276	-0.1895
378	K	W	-0.1982	2.1881	-21.6276	-0.2653
378	K	Y	-0.1740	2.1881	-21.6276	-0.2337
379	A	C	0.0236	3.0035	-5.0268	-0.1841
379	A	D	-0.0700	3.0035	-7.3487	-0.2911
379	A	E	-0.0556	3.0035	-7.3487	-0.2723
379	A	F	-0.0435	3.0035	-8.3486	-0.2497
379	A	G	0.0182	3.0035	-7.3487	-0.1756
379	A	H	-0.0267	3.0035	-4.2613	-0.2551
379	A	I	-0.0279	3.0035	-7.3487	-0.2360
379	A	K	-0.0511	3.0035	-5.5414	-0.2784
379	A	L	-0.0194	3.0035	-4.7638	-0.2422
379	A	M	-0.0643	3.0035	-21.6364	-0.1882
379	A	N	-0.1132	3.0035	-21.6364	-0.2523
379	A	P	-0.0808	3.0035	-1.6905	-0.3431
379	A	Q	-0.0297	3.0035	-5.7638	-0.2490
379	A	R	-0.0659	3.0035	-6.3487	-0.2924
379	A	S	0.0698	3.0035	-2.8893	-0.1379
379	A	T	0.0617	3.0035	-3.3043	-0.1457
379	A	V	0.0573	3.0035	-4.7638	-0.1418
379	A	W	-0.1222	3.0035	-21.6364	-0.2640
379	A	Y	-0.0575	3.0035	-7.3487	-0.2748
380	Q	A	-0.0045	2.2843	-5.5502	-0.1308
380	Q	C	-0.0651	2.2843	-8.3574	-0.1913
380	Q	D	-0.0973	2.2843	-6.7726	-0.2441
380	Q	E	-0.0031	2.2843	-4.2701	-0.1375
380	Q	F	-0.1409	2.2843	-21.6453	-0.2018
380	Q	G	-0.1573	2.2843	-21.6453	-0.2233
380	Q	H	0.0021	2.2843	-4.0356	-0.1322
380	Q	I	-0.0545	2.2843	-8.3574	-0.1774
380	Q	K	-0.0367	2.2843	-5.3575	-0.1742
380	Q	L	-0.0260	2.2843	-6.0356	-0.1556
380	Q	M	-0.0766	2.2843	-21.6453	-0.1176
380	Q	N	-0.0345	2.2843	-8.3574	-0.1513
380	Q	P	-0.1704	2.2843	-4.0356	-0.3581
380	Q	R	-0.0272	2.2843	-3.7726	-0.1723
380	Q	S	-0.0373	2.2843	-8.3574	-0.1549
380	Q	T	-0.0289	2.2843	-4.7726	-0.1679
380	Q	V	-0.0494	2.2843	-7.3575	-0.1775
380	Q	W	-0.0572	2.2843	-5.3575	-0.2010
380	Q	Y	-0.1432	2.2843	-21.6453	-0.2048
381	R	A	-0.1652	2.6247	-21.6142	-0.2748
381	R	C	-0.0868	2.6247	-4.5191	-0.2864
381	R	D	-0.1884	2.6247	-8.3263	-0.3940
381	R	E	-0.1337	2.6247	-8.3263	-0.3223
381	R	F	-0.1295	2.6247	-8.3263	-0.3169
381	R	G	-0.1166	2.6247	-5.1565	-0.3211
381	R	H	-0.0509	2.6247	-5.1565	-0.2352
381	R	I	-0.1217	2.6247	-7.3264	-0.3133
381	R	K	0.0399	2.6247	-2.9341	-0.1311
381	R	L	-0.0815	2.6247	-4.7415	-0.2780
381	R	M	-0.1335	2.6247	-21.6142	-0.2333
381	R	N	-0.1123	2.6247	-8.3263	-0.2943
381	R	P	-0.2394	2.6247	-8.3263	-0.4608
381	R	Q	-0.0421	2.6247	-2.4438	-0.2417
381	R	S	-0.0861	2.6247	-6.0045	-0.2755
381	R	T	-0.0810	2.6247	-4.1565	-0.2812
381	R	V	-0.1139	2.6247	-8.3263	-0.2964
381	R	W	-0.1049	2.6247	-6.3264	-0.2980
381	R	Y	-0.1866	2.6247	-21.6142	-0.3029
382	P	A	-0.0662	1.8364	-4.1062	-0.1672
382	P	C	-0.1880	1.8364	-21.5638	-0.2100
382	P	D	-0.2138	1.8364	-21.5638	-0.2439
382	P	E	-0.1977	1.8364	-21.5638	-0.2227
382	P	F	-0.1486	1.8364	-8.2760	-0.2472
382	P	G	-0.0842	1.8364	-4.8167	-0.1860
382	P	H	-0.1160	1.8364	-6.2761	-0.2179
382	P	I	-0.1994	1.8364	-21.5638	-0.2250
382	P	K	-0.1062	1.8364	-5.2761	-0.2118
382	P	L	-0.1153	1.8364	-4.1887	-0.2310
382	P	M	-0.0820	1.8364	-7.2761	-0.1668
382	P	N	-0.1820	1.8364	-21.5638	-0.2022
382	P	Q	-0.1837	1.8364	-21.5638	-0.2044
382	P	R	-0.1420	1.8364	-5.2761	-0.2586
382	P	S	-0.0718	1.8364	-5.2761	-0.1668
382	P	T	-0.0780	1.8364	-4.1062	-0.1827
382	P	V	-0.0870	1.8364	-8.2760	-0.1666
382	P	W	-0.2289	1.8364	-21.5638	-0.2636
382	P	Y	-0.2174	1.8364	-21.5638	-0.2485
383	P	A	0.0122	2.6172	-2.8167	-0.1672
383	P	C	-0.0432	2.6172	-7.2761	-0.2100
383	P	D	-0.1420	2.6172	-21.5638	-0.2439
383	P	E	-0.0580	2.6172	-8.2760	-0.2227
383	P	F	-0.1445	2.6172	-21.5638	-0.2472
383	P	G	-0.0978	2.6172	-21.5638	-0.1860
383	P	H	-0.1221	2.6172	-21.5638	-0.2179
383	P	I	-0.0598	2.6172	-8.2760	-0.2250
383	P	K	-0.0446	2.6172	-7.2761	-0.2118
383	P	L	-0.0393	2.6172	-3.3692	-0.2310
383	P	M	-0.0831	2.6172	-21.5638	-0.1668
383	P	N	-0.0372	2.6172	-7.2761	-0.2022
383	P	Q	-0.0216	2.6172	-3.8838	-0.2044
383	P	R	-0.0620	2.6172	-3.6912	-0.2586
383	P	S	0.0000	2.6172	-5.2761	-0.1668
383	P	T	-0.0274	2.6172	-8.2760	-0.1827
383	P	V	0.0048	2.6172	-4.3692	-0.1666
383	P	W	-0.0672	2.6172	-3.9542	-0.2636
383	P	Y	-0.1455	2.6172	-21.5638	-0.2485
384	A	C	-0.0955	2.6268	-21.5777	-0.1841
384	A	D	-0.0951	2.6268	-5.4827	-0.2911
384	A	E	-0.0584	2.6268	-1.1002	-0.2723
384	A	F	-0.1456	2.6268	-21.5777	-0.2497
384	A	G	-0.0059	2.6268	-5.2900	-0.1756
384	A	H	-0.0768	2.6268	-7.2900	-0.2551
384	A	I	-0.0674	2.6268	-8.2899	-0.2360
384	A	K	-0.0785	2.6268	-4.1201	-0.2784
384	A	L	-0.0602	2.6268	-5.9681	-0.2422
384	A	M	-0.0987	2.6268	-21.5777	-0.1882
384	A	N	-0.1476	2.6268	-21.5777	-0.2523
384	A	P	-0.1390	2.6268	-6.2900	-0.3431
384	A	Q	-0.0569	2.6268	-4.2900	-0.2490
384	A	R	-0.0900	2.6268	-4.2900	-0.2924
384	A	S	0.0157	2.6268	-6.7050	-0.1379
384	A	T	0.0159	2.6268	-5.4827	-0.1457
384	A	V	0.0335	2.6268	-2.6176	-0.1418
384	A	W	-0.1566	2.6268	-21.5777	-0.2640
384	A	Y	-0.1648	2.6268	-21.5777	-0.2748
385	P	A	-0.0501	2.0785	-5.3219	-0.1672
385	P	C	-0.1659	2.0785	-21.6096	-0.2100
385	P	D	-0.1138	2.0785	-6.3219	-0.2439
385	P	E	-0.1078	2.0785	-8.3218	-0.2227
385	P	F	-0.1943	2.0785	-21.6096	-0.2472
385	P	G	-0.0747	2.0785	-7.3219	-0.1860
385	P	H	-0.1041	2.0785	-8.3218	-0.2179
385	P	I	-0.1096	2.0785	-8.3218	-0.2250
385	P	K	-0.0914	2.0785	-6.7369	-0.2118
385	P	L	-0.0965	2.0785	-4.8625	-0.2310
385	P	M	-0.1329	2.0785	-21.6096	-0.1668
385	P	N	-0.0717	2.0785	-4.3219	-0.2022
385	P	Q	-0.0887	2.0785	-7.3219	-0.2044
385	P	R	-0.1250	2.0785	-6.3219	-0.2586
385	P	S	-0.0533	2.0785	-6.0000	-0.1668
385	P	T	-0.0420	2.0785	-1.4150	-0.1827
385	P	V	-0.0650	2.0785	-8.3218	-0.1666
385	P	W	-0.2069	2.0785	-21.6096	-0.2636
385	P	Y	-0.1953	2.0785	-21.6096	-0.2485
386	E	A	-0.0758	1.8916	-8.3706	-0.1580
386	E	C	-0.2130	1.8916	-21.6584	-0.2488
386	E	D	-0.0364	1.8916	-7.3706	-0.1131
386	E	F	-0.1228	1.8916	-8.3706	-0.2195
386	E	G	-0.0884	1.8916	-5.7857	-0.1917
386	E	H	-0.1141	1.8916	-8.3706	-0.2081
386	E	I	-0.1960	1.8916	-21.6584	-0.2265
386	E	K	-0.0598	1.8916	-0.9195	-0.1868
386	E	L	-0.1303	1.8916	-8.3706	-0.2293
386	E	M	-0.0791	1.8916	-8.3706	-0.1623
386	E	N	-0.0969	1.8916	-7.3706	-0.1923
386	E	P	-0.2247	1.8916	-6.7857	-0.3635
386	E	Q	-0.0289	1.8916	-4.5633	-0.1220
386	E	R	-0.1389	1.8916	-4.5633	-0.2660
386	E	S	-0.0812	1.8916	-6.7857	-0.1756
386	E	T	-0.1052	1.8916	-8.3706	-0.1964
386	E	V	-0.0890	1.8916	-8.3706	-0.1753
386	E	W	-0.2007	1.8916	-21.6584	-0.2327
386	E	Y	-0.1915	1.8916	-21.6584	-0.2206
387	A	C	-0.0844	1.9601	-7.3793	-0.1841
387	A	D	-0.1661	1.9601	-7.3793	-0.2911
387	A	E	-0.1426	1.9601	-5.5720	-0.2723
387	A	F	-0.2074	1.9601	-21.6671	-0.2497
387	A	G	-0.0712	1.9601	-6.0574	-0.1756
387	A	H	-0.1437	1.9601	-8.3792	-0.2551
387	A	I	-0.1970	1.9601	-21.6671	-0.2360
387	A	K	-0.2294	1.9601	-21.6671	-0.2784
387	A	L	-0.1237	1.9601	-6.3794	-0.2422
387	A	M	-0.1605	1.9601	-21.6671	-0.1882
387	A	N	-0.2094	1.9601	-21.6671	-0.2523
387	A	P	-0.2029	1.9601	-6.7944	-0.3431
387	A	Q	-0.1310	1.9601	-6.7944	-0.2490
387	A	R	-0.1553	1.9601	-5.0574	-0.2924
387	A	S	-0.0343	1.9601	-4.4725	-0.1379
387	A	T	-0.0393	1.9601	-4.2919	-0.1457
387	A	V	-0.0280	1.9601	-2.6515	-0.1418
387	A	W	-0.1505	1.9601	-8.3792	-0.2640
387	A	Y	-0.2266	1.9601	-21.6671	-0.2748
388	P	A	-0.1962	0.6045	-7.3793	-0.1672
388	P	C	-0.3018	0.6045	-21.6671	-0.2100
388	P	D	-0.2599	0.6045	-8.3792	-0.2439
388	P	E	-0.3115	0.6045	-21.6671	-0.2227
388	P	F	-0.3303	0.6045	-21.6671	-0.2472
388	P	G	-0.2835	0.6045	-21.6671	-0.1860
388	P	H	-0.2320	0.6045	-6.7944	-0.2179
388	P	I	-0.2455	0.6045	-8.3792	-0.2250
388	P	K	-0.3032	0.6045	-21.6671	-0.2118
388	P	L	-0.2501	0.6045	-8.3792	-0.2310
388	P	M	-0.2688	0.6045	-21.6671	-0.1668
388	P	N	-0.2959	0.6045	-21.6671	-0.2022
388	P	Q	-0.2976	0.6045	-21.6671	-0.2044
388	P	R	-0.2580	0.6045	-5.7944	-0.2586
388	P	S	-0.1834	0.6045	-4.9199	-0.1668
388	P	T	-0.2081	0.6045	-7.3793	-0.1827
388	P	V	-0.2687	0.6045	-21.6671	-0.1666
388	P	W	-0.3428	0.6045	-21.6671	-0.2636
388	P	Y	-0.3312	0.6045	-21.6671	-0.2485
389	K	A	-0.1169	2.2032	-21.6800	-0.1604
389	K	C	-0.1871	2.2032	-21.6800	-0.2523
389	K	D	-0.1372	2.2032	-4.3049	-0.3031
389	K	E	-0.0418	2.2032	-2.0885	-0.1930
389	K	F	-0.1880	2.2032	-21.6800	-0.2535
389	K	G	-0.1083	2.2032	-8.3922	-0.2379
389	K	H	-0.0422	2.2032	-5.0704	-0.1736
389	K	I	-0.0874	2.2032	-8.3922	-0.2106
389	K	L	-0.1540	2.2032	-21.6800	-0.2089
389	K	M	-0.0379	2.2032	-4.2224	-0.1736
389	K	N	-0.0461	2.2032	-4.2224	-0.1843
389	K	P	-0.2183	2.2032	-7.3923	-0.3886
389	K	Q	-0.0381	2.2032	-6.3923	-0.1594
389	K	R	0.0316	2.2032	-5.5850	-0.0735
389	K	S	-0.0542	2.2032	-7.3923	-0.1737
389	K	T	-0.0711	2.2032	-8.3922	-0.1892
389	K	V	-0.0662	2.2032	-7.3923	-0.1895
389	K	W	-0.1970	2.2032	-21.6800	-0.2653
389	K	Y	-0.1729	2.2032	-21.6800	-0.2337
390	E	A	-0.2471	0.7685	-21.6886	-0.1580
390	E	C	-0.3165	0.7685	-21.6886	-0.2488
390	E	D	-0.1297	0.7685	-5.4009	-0.1131
390	E	F	-0.2941	0.7685	-21.6886	-0.2195
390	E	G	-0.1868	0.7685	-4.8159	-0.1917
390	E	H	-0.2176	0.7685	-8.4007	-0.2081
390	E	I	-0.2995	0.7685	-21.6886	-0.2265
390	E	K	-0.1962	0.7685	-7.4008	-0.1868
390	E	L	-0.3016	0.7685	-21.6886	-0.2293
390	E	M	-0.2504	0.7685	-21.6886	-0.1623
390	E	N	-0.2733	0.7685	-21.6886	-0.1923
390	E	P	-0.4041	0.7685	-21.6886	-0.3635
390	E	Q	-0.1416	0.7685	-6.4009	-0.1220
390	E	R	-0.3296	0.7685	-21.6886	-0.2660
390	E	S	-0.2606	0.7685	-21.6886	-0.1756
390	E	T	-0.2036	0.7685	-7.4008	-0.1964
390	E	V	-0.1823	0.7685	-6.4009	-0.1753
390	E	W	-0.2283	0.7685	-6.8159	-0.2327
390	E	Y	-0.2950	0.7685	-21.6886	-0.2206
391	I	A	-0.2863	0.7550	-8.4135	-0.2963
391	I	C	-0.2663	0.7550	-8.4135	-0.2701
391	I	D	-0.4103	0.7550	-8.4135	-0.4587
391	I	E	-0.4590	0.7550	-21.7013	-0.4337
391	I	F	-0.3151	0.7550	-21.7013	-0.2452
391	I	G	-0.4447	0.7550	-21.7013	-0.4150
391	I	H	-0.4447	0.7550	-21.7013	-0.4149
391	I	K	-0.4515	0.7550	-21.7013	-0.4239
391	I	L	-0.1596	0.7550	-6.0917	-0.1460
391	I	M	-0.1609	0.7550	-5.2437	-0.1534
391	I	N	-0.3183	0.7550	-7.4136	-0.3449
391	I	P	-0.4981	0.7550	-21.7013	-0.4849
391	I	Q	-0.3459	0.7550	-7.4136	-0.3810
391	I	R	-0.4784	0.7550	-21.7013	-0.4590
391	I	S	-0.3136	0.7550	-5.8286	-0.3494
391	I	T	-0.2437	0.7550	-8.4135	-0.2405
391	I	V	-0.1184	0.7550	-5.8286	-0.0938
391	I	W	-0.4040	0.7550	-21.7013	-0.3616
391	I	Y	-0.4128	0.7550	-21.7013	-0.3732
392	P	A	-0.2947	0.3287	-21.6971	-0.1672
392	P	C	-0.2596	0.3287	-8.4093	-0.2100
392	P	D	-0.3533	0.3287	-21.6971	-0.2439
392	P	E	-0.2591	0.3287	-6.4094	-0.2227
392	P	F	-0.3558	0.3287	-21.6971	-0.2472
392	P	G	-0.3090	0.3287	-21.6971	-0.1860
392	P	H	-0.3334	0.3287	-21.6971	-0.2179
392	P	I	-0.3388	0.3287	-21.6971	-0.2250
392	P	K	-0.3287	0.3287	-21.6971	-0.2118
392	P	L	-0.2654	0.3287	-6.4094	-0.2310
392	P	M	-0.2266	0.3287	-8.4093	-0.1668
392	P	N	-0.2536	0.3287	-8.4093	-0.2022
392	P	Q	-0.3231	0.3287	-21.6971	-0.2044
392	P	R	-0.3645	0.3287	-21.6971	-0.2586
392	P	S	-0.2266	0.3287	-8.4093	-0.1668
392	P	T	-0.2387	0.3287	-8.4093	-0.1827
392	P	V	-0.2942	0.3287	-21.6971	-0.1666
392	P	W	-0.3683	0.3287	-21.6971	-0.2636
392	P	Y	-0.3568	0.3287	-21.6971	-0.2485
393	P	A	-0.1673	0.7846	-4.9584	-0.1672
393	P	C	-0.2855	0.7846	-21.7056	-0.2100
393	P	D	-0.2435	0.7846	-8.4177	-0.2439
393	P	E	-0.2155	0.7846	-6.0959	-0.2227
393	P	F	-0.2461	0.7846	-8.4177	-0.2472
393	P	G	-0.2671	0.7846	-21.7056	-0.1860
393	P	H	-0.2915	0.7846	-21.7056	-0.2179
393	P	I	-0.2969	0.7846	-21.7056	-0.2250
393	P	K	-0.2868	0.7846	-21.7056	-0.2118
393	P	L	-0.2160	0.7846	-4.9584	-0.2310
393	P	M	-0.2525	0.7846	-21.7056	-0.1668
393	P	N	-0.2795	0.7846	-21.7056	-0.2022
393	P	Q	-0.2134	0.7846	-8.4177	-0.2044
393	P	R	-0.2548	0.7846	-8.4177	-0.2586
393	P	S	-0.1715	0.7846	-5.8329	-0.1668
393	P	T	-0.1968	0.7846	-8.4177	-0.1827
393	P	V	-0.2523	0.7846	-21.7056	-0.1666
393	P	W	-0.3264	0.7846	-21.7056	-0.2636
393	P	Y	-0.3149	0.7846	-21.7056	-0.2485
394	E	A	-0.1819	0.6313	-6.4262	-0.1580
394	E	C	-0.3292	0.6313	-21.7140	-0.2488
394	E	D	-0.1578	0.6313	-8.4261	-0.1131
394	E	F	-0.3069	0.6313	-21.7140	-0.2195
394	E	G	-0.2178	0.6313	-8.4261	-0.1917
394	E	H	-0.2982	0.6313	-21.7140	-0.2081
394	E	I	-0.3122	0.6313	-21.7140	-0.2265
394	E	K	-0.1988	0.6313	-5.4263	-0.1868
394	E	L	-0.3144	0.6313	-21.7140	-0.2293
394	E	M	-0.2632	0.6313	-21.7140	-0.1623
394	E	N	-0.2132	0.6313	-7.4262	-0.1923
394	E	P	-0.3491	0.6313	-8.4261	-0.3635
394	E	Q	-0.1514	0.6313	-5.8413	-0.1220
394	E	R	-0.2644	0.6313	-6.4262	-0.2660
394	E	S	-0.2055	0.6313	-8.4261	-0.1756
394	E	T	-0.2892	0.6313	-21.7140	-0.1964
394	E	V	-0.2731	0.6313	-21.7140	-0.1753
394	E	W	-0.3170	0.6313	-21.7140	-0.2327
394	E	Y	-0.3077	0.6313	-21.7140	-0.2206
395	A	C	-0.2360	1.1071	-21.7056	-0.1841
395	A	D	-0.2346	1.1071	-5.4178	-0.2911
395	A	E	-0.3034	1.1071	-21.7056	-0.2723
395	A	F	-0.2861	1.1071	-21.7056	-0.2497
395	A	G	-0.1617	1.1071	-8.4177	-0.1756
395	A	H	-0.2902	1.1071	-21.7056	-0.2551
395	A	I	-0.2756	1.1071	-21.7056	-0.2360
395	A	K	-0.3080	1.1071	-21.7056	-0.2784
395	A	L	-0.2075	1.1071	-7.4178	-0.2422
395	A	M	-0.2391	1.1071	-21.7056	-0.1882
395	A	N	-0.2203	1.1071	-8.4177	-0.2523
395	A	P	-0.3575	1.1071	-21.7056	-0.3431
395	A	Q	-0.2856	1.1071	-21.7056	-0.2490
395	A	R	-0.3187	1.1071	-21.7056	-0.2924
395	A	S	-0.1329	1.1071	-8.4177	-0.1379
395	A	T	-0.1338	1.1071	-7.4178	-0.1457
395	A	V	-0.1038	1.1071	-2.1325	-0.1418
395	A	W	-0.2970	1.1071	-21.7056	-0.2640
395	A	Y	-0.3053	1.1071	-21.7056	-0.2748
396	V	A	-0.1729	1.1138	-7.4262	-0.1977
396	V	C	-0.2737	1.1138	-21.7140	-0.2342
396	V	D	-0.3395	1.1138	-7.4262	-0.4158
396	V	E	-0.2836	1.1138	-4.8413	-0.3599
396	V	F	-0.3230	1.1138	-21.7140	-0.2987
396	V	G	-0.3716	1.1138	-21.7140	-0.3624
396	V	H	-0.4154	1.1138	-21.7140	-0.4197
396	V	I	-0.0947	1.1138	-4.7258	-0.1133
396	V	K	-0.4087	1.1138	-21.7140	-0.4109
396	V	L	-0.1603	1.1138	-4.8413	-0.1985
396	V	M	-0.1724	1.1138	-5.4263	-0.2104
396	V	N	-0.4003	1.1138	-21.7140	-0.3999
396	V	P	-0.4501	1.1138	-21.7140	-0.4652
396	V	Q	-0.3803	1.1138	-21.7140	-0.3738
396	V	R	-0.3475	1.1138	-5.6189	-0.4384
396	V	S	-0.3495	1.1138	-21.7140	-0.3334
396	V	T	-0.1970	1.1138	-8.4261	-0.2226
396	V	W	-0.2957	1.1138	-8.4261	-0.3518
396	V	Y	-0.3664	1.1138	-21.7140	-0.3556
397	K	A	-0.0424	2.1900	-6.8413	-0.1604
397	K	C	-0.1885	2.1900	-21.7140	-0.2523
397	K	D	-0.2273	2.1900	-21.7140	-0.3031
397	K	E	-0.0592	2.1900	-5.2563	-0.1930
397	K	F	-0.1894	2.1900	-21.7140	-0.2535
397	K	G	-0.0965	2.1900	-5.8413	-0.2379
397	K	H	-0.0487	2.1900	-6.1043	-0.1736
397	K	I	-0.1566	2.1900	-21.7140	-0.2106
397	K	L	-0.0875	2.1900	-8.4261	-0.2089
397	K	M	-0.0606	2.1900	-8.4261	-0.1736
397	K	N	-0.0556	2.1900	-5.8413	-0.1843
397	K	P	-0.2926	2.1900	-21.7140	-0.3886
397	K	Q	-0.0136	2.1900	-1.3495	-0.1594
397	K	R	0.0459	2.1900	-2.5436	-0.0735
397	K	S	-0.0504	2.1900	-6.4262	-0.1737
397	K	T	-0.0644	2.1900	-6.8413	-0.1892
397	K	V	-0.1405	2.1900	-21.7140	-0.1895
397	K	W	-0.1306	2.1900	-8.4261	-0.2653
397	K	Y	-0.1743	2.1900	-21.7140	-0.2337
398	E	A	-0.2647	0.5794	-21.7140	-0.1580
398	E	C	-0.2662	0.5794	-8.4261	-0.2488
398	E	D	-0.1507	0.5794	-6.1043	-0.1131
398	E	F	-0.3116	0.5794	-21.7140	-0.2195
398	E	G	-0.2175	0.5794	-7.4262	-0.1917
398	E	H	-0.3029	0.5794	-21.7140	-0.2081
398	E	I	-0.3170	0.5794	-21.7140	-0.2265
398	E	K	-0.2189	0.5794	-8.4261	-0.1868
398	E	L	-0.3191	0.5794	-21.7140	-0.2293
398	E	M	-0.2679	0.5794	-21.7140	-0.1623
398	E	N	-0.2909	0.5794	-21.7140	-0.1923
398	E	P	-0.3487	0.5794	-7.4262	-0.3635
398	E	Q	-0.1485	0.5794	-4.3388	-0.1220
398	E	R	-0.3472	0.5794	-21.7140	-0.2660
398	E	S	-0.2103	0.5794	-8.4261	-0.1756
398	E	T	-0.2940	0.5794	-21.7140	-0.1964
398	E	V	-0.2779	0.5794	-21.7140	-0.1753
398	E	W	-0.3217	0.5794	-21.7140	-0.2327
398	E	Y	-0.3125	0.5794	-21.7140	-0.2206
399	Y	A	-0.2978	0.9102	-8.4261	-0.3300
399	Y	C	-0.2604	0.9102	-6.8413	-0.2916
399	Y	D	-0.2958	0.9102	-5.2563	-0.3486
399	Y	E	-0.4085	0.9102	-21.7140	-0.3862
399	Y	F	-0.1302	0.9102	-7.4262	-0.1173
399	Y	G	-0.3633	0.9102	-7.4262	-0.4224
399	Y	H	-0.1831	0.9102	-4.0339	-0.2092
399	Y	I	-0.3777	0.9102	-21.7140	-0.3458
399	Y	K	-0.4338	0.9102	-21.7140	-0.4193
399	Y	L	-0.2789	0.9102	-6.8413	-0.3158
399	Y	M	-0.3069	0.9102	-21.7140	-0.2531
399	Y	N	-0.2791	0.9102	-6.1043	-0.3211
399	Y	P	-0.4898	0.9102	-21.7140	-0.4926
399	Y	Q	-0.3833	0.9102	-21.7140	-0.3532
399	Y	R	-0.4292	0.9102	-21.7140	-0.4132
399	Y	S	-0.3703	0.9102	-21.7140	-0.3362
399	Y	T	-0.3890	0.9102	-21.7140	-0.3606
399	Y	V	-0.3672	0.9102	-21.7140	-0.3321
399	Y	W	-0.2154	0.9102	-8.4261	-0.2221
400	V	A	-0.0223	2.4995	-2.9027	-0.1977
400	V	C	-0.1462	2.4995	-21.7140	-0.2342
400	V	D	-0.2849	2.4995	-21.7140	-0.4158
400	V	E	-0.1567	2.4995	-4.9668	-0.3599
400	V	F	-0.1955	2.4995	-21.7140	-0.2987
400	V	G	-0.1631	2.4995	-5.8413	-0.3624
400	V	H	-0.2879	2.4995	-21.7140	-0.4197
400	V	I	0.0407	2.4995	-3.1783	-0.1133
400	V	K	-0.2134	2.4995	-8.4261	-0.4109
400	V	L	-0.0368	2.4995	-5.6189	-0.1985
400	V	M	-0.0272	2.4995	-1.9668	-0.2104
400	V	N	-0.2050	2.4995	-8.4261	-0.3999
400	V	P	-0.2548	2.4995	-8.4261	-0.4652
400	V	Q	-0.2528	2.4995	-21.7140	-0.3738
400	V	R	-0.2344	2.4995	-8.4261	-0.4384
400	V	S	-0.1440	2.4995	-6.4262	-0.3334
400	V	T	-0.0506	2.4995	-4.7258	-0.2226
400	V	W	-0.2360	2.4995	-21.7140	-0.3518
400	V	Y	-0.2389	2.4995	-21.7140	-0.3556
401	D	A	-0.1681	1.0533	-5.8413	-0.1947
401	D	C	-0.2906	1.0533	-21.7140	-0.2490
401	D	E	-0.1002	1.0533	-3.3388	-0.1226
401	D	F	-0.3492	1.0533	-21.7140	-0.3258
401	D	G	-0.2602	1.0533	-21.7140	-0.2093
401	D	H	-0.2584	1.0533	-21.7140	-0.2069
401	D	I	-0.2736	1.0533	-8.4261	-0.3156
401	D	K	-0.2469	1.0533	-7.4262	-0.2873
401	D	L	-0.3351	1.0533	-21.7140	-0.3073
401	D	M	-0.2738	1.0533	-21.7140	-0.2271
401	D	N	-0.1285	1.0533	-4.6189	-0.1511
401	D	P	-0.3131	1.0533	-7.4262	-0.3740
401	D	Q	-0.2761	1.0533	-21.7140	-0.2300
401	D	R	-0.2830	1.0533	-8.4261	-0.3279
401	D	S	-0.1796	1.0533	-6.8413	-0.2031
401	D	T	-0.2855	1.0533	-21.7140	-0.2424
401	D	V	-0.2961	1.0533	-21.7140	-0.2563
401	D	W	-0.3297	1.0533	-21.7140	-0.3002
401	D	Y	-0.2941	1.0533	-21.7140	-0.2536
402	I	A	-0.2592	0.9212	-6.1043	-0.2963
402	I	C	-0.3188	0.9212	-21.7140	-0.2701
402	I	D	-0.4629	0.9212	-21.7140	-0.4587
402	I	E	-0.4438	0.9212	-21.7140	-0.4337
402	I	F	-0.2320	0.9212	-8.4261	-0.2452
402	I	G	-0.3617	0.9212	-8.4261	-0.4150
402	I	H	-0.4294	0.9212	-21.7140	-0.4149
402	I	K	-0.4363	0.9212	-21.7140	-0.4239
402	I	L	-0.1358	0.9212	-4.4263	-0.1460
402	I	M	-0.2297	0.9212	-21.7140	-0.1534
402	I	N	-0.3031	0.9212	-7.4262	-0.3449
402	I	P	-0.4829	0.9212	-21.7140	-0.4849
402	I	Q	-0.3357	0.9212	-8.4261	-0.3810
402	I	R	-0.3953	0.9212	-8.4261	-0.4590
402	I	S	-0.3065	0.9212	-7.4262	-0.3494
402	I	T	-0.2095	0.9212	-4.7258	-0.2405
402	I	V	-0.1083	0.9212	-6.8413	-0.0938
402	I	W	-0.3209	0.9212	-8.4261	-0.3616
402	I	Y	-0.3976	0.9212	-21.7140	-0.3732
403	M	A	-0.3256	0.7983	-21.7140	-0.2641
403	M	C	-0.3311	0.7983	-21.7140	-0.2713
403	M	D	-0.4370	0.7983	-21.7140	-0.4100
403	M	E	-0.4272	0.7983	-21.7140	-0.3972
403	M	F	-0.2628	0.7983	-8.4261	-0.2707
403	M	G	-0.4065	0.7983	-21.7140	-0.3700
403	M	H	-0.3838	0.7983	-21.7140	-0.3404
403	M	I	-0.1669	0.7983	-6.8413	-0.1558
403	M	K	-0.3122	0.7983	-6.8413	-0.3460
403	M	L	-0.1212	0.7983	-4.3388	-0.1126
403	M	N	-0.3786	0.7983	-21.7140	-0.3336
403	M	P	-0.4169	0.7983	-6.1043	-0.4879
403	M	Q	-0.3029	0.7983	-8.4261	-0.3232
403	M	R	-0.3476	0.7983	-8.4261	-0.3817
403	M	S	-0.3570	0.7983	-21.7140	-0.3052
403	M	T	-0.2170	0.7983	-6.1043	-0.2263
403	M	V	-0.1990	0.7983	-6.8413	-0.1978
403	M	W	-0.3934	0.7983	-21.7140	-0.3529
403	M	Y	-0.3729	0.7983	-21.7140	-0.3261
404	E	A	-0.1061	1.4096	-5.6105	-0.1580
404	E	C	-0.2576	1.4096	-21.7056	-0.2488
404	E	D	-0.0521	1.4096	-1.7596	-0.1131
404	E	F	-0.2352	1.4096	-21.7056	-0.2195
404	E	G	-0.1462	1.4096	-8.4177	-0.1917
404	E	H	-0.1536	1.4096	-7.4178	-0.2081
404	E	I	-0.1727	1.4096	-8.4177	-0.2265
404	E	K	-0.1322	1.4096	-6.4178	-0.1868
404	E	L	-0.1749	1.4096	-8.4177	-0.2293
404	E	M	-0.1915	1.4096	-21.7056	-0.1623
404	E	N	-0.2144	1.4096	-21.7056	-0.1923
404	E	P	-0.3452	1.4096	-21.7056	-0.3635
404	E	Q	-0.0786	1.4096	-5.6105	-0.1220
404	E	R	-0.2029	1.4096	-8.4177	-0.2660
404	E	S	-0.1339	1.4096	-8.4177	-0.1756
404	E	T	-0.2176	1.4096	-21.7056	-0.1964
404	E	V	-0.2014	1.4096	-21.7056	-0.1753
404	E	W	-0.2453	1.4096	-21.7056	-0.2327
404	E	Y	-0.2360	1.4096	-21.7056	-0.2206
405	W	A	-0.2578	2.4222	-3.4338	-0.4931
405	W	C	-0.2189	2.4222	-8.3879	-0.4091
405	W	D	-0.2885	2.4222	-4.6876	-0.5249
405	W	E	-0.2923	2.4222	-1.6067	-0.5505
405	W	F	-0.2034	2.4222	-21.6757	-0.3001
405	W	G	-0.2334	2.4222	-1.5678	-0.4737
405	W	H	-0.3392	2.4222	-21.6757	-0.4778
405	W	I	-0.3367	2.4222	-21.6757	-0.4746
405	W	K	-0.3338	2.4222	-7.3880	-0.5662
405	W	L	-0.2304	2.4222	-8.3879	-0.4242
405	W	M	-0.3104	2.4222	-21.6757	-0.4401
405	W	N	-0.3075	2.4222	-6.8030	-0.5357
405	W	P	-0.4216	2.4222	-21.6757	-0.5857
405	W	Q	-0.3064	2.4222	-8.3879	-0.5237
405	W	R	-0.2588	2.4222	-6.8030	-0.4719
405	W	S	-0.2693	2.4222	-6.0661	-0.4906
405	W	T	-0.3146	2.4222	-6.3880	-0.5477
405	W	V	-0.2555	2.4222	-7.3880	-0.4637
405	W	Y	-0.1836	2.4222	-8.3879	-0.3629
406	L	A	-0.3853	0.3402	-21.6757	-0.2874
406	L	C	-0.3746	0.3402	-21.6757	-0.2733
406	L	D	-0.5068	0.3402	-21.6757	-0.4465
406	L	E	-0.4071	0.3402	-8.3879	-0.4047
406	L	F	-0.3188	0.3402	-21.6757	-0.2003
406	L	G	-0.4602	0.3402	-21.6757	-0.3854
406	L	H	-0.4277	0.3402	-21.6757	-0.3429
406	L	I	-0.1916	0.3402	-8.3879	-0.1226
406	L	K	-0.4739	0.3402	-21.6757	-0.4034
406	L	M	-0.2068	0.3402	-6.8030	-0.1531
406	L	N	-0.4532	0.3402	-21.6757	-0.3762
406	L	P	-0.3928	0.3402	-6.8030	-0.3966
406	L	Q	-0.3332	0.3402	-7.3880	-0.3146
406	L	R	-0.4655	0.3402	-21.6757	-0.3924
406	L	S	-0.4157	0.3402	-21.6757	-0.3272
406	L	T	-0.3206	0.3402	-8.3879	-0.2915
406	L	V	-0.2228	0.3402	-7.3880	-0.1701
406	L	W	-0.4179	0.3402	-21.6757	-0.3301
406	L	Y	-0.4108	0.3402	-21.6757	-0.3208
407	V	A	-0.0619	2.1891	-5.0531	-0.1977
407	V	C	-0.0986	2.1891	-6.7900	-0.2342
407	V	D	-0.2373	2.1891	-6.7900	-0.4158
407	V	E	-0.1767	2.1891	-3.2876	-0.3599
407	V	F	-0.1428	2.1891	-5.7901	-0.2987
407	V	G	-0.2724	2.1891	-21.6628	-0.3624
407	V	H	-0.3162	2.1891	-21.6628	-0.4197
407	V	I	-0.0143	2.1891	-8.3749	-0.1133
407	V	K	-0.3095	2.1891	-21.6628	-0.4109
407	V	L	-0.0421	2.1891	-1.0622	-0.1985
407	V	M	-0.0696	2.1891	-4.6746	-0.2104
407	V	N	-0.3011	2.1891	-21.6628	-0.3999
407	V	P	-0.2750	2.1891	-6.7900	-0.4652
407	V	Q	-0.2133	2.1891	-8.3749	-0.3738
407	V	R	-0.2576	2.1891	-7.3750	-0.4384
407	V	S	-0.1825	2.1891	-8.3749	-0.3334
407	V	T	-0.0897	2.1891	-6.7900	-0.2226
407	V	W	-0.1965	2.1891	-8.3749	-0.3518
407	V	Y	-0.2672	2.1891	-21.6628	-0.3556
408	G	A	-0.1899	1.1690	-5.3531	-0.2405
408	G	C	-0.3328	1.1690	-21.6409	-0.3187
408	G	D	-0.2655	1.1690	-8.3530	-0.3194
408	G	E	-0.2465	1.1690	-4.7682	-0.3185
408	G	F	-0.3709	1.1690	-21.6409	-0.3686
408	G	H	-0.3456	1.1690	-21.6409	-0.3355
408	G	I	-0.3407	1.1690	-6.7681	-0.4284
408	G	K	-0.2926	1.1690	-7.3531	-0.3616
408	G	L	-0.3848	1.1690	-21.6409	-0.3868
408	G	M	-0.3230	1.1690	-21.6409	-0.3059
408	G	N	-0.3336	1.1690	-21.6409	-0.3198
408	G	P	-0.3511	1.1690	-6.0312	-0.4469
408	G	Q	-0.2534	1.1690	-5.3531	-0.3236
408	G	R	-0.2641	1.1690	-4.8937	-0.3407
408	G	S	-0.2060	1.1690	-7.3531	-0.2482
408	G	T	-0.2880	1.1690	-8.3530	-0.3489
408	G	V	-0.2920	1.1690	-8.3530	-0.3541
408	G	W	-0.3029	1.1690	-8.3530	-0.3683
408	G	Y	-0.3713	1.1690	-21.6409	-0.3691
409	T	A	0.0490	3.0394	-4.1876	-0.1608
409	T	C	-0.0030	3.0394	-7.3575	-0.2077
409	T	D	-0.0798	3.0394	-6.7726	-0.3121
409	T	E	-0.0551	3.0394	-6.7726	-0.2798
409	T	F	-0.0663	3.0394	-5.7726	-0.3012
409	T	G	-0.0281	3.0394	-4.8981	-0.2570
409	T	H	-0.0415	3.0394	-4.7726	-0.2754
409	T	I	0.0099	3.0394	-6.7726	-0.1947
409	T	K	-0.1232	3.0394	-21.6453	-0.2696
409	T	L	-0.0281	3.0394	-4.0356	-0.2627
409	T	M	-0.0849	3.0394	-21.6453	-0.2194
409	T	N	-0.0160	3.0394	-6.0356	-0.2336
409	T	P	-0.1046	3.0394	-2.0908	-0.3759
409	T	Q	-0.0323	3.0394	-7.3575	-0.2460
409	T	R	-0.0582	3.0394	-8.3574	-0.2733
409	T	S	0.0973	3.0394	-1.8340	-0.1133
409	T	V	0.0418	3.0394	-2.9652	-0.1784
409	T	W	-0.1402	3.0394	-21.6453	-0.2919
409	T	Y	-0.0810	3.0394	-8.3574	-0.3031
410	H	A	0.0356	2.6897	-5.5458	-0.1271
410	H	C	-0.0281	2.6897	-7.3531	-0.1985
410	H	D	-0.0097	2.6897	-5.1832	-0.1889
410	H	E	-0.0205	2.6897	-5.0312	-0.2040
410	H	F	0.0140	2.6897	-5.5458	-0.1554
410	H	G	-0.0460	2.6897	-5.3531	-0.2352
410	H	I	-0.1327	2.6897	-21.6409	-0.2400
410	H	K	-0.0216	2.6897	-8.3530	-0.1833
410	H	L	-0.0234	2.6897	-7.3531	-0.1923
410	H	M	-0.0464	2.6897	-21.6409	-0.1270
410	H	N	0.0227	2.6897	-6.7681	-0.1359
410	H	P	-0.1117	2.6897	-2.4224	-0.3408
410	H	Q	0.0730	2.6897	-4.4463	-0.0855
410	H	R	0.0002	2.6897	-5.3531	-0.1747
410	H	S	0.0357	2.6897	-4.3531	-0.1349
410	H	T	-0.0295	2.6897	-8.3530	-0.1936
410	H	V	-0.0111	2.6897	-6.3531	-0.1829
410	H	W	-0.0085	2.6897	-6.7681	-0.1767
410	H	Y	0.0678	2.6897	-4.7682	-0.0902
411	L	A	-0.1050	2.4922	-5.5502	-0.2874
411	L	C	-0.0942	2.4922	-5.5502	-0.2733
411	L	D	-0.3087	2.4922	-21.6453	-0.4465
411	L	E	-0.2008	2.4922	-6.7726	-0.4047
411	L	F	-0.0447	2.4922	-6.7726	-0.2003
411	L	G	-0.1780	2.4922	-5.1876	-0.3854
411	L	H	-0.1617	2.4922	-8.3574	-0.3429
411	L	I	0.0197	2.4922	-5.7726	-0.1226
411	L	K	-0.2758	2.4922	-21.6453	-0.4034
411	L	M	-0.0117	2.4922	-7.3575	-0.1531
411	L	N	-0.2550	2.4922	-21.6453	-0.3762
411	L	P	-0.1800	2.4922	-3.8981	-0.3966
411	L	Q	-0.2079	2.4922	-21.6453	-0.3146
411	L	R	-0.1995	2.4922	-8.3574	-0.3924
411	L	S	-0.1159	2.4922	-1.7282	-0.3272
411	L	T	-0.1008	2.4922	-4.1096	-0.2915
411	L	V	-0.0093	2.4922	-4.3576	-0.1701
411	L	W	-0.2198	2.4922	-21.6453	-0.3301
411	L	Y	-0.1449	2.4922	-8.3574	-0.3208
412	A	C	-0.0766	1.9897	-6.3750	-0.1841
412	A	D	-0.1502	1.9897	-4.7901	-0.2911
412	A	E	-0.1460	1.9897	-6.7900	-0.2723
412	A	F	-0.1237	1.9897	-5.7901	-0.2497
412	A	G	-0.0575	1.9897	-3.9156	-0.1756
412	A	H	-0.1410	1.9897	-8.3749	-0.2551
412	A	I	-0.1264	1.9897	-8.3749	-0.2360
412	A	K	-0.1588	1.9897	-8.3749	-0.2784
412	A	L	-0.1135	1.9897	-4.9156	-0.2422
412	A	M	-0.1577	1.9897	-21.6628	-0.1882
412	A	N	-0.1389	1.9897	-8.3749	-0.2523
412	A	P	-0.1893	1.9897	-4.6746	-0.3431
412	A	Q	-0.2041	1.9897	-21.6628	-0.2490
412	A	R	-0.1695	1.9897	-8.3749	-0.2924
412	A	S	-0.0311	1.9897	-4.3750	-0.1379
412	A	T	-0.0442	1.9897	-5.7901	-0.1457
412	A	V	-0.0413	1.9897	-5.7901	-0.1418
412	A	W	-0.2156	1.9897	-21.6628	-0.2640
412	A	Y	-0.1509	1.9897	-7.3750	-0.2748
413	T	A	-0.0269	2.2253	-4.3794	-0.1608
413	T	C	-0.1509	2.2253	-21.6671	-0.2077
413	T	D	-0.1578	2.2253	-7.3793	-0.3121
413	T	E	-0.1220	2.2253	-5.2094	-0.2798
413	T	F	-0.2224	2.2253	-21.6671	-0.3012
413	T	G	-0.1157	2.2253	-7.3793	-0.2570
413	T	H	-0.2027	2.2253	-21.6671	-0.2754
413	T	I	-0.0549	2.2253	-4.7944	-0.1947
413	T	K	-0.1253	2.2253	-7.3793	-0.2696
413	T	L	-0.1098	2.2253	-5.3794	-0.2627
413	T	M	-0.0721	2.2253	-4.4725	-0.2194
413	T	N	-0.0948	2.2253	-6.7944	-0.2336
413	T	P	-0.1885	2.2253	-3.8558	-0.3759
413	T	Q	-0.1124	2.2253	-8.3792	-0.2460
413	T	R	-0.1332	2.2253	-8.3792	-0.2733
413	T	S	0.0121	2.2253	-3.8558	-0.1133
413	T	V	-0.0431	2.2253	-4.9199	-0.1784
413	T	W	-0.2153	2.2253	-21.6671	-0.2919
413	T	Y	-0.2238	2.2253	-21.6671	-0.3031
414	G	A	-0.1206	1.9791	-6.3750	-0.2405
414	G	C	-0.2584	1.9791	-21.6628	-0.3187
414	G	D	-0.1911	1.9791	-8.3749	-0.3194
414	G	E	-0.1622	1.9791	-2.8515	-0.3185
414	G	F	-0.2965	1.9791	-21.6628	-0.3686
414	G	H	-0.1983	1.9791	-7.3750	-0.3355
414	G	I	-0.2692	1.9791	-7.3750	-0.4284
414	G	K	-0.2115	1.9791	-6.0531	-0.3616
414	G	L	-0.2375	1.9791	-7.3750	-0.3868
414	G	M	-0.1665	1.9791	-5.5677	-0.3059
414	G	N	-0.2592	1.9791	-21.6628	-0.3198
414	G	P	-0.2715	1.9791	-5.0531	-0.4469
414	G	Q	-0.1892	1.9791	-7.3750	-0.3236
414	G	R	-0.1921	1.9791	-5.3750	-0.3407
414	G	S	-0.2045	1.9791	-21.6628	-0.2482
414	G	T	-0.1993	1.9791	-5.5677	-0.3489
414	G	V	-0.1977	1.9791	-4.4681	-0.3541
414	G	W	-0.2166	1.9791	-6.0531	-0.3683
414	G	Y	-0.2969	1.9791	-21.6628	-0.3691
415	E	A	-0.0287	2.1722	-4.2008	-0.1580
415	E	C	-0.1872	2.1722	-21.6584	-0.2488
415	E	D	0.0032	2.1722	-4.6702	-0.1131
415	E	F	-0.1648	2.1722	-21.6584	-0.2195
415	E	G	-0.0494	2.1722	-3.2008	-0.1917
415	E	H	-0.0781	2.1722	-6.3707	-0.2081
415	E	I	-0.1701	2.1722	-21.6584	-0.2265
415	E	K	-0.0544	2.1722	-4.9113	-0.1868
415	E	L	-0.1045	2.1722	-8.3706	-0.2293
415	E	M	-0.0533	2.1722	-8.3706	-0.1623
415	E	N	-0.0762	2.1722	-8.3706	-0.1923
415	E	P	-0.1866	2.1722	-4.3707	-0.3635
415	E	Q	-0.0056	2.1722	-5.0488	-0.1220
415	E	R	-0.1274	2.1722	-7.3706	-0.2660
415	E	S	-0.0635	2.1722	-8.3706	-0.1756
415	E	T	-0.0640	2.1722	-5.3707	-0.1964
415	E	V	-0.0530	2.1722	-6.3707	-0.1753
415	E	W	-0.1749	2.1722	-21.6584	-0.2327
415	E	Y	-0.0978	2.1722	-8.3706	-0.2206
416	S	A	0.0552	2.6684	-4.5763	-0.1054
416	S	C	-0.0825	2.6684	-21.6714	-0.1715
416	S	D	-0.0527	2.6684	-6.3837	-0.2346
416	S	E	-0.0099	2.6684	-3.2544	-0.1995
416	S	F	-0.1101	2.6684	-21.6714	-0.2076
416	S	G	0.0317	2.6684	-7.3836	-0.1174
416	S	H	-0.0384	2.6684	-7.3836	-0.2092
416	S	I	-0.0373	2.6684	-6.7987	-0.2117
416	S	K	-0.0397	2.6684	-5.7987	-0.2214
416	S	L	-0.0127	2.6684	-2.7113	-0.2068
416	S	M	-0.0127	2.6684	-8.3836	-0.1689
416	S	N	0.0135	2.6684	-8.3836	-0.1346
416	S	P	-0.0828	2.6684	-1.5382	-0.3063
416	S	Q	-0.0062	2.6684	-8.3836	-0.1603
416	S	R	-0.0500	2.6684	-6.7987	-0.2283
416	S	T	0.0620	2.6684	-5.0618	-0.0932
416	S	V	-0.0095	2.6684	-6.3837	-0.1780
416	S	W	-0.1198	2.6684	-21.6714	-0.2203
416	S	Y	-0.1149	2.6684	-21.6714	-0.2139
417	D	A	0.0088	2.8531	-3.6331	-0.1947
417	D	C	-0.1248	2.8531	-21.6757	-0.2490
417	D	E	0.0712	2.8531	-2.1982	-0.1226
417	D	F	-0.1834	2.8531	-21.6757	-0.3258
417	D	G	-0.0009	2.8531	-3.3436	-0.2093
417	D	H	-0.0248	2.8531	-8.3879	-0.2069
417	D	I	-0.1078	2.8531	-8.3879	-0.3156
417	D	K	-0.0625	2.8531	-3.7442	-0.2873
417	D	L	-0.0964	2.8531	-7.3880	-0.3073
417	D	M	-0.0402	2.8531	-8.3879	-0.2271
417	D	N	0.0310	2.8531	-5.8030	-0.1511
417	D	P	-0.1316	2.8531	-4.3006	-0.3740
417	D	Q	-0.0373	2.8531	-7.3880	-0.2300
417	D	R	-0.1091	2.8531	-6.8030	-0.3279
417	D	S	-0.0066	2.8531	-5.3880	-0.2031
417	D	T	-0.0350	2.8531	-5.0661	-0.2424
417	D	V	-0.0507	2.8531	-6.0661	-0.2563
417	D	W	-0.1639	2.8531	-21.6757	-0.3002
417	D	Y	-0.0605	2.8531	-8.3879	-0.2536
418	G	A	-0.0839	2.1638	-2.5025	-0.2405
418	G	C	-0.2408	2.1638	-21.5451	-0.3187
418	G	D	-0.1654	2.1638	-6.6724	-0.3194
418	G	E	-0.1453	2.1638	-2.8651	-0.3185
418	G	F	-0.2789	2.1638	-21.5451	-0.3686
418	G	H	-0.2536	2.1638	-21.5451	-0.3355
418	G	I	-0.2568	2.1638	-8.2573	-0.4284
418	G	K	-0.1863	2.1638	-4.4500	-0.3616
418	G	L	-0.2928	2.1638	-21.5451	-0.3868
418	G	M	-0.1489	2.1638	-5.4500	-0.3059
418	G	N	-0.1657	2.1638	-6.6724	-0.3198
418	G	P	-0.2658	2.1638	-7.2573	-0.4469
418	G	Q	-0.1665	2.1638	-6.2574	-0.3236
418	G	R	-0.1766	2.1638	-5.6724	-0.3407
418	G	S	-0.1869	2.1638	-21.5451	-0.2482
418	G	T	-0.1909	2.1638	-7.2573	-0.3489
418	G	V	-0.2000	2.1638	-8.2573	-0.3541
418	G	W	-0.2057	2.1638	-7.2573	-0.3683
418	G	Y	-0.2793	2.1638	-21.5451	-0.3691
419	K	A	0.0061	2.6152	-5.0090	-0.1604
419	K	C	-0.1489	2.6152	-21.6186	-0.2523
419	K	D	-0.1199	2.6152	-8.3308	-0.3031
419	K	E	-0.0031	2.6152	-1.9215	-0.1930
419	K	F	-0.1498	2.6152	-21.6186	-0.2535
419	K	G	-0.0569	2.6152	-5.7459	-0.2379
419	K	H	-0.0108	2.6152	-6.3309	-0.1736
419	K	I	-0.0441	2.6152	-7.3309	-0.2106
419	K	L	-0.0428	2.6152	-7.3309	-0.2089
419	K	M	-0.0888	2.6152	-21.6186	-0.1736
419	K	N	-0.0087	2.6152	-4.3309	-0.1843
419	K	P	-0.2530	2.6152	-21.6186	-0.3886
419	K	Q	0.0185	2.6152	-2.7162	-0.1594
419	K	R	0.0786	2.6152	-3.8074	-0.0735
419	K	S	-0.0889	2.6152	-21.6186	-0.1737
419	K	T	-0.0210	2.6152	-6.0090	-0.1892
419	K	V	-0.1009	2.6152	-21.6186	-0.1895
419	K	W	-0.0829	2.6152	-6.7459	-0.2653
419	K	Y	-0.0588	2.6152	-6.7459	-0.2337
420	Q	A	0.0991	3.4082	-5.5146	-0.1308
420	Q	C	0.0585	3.4082	-4.4150	-0.1913
420	Q	D	0.0114	3.4082	-5.7370	-0.2441
420	Q	E	0.1080	3.4082	-2.7673	-0.1375
420	Q	F	0.0475	3.4082	-5.0000	-0.2018
420	Q	G	0.0340	3.4082	-4.4150	-0.2233
420	Q	H	0.0918	3.4082	-6.7369	-0.1322
420	Q	I	0.0491	3.4082	-8.3218	-0.1774
420	Q	K	0.0634	3.4082	-6.0000	-0.1742
420	Q	L	0.0827	3.4082	-5.0000	-0.1556
420	Q	M	0.0270	3.4082	-21.6096	-0.1176
420	Q	N	0.0874	3.4082	-4.7370	-0.1513
420	Q	P	-0.0736	3.4082	-5.3219	-0.3581
420	Q	R	0.0764	3.4082	-3.7370	-0.1723
420	Q	S	0.0782	3.4082	-6.0000	-0.1549
420	Q	T	0.0615	3.4082	-7.3219	-0.1679
420	Q	V	0.0572	3.4082	-6.7369	-0.1775
420	Q	W	0.0610	3.4082	-2.4640	-0.2010
420	Q	Y	0.0425	3.4082	-5.5146	-0.2048
421	E	A	-0.0434	2.1528	-6.7279	-0.1580
421	E	C	-0.1887	2.1528	-21.6006	-0.2488
421	E	D	-0.0091	2.1528	-6.7279	-0.1131
421	E	F	-0.1663	2.1528	-21.6006	-0.2195
421	E	G	-0.0491	2.1528	-2.7893	-0.1917
421	E	H	-0.1576	2.1528	-21.6006	-0.2081
421	E	I	-0.1716	2.1528	-21.6006	-0.2265
421	E	K	-0.0536	2.1528	-4.4060	-0.1868
421	E	L	-0.1009	2.1528	-7.3128	-0.2293
421	E	M	-0.1226	2.1528	-21.6006	-0.1623
421	E	N	-0.1455	2.1528	-21.6006	-0.1923
421	E	P	-0.1966	2.1528	-5.9909	-0.3635
421	E	Q	0.0003	2.1528	-3.5580	-0.1220
421	E	R	-0.1092	2.1528	-3.4549	-0.2660
421	E	S	-0.0569	2.1528	-6.7279	-0.1756
421	E	T	-0.0728	2.1528	-6.7279	-0.1964
421	E	V	-0.1325	2.1528	-21.6006	-0.1753
421	E	W	-0.1005	2.1528	-6.7279	-0.2327
421	E	Y	-0.1671	2.1528	-21.6006	-0.2206
422	E	A	-0.0981	1.5178	-5.9955	-0.1580
422	E	C	-0.2471	1.5178	-21.6051	-0.2488
422	E	D	-0.0540	1.5178	-4.0695	-0.1131
422	E	F	-0.2247	1.5178	-21.6051	-0.2195
422	E	G	-0.1357	1.5178	-8.3173	-0.1917
422	E	H	-0.2160	1.5178	-21.6051	-0.2081
422	E	I	-0.2301	1.5178	-21.6051	-0.2265
422	E	K	-0.1125	1.5178	-4.5101	-0.1868
422	E	L	-0.1593	1.5178	-7.3173	-0.2293
422	E	M	-0.1810	1.5178	-21.6051	-0.1623
422	E	N	-0.1192	1.5178	-4.9955	-0.1923
422	E	P	-0.2588	1.5178	-6.7324	-0.3635
422	E	Q	-0.0642	1.5178	-4.7324	-0.1220
422	E	R	-0.1873	1.5178	-7.3173	-0.2660
422	E	S	-0.1153	1.5178	-6.7324	-0.1756
422	E	T	-0.1393	1.5178	-8.3173	-0.1964
422	E	V	-0.1130	1.5178	-6.3174	-0.1753
422	E	W	-0.2348	1.5178	-21.6051	-0.2327
422	E	Y	-0.2256	1.5178	-21.6051	-0.2206
423	E	A	-0.0162	2.4076	-5.9955	-0.1580
423	E	C	-0.0974	2.4076	-8.3173	-0.2488
423	E	D	0.0377	2.4076	-2.1475	-0.1131
423	E	F	-0.1429	2.4076	-21.6051	-0.2195
423	E	G	-0.0274	2.4076	-3.1475	-0.1917
423	E	H	-0.1342	2.4076	-21.6051	-0.2081
423	E	I	-0.0753	2.4076	-7.3173	-0.2265
423	E	K	-0.0450	2.4076	-7.3173	-0.1868
423	E	L	-0.0774	2.4076	-7.3173	-0.2293
423	E	M	-0.0992	2.4076	-21.6051	-0.1623
423	E	N	-0.0360	2.4076	-4.7324	-0.1923
423	E	P	-0.1851	2.4076	-8.3173	-0.3635
423	E	Q	0.0164	2.4076	-4.9955	-0.1220
423	E	R	-0.1784	2.4076	-21.6051	-0.2660
423	E	S	-0.0207	2.4076	-4.2300	-0.1756
423	E	T	-0.0574	2.4076	-8.3173	-0.1964
423	E	V	-0.0243	2.4076	-4.9955	-0.1753
423	E	W	-0.1530	2.4076	-21.6051	-0.2327
423	E	Y	-0.0759	2.4076	-8.3173	-0.2206
424	G	A	-0.0873	2.3371	-6.2992	-0.2405
424	G	C	-0.2250	2.3371	-21.5869	-0.3187
424	G	D	-0.1527	2.3371	-7.2991	-0.3194
424	G	E	-0.1228	2.3371	-1.5850	-0.3185
424	G	F	-0.1953	2.3371	-8.2991	-0.3686
424	G	H	-0.1569	2.3371	-5.7142	-0.3355
424	G	I	-0.2410	2.3371	-8.2991	-0.4284
424	G	K	-0.1687	2.3371	-4.1293	-0.3616
424	G	L	-0.2771	2.3371	-21.5869	-0.3868
424	G	M	-0.2153	2.3371	-21.5869	-0.3059
424	G	N	-0.1419	2.3371	-5.1293	-0.3198
424	G	P	-0.3230	2.3371	-21.5869	-0.4469
424	G	Q	-0.1508	2.3371	-6.2992	-0.3236
424	G	R	-0.1536	2.3371	-4.2992	-0.3407
424	G	S	-0.0915	2.3371	-5.9773	-0.2482
424	G	T	-0.1752	2.3371	-7.2991	-0.3489
424	G	V	-0.1681	2.3371	-5.1293	-0.3541
424	G	W	-0.2629	2.3371	-21.5869	-0.3683
424	G	Y	-0.1957	2.3371	-8.2991	-0.3691
425	Q	A	0.0873	3.2940	-5.7593	-0.1308
425	Q	C	-0.0399	3.2940	-21.6320	-0.1913
425	Q	D	-0.0043	3.2940	-6.7593	-0.2441
425	Q	E	0.0973	3.2940	-2.7897	-0.1375
425	Q	F	-0.0479	3.2940	-21.6320	-0.2018
425	Q	G	0.0247	3.2940	-4.1744	-0.2233
425	Q	H	0.0833	3.2940	-6.3443	-0.1322
425	Q	I	-0.0293	3.2940	-21.6320	-0.1774
425	Q	K	0.0650	3.2940	-3.6439	-0.1742
425	Q	L	0.0728	3.2940	-4.8849	-0.1556
425	Q	M	0.0944	3.2940	-6.3443	-0.1176
425	Q	N	0.0837	3.2940	-3.3901	-0.1513
425	Q	P	-0.0786	3.2940	-4.2568	-0.3581
425	Q	R	0.0577	3.2940	-5.3443	-0.1723
425	Q	S	0.0659	3.2940	-6.3443	-0.1549
425	Q	T	0.0509	3.2940	-7.3442	-0.1679
425	Q	V	0.0618	3.2940	-3.7593	-0.1775
425	Q	W	0.0375	3.2940	-5.0224	-0.2010
425	Q	Y	0.0319	3.2940	-5.5369	-0.2048
426	Q	A	-0.0087	2.2857	-6.3837	-0.1308
426	Q	C	-0.1329	2.2857	-21.6714	-0.1913
426	Q	D	-0.0901	2.2857	-5.3837	-0.2441
426	Q	E	0.0113	2.2857	-1.4768	-0.1375
426	Q	F	-0.1409	2.2857	-21.6714	-0.2018
426	Q	G	-0.0844	2.2857	-7.3836	-0.2233
426	Q	H	-0.0097	2.2857	-6.3837	-0.1322
426	Q	I	-0.1223	2.2857	-21.6714	-0.1774
426	Q	K	-0.0377	2.2857	-5.5763	-0.1742
426	Q	L	-0.0327	2.2857	-7.3836	-0.1556
426	Q	M	-0.0766	2.2857	-21.6714	-0.1176
426	Q	N	-0.0264	2.2857	-6.7987	-0.1513
426	Q	P	-0.1638	2.2857	-2.7690	-0.3581
426	Q	R	-0.0387	2.2857	-6.0618	-0.1723
426	Q	S	-0.0254	2.2857	-6.0618	-0.1549
426	Q	T	-0.0421	2.2857	-7.3836	-0.1679
426	Q	V	-0.1223	2.2857	-21.6714	-0.1775
426	Q	W	-0.0674	2.2857	-7.3836	-0.2010
426	Q	Y	-0.1432	2.2857	-21.6714	-0.2048
427	Q	A	-0.0815	1.6054	-8.3836	-0.1308
427	Q	C	-0.1133	1.6054	-5.5763	-0.1913
427	Q	D	-0.1503	1.6054	-4.9243	-0.2441
427	Q	E	-0.0671	1.6054	-4.5763	-0.1375
427	Q	F	-0.2035	1.6054	-21.6714	-0.2018
427	Q	G	-0.1378	1.6054	-5.5763	-0.2233
427	Q	H	-0.0707	1.6054	-6.0618	-0.1322
427	Q	I	-0.1849	1.6054	-21.6714	-0.1774
427	Q	K	-0.1065	1.6054	-6.7987	-0.1742
427	Q	L	-0.0842	1.6054	-5.2138	-0.1556
427	Q	M	-0.1392	1.6054	-21.6714	-0.1176
427	Q	N	-0.0971	1.6054	-8.3836	-0.1513
427	Q	P	-0.2389	1.6054	-5.2138	-0.3581
427	Q	R	-0.0978	1.6054	-5.3837	-0.1723
427	Q	S	-0.0948	1.6054	-7.3836	-0.1549
427	Q	T	-0.1776	1.6054	-21.6714	-0.1679
427	Q	V	-0.1849	1.6054	-21.6714	-0.1775
427	Q	W	-0.1270	1.6054	-6.7987	-0.2010
427	Q	Y	-0.2058	1.6054	-21.6714	-0.2048
428	E	A	-0.0802	1.7567	-6.7857	-0.1580
428	E	C	-0.2254	1.7567	-21.6584	-0.2488
428	E	D	-0.0294	1.7567	-3.5633	-0.1131
428	E	F	-0.2030	1.7567	-21.6584	-0.2195
428	E	G	-0.1021	1.7567	-6.0487	-0.1917
428	E	H	-0.1265	1.7567	-8.3706	-0.2081
428	E	I	-0.2084	1.7567	-21.6584	-0.2265
428	E	K	-0.1000	1.7567	-6.3707	-0.1868
428	E	L	-0.1376	1.7567	-7.3706	-0.2293
428	E	M	-0.1593	1.7567	-21.6584	-0.1623
428	E	N	-0.1144	1.7567	-8.3706	-0.1923
428	E	P	-0.2258	1.7567	-4.5633	-0.3635
428	E	Q	-0.0324	1.7567	-2.8161	-0.1220
428	E	R	-0.1656	1.7567	-7.3706	-0.2660
428	E	S	-0.1017	1.7567	-8.3706	-0.1756
428	E	T	-0.1176	1.7567	-8.3706	-0.1964
428	E	V	-0.1015	1.7567	-8.3706	-0.1753
428	E	W	-0.2131	1.7567	-21.6584	-0.2327
428	E	Y	-0.1361	1.7567	-8.3706	-0.2206
429	E	A	-0.0942	1.6367	-7.3793	-0.1580
429	E	C	-0.1636	1.6367	-7.3793	-0.2488
429	E	D	-0.0398	1.6367	-3.4252	-0.1131
429	E	F	-0.2141	1.6367	-21.6671	-0.2195
429	E	G	-0.1003	1.6367	-3.5214	-0.1917
429	E	H	-0.2054	1.6367	-21.6671	-0.2081
429	E	I	-0.1436	1.6367	-6.7944	-0.2265
429	E	K	-0.1095	1.6367	-6.0574	-0.1868
429	E	L	-0.1538	1.6367	-8.3792	-0.2293
429	E	M	-0.1704	1.6367	-21.6671	-0.1623
429	E	N	-0.1153	1.6367	-6.3794	-0.1923
429	E	P	-0.3241	1.6367	-21.6671	-0.3635
429	E	Q	-0.0529	1.6367	-4.6789	-0.1220
429	E	R	-0.1737	1.6367	-6.7944	-0.2660
429	E	S	-0.1806	1.6367	-21.6671	-0.1756
429	E	T	-0.1965	1.6367	-21.6671	-0.1964
429	E	V	-0.1125	1.6367	-8.3792	-0.1753
429	E	W	-0.1564	1.6367	-8.3792	-0.2327
429	E	Y	-0.1471	1.6367	-8.3792	-0.2206
430	E	A	-0.0365	2.0717	-3.9025	-0.1580
430	E	C	-0.1964	2.0717	-21.6497	-0.2488
430	E	D	0.0127	2.0717	-0.9956	-0.1131
430	E	F	-0.1062	2.0717	-8.3618	-0.2195
430	E	G	-0.0748	2.0717	-6.3619	-0.1917
430	E	H	-0.0873	2.0717	-6.3619	-0.2081
430	E	I	-0.1115	2.0717	-8.3618	-0.2265
430	E	K	-0.0761	2.0717	-7.3619	-0.1868
430	E	L	-0.1137	2.0717	-8.3618	-0.2293
430	E	M	-0.0472	2.0717	-5.3619	-0.1623
430	E	N	-0.0641	2.0717	-4.1920	-0.1923
430	E	P	-0.2111	2.0717	-7.3619	-0.3635
430	E	Q	-0.0317	2.0717	-8.3618	-0.1220
430	E	R	-0.2095	2.0717	-21.6497	-0.2660
430	E	S	-0.1405	2.0717	-21.6497	-0.1756
430	E	T	-0.0805	2.0717	-6.7769	-0.1964
430	E	V	-0.0724	2.0717	-8.3618	-0.1753
430	E	W	-0.1841	2.0717	-21.6497	-0.2327
430	E	Y	-0.1748	2.0717	-21.6497	-0.2206
431	G	A	-0.0955	2.1396	-4.3531	-0.2405
431	G	C	-0.2435	2.1396	-21.6409	-0.3187
431	G	D	-0.1492	2.1396	-3.0677	-0.3194
431	G	E	-0.1477	2.1396	-2.8937	-0.3185
431	G	F	-0.2138	2.1396	-8.3530	-0.3686
431	G	H	-0.2563	2.1396	-21.6409	-0.3355
431	G	I	-0.3273	2.1396	-21.6409	-0.4284
431	G	K	-0.2084	2.1396	-8.3530	-0.3616
431	G	L	-0.2277	2.1396	-8.3530	-0.3868
431	G	M	-0.2337	2.1396	-21.6409	-0.3059
431	G	N	-0.2443	2.1396	-21.6409	-0.3198
431	G	P	-0.2736	2.1396	-8.3530	-0.4469
431	G	Q	-0.1794	2.1396	-8.3530	-0.3236
431	G	R	-0.1823	2.1396	-6.3531	-0.3407
431	G	S	-0.1137	2.1396	-6.7681	-0.2482
431	G	T	-0.1869	2.1396	-6.0312	-0.3489
431	G	V	-0.2705	2.1396	-21.6409	-0.3541
431	G	W	-0.1878	2.1396	-3.3088	-0.3683
431	G	Y	-0.2820	2.1396	-21.6409	-0.3691
432	M	A	-0.0422	2.9293	-4.6063	-0.2641
432	M	C	-0.0539	2.9293	-5.8286	-0.2713
432	M	D	-0.1680	2.9293	-7.4136	-0.4100
432	M	E	-0.1582	2.9293	-7.4136	-0.3972
432	M	F	-0.0467	2.9293	-4.5067	-0.2707
432	M	G	-0.1323	2.9293	-6.4136	-0.3700
432	M	H	-0.1877	2.9293	-21.7013	-0.3404
432	M	I	0.0486	2.9293	-3.0213	-0.1558
432	M	K	-0.1242	2.9293	-8.4135	-0.3460
432	M	L	0.0832	2.9293	-2.7132	-0.1126
432	M	N	-0.1045	2.9293	-6.4136	-0.3336
432	M	P	-0.3004	2.9293	-21.7013	-0.4879
432	M	Q	-0.1017	2.9293	-7.4136	-0.3232
432	M	R	-0.1514	2.9293	-8.4135	-0.3817
432	M	S	-0.0798	2.9293	-5.8286	-0.3052
432	M	T	-0.0015	2.9293	-2.2844	-0.2263
432	M	V	0.0009	2.9293	-6.0917	-0.1978
432	M	W	-0.1133	2.9293	-5.2437	-0.3529
432	M	Y	-0.1768	2.9293	-21.7013	-0.3261
433	Y	A	-0.1897	2.0843	-8.4093	-0.3300
433	Y	C	-0.1460	2.0843	-5.6020	-0.2916
433	Y	D	-0.1907	2.0843	-5.8244	-0.3486
433	Y	E	-0.3004	2.0843	-21.6971	-0.3862
433	Y	F	-0.0059	2.0843	-4.2395	-0.1173
433	Y	G	-0.3281	2.0843	-21.6971	-0.4224
433	Y	H	-0.0893	2.0843	-6.8244	-0.2092
433	Y	I	-0.2017	2.0843	-8.4093	-0.3458
433	Y	K	-0.2579	2.0843	-8.4093	-0.4193
433	Y	L	-0.1511	2.0843	-2.9831	-0.3158
433	Y	M	-0.1987	2.0843	-21.6971	-0.2531
433	Y	N	-0.2507	2.0843	-21.6971	-0.3211
433	Y	P	-0.2888	2.0843	-3.5025	-0.4926
433	Y	Q	-0.2752	2.0843	-21.6971	-0.3532
433	Y	R	-0.2532	2.0843	-8.4093	-0.4132
433	Y	S	-0.1812	2.0843	-5.8244	-0.3362
433	Y	T	-0.1942	2.0843	-4.7089	-0.3606
433	Y	V	-0.1811	2.0843	-6.4094	-0.3321
433	Y	W	-0.1751	2.0843	-21.6971	-0.2221
434	P	A	-0.0670	1.8668	-4.8202	-0.1672
434	P	C	-0.1858	1.8668	-21.6929	-0.2100
434	P	D	-0.2117	1.8668	-21.6929	-0.2439
434	P	E	-0.1226	1.8668	-7.4051	-0.2227
434	P	F	-0.2142	1.8668	-21.6929	-0.2472
434	P	G	-0.0895	1.8668	-6.4051	-0.1860
434	P	H	-0.1919	1.8668	-21.6929	-0.2179
434	P	I	-0.1973	1.8668	-21.6929	-0.2250
434	P	K	-0.1872	1.8668	-21.6929	-0.2118
434	P	L	-0.1088	1.8668	-3.4509	-0.2310
434	P	M	-0.0850	1.8668	-8.4050	-0.1668
434	P	N	-0.1799	1.8668	-21.6929	-0.2022
434	P	Q	-0.0976	1.8668	-5.2352	-0.2044
434	P	R	-0.1551	1.8668	-8.4050	-0.2586
434	P	S	-0.0545	1.8668	-2.4279	-0.1668
434	P	T	-0.0810	1.8668	-5.2352	-0.1827
434	P	V	-0.0798	1.8668	-7.4051	-0.1666
434	P	W	-0.2268	1.8668	-21.6929	-0.2636
434	P	Y	-0.2152	1.8668	-21.6929	-0.2485
435	D	A	-0.2553	0.2480	-8.4177	-0.1947
435	D	C	-0.3646	0.2480	-21.7056	-0.2490
435	D	E	-0.1884	0.2480	-6.0959	-0.1226
435	D	F	-0.4233	0.2480	-21.7056	-0.3258
435	D	G	-0.3343	0.2480	-21.7056	-0.2093
435	D	H	-0.3325	0.2480	-21.7056	-0.2069
435	D	I	-0.4155	0.2480	-21.7056	-0.3156
435	D	K	-0.3939	0.2480	-21.7056	-0.2873
435	D	L	-0.4092	0.2480	-21.7056	-0.3073
435	D	M	-0.3479	0.2480	-21.7056	-0.2271
435	D	N	-0.2169	0.2480	-7.4178	-0.1511
435	D	P	-0.3923	0.2480	-8.4177	-0.3740
435	D	Q	-0.3501	0.2480	-21.7056	-0.2300
435	D	R	-0.4249	0.2480	-21.7056	-0.3279
435	D	S	-0.3296	0.2480	-21.7056	-0.2031
435	D	T	-0.2918	0.2480	-8.4177	-0.2424
435	D	V	-0.3702	0.2480	-21.7056	-0.2563
435	D	W	-0.4037	0.2480	-21.7056	-0.3002
435	D	Y	-0.3681	0.2480	-21.7056	-0.2536
436	P	A	-0.0890	1.5464	-3.3522	-0.1672
436	P	C	-0.2153	1.5464	-21.6843	-0.2100
436	P	D	-0.2412	1.5464	-21.6843	-0.2439
436	P	E	-0.1395	1.5464	-4.9372	-0.2227
436	P	F	-0.1759	1.5464	-8.3965	-0.2472
436	P	G	-0.1189	1.5464	-6.3966	-0.1860
436	P	H	-0.2213	1.5464	-21.6843	-0.2179
436	P	I	-0.2267	1.5464	-21.6843	-0.2250
436	P	K	-0.1407	1.5464	-6.8116	-0.2118
436	P	L	-0.1401	1.5464	-3.8116	-0.2310
436	P	M	-0.1823	1.5464	-21.6843	-0.1668
436	P	N	-0.2093	1.5464	-21.6843	-0.2022
436	P	Q	-0.1330	1.5464	-6.3966	-0.2044
436	P	R	-0.1846	1.5464	-8.3965	-0.2586
436	P	S	-0.0991	1.5464	-5.3966	-0.1668
436	P	T	-0.1185	1.5464	-6.8116	-0.1827
436	P	V	-0.1821	1.5464	-21.6843	-0.1666
436	P	W	-0.2562	1.5464	-21.6843	-0.2636
436	P	Y	-0.2447	1.5464	-21.6843	-0.2485
437	G	A	-0.1489	1.6553	-6.0789	-0.2405
437	G	C	-0.2154	1.6553	-7.4008	-0.3187
437	G	D	-0.1905	1.6553	-2.4236	-0.3194
437	G	E	-0.2041	1.6553	-5.2309	-0.3185
437	G	F	-0.3264	1.6553	-21.6886	-0.3686
437	G	H	-0.3011	1.6553	-21.6886	-0.3355
437	G	I	-0.3043	1.6553	-8.4007	-0.4284
437	G	K	-0.3211	1.6553	-21.6886	-0.3616
437	G	L	-0.3403	1.6553	-21.6886	-0.3868
437	G	M	-0.2785	1.6553	-21.6886	-0.3059
437	G	N	-0.2132	1.6553	-6.8159	-0.3198
437	G	P	-0.3862	1.6553	-21.6886	-0.4469
437	G	Q	-0.2920	1.6553	-21.6886	-0.3236
437	G	R	-0.2292	1.6553	-6.8159	-0.3407
437	G	S	-0.1413	1.6553	-3.4467	-0.2482
437	G	T	-0.3113	1.6553	-21.6886	-0.3489
437	G	V	-0.3153	1.6553	-21.6886	-0.3541
437	G	W	-0.3262	1.6553	-21.6886	-0.3683
437	G	Y	-0.2509	1.6553	-6.8159	-0.3691
438	L	A	-0.3330	0.9110	-21.7098	-0.2874
438	L	C	-0.3222	0.9110	-21.7098	-0.2733
438	L	D	-0.4545	0.9110	-21.7098	-0.4465
438	L	E	-0.4226	0.9110	-21.7098	-0.4047
438	L	F	-0.1817	0.9110	-5.1001	-0.2003
438	L	G	-0.4078	0.9110	-21.7098	-0.3854
438	L	H	-0.3754	0.9110	-21.7098	-0.3429
438	L	I	-0.1223	0.9110	-5.1001	-0.1226
438	L	K	-0.4216	0.9110	-21.7098	-0.4034
438	L	M	-0.1494	0.9110	-5.8371	-0.1531
438	L	N	-0.4008	0.9110	-21.7098	-0.3762
438	L	P	-0.4164	0.9110	-21.7098	-0.3966
438	L	Q	-0.3537	0.9110	-21.7098	-0.3146
438	L	R	-0.4132	0.9110	-21.7098	-0.3924
438	L	S	-0.3634	0.9110	-21.7098	-0.3272
438	L	T	-0.2683	0.9110	-8.4219	-0.2915
438	L	V	-0.1516	0.9110	-3.7216	-0.1701
438	L	W	-0.3656	0.9110	-21.7098	-0.3301
438	L	Y	-0.3585	0.9110	-21.7098	-0.3208
439	L	A	-0.3112	0.4104	-8.4219	-0.2874
439	L	C	-0.3683	0.4104	-21.7098	-0.2733
439	L	D	-0.5006	0.4104	-21.7098	-0.4465
439	L	E	-0.4686	0.4104	-21.7098	-0.4047
439	L	F	-0.2396	0.4104	-7.4220	-0.2003
439	L	G	-0.4539	0.4104	-21.7098	-0.3854
439	L	H	-0.4214	0.4104	-21.7098	-0.3429
439	L	I	-0.2532	0.4104	-21.7098	-0.1226
439	L	K	-0.4676	0.4104	-21.7098	-0.4034
439	L	M	-0.2006	0.4104	-6.8371	-0.1531
439	L	N	-0.4469	0.4104	-21.7098	-0.3762
439	L	P	-0.4624	0.4104	-21.7098	-0.3966
439	L	Q	-0.3320	0.4104	-8.4219	-0.3146
439	L	R	-0.4592	0.4104	-21.7098	-0.3924
439	L	S	-0.3298	0.4104	-6.1001	-0.3272
439	L	T	-0.3042	0.4104	-6.4220	-0.2915
439	L	V	-0.2216	0.4104	-8.4219	-0.1701
439	L	W	-0.4117	0.4104	-21.7098	-0.3301
439	L	Y	-0.4046	0.4104	-21.7098	-0.3208
440	S	A	-0.1765	1.1006	-21.7056	-0.1054
440	S	C	-0.1541	1.1006	-7.4178	-0.1715
440	S	D	-0.2023	1.1006	-7.4178	-0.2346
440	S	E	-0.1687	1.1006	-6.0959	-0.1995
440	S	F	-0.2545	1.1006	-21.7056	-0.2076
440	S	G	-0.0990	1.1006	-4.7174	-0.1174
440	S	H	-0.1880	1.1006	-8.4177	-0.2092
440	S	I	-0.2577	1.1006	-21.7056	-0.2117
440	S	K	-0.1973	1.1006	-8.4177	-0.2214
440	S	L	-0.1861	1.1006	-8.4177	-0.2068
440	S	M	-0.2250	1.1006	-21.7056	-0.1689
440	S	N	-0.1093	1.1006	-4.1699	-0.1346
440	S	P	-0.3299	1.1006	-21.7056	-0.3063
440	S	Q	-0.1388	1.1006	-6.0959	-0.1603
440	S	R	-0.1923	1.1006	-6.4178	-0.2283
440	S	T	-0.0913	1.1006	-6.8329	-0.0932
440	S	V	-0.2319	1.1006	-21.7056	-0.1780
440	S	W	-0.2642	1.1006	-21.7056	-0.2203
440	S	Y	-0.2594	1.1006	-21.7056	-0.2139
441	Y	A	-0.4265	0.2480	-21.7013	-0.3300
441	Y	C	-0.3293	0.2480	-8.4135	-0.2916
441	Y	D	-0.4407	0.2480	-21.7013	-0.3486
441	Y	E	-0.4694	0.2480	-21.7013	-0.3862
441	Y	F	-0.1962	0.2480	-8.4135	-0.1173
441	Y	G	-0.4971	0.2480	-21.7013	-0.4224
441	Y	H	-0.2613	0.2480	-7.4136	-0.2092
441	Y	I	-0.4385	0.2480	-21.7013	-0.3458
441	Y	K	-0.4947	0.2480	-21.7013	-0.4193
441	Y	L	-0.3427	0.2480	-7.4136	-0.3158
441	Y	M	-0.3677	0.2480	-21.7013	-0.2531
441	Y	N	-0.3519	0.2480	-8.4135	-0.3211
441	Y	P	-0.5507	0.2480	-21.7013	-0.4926
441	Y	Q	-0.4442	0.2480	-21.7013	-0.3532
441	Y	R	-0.4900	0.2480	-21.7013	-0.4132
441	Y	S	-0.3634	0.2480	-8.4135	-0.3362
441	Y	T	-0.4498	0.2480	-21.7013	-0.3606
441	Y	V	-0.4281	0.2480	-21.7013	-0.3321
441	Y	W	-0.2762	0.2480	-8.4135	-0.2221
442	I	A	-0.1651	1.9424	-6.0874	-0.2963
442	I	C	-0.1400	1.9424	-5.0875	-0.2701
442	I	D	-0.3688	1.9424	-21.6971	-0.4587
442	I	E	-0.3497	1.9424	-21.6971	-0.4337
442	I	F	-0.1299	1.9424	-6.8244	-0.2452
442	I	G	-0.2677	1.9424	-8.4093	-0.4150
442	I	H	-0.3354	1.9424	-21.6971	-0.4149
442	I	K	-0.3423	1.9424	-21.6971	-0.4239
442	I	L	-0.0379	1.9424	-3.6545	-0.1460
442	I	M	-0.0444	1.9424	-3.8244	-0.1534
442	I	N	-0.2819	1.9424	-21.6971	-0.3449
442	I	P	-0.3889	1.9424	-21.6971	-0.4849
442	I	Q	-0.3095	1.9424	-21.6971	-0.3810
442	I	R	-0.3691	1.9424	-21.6971	-0.4590
442	I	S	-0.2095	1.9424	-6.8244	-0.3494
442	I	T	-0.1140	1.9424	-4.4094	-0.2405
442	I	V	0.0048	1.9424	-3.0875	-0.0938
442	I	W	-0.2947	1.9424	-21.6971	-0.3616
442	I	Y	-0.3035	1.9424	-21.6971	-0.3732
443	N	A	-0.2395	0.9415	-21.7013	-0.1688
443	N	C	-0.2894	0.9415	-21.7013	-0.2341
443	N	D	-0.1335	0.9415	-0.2844	-0.1730
443	N	E	-0.1759	0.9415	-3.2843	-0.2085
443	N	F	-0.2967	0.9415	-21.7013	-0.2436
443	N	G	-0.2025	0.9415	-8.4135	-0.2091
443	N	H	-0.1648	0.9415	-6.0917	-0.1753
443	N	I	-0.2898	0.9415	-21.7013	-0.2346
443	N	K	-0.1749	0.9415	-8.4135	-0.1730
443	N	L	-0.2962	0.9415	-21.7013	-0.2430
443	N	M	-0.2504	0.9415	-21.7013	-0.1830
443	N	P	-0.4051	0.9415	-21.7013	-0.3856
443	N	Q	-0.2335	0.9415	-21.7013	-0.1609
443	N	R	-0.2749	0.9415	-21.7013	-0.2151
443	N	S	-0.2094	0.9415	-21.7013	-0.1294
443	N	T	-0.2590	0.9415	-21.7013	-0.1943
443	N	V	-0.2832	0.9415	-21.7013	-0.2259
443	N	W	-0.3018	0.9415	-21.7013	-0.2503
443	N	Y	-0.2802	0.9415	-21.7013	-0.2221
444	E	A	-0.1228	2.1203	-21.6971	-0.1580
444	E	C	-0.1921	2.1203	-21.6971	-0.2488
444	E	D	-0.0054	2.1203	-5.4094	-0.1131
444	E	F	-0.1698	2.1203	-21.6971	-0.2195
444	E	G	-0.1485	2.1203	-21.6971	-0.1917
444	E	H	-0.0789	2.1203	-5.6020	-0.2081
444	E	I	-0.1751	2.1203	-21.6971	-0.2265
444	E	K	-0.0418	2.1203	-1.5146	-0.1868
444	E	L	-0.1773	2.1203	-21.6971	-0.2293
444	E	M	-0.0532	2.1203	-7.4093	-0.1623
444	E	N	-0.0595	2.1203	-4.1615	-0.1923
444	E	P	-0.2120	2.1203	-8.4093	-0.3635
444	E	Q	0.0010	2.1203	-2.8244	-0.1220
444	E	R	-0.1324	2.1203	-7.4093	-0.2660
444	E	S	-0.1362	2.1203	-21.6971	-0.1756
444	E	T	-0.1521	2.1203	-21.6971	-0.1964
444	E	V	-0.0682	2.1203	-8.4093	-0.1753
444	E	W	-0.1120	2.1203	-8.4093	-0.2327
444	E	Y	-0.1028	2.1203	-8.4093	-0.2206
445	L	A	-0.4009	0.1708	-21.6671	-0.2874
445	L	C	-0.3901	0.1708	-21.6671	-0.2733
445	L	D	-0.4546	0.1708	-8.3792	-0.4465
445	L	E	-0.4905	0.1708	-21.6671	-0.4047
445	L	F	-0.3343	0.1708	-21.6671	-0.2003
445	L	G	-0.4079	0.1708	-8.3792	-0.3854
445	L	H	-0.4433	0.1708	-21.6671	-0.3429
445	L	I	-0.2750	0.1708	-21.6671	-0.1226
445	L	K	-0.4895	0.1708	-21.6671	-0.4034
445	L	M	-0.2983	0.1708	-21.6671	-0.1531
445	L	N	-0.4009	0.1708	-8.3792	-0.3762
445	L	P	-0.4165	0.1708	-8.3792	-0.3966
445	L	Q	-0.4216	0.1708	-21.6671	-0.3146
445	L	R	-0.4811	0.1708	-21.6671	-0.3924
445	L	S	-0.4313	0.1708	-21.6671	-0.3272
445	L	T	-0.4040	0.1708	-21.6671	-0.2915
445	L	V	-0.2384	0.1708	-7.3793	-0.1701
445	L	W	-0.4335	0.1708	-21.6671	-0.3301
445	L	Y	-0.4264	0.1708	-21.6671	-0.3208
446	C	A	-0.4677	0.2381	-21.6714	-0.3830
446	C	D	-0.5750	0.2381	-21.6714	-0.5234
446	C	E	-0.5626	0.2381	-21.6714	-0.5072
446	C	F	-0.3858	0.2381	-6.7987	-0.3751
446	C	G	-0.4601	0.2381	-21.6714	-0.3731
446	C	H	-0.5734	0.2381	-21.6714	-0.5214
446	C	I	-0.4186	0.2381	-7.3836	-0.4142
446	C	K	-0.5632	0.2381	-21.6714	-0.5080
446	C	L	-0.4517	0.2381	-7.3836	-0.4575
446	C	M	-0.4918	0.2381	-21.6714	-0.4146
446	C	N	-0.5174	0.2381	-21.6714	-0.4480
446	C	P	-0.5860	0.2381	-21.6714	-0.5379
446	C	Q	-0.5413	0.2381	-21.6714	-0.4794
446	C	R	-0.5200	0.2381	-21.6714	-0.4514
446	C	S	-0.4585	0.2381	-21.6714	-0.3709
446	C	T	-0.4931	0.2381	-21.6714	-0.4163
446	C	V	-0.4218	0.2381	-8.3836	-0.4117
446	C	W	-0.4648	0.2381	-21.6714	-0.3792
446	C	Y	-0.4032	0.2381	-8.3836	-0.3873
447	S	A	-0.0873	1.0802	-3.8558	-0.1054
447	S	C	-0.1465	1.0802	-5.5720	-0.1715
447	S	D	-0.2010	1.0802	-6.7944	-0.2346
447	S	E	-0.1720	1.0802	-6.3794	-0.1995
447	S	F	-0.1782	1.0802	-6.3794	-0.2076
447	S	G	-0.1195	1.0802	-8.3792	-0.1174
447	S	H	-0.1896	1.0802	-8.3792	-0.2092
447	S	I	-0.2594	1.0802	-21.6671	-0.2117
447	S	K	-0.2668	1.0802	-21.6671	-0.2214
447	S	L	-0.1878	1.0802	-8.3792	-0.2068
447	S	M	-0.2267	1.0802	-21.6671	-0.1689
447	S	N	-0.2005	1.0802	-21.6671	-0.1346
447	S	P	-0.2638	1.0802	-8.3792	-0.3063
447	S	Q	-0.2201	1.0802	-21.6671	-0.1603
447	S	R	-0.2042	1.0802	-8.3792	-0.2283
447	S	T	-0.0908	1.0802	-6.3794	-0.0932
447	S	V	-0.1607	1.0802	-7.3793	-0.1780
447	S	W	-0.2659	1.0802	-21.6671	-0.2203
447	S	Y	-0.1932	1.0802	-8.3792	-0.2139
448	Q	A	-0.2384	0.6368	-21.6714	-0.1308
448	Q	C	-0.2846	0.6368	-21.6714	-0.1913
448	Q	D	-0.2439	0.6368	-5.7987	-0.2441
448	Q	E	-0.1558	0.6368	-4.4768	-0.1375
448	Q	F	-0.2926	0.6368	-21.6714	-0.2018
448	Q	G	-0.3090	0.6368	-21.6714	-0.2233
448	Q	H	-0.1665	0.6368	-7.3836	-0.1322
448	Q	I	-0.2011	0.6368	-7.3836	-0.1774
448	Q	K	-0.2037	0.6368	-8.3836	-0.1742
448	Q	L	-0.1895	0.6368	-8.3836	-0.1556
448	Q	M	-0.2283	0.6368	-21.6714	-0.1176
448	Q	N	-0.1811	0.6368	-7.3836	-0.1513
448	Q	P	-0.4120	0.6368	-21.6714	-0.3581
448	Q	R	-0.2701	0.6368	-21.6714	-0.1723
448	Q	S	-0.1890	0.6368	-8.3836	-0.1549
448	Q	T	-0.2667	0.6368	-21.6714	-0.1679
448	Q	V	-0.2741	0.6368	-21.6714	-0.1775
448	Q	W	-0.2920	0.6368	-21.6714	-0.2010
448	Q	Y	-0.2949	0.6368	-21.6714	-0.2048
449	K	A	-0.1739	1.5832	-21.6757	-0.1604
449	K	C	-0.2441	1.5832	-21.6757	-0.2523
449	K	D	-0.1957	1.5832	-4.5807	-0.3031
449	K	E	-0.0918	1.5832	-0.6945	-0.1930
449	K	F	-0.2451	1.5832	-21.6757	-0.2535
449	K	G	-0.1551	1.5832	-6.3880	-0.2379
449	K	H	-0.1840	1.5832	-21.6757	-0.1736
449	K	I	-0.2123	1.5832	-21.6757	-0.2106
449	K	L	-0.2110	1.5832	-21.6757	-0.2089
449	K	M	-0.1840	1.5832	-21.6757	-0.1736
449	K	N	-0.1922	1.5832	-21.6757	-0.1843
449	K	P	-0.3482	1.5832	-21.6757	-0.3886
449	K	Q	-0.0922	1.5832	-5.8030	-0.1594
449	K	R	-0.0295	1.5832	-6.3880	-0.0735
449	K	S	-0.1061	1.5832	-6.3880	-0.1737
449	K	T	-0.1230	1.5832	-7.3880	-0.1892
449	K	V	-0.1182	1.5832	-6.3880	-0.1895
449	K	W	-0.2541	1.5832	-21.6757	-0.2653
449	K	Y	-0.2299	1.5832	-21.6757	-0.2337
450	V	A	-0.0586	2.1334	-3.4094	-0.1977
450	V	C	-0.1798	2.1334	-21.6971	-0.2342
450	V	D	-0.2121	2.1334	-0.8395	-0.4158
450	V	E	-0.1886	2.1334	-4.6020	-0.3599
450	V	F	-0.2291	2.1334	-21.6971	-0.2987
450	V	G	-0.1946	2.1334	-5.4094	-0.3624
450	V	H	-0.2316	2.1334	-4.0875	-0.4197
450	V	I	-0.0094	2.1334	-6.4094	-0.1133
450	V	K	-0.3148	2.1334	-21.6971	-0.4109
450	V	L	-0.0796	2.1334	-7.4093	-0.1985
450	V	M	-0.1616	2.1334	-21.6971	-0.2104
450	V	N	-0.2305	2.1334	-6.8244	-0.3999
450	V	P	-0.3562	2.1334	-21.6971	-0.4652
450	V	Q	-0.2864	2.1334	-21.6971	-0.3738
450	V	R	-0.2680	2.1334	-8.4093	-0.4384
450	V	S	-0.1775	2.1334	-6.4094	-0.3334
450	V	T	-0.0980	2.1334	-7.4093	-0.2226
450	V	W	-0.2696	2.1334	-21.6971	-0.3518
450	V	Y	-0.2047	2.1334	-8.4093	-0.3556
451	F	A	-0.4089	0.4090	-21.6971	-0.3264
451	F	C	-0.2939	0.4090	-5.4094	-0.2847
451	F	D	-0.5319	0.4090	-21.6971	-0.4874
451	F	E	-0.5012	0.4090	-21.6971	-0.4473
451	F	G	-0.3764	0.4090	-8.4093	-0.3727
451	F	H	-0.4365	0.4090	-21.6971	-0.3625
451	F	I	-0.3528	0.4090	-21.6971	-0.2530
451	F	K	-0.5081	0.4090	-21.6971	-0.4563
451	F	L	-0.2353	0.4090	-6.0874	-0.2034
451	F	M	-0.3459	0.4090	-21.6971	-0.2440
451	F	N	-0.4615	0.4090	-21.6971	-0.3953
451	F	P	-0.5322	0.4090	-21.6971	-0.4879
451	F	Q	-0.4636	0.4090	-21.6971	-0.3980
451	F	R	-0.5095	0.4090	-21.6971	-0.4581
451	F	S	-0.3201	0.4090	-8.4093	-0.2989
451	F	T	-0.4342	0.4090	-21.6971	-0.3595
451	F	V	-0.2794	0.4090	-8.4093	-0.2456
451	F	W	-0.3324	0.4090	-21.6971	-0.2263
451	F	Y	-0.2278	0.4090	-7.4093	-0.1848
452	V	A	-0.1680	1.2227	-8.4219	-0.1977
452	V	C	-0.1907	1.2227	-7.4220	-0.2342
452	V	D	-0.3214	1.2227	-5.8371	-0.4158
452	V	E	-0.2919	1.2227	-8.4219	-0.3599
452	V	F	-0.3129	1.2227	-21.7098	-0.2987
452	V	G	-0.2938	1.2227	-8.4219	-0.3624
452	V	H	-0.4053	1.2227	-21.7098	-0.4197
452	V	I	-0.0727	1.2227	-2.3777	-0.1133
452	V	K	-0.3986	1.2227	-21.7098	-0.4109
452	V	L	-0.1524	1.2227	-5.2521	-0.1985
452	V	M	-0.1696	1.2227	-6.8371	-0.2104
452	V	N	-0.3902	1.2227	-21.7098	-0.3999
452	V	P	-0.4401	1.2227	-21.7098	-0.4652
452	V	Q	-0.3703	1.2227	-21.7098	-0.3738
452	V	R	-0.4196	1.2227	-21.7098	-0.4384
452	V	S	-0.3394	1.2227	-21.7098	-0.3334
452	V	T	-0.1870	1.2227	-8.4219	-0.2226
452	V	W	-0.3535	1.2227	-21.7098	-0.3518
452	V	Y	-0.3564	1.2227	-21.7098	-0.3556
453	S	A	-0.0305	1.7742	-5.2521	-0.1054
453	S	C	-0.0829	1.7742	-5.6147	-0.1715
453	S	D	-0.1285	1.7742	-5.1001	-0.2346
453	S	E	-0.0982	1.7742	-4.4221	-0.1995
453	S	F	-0.1197	1.7742	-7.4220	-0.2076
453	S	G	-0.1237	1.7742	-21.7098	-0.1174
453	S	H	-0.1938	1.7742	-21.7098	-0.2092
453	S	I	-0.1279	1.7742	-8.4219	-0.2117
453	S	K	-0.2031	1.7742	-21.7098	-0.2214
453	S	L	-0.1920	1.7742	-21.7098	-0.2068
453	S	M	-0.1630	1.7742	-21.7098	-0.1689
453	S	N	-0.0537	1.7742	-5.4221	-0.1346
453	S	P	-0.2002	1.7742	-8.4219	-0.3063
453	S	Q	-0.1565	1.7742	-21.7098	-0.1603
453	S	R	-0.2084	1.7742	-21.7098	-0.2283
453	S	T	0.0019	1.7742	-0.7147	-0.0932
453	S	V	-0.1700	1.7742	-21.7098	-0.1780
453	S	W	-0.2023	1.7742	-21.7098	-0.2203
453	S	Y	-0.1296	1.7742	-8.4219	-0.2139
454	K	A	-0.1724	0.8650	-8.4219	-0.1604
454	K	C	-0.3104	0.8650	-21.7098	-0.2523
454	K	D	-0.3492	0.8650	-21.7098	-0.3031
454	K	E	-0.1841	0.8650	-5.8371	-0.1930
454	K	F	-0.3113	0.8650	-21.7098	-0.2535
454	K	G	-0.2316	0.8650	-8.4219	-0.2379
454	K	H	-0.2503	0.8650	-21.7098	-0.1736
454	K	I	-0.2785	0.8650	-21.7098	-0.2106
454	K	L	-0.2772	0.8650	-21.7098	-0.2089
454	K	M	-0.1825	0.8650	-8.4219	-0.1736
454	K	N	-0.1855	0.8650	-7.4220	-0.1843
454	K	P	-0.3467	0.8650	-8.4219	-0.3886
454	K	Q	-0.1443	0.8650	-3.0645	-0.1594
454	K	R	-0.1009	0.8650	-7.4220	-0.0735
454	K	S	-0.2504	0.8650	-21.7098	-0.1737
454	K	T	-0.2622	0.8650	-21.7098	-0.1892
454	K	V	-0.2624	0.8650	-21.7098	-0.1895
454	K	W	-0.3203	0.8650	-21.7098	-0.2653
454	K	Y	-0.2962	0.8650	-21.7098	-0.2337
455	V	A	-0.2237	0.4396	-5.2267	-0.1977
455	V	C	-0.3356	0.4396	-21.6843	-0.2342
455	V	D	-0.4065	0.4396	-8.3965	-0.4158
455	V	E	-0.3638	0.4396	-8.3965	-0.3599
455	V	F	-0.3848	0.4396	-21.6843	-0.2987
455	V	G	-0.3576	0.4396	-6.8116	-0.3624
455	V	H	-0.4773	0.4396	-21.6843	-0.4197
455	V	I	-0.2432	0.4396	-21.6843	-0.1133
455	V	K	-0.4705	0.4396	-21.6843	-0.4109
455	V	L	-0.2405	0.4396	-8.3965	-0.1985
455	V	M	-0.2415	0.4396	-6.8116	-0.2104
455	V	N	-0.4621	0.4396	-21.6843	-0.3999
455	V	P	-0.5120	0.4396	-21.6843	-0.4652
455	V	Q	-0.4422	0.4396	-21.6843	-0.3738
455	V	R	-0.4916	0.4396	-21.6843	-0.4384
455	V	S	-0.4114	0.4396	-21.6843	-0.3334
455	V	T	-0.2589	0.4396	-8.3965	-0.2226
455	V	W	-0.4254	0.4396	-21.6843	-0.3518
455	V	Y	-0.4283	0.4396	-21.6843	-0.3556
456	E	A	-0.2726	0.4907	-21.6671	-0.1580
456	E	C	-0.3419	0.4907	-21.6671	-0.2488
456	E	D	-0.1562	0.4907	-5.5720	-0.1131
456	E	F	-0.3196	0.4907	-21.6671	-0.2195
456	E	G	-0.2173	0.4907	-5.7944	-0.1917
456	E	H	-0.3109	0.4907	-21.6671	-0.2081
456	E	I	-0.3249	0.4907	-21.6671	-0.2265
456	E	K	-0.2217	0.4907	-7.3793	-0.1868
456	E	L	-0.3270	0.4907	-21.6671	-0.2293
456	E	M	-0.2759	0.4907	-21.6671	-0.1623
456	E	N	-0.2988	0.4907	-21.6671	-0.1923
456	E	P	-0.3617	0.4907	-8.3792	-0.3635
456	E	Q	-0.1773	0.4907	-8.3792	-0.1220
456	E	R	-0.3551	0.4907	-21.6671	-0.2660
456	E	S	-0.2101	0.4907	-6.7944	-0.1756
456	E	T	-0.3019	0.4907	-21.6671	-0.1964
456	E	V	-0.2180	0.4907	-8.3792	-0.1753
456	E	W	-0.3296	0.4907	-21.6671	-0.2327
456	E	Y	-0.3204	0.4907	-21.6671	-0.2206
457	A	C	-0.1740	0.9865	-7.3836	-0.1841
457	A	D	-0.2414	0.9865	-4.5763	-0.2911
457	A	E	-0.2295	0.9865	-5.0618	-0.2723
457	A	F	-0.2970	0.9865	-21.6714	-0.2497
457	A	G	-0.1608	0.9865	-6.0618	-0.1756
457	A	H	-0.2333	0.9865	-8.3836	-0.2551
457	A	I	-0.2866	0.9865	-21.6714	-0.2360
457	A	K	-0.3190	0.9865	-21.6714	-0.2784
457	A	L	-0.2184	0.9865	-7.3836	-0.2422
457	A	M	-0.2501	0.9865	-21.6714	-0.1882
457	A	N	-0.2261	0.9865	-7.3836	-0.2523
457	A	P	-0.3006	0.9865	-8.3836	-0.3431
457	A	Q	-0.2965	0.9865	-21.6714	-0.2490
457	A	R	-0.3296	0.9865	-21.6714	-0.2924
457	A	S	-0.2116	0.9865	-21.6714	-0.1379
457	A	T	-0.1379	0.9865	-6.0618	-0.1457
457	A	V	-0.1350	0.9865	-6.0618	-0.1418
457	A	W	-0.3080	0.9865	-21.6714	-0.2640
457	A	Y	-0.3162	0.9865	-21.6714	-0.2748
458	V	A	-0.1744	1.0947	-7.3706	-0.1977
458	V	C	-0.2074	1.0947	-8.3706	-0.2342
458	V	D	-0.4139	1.0947	-21.6584	-0.4158
458	V	E	-0.3712	1.0947	-21.6584	-0.3599
458	V	F	-0.3244	1.0947	-21.6584	-0.2987
458	V	G	-0.3731	1.0947	-21.6584	-0.3624
458	V	H	-0.4169	1.0947	-21.6584	-0.4197
458	V	I	-0.0844	1.0947	-2.3707	-0.1133
458	V	K	-0.4101	1.0947	-21.6584	-0.4109
458	V	L	-0.1750	1.0947	-7.3706	-0.1985
458	V	M	-0.1760	1.0947	-5.7857	-0.2104
458	V	N	-0.4017	1.0947	-21.6584	-0.3999
458	V	P	-0.4516	1.0947	-21.6584	-0.4652
458	V	Q	-0.3818	1.0947	-21.6584	-0.3738
458	V	R	-0.3633	1.0947	-8.3706	-0.4384
458	V	S	-0.2780	1.0947	-7.3706	-0.3334
458	V	T	-0.1934	1.0947	-7.3706	-0.2226
458	V	W	-0.3650	1.0947	-21.6584	-0.3518
458	V	Y	-0.3679	1.0947	-21.6584	-0.3556
459	I	A	-0.3654	0.6296	-21.6628	-0.2963
459	I	C	-0.3454	0.6296	-21.6628	-0.2701
459	I	D	-0.4895	0.6296	-21.6628	-0.4587
459	I	E	-0.4704	0.6296	-21.6628	-0.4337
459	I	F	-0.2586	0.6296	-8.3749	-0.2452
459	I	G	-0.4561	0.6296	-21.6628	-0.4150
459	I	H	-0.4560	0.6296	-21.6628	-0.4149
459	I	K	-0.3951	0.6296	-8.3749	-0.4239
459	I	L	-0.1608	0.6296	-4.0531	-0.1460
459	I	M	-0.1885	0.6296	-8.3749	-0.1534
459	I	N	-0.4025	0.6296	-21.6628	-0.3449
459	I	P	-0.5095	0.6296	-21.6628	-0.4849
459	I	Q	-0.3623	0.6296	-8.3749	-0.3810
459	I	R	-0.4897	0.6296	-21.6628	-0.4590
459	I	S	-0.3382	0.6296	-8.3749	-0.3494
459	I	T	-0.3228	0.6296	-21.6628	-0.2405
459	I	V	-0.1349	0.6296	-6.7900	-0.0938
459	I	W	-0.3475	0.6296	-8.3749	-0.3616
459	I	Y	-0.3513	0.6296	-7.3750	-0.3732
460	H	A	-0.2024	0.9970	-21.6628	-0.1271
460	H	C	-0.2569	0.9970	-21.6628	-0.1985
460	H	D	-0.1665	0.9970	-5.3750	-0.1889
460	H	E	-0.1882	0.9970	-7.3750	-0.2040
460	H	F	-0.2240	0.9970	-21.6628	-0.1554
460	H	G	-0.2849	0.9970	-21.6628	-0.2352
460	H	I	-0.2886	0.9970	-21.6628	-0.2400
460	H	K	-0.2453	0.9970	-21.6628	-0.1833
460	H	L	-0.2522	0.9970	-21.6628	-0.1923
460	H	M	-0.2023	0.9970	-21.6628	-0.1270
460	H	N	-0.1151	0.9970	-3.2458	-0.1359
460	H	P	-0.2978	0.9970	-8.3749	-0.3408
460	H	Q	-0.0909	0.9970	-6.0531	-0.0855
460	H	R	-0.1658	0.9970	-7.3750	-0.1747
460	H	S	-0.1354	0.9970	-7.3750	-0.1349
460	H	T	-0.2532	0.9970	-21.6628	-0.1936
460	H	V	-0.1772	0.9970	-8.3749	-0.1829
460	H	W	-0.2403	0.9970	-21.6628	-0.1767
460	H	Y	-0.1064	0.9970	-8.3749	-0.0902
461	P	A	-0.2008	0.6094	-8.3706	-0.1672
461	P	C	-0.2254	0.6094	-6.7857	-0.2100
461	P	D	-0.2594	0.6094	-8.3706	-0.2439
461	P	E	-0.3110	0.6094	-21.6584	-0.2227
461	P	F	-0.3298	0.6094	-21.6584	-0.2472
461	P	G	-0.2830	0.6094	-21.6584	-0.1860
461	P	H	-0.2396	0.6094	-8.3706	-0.2179
461	P	I	-0.3128	0.6094	-21.6584	-0.2250
461	P	K	-0.3027	0.6094	-21.6584	-0.2118
461	P	L	-0.2319	0.6094	-4.9113	-0.2310
461	P	M	-0.2683	0.6094	-21.6584	-0.1668
461	P	N	-0.2954	0.6094	-21.6584	-0.2022
461	P	Q	-0.2971	0.6094	-21.6584	-0.2044
461	P	R	-0.3385	0.6094	-21.6584	-0.2586
461	P	S	-0.1844	0.6094	-5.2008	-0.1668
461	P	T	-0.2127	0.6094	-8.3706	-0.1827
461	P	V	-0.2004	0.6094	-8.3706	-0.1666
461	P	W	-0.3423	0.6094	-21.6584	-0.2636
461	P	Y	-0.3307	0.6094	-21.6584	-0.2485
462	Q	A	-0.1329	1.7816	-21.6497	-0.1308
462	Q	C	-0.1033	1.7816	-6.7769	-0.1913
462	Q	D	-0.1517	1.7816	-8.3618	-0.2441
462	Q	E	-0.0651	1.7816	-7.3619	-0.1375
462	Q	F	-0.1872	1.7816	-21.6497	-0.2018
462	Q	G	-0.1239	1.7816	-6.0400	-0.2233
462	Q	H	-0.0560	1.7816	-6.3619	-0.1322
462	Q	I	-0.1685	1.7816	-21.6497	-0.1774
462	Q	K	-0.0806	1.7816	-4.9025	-0.1742
462	Q	L	-0.0841	1.7816	-8.3618	-0.1556
462	Q	M	-0.1229	1.7816	-21.6497	-0.1176
462	Q	N	-0.1486	1.7816	-21.6497	-0.1513
462	Q	P	-0.2244	1.7816	-5.5546	-0.3581
462	Q	R	-0.0606	1.7816	-1.2639	-0.1723
462	Q	S	-0.0755	1.7816	-6.7769	-0.1549
462	Q	T	-0.0884	1.7816	-7.3619	-0.1679
462	Q	V	-0.1686	1.7816	-21.6497	-0.1775
462	Q	W	-0.1188	1.7816	-8.3618	-0.2010
462	Q	Y	-0.1895	1.7816	-21.6497	-0.2048
463	F	A	-0.4198	0.2876	-21.6540	-0.3264
463	F	C	-0.3880	0.2876	-21.6540	-0.2847
463	F	D	-0.5428	0.2876	-21.6540	-0.4874
463	F	E	-0.5122	0.2876	-21.6540	-0.4473
463	F	G	-0.4552	0.2876	-21.6540	-0.3727
463	F	H	-0.4474	0.2876	-21.6540	-0.3625
463	F	I	-0.2960	0.2876	-8.3662	-0.2530
463	F	K	-0.5191	0.2876	-21.6540	-0.4563
463	F	L	-0.2479	0.2876	-6.3663	-0.2034
463	F	M	-0.3569	0.2876	-21.6540	-0.2440
463	F	N	-0.4725	0.2876	-21.6540	-0.3953
463	F	P	-0.5432	0.2876	-21.6540	-0.4879
463	F	Q	-0.4745	0.2876	-21.6540	-0.3980
463	F	R	-0.5204	0.2876	-21.6540	-0.4581
463	F	S	-0.3310	0.2876	-8.3662	-0.2989
463	F	T	-0.3773	0.2876	-8.3662	-0.3595
463	F	V	-0.2903	0.2876	-8.3662	-0.2456
463	F	W	-0.3434	0.2876	-21.6540	-0.2263
463	F	Y	-0.2358	0.2876	-6.7813	-0.1848
464	L	A	-0.3374	0.8596	-21.6540	-0.2874
464	L	C	-0.3266	0.8596	-21.6540	-0.2733
464	L	D	-0.4589	0.8596	-21.6540	-0.4465
464	L	E	-0.4270	0.8596	-21.6540	-0.4047
464	L	F	-0.2709	0.8596	-21.6540	-0.2003
464	L	G	-0.4123	0.8596	-21.6540	-0.3854
464	L	H	-0.3798	0.8596	-21.6540	-0.3429
464	L	I	-0.1356	0.8596	-6.7813	-0.1226
464	L	K	-0.4260	0.8596	-21.6540	-0.4034
464	L	M	-0.1446	0.8596	-3.9740	-0.1531
464	L	N	-0.4052	0.8596	-21.6540	-0.3762
464	L	P	-0.4208	0.8596	-21.6540	-0.3966
464	L	Q	-0.2904	0.8596	-8.3662	-0.3146
464	L	R	-0.3498	0.8596	-8.3662	-0.3924
464	L	S	-0.3678	0.8596	-21.6540	-0.3272
464	L	T	-0.3405	0.8596	-21.6540	-0.2915
464	L	V	-0.1569	0.8596	-3.8428	-0.1701
464	L	W	-0.3022	0.8596	-8.3662	-0.3301
464	L	Y	-0.3629	0.8596	-21.6540	-0.3208
465	A	C	-0.1799	1.7135	-21.6540	-0.1841
465	A	D	-0.1837	1.7135	-6.3663	-0.2911
465	A	E	-0.1436	1.7135	-1.3219	-0.2723
465	A	F	-0.2301	1.7135	-21.6540	-0.2497
465	A	G	-0.0976	1.7135	-6.7813	-0.1756
465	A	H	-0.2342	1.7135	-21.6540	-0.2551
465	A	I	-0.1518	1.7135	-8.3662	-0.2360
465	A	K	-0.1723	1.7135	-6.0444	-0.2784
465	A	L	-0.2243	1.7135	-21.6540	-0.2422
465	A	M	-0.1831	1.7135	-21.6540	-0.1882
465	A	N	-0.2320	1.7135	-21.6540	-0.2523
465	A	P	-0.3014	1.7135	-21.6540	-0.3431
465	A	Q	-0.1617	1.7135	-8.3662	-0.2490
465	A	R	-0.1898	1.7135	-7.3663	-0.2924
465	A	S	-0.0625	1.7135	-5.5590	-0.1379
465	A	T	-0.0685	1.7135	-5.5590	-0.1457
465	A	V	-0.0655	1.7135	-5.5590	-0.1418
465	A	W	-0.2410	1.7135	-21.6540	-0.2640
465	A	Y	-0.2492	1.7135	-21.6540	-0.2748
466	D	A	-0.0840	1.9310	-5.1832	-0.1947
466	D	C	-0.2094	1.9310	-21.6409	-0.2490
466	D	E	-0.0070	1.9310	-0.8937	-0.1226
466	D	F	-0.2681	1.9310	-21.6409	-0.3258
466	D	G	-0.1113	1.9310	-8.3530	-0.2093
466	D	H	-0.1014	1.9310	-6.7681	-0.2069
466	D	I	-0.1874	1.9310	-7.3531	-0.3156
466	D	K	-0.1709	1.9310	-8.3530	-0.2873
466	D	L	-0.2540	1.9310	-21.6409	-0.3073
466	D	M	-0.1060	1.9310	-4.6527	-0.2271
466	D	N	-0.0588	1.9310	-6.7681	-0.1511
466	D	P	-0.3049	1.9310	-21.6409	-0.3740
466	D	Q	-0.1037	1.9310	-3.7682	-0.2300
466	D	R	-0.2019	1.9310	-8.3530	-0.3279
466	D	S	-0.0985	1.9310	-6.7681	-0.2031
466	D	T	-0.1366	1.9310	-8.3530	-0.2424
466	D	V	-0.2150	1.9310	-21.6409	-0.2563
466	D	W	-0.2485	1.9310	-21.6409	-0.3002
466	D	Y	-0.2129	1.9310	-21.6409	-0.2536
467	L	A	-0.2418	1.0734	-6.7726	-0.2874
467	L	C	-0.2391	1.0734	-8.3574	-0.2733
467	L	D	-0.4392	1.0734	-21.6453	-0.4465
467	L	E	-0.3395	1.0734	-8.3574	-0.4047
467	L	F	-0.1834	1.0734	-8.3574	-0.2003
467	L	G	-0.3926	1.0734	-21.6453	-0.3854
467	L	H	-0.3601	1.0734	-21.6453	-0.3429
467	L	I	-0.0974	1.0734	-3.1481	-0.1226
467	L	K	-0.4063	1.0734	-21.6453	-0.4034
467	L	M	-0.1371	1.0734	-6.3575	-0.1531
467	L	N	-0.3177	1.0734	-8.3574	-0.3762
467	L	P	-0.4011	1.0734	-21.6453	-0.3966
467	L	Q	-0.3385	1.0734	-21.6453	-0.3146
467	L	R	-0.3979	1.0734	-21.6453	-0.3924
467	L	S	-0.3481	1.0734	-21.6453	-0.3272
467	L	T	-0.3208	1.0734	-21.6453	-0.2915
467	L	V	-0.1394	1.0734	-4.2701	-0.1701
467	L	W	-0.3503	1.0734	-21.6453	-0.3301
467	L	Y	-0.3432	1.0734	-21.6453	-0.3208
468	L	A	-0.2820	0.7243	-8.3574	-0.2874
468	L	C	-0.2712	0.7243	-8.3574	-0.2733
468	L	D	-0.4713	0.7243	-21.6453	-0.4465
468	L	E	-0.3540	0.7243	-4.8981	-0.4047
468	L	F	-0.2104	0.7243	-7.3575	-0.2003
468	L	G	-0.3569	0.7243	-8.3574	-0.3854
468	L	H	-0.3922	0.7243	-21.6453	-0.3429
468	L	I	-0.1362	0.7243	-4.4507	-0.1226
468	L	K	-0.4384	0.7243	-21.6453	-0.4034
468	L	M	-0.2472	0.7243	-21.6453	-0.1531
468	L	N	-0.4176	0.7243	-21.6453	-0.3762
468	L	P	-0.3603	0.7243	-7.3575	-0.3966
468	L	Q	-0.3706	0.7243	-21.6453	-0.3146
468	L	R	-0.4300	0.7243	-21.6453	-0.3924
468	L	S	-0.3802	0.7243	-21.6453	-0.3272
468	L	T	-0.3529	0.7243	-21.6453	-0.2915
468	L	V	-0.1873	0.7243	-7.3575	-0.1701
468	L	W	-0.3824	0.7243	-21.6453	-0.3301
468	L	Y	-0.3753	0.7243	-21.6453	-0.3208
469	S	A	-0.2532	0.2638	-21.6409	-0.1054
469	S	C	-0.2307	0.2638	-7.3531	-0.1715
469	S	D	-0.3518	0.2638	-21.6409	-0.2346
469	S	E	-0.3250	0.2638	-21.6409	-0.1995
469	S	F	-0.2553	0.2638	-6.7681	-0.2076
469	S	G	-0.1945	0.2638	-8.3530	-0.1174
469	S	H	-0.3324	0.2638	-21.6409	-0.2092
469	S	I	-0.3344	0.2638	-21.6409	-0.2117
469	S	K	-0.3418	0.2638	-21.6409	-0.2214
469	S	L	-0.3306	0.2638	-21.6409	-0.2068
469	S	M	-0.3017	0.2638	-21.6409	-0.1689
469	S	N	-0.2755	0.2638	-21.6409	-0.1346
469	S	P	-0.3388	0.2638	-8.3530	-0.3063
469	S	Q	-0.2951	0.2638	-21.6409	-0.1603
469	S	R	-0.3470	0.2638	-21.6409	-0.2283
469	S	T	-0.1679	0.2638	-6.7681	-0.0932
469	S	V	-0.3086	0.2638	-21.6409	-0.1780
469	S	W	-0.3409	0.2638	-21.6409	-0.2203
469	S	Y	-0.3360	0.2638	-21.6409	-0.2139
470	P	A	-0.1622	0.9731	-7.3487	-0.1672
470	P	C	-0.2678	0.9731	-21.6364	-0.2100
470	P	D	-0.2937	0.9731	-21.6364	-0.2439
470	P	E	-0.2097	0.9731	-8.3486	-0.2227
470	P	F	-0.2962	0.9731	-21.6364	-0.2472
470	P	G	-0.2494	0.9731	-21.6364	-0.1860
470	P	H	-0.2738	0.9731	-21.6364	-0.2179
470	P	I	-0.2114	0.9731	-8.3486	-0.2250
470	P	K	-0.2691	0.9731	-21.6364	-0.2118
470	P	L	-0.2079	0.9731	-6.7637	-0.2310
470	P	M	-0.2348	0.9731	-21.6364	-0.1668
470	P	N	-0.2618	0.9731	-21.6364	-0.2022
470	P	Q	-0.1957	0.9731	-8.3486	-0.2044
470	P	R	-0.3049	0.9731	-21.6364	-0.2586
470	P	S	-0.1394	0.9731	-2.9564	-0.1668
470	P	T	-0.1615	0.9731	-4.8893	-0.1827
470	P	V	-0.2346	0.9731	-21.6364	-0.1666
470	P	W	-0.3087	0.9731	-21.6364	-0.2636
470	P	Y	-0.2972	0.9731	-21.6364	-0.2485
471	E	A	-0.1612	1.6990	-21.6276	-0.1580
471	E	C	-0.2306	1.6990	-21.6276	-0.2488
471	E	D	-0.0237	1.6990	-1.4091	-0.1131
471	E	F	-0.2082	1.6990	-21.6276	-0.2195
471	E	G	-0.1003	1.6990	-4.6394	-0.1917
471	E	H	-0.1236	1.6990	-6.7548	-0.2081
471	E	I	-0.1457	1.6990	-8.3397	-0.2265
471	E	K	-0.0906	1.6990	-3.4819	-0.1868
471	E	L	-0.2157	1.6990	-21.6276	-0.2293
471	E	M	-0.1645	1.6990	-21.6276	-0.1623
471	E	N	-0.1874	1.6990	-21.6276	-0.1923
471	E	P	-0.3182	1.6990	-21.6276	-0.3635
471	E	Q	-0.0608	1.6990	-7.3398	-0.1220
471	E	R	-0.1759	1.6990	-8.3397	-0.2660
471	E	S	-0.1747	1.6990	-21.6276	-0.1756
471	E	T	-0.1905	1.6990	-21.6276	-0.1964
471	E	V	-0.1744	1.6990	-21.6276	-0.1753
471	E	W	-0.2183	1.6990	-21.6276	-0.2327
471	E	Y	-0.2090	1.6990	-21.6276	-0.2206
472	K	A	0.0007	2.4749	-3.5280	-0.1604
472	K	C	-0.0940	2.4749	-8.3353	-0.2523
472	K	D	-0.1328	2.4749	-8.3353	-0.3031
472	K	E	-0.0304	2.4749	-4.7504	-0.1930
472	K	F	-0.0949	2.4749	-8.3353	-0.2535
472	K	G	-0.1508	2.4749	-21.6231	-0.2379
472	K	H	-0.1017	2.4749	-21.6231	-0.1736
472	K	I	-0.0571	2.4749	-7.3353	-0.2106
472	K	L	-0.0490	2.4749	-6.0134	-0.2089
472	K	M	-0.1017	2.4749	-21.6231	-0.1736
472	K	N	-0.1099	2.4749	-21.6231	-0.1843
472	K	P	-0.1607	2.4749	-1.0045	-0.3886
472	K	Q	0.0057	2.4749	-2.6915	-0.1594
472	K	R	0.0507	2.4749	-6.7504	-0.0735
472	K	S	-0.0116	2.4749	-3.9431	-0.1737
472	K	T	-0.0259	2.4749	-4.4285	-0.1892
472	K	V	-0.0317	2.4749	-5.5280	-0.1895
472	K	W	-0.1717	2.4749	-21.6231	-0.2653
472	K	Y	-0.1476	2.4749	-21.6231	-0.2337
473	Q	A	-0.1244	1.8726	-21.6231	-0.1308
473	Q	C	-0.1706	1.8726	-21.6231	-0.1913
473	Q	D	-0.1300	1.8726	-5.7504	-0.2441
473	Q	E	-0.0321	1.8726	-2.5280	-0.1375
473	Q	F	-0.1787	1.8726	-21.6231	-0.2018
473	Q	G	-0.1154	1.8726	-6.0134	-0.2233
473	Q	H	-0.0334	1.8726	-3.5805	-0.1322
473	Q	I	-0.1600	1.8726	-21.6231	-0.1774
473	Q	K	-0.0779	1.8726	-6.0134	-0.1742
473	Q	L	-0.0705	1.8726	-7.3353	-0.1556
473	Q	M	-0.0465	1.8726	-8.3353	-0.1176
473	Q	N	-0.0621	1.8726	-6.3354	-0.1513
473	Q	P	-0.2981	1.8726	-21.6231	-0.3581
473	Q	R	-0.0751	1.8726	-5.7504	-0.1723
473	Q	S	-0.0750	1.8726	-8.3353	-0.1549
473	Q	T	-0.0799	1.8726	-7.3353	-0.1679
473	Q	V	-0.1601	1.8726	-21.6231	-0.1775
473	Q	W	-0.1781	1.8726	-21.6231	-0.2010
473	Q	Y	-0.1013	1.8726	-6.0134	-0.2048
474	R	A	-0.1006	2.5347	-7.3353	-0.2748
474	R	C	-0.1824	2.5347	-21.6231	-0.2864
474	R	D	-0.1967	2.5347	-8.3353	-0.3940
474	R	E	-0.1420	2.5347	-8.3353	-0.3223
474	R	F	-0.2057	2.5347	-21.6231	-0.3169
474	R	G	-0.2089	2.5347	-21.6231	-0.3211
474	R	H	-0.1433	2.5347	-21.6231	-0.2352
474	R	I	-0.1157	2.5347	-4.5280	-0.3133
474	R	K	0.0143	2.5347	-6.3354	-0.1311
474	R	L	-0.0759	2.5347	-2.0135	-0.2780
474	R	M	-0.0406	2.5347	-1.7962	-0.2333
474	R	N	-0.1884	2.5347	-21.6231	-0.2943
474	R	P	-0.3156	2.5347	-21.6231	-0.4608
474	R	Q	-0.0591	2.5347	-4.1655	-0.2417
474	R	S	-0.1011	2.5347	-7.3353	-0.2755
474	R	T	-0.0987	2.5347	-6.0134	-0.2812
474	R	V	-0.1001	2.5347	-4.0135	-0.2964
474	R	W	-0.1234	2.5347	-8.3353	-0.2980
474	R	Y	-0.1950	2.5347	-21.6231	-0.3029
475	D	A	-0.3185	0.2946	-21.6276	-0.1947
475	D	C	-0.3599	0.2946	-21.6276	-0.2490
475	D	E	-0.1905	0.2946	-7.3398	-0.1226
475	D	F	-0.4186	0.2946	-21.6276	-0.3258
475	D	G	-0.2618	0.2946	-8.3397	-0.2093
475	D	H	-0.3278	0.2946	-21.6276	-0.2069
475	D	I	-0.3430	0.2946	-8.3397	-0.3156
475	D	K	-0.3892	0.2946	-21.6276	-0.2873
475	D	L	-0.4045	0.2946	-21.6276	-0.3073
475	D	M	-0.3432	0.2946	-21.6276	-0.2271
475	D	N	-0.2030	0.2946	-5.5325	-0.1511
475	D	P	-0.4554	0.2946	-21.6276	-0.3740
475	D	Q	-0.3454	0.2946	-21.6276	-0.2300
475	D	R	-0.3524	0.2946	-8.3397	-0.3279
475	D	S	-0.3249	0.2946	-21.6276	-0.2031
475	D	T	-0.3549	0.2946	-21.6276	-0.2424
475	D	V	-0.3655	0.2946	-21.6276	-0.2563
475	D	W	-0.3990	0.2946	-21.6276	-0.3002
475	D	Y	-0.3635	0.2946	-21.6276	-0.2536
476	P	A	-0.1345	2.0651	-21.6142	-0.1672
476	P	C	-0.1672	2.0651	-21.6142	-0.2100
476	P	D	-0.1253	2.0651	-8.3263	-0.2439
476	P	E	-0.1769	2.0651	-21.6142	-0.2227
476	P	F	-0.0962	2.0651	-2.1366	-0.2472
476	P	G	-0.1488	2.0651	-21.6142	-0.1860
476	P	H	-0.1732	2.0651	-21.6142	-0.2179
476	P	I	-0.0844	2.0651	-3.1565	-0.2250
476	P	K	-0.1685	2.0651	-21.6142	-0.2118
476	P	L	-0.0837	2.0651	-2.1170	-0.2310
476	P	M	-0.0664	2.0651	-8.3263	-0.1668
476	P	N	-0.1612	2.0651	-21.6142	-0.2022
476	P	Q	-0.1629	2.0651	-21.6142	-0.2044
476	P	R	-0.1365	2.0651	-8.3263	-0.2586
476	P	S	-0.0562	2.0651	-6.3264	-0.1668
476	P	T	-0.0785	2.0651	-8.3263	-0.1827
476	P	V	-0.0662	2.0651	-8.3263	-0.1666
476	P	W	-0.2081	2.0651	-21.6142	-0.2636
476	P	Y	-0.1966	2.0651	-21.6142	-0.2485
477	L	A	-0.3302	0.9351	-21.5915	-0.2874
477	L	C	-0.3194	0.9351	-21.5915	-0.2733
477	L	D	-0.4517	0.9351	-21.5915	-0.4465
477	L	E	-0.3468	0.9351	-7.3037	-0.4047
477	L	F	-0.1877	0.9351	-6.7188	-0.2003
477	L	G	-0.4050	0.9351	-21.5915	-0.3854
477	L	H	-0.3725	0.9351	-21.5915	-0.3429
477	L	I	-0.1314	0.9351	-7.3037	-0.1226
477	L	K	-0.3509	0.9351	-8.3036	-0.4034
477	L	M	-0.1409	0.9351	-4.6033	-0.1531
477	L	N	-0.3980	0.9351	-21.5915	-0.3762
477	L	P	-0.3407	0.9351	-7.3037	-0.3966
477	L	Q	-0.2831	0.9351	-8.3036	-0.3146
477	L	R	-0.4104	0.9351	-21.5915	-0.3924
477	L	S	-0.2751	0.9351	-4.8443	-0.3272
477	L	T	-0.2574	0.9351	-6.7188	-0.2915
477	L	V	-0.1625	0.9351	-6.3038	-0.1701
477	L	W	-0.3628	0.9351	-21.5915	-0.3301
477	L	Y	-0.3557	0.9351	-21.5915	-0.3208
478	A	C	-0.2294	1.1729	-21.6006	-0.1841
478	A	D	-0.2280	1.1729	-5.3129	-0.2911
478	A	E	-0.2290	1.1729	-8.3127	-0.2723
478	A	F	-0.2795	1.1729	-21.6006	-0.2497
478	A	G	-0.1389	1.1729	-5.1430	-0.1756
478	A	H	-0.2836	1.1729	-21.6006	-0.2551
478	A	I	-0.2691	1.1729	-21.6006	-0.2360
478	A	K	-0.3014	1.1729	-21.6006	-0.2784
478	A	L	-0.2060	1.1729	-8.3127	-0.2422
478	A	M	-0.2325	1.1729	-21.6006	-0.1882
478	A	N	-0.2815	1.1729	-21.6006	-0.2523
478	A	P	-0.2831	1.1729	-8.3127	-0.3431
478	A	Q	-0.2790	1.1729	-21.6006	-0.2490
478	A	R	-0.2443	1.1729	-8.3127	-0.2924
478	A	S	-0.0988	1.1729	-2.9206	-0.1379
478	A	T	-0.1242	1.1729	-6.7279	-0.1457
478	A	V	-0.1212	1.1729	-6.7279	-0.1418
478	A	W	-0.2904	1.1729	-21.6006	-0.2640
478	A	Y	-0.2987	1.1729	-21.6006	-0.2748
479	L	A	-0.3048	0.4745	-8.3173	-0.2874
479	L	C	-0.3618	0.4745	-21.6051	-0.2733
479	L	D	-0.4941	0.4745	-21.6051	-0.4465
479	L	E	-0.3944	0.4745	-8.3173	-0.4047
479	L	F	-0.2383	0.4745	-8.3173	-0.2003
479	L	G	-0.3796	0.4745	-8.3173	-0.3854
479	L	H	-0.4150	0.4745	-21.6051	-0.3429
479	L	I	-0.1738	0.4745	-7.3173	-0.1226
479	L	K	-0.4612	0.4745	-21.6051	-0.4034
479	L	M	-0.2700	0.4745	-21.6051	-0.1531
479	L	N	-0.4404	0.4745	-21.6051	-0.3762
479	L	P	-0.3882	0.4745	-8.3173	-0.3966
479	L	Q	-0.3934	0.4745	-21.6051	-0.3146
479	L	R	-0.4528	0.4745	-21.6051	-0.3924
479	L	S	-0.4030	0.4745	-21.6051	-0.3272
479	L	T	-0.2936	0.4745	-5.5100	-0.2915
479	L	V	-0.2033	0.4745	-5.9955	-0.1701
479	L	W	-0.4052	0.4745	-21.6051	-0.3301
479	L	Y	-0.3981	0.4745	-21.6051	-0.3208
480	I	A	-0.0673	2.7942	-2.2640	-0.2963
480	I	C	-0.1459	2.7942	-21.5961	-0.2701
480	I	D	-0.2900	2.7942	-21.5961	-0.4587
480	I	E	-0.2031	2.7942	-8.3082	-0.4337
480	I	F	-0.0510	2.7942	-6.7233	-0.2452
480	I	G	-0.1837	2.7942	-7.3083	-0.4150
480	I	H	-0.2565	2.7942	-21.5961	-0.4149
480	I	K	-0.2634	2.7942	-21.5961	-0.4239
480	I	L	0.0286	2.7942	-5.9864	-0.1460
480	I	M	0.0368	2.7942	-3.2639	-0.1534
480	I	N	-0.2030	2.7942	-21.5961	-0.3449
480	I	P	-0.2422	2.7942	-8.3082	-0.4849
480	I	Q	-0.1628	2.7942	-8.3082	-0.3810
480	I	R	-0.2035	2.7942	-4.6079	-0.4590
480	I	S	-0.1060	2.7942	-1.9160	-0.3494
480	I	T	-0.0270	2.7942	-2.7234	-0.2405
480	I	V	0.0749	2.7942	-4.7234	-0.0938
480	I	W	-0.2158	2.7942	-21.5961	-0.3616
480	I	Y	-0.2246	2.7942	-21.5961	-0.3732
481	E	A	-0.1773	1.5229	-21.6006	-0.1580
481	E	C	-0.2466	1.5229	-21.6006	-0.2488
481	E	D	-0.0671	1.5229	-6.7279	-0.1131
481	E	F	-0.2242	1.5229	-21.6006	-0.2195
481	E	G	-0.2030	1.5229	-21.6006	-0.1917
481	E	H	-0.2155	1.5229	-21.6006	-0.2081
481	E	I	-0.2296	1.5229	-21.6006	-0.2265
481	E	K	-0.1059	1.5229	-3.3129	-0.1868
481	E	L	-0.1639	1.5229	-8.3127	-0.2293
481	E	M	-0.1127	1.5229	-8.3127	-0.1623
481	E	N	-0.1357	1.5229	-8.3127	-0.1923
481	E	P	-0.3342	1.5229	-21.6006	-0.3635
481	E	Q	-0.0486	1.5229	-1.7737	-0.1220
481	E	R	-0.1869	1.5229	-7.3128	-0.2660
481	E	S	-0.1907	1.5229	-21.6006	-0.1756
481	E	T	-0.2066	1.5229	-21.6006	-0.1964
481	E	V	-0.1905	1.5229	-21.6006	-0.1753
481	E	W	-0.1665	1.5229	-8.3127	-0.2327
481	E	Y	-0.2251	1.5229	-21.6006	-0.2206
482	E	A	-0.1533	1.0464	-8.3127	-0.1580
482	E	C	-0.2905	1.0464	-21.6006	-0.2488
482	E	D	-0.1037	1.0464	-5.3129	-0.1131
482	E	F	-0.2681	1.0464	-21.6006	-0.2195
482	E	G	-0.2469	1.0464	-21.6006	-0.1917
482	E	H	-0.2594	1.0464	-21.6006	-0.2081
482	E	I	-0.2056	1.0464	-8.3127	-0.2265
482	E	K	-0.1540	1.0464	-4.1430	-0.1868
482	E	L	-0.2027	1.0464	-7.3128	-0.2293
482	E	M	-0.2244	1.0464	-21.6006	-0.1623
482	E	N	-0.1795	1.0464	-8.3127	-0.1923
482	E	P	-0.3781	1.0464	-21.6006	-0.3635
482	E	Q	-0.1105	1.0464	-5.3129	-0.1220
482	E	R	-0.3036	1.0464	-21.6006	-0.2660
482	E	S	-0.2346	1.0464	-21.6006	-0.1756
482	E	T	-0.1826	1.0464	-8.3127	-0.1964
482	E	V	-0.1482	1.0464	-4.7279	-0.1753
482	E	W	-0.2782	1.0464	-21.6006	-0.2327
482	E	Y	-0.2689	1.0464	-21.6006	-0.2206
483	L	A	-0.3321	0.1776	-8.3127	-0.2874
483	L	C	-0.3891	0.1776	-21.6006	-0.2733
483	L	D	-0.5214	0.1776	-21.6006	-0.4465
483	L	E	-0.4895	0.1776	-21.6006	-0.4047
483	L	F	-0.2656	0.1776	-8.3127	-0.2003
483	L	G	-0.4748	0.1776	-21.6006	-0.3854
483	L	H	-0.4423	0.1776	-21.6006	-0.3429
483	L	I	-0.2062	0.1776	-8.3127	-0.1226
483	L	K	-0.4885	0.1776	-21.6006	-0.4034
483	L	M	-0.2244	0.1776	-7.3128	-0.1531
483	L	N	-0.4677	0.1776	-21.6006	-0.3762
483	L	P	-0.4833	0.1776	-21.6006	-0.3966
483	L	Q	-0.4207	0.1776	-21.6006	-0.3146
483	L	R	-0.4801	0.1776	-21.6006	-0.3924
483	L	S	-0.4303	0.1776	-21.6006	-0.3272
483	L	T	-0.4030	0.1776	-21.6006	-0.2915
483	L	V	-0.2425	0.1776	-8.3127	-0.1701
483	L	W	-0.4325	0.1776	-21.6006	-0.3301
483	L	Y	-0.4254	0.1776	-21.6006	-0.3208
484	E	A	-0.1819	0.6481	-6.7279	-0.1580
484	E	C	-0.3271	0.6481	-21.6006	-0.2488
484	E	D	-0.1506	0.6481	-7.3128	-0.1131
484	E	F	-0.3047	0.6481	-21.6006	-0.2195
484	E	G	-0.2157	0.6481	-8.3127	-0.1917
484	E	H	-0.2960	0.6481	-21.6006	-0.2081
484	E	I	-0.3101	0.6481	-21.6006	-0.2265
484	E	K	-0.2039	0.6481	-6.7279	-0.1868
484	E	L	-0.2444	0.6481	-8.3127	-0.2293
484	E	M	-0.2610	0.6481	-21.6006	-0.1623
484	E	N	-0.2840	0.6481	-21.6006	-0.1923
484	E	P	-0.4147	0.6481	-21.6006	-0.3635
484	E	Q	-0.1425	0.6481	-4.4060	-0.1220
484	E	R	-0.2724	0.6481	-8.3127	-0.2660
484	E	S	-0.1953	0.6481	-6.7279	-0.1756
484	E	T	-0.2871	0.6481	-21.6006	-0.1964
484	E	V	-0.2710	0.6481	-21.6006	-0.1753
484	E	W	-0.3148	0.6481	-21.6006	-0.2327
484	E	Y	-0.3056	0.6481	-21.6006	-0.2206
485	Q	A	-0.1820	1.2462	-21.6006	-0.1308
485	Q	C	-0.2282	1.2462	-21.6006	-0.1913
485	Q	D	-0.2007	1.2462	-8.3127	-0.2441
485	Q	E	-0.0945	1.2462	-3.4549	-0.1375
485	Q	F	-0.2362	1.2462	-21.6006	-0.2018
485	Q	G	-0.2526	1.2462	-21.6006	-0.2233
485	Q	H	-0.1034	1.2462	-5.9909	-0.1322
485	Q	I	-0.2176	1.2462	-21.6006	-0.1774
485	Q	K	-0.1284	1.2462	-4.6124	-0.1742
485	Q	L	-0.2009	1.2462	-21.6006	-0.1556
485	Q	M	-0.1719	1.2462	-21.6006	-0.1176
485	Q	N	-0.1976	1.2462	-21.6006	-0.1513
485	Q	P	-0.3556	1.2462	-21.6006	-0.3581
485	Q	R	-0.1356	1.2462	-6.3129	-0.1723
485	Q	S	-0.2004	1.2462	-21.6006	-0.1549
485	Q	T	-0.2103	1.2462	-21.6006	-0.1679
485	Q	V	-0.1447	1.2462	-7.3128	-0.1775
485	Q	W	-0.2356	1.2462	-21.6006	-0.2010
485	Q	Y	-0.1503	1.2462	-4.3129	-0.2048
486	E	A	-0.2911	0.2860	-21.5961	-0.1580
486	E	C	-0.3604	0.2860	-21.5961	-0.2488
486	E	D	-0.1809	0.2860	-6.7233	-0.1131
486	E	F	-0.3380	0.2860	-21.5961	-0.2195
486	E	G	-0.2490	0.2860	-8.3082	-0.1917
486	E	H	-0.3293	0.2860	-21.5961	-0.2081
486	E	I	-0.3434	0.2860	-21.5961	-0.2265
486	E	K	-0.2453	0.2860	-8.3082	-0.1868
486	E	L	-0.3455	0.2860	-21.5961	-0.2293
486	E	M	-0.2943	0.2860	-21.5961	-0.1623
486	E	N	-0.3173	0.2860	-21.5961	-0.1923
486	E	P	-0.4480	0.2860	-21.5961	-0.3635
486	E	Q	-0.1839	0.2860	-5.9864	-0.1220
486	E	R	-0.3736	0.2860	-21.5961	-0.2660
486	E	S	-0.3045	0.2860	-21.5961	-0.1756
486	E	T	-0.3204	0.2860	-21.5961	-0.1964
486	E	V	-0.2365	0.2860	-8.3082	-0.1753
486	E	W	-0.3481	0.2860	-21.5961	-0.2327
486	E	Y	-0.3389	0.2860	-21.5961	-0.2206
487	E	A	-0.1661	0.7787	-5.9864	-0.1580
487	E	C	-0.3151	0.7787	-21.5961	-0.2488
487	E	D	-0.1304	0.7787	-5.7234	-0.1131
487	E	F	-0.2927	0.7787	-21.5961	-0.2195
487	E	G	-0.2715	0.7787	-21.5961	-0.1917
487	E	H	-0.1979	0.7787	-4.7234	-0.2081
487	E	I	-0.2980	0.7787	-21.5961	-0.2265
487	E	K	-0.2677	0.7787	-21.5961	-0.1868
487	E	L	-0.2192	0.7787	-5.7234	-0.2293
487	E	M	-0.2490	0.7787	-21.5961	-0.1623
487	E	N	-0.2719	0.7787	-21.5961	-0.1923
487	E	P	-0.4027	0.7787	-21.5961	-0.3635
487	E	Q	-0.1372	0.7787	-5.7234	-0.1220
487	E	R	-0.2604	0.7787	-8.3082	-0.2660
487	E	S	-0.2592	0.7787	-21.5961	-0.1756
487	E	T	-0.2751	0.7787	-21.5961	-0.1964
487	E	V	-0.2589	0.7787	-21.5961	-0.1753
487	E	W	-0.3028	0.7787	-21.5961	-0.2327
487	E	Y	-0.2935	0.7787	-21.5961	-0.2206
488	G	A	-0.1834	1.2195	-4.9864	-0.2405
488	G	C	-0.3279	1.2195	-21.5961	-0.3187
488	G	D	-0.3284	1.2195	-21.5961	-0.3194
488	G	E	-0.2336	1.2195	-3.1384	-0.3185
488	G	F	-0.3660	1.2195	-21.5961	-0.3686
488	G	H	-0.3407	1.2195	-21.5961	-0.3355
488	G	I	-0.3388	1.2195	-7.3083	-0.4284
488	G	K	-0.2929	1.2195	-8.3082	-0.3616
488	G	L	-0.3799	1.2195	-21.5961	-0.3868
488	G	M	-0.3181	1.2195	-21.5961	-0.3059
488	G	N	-0.2507	1.2195	-6.3083	-0.3198
488	G	P	-0.4258	1.2195	-21.5961	-0.4469
488	G	Q	-0.2638	1.2195	-8.3082	-0.3236
488	G	R	-0.2565	1.2195	-4.3083	-0.3407
488	G	S	-0.2063	1.2195	-8.3082	-0.2482
488	G	T	-0.3510	1.2195	-21.5961	-0.3489
488	G	V	-0.3550	1.2195	-21.5961	-0.3541
488	G	W	-0.3658	1.2195	-21.5961	-0.3683
488	G	Y	-0.3664	1.2195	-21.5961	-0.3691
489	L	A	-0.3820	0.3718	-21.5869	-0.2874
489	L	C	-0.3712	0.3718	-21.5869	-0.2733
489	L	D	-0.5035	0.3718	-21.5869	-0.4465
489	L	E	-0.4716	0.3718	-21.5869	-0.4047
489	L	F	-0.2314	0.3718	-5.1293	-0.2003
489	L	G	-0.3890	0.3718	-8.2991	-0.3854
489	L	H	-0.4244	0.3718	-21.5869	-0.3429
489	L	I	-0.2561	0.3718	-21.5869	-0.1226
489	L	K	-0.4706	0.3718	-21.5869	-0.4034
489	L	M	-0.2116	0.3718	-8.2991	-0.1531
489	L	N	-0.4498	0.3718	-21.5869	-0.3762
489	L	P	-0.3976	0.3718	-8.2991	-0.3966
489	L	Q	-0.4027	0.3718	-21.5869	-0.3146
489	L	R	-0.4622	0.3718	-21.5869	-0.3924
489	L	S	-0.3446	0.3718	-8.2991	-0.3272
489	L	T	-0.3173	0.3718	-8.2991	-0.2915
489	L	V	-0.2246	0.3718	-8.2991	-0.1701
489	L	W	-0.4146	0.3718	-21.5869	-0.3301
489	L	Y	-0.4075	0.3718	-21.5869	-0.3208
490	T	A	-0.1416	1.1076	-6.7050	-0.1608
490	T	C	-0.1855	1.1076	-8.2899	-0.2077
490	T	D	-0.2653	1.1076	-8.2899	-0.3121
490	T	E	-0.3084	1.1076	-21.5777	-0.2798
490	T	F	-0.3248	1.1076	-21.5777	-0.3012
490	T	G	-0.2181	1.1076	-7.2900	-0.2570
490	T	H	-0.3050	1.1076	-21.5777	-0.2754
490	T	I	-0.1705	1.1076	-7.2900	-0.1947
490	T	K	-0.3006	1.1076	-21.5777	-0.2696
490	T	L	-0.2275	1.1076	-8.2899	-0.2627
490	T	M	-0.2623	1.1076	-21.5777	-0.2194
490	T	N	-0.2002	1.1076	-7.2900	-0.2336
490	T	P	-0.3089	1.1076	-7.2900	-0.3759
490	T	Q	-0.2148	1.1076	-8.2899	-0.2460
490	T	R	-0.3034	1.1076	-21.5777	-0.2733
490	T	S	-0.0834	1.1076	-2.4074	-0.1133
490	T	V	-0.2310	1.1076	-21.5777	-0.1784
490	T	W	-0.3177	1.1076	-21.5777	-0.2919
490	T	Y	-0.3262	1.1076	-21.5777	-0.3031
491	L	A	-0.1517	1.9254	-4.4734	-0.2874
491	L	C	-0.2281	1.9254	-21.5685	-0.2733
491	L	D	-0.3604	1.9254	-21.5685	-0.4465
491	L	E	-0.3285	1.9254	-21.5685	-0.4047
491	L	F	-0.0869	1.9254	-4.8213	-0.2003
491	L	G	-0.3138	1.9254	-21.5685	-0.3854
491	L	H	-0.2135	1.9254	-8.2806	-0.3429
491	L	I	-0.0334	1.9254	-5.9588	-0.1226
491	L	K	-0.3275	1.9254	-21.5685	-0.4034
491	L	M	-0.0685	1.9254	-8.2806	-0.1531
491	L	N	-0.3067	1.9254	-21.5685	-0.3762
491	L	P	-0.2240	1.9254	-2.3035	-0.3966
491	L	Q	-0.2597	1.9254	-21.5685	-0.3146
491	L	R	-0.3191	1.9254	-21.5685	-0.3924
491	L	S	-0.1913	1.9254	-6.2807	-0.3272
491	L	T	-0.1662	1.9254	-6.6958	-0.2915
491	L	V	-0.0562	1.9254	-3.3266	-0.1701
491	L	W	-0.2715	1.9254	-21.5685	-0.3301
491	L	Y	-0.2644	1.9254	-21.5685	-0.3208
492	A	C	-0.1381	2.1620	-21.5498	-0.1841
492	A	D	-0.1290	2.1620	-3.7385	-0.2911
492	A	E	-0.1081	2.1620	-2.4547	-0.2723
492	A	F	-0.1883	2.1620	-21.5498	-0.2497
492	A	G	-0.0507	2.1620	-5.6771	-0.1756
492	A	H	-0.1924	2.1620	-21.5498	-0.2551
492	A	I	-0.1778	2.1620	-21.5498	-0.2360
492	A	K	-0.1343	2.1620	-6.6771	-0.2784
492	A	L	-0.1096	2.1620	-7.2620	-0.2422
492	A	M	-0.1413	2.1620	-21.5498	-0.1882
492	A	N	-0.1106	2.1620	-5.9401	-0.2523
492	A	P	-0.2596	2.1620	-21.5498	-0.3431
492	A	Q	-0.1199	2.1620	-8.2620	-0.2490
492	A	R	-0.2209	2.1620	-21.5498	-0.2924
492	A	S	-0.0189	2.1620	-5.0922	-0.1379
492	A	T	-0.0153	2.1620	-3.2177	-0.1457
492	A	V	-0.0278	2.1620	-6.2621	-0.1418
492	A	W	-0.1992	2.1620	-21.5498	-0.2640
492	A	Y	-0.1396	2.1620	-8.2620	-0.2748
493	Q	A	-0.1495	0.7711	-6.6771	-0.1308
493	Q	C	-0.2716	0.7711	-21.5498	-0.1913
493	Q	D	-0.3120	0.7711	-21.5498	-0.2441
493	Q	E	-0.1335	0.7711	-2.5342	-0.1375
493	Q	F	-0.2796	0.7711	-21.5498	-0.2018
493	Q	G	-0.2961	0.7711	-21.5498	-0.2233
493	Q	H	-0.2265	0.7711	-21.5498	-0.1322
493	Q	I	-0.2610	0.7711	-21.5498	-0.1774
493	Q	K	-0.1908	0.7711	-8.2620	-0.1742
493	Q	L	-0.2444	0.7711	-21.5498	-0.1556
493	Q	M	-0.2153	0.7711	-21.5498	-0.1176
493	Q	N	-0.2411	0.7711	-21.5498	-0.1513
493	Q	P	-0.3990	0.7711	-21.5498	-0.3581
493	Q	R	-0.2571	0.7711	-21.5498	-0.1723
493	Q	S	-0.2438	0.7711	-21.5498	-0.1549
493	Q	T	-0.2538	0.7711	-21.5498	-0.1679
493	Q	V	-0.2611	0.7711	-21.5498	-0.1775
493	Q	W	-0.2790	0.7711	-21.5498	-0.2010
493	Q	Y	-0.2819	0.7711	-21.5498	-0.2048
494	L	A	-0.3146	1.0984	-21.4874	-0.2874
494	L	C	-0.3038	1.0984	-21.4874	-0.2733
494	L	D	-0.3683	1.0984	-8.1995	-0.4465
494	L	E	-0.4042	1.0984	-21.4874	-0.4047
494	L	F	-0.2481	1.0984	-21.4874	-0.2003
494	L	G	-0.3895	1.0984	-21.4874	-0.3854
494	L	H	-0.2892	1.0984	-8.1995	-0.3429
494	L	I	-0.1128	1.0984	-6.6147	-0.1226
494	L	K	-0.4032	1.0984	-21.4874	-0.4034
494	L	M	-0.1361	1.0984	-6.6147	-0.1531
494	L	N	-0.3824	1.0984	-21.4874	-0.3762
494	L	P	-0.3302	1.0984	-8.1995	-0.3966
494	L	Q	-0.2574	1.0984	-6.1996	-0.3146
494	L	R	-0.3270	1.0984	-8.1995	-0.3924
494	L	S	-0.2772	1.0984	-8.1995	-0.3272
494	L	T	-0.3177	1.0984	-21.4874	-0.2915
494	L	V	-0.1285	1.0984	-2.5850	-0.1701
494	L	W	-0.2794	1.0984	-8.1995	-0.3301
494	L	Y	-0.3401	1.0984	-21.4874	-0.3208
495	V	A	-0.0997	1.6957	-3.5749	-0.1977
495	V	C	-0.1510	1.6957	-8.1597	-0.2342
495	V	D	-0.2897	1.6957	-8.1597	-0.4158
495	V	E	-0.2317	1.6957	-5.1599	-0.3599
495	V	F	-0.2681	1.6957	-21.4476	-0.2987
495	V	G	-0.2489	1.6957	-8.1597	-0.3624
495	V	H	-0.3605	1.6957	-21.4476	-0.4197
495	V	I	-0.0392	1.6957	-4.3525	-0.1133
495	V	K	-0.3538	1.6957	-21.4476	-0.4109
495	V	L	-0.1033	1.6957	-4.1599	-0.1985
495	V	M	-0.1277	1.6957	-7.1598	-0.2104
495	V	N	-0.2644	1.6957	-5.5749	-0.3999
495	V	P	-0.3223	1.6957	-7.1598	-0.4652
495	V	Q	-0.3254	1.6957	-21.4476	-0.3738
495	V	R	-0.3748	1.6957	-21.4476	-0.4384
495	V	S	-0.2166	1.6957	-6.1598	-0.3334
495	V	T	-0.1340	1.6957	-6.5749	-0.2226
495	V	W	-0.3086	1.6957	-21.4476	-0.3518
495	V	Y	-0.3115	1.6957	-21.4476	-0.3556
496	Q	A	-0.0847	1.5017	-7.1548	-0.1308
496	Q	C	-0.2039	1.5017	-21.4425	-0.1913
496	Q	D	-0.1713	1.5017	-7.1548	-0.2441
496	Q	E	-0.0586	1.5017	-1.0255	-0.1375
496	Q	F	-0.2119	1.5017	-21.4425	-0.2018
496	Q	G	-0.2283	1.5017	-21.4425	-0.2233
496	Q	H	-0.0909	1.5017	-8.1547	-0.1322
496	Q	I	-0.1932	1.5017	-21.4425	-0.1774
496	Q	K	-0.1111	1.5017	-5.8329	-0.1742
496	Q	L	-0.1766	1.5017	-21.4425	-0.1556
496	Q	M	-0.1476	1.5017	-21.4425	-0.1176
496	Q	N	-0.1733	1.5017	-21.4425	-0.1513
496	Q	P	-0.2635	1.5017	-8.1547	-0.3581
496	Q	R	-0.1054	1.5017	-4.9849	-0.1723
496	Q	S	-0.1082	1.5017	-8.1547	-0.1549
496	Q	T	-0.1182	1.5017	-8.1547	-0.1679
496	Q	V	-0.1933	1.5017	-21.4425	-0.1775
496	Q	W	-0.2113	1.5017	-21.4425	-0.2010
496	Q	Y	-0.2142	1.5017	-21.4425	-0.2048
497	K	A	-0.1599	0.8953	-6.5287	-0.1604
497	K	C	-0.3060	0.8953	-21.4015	-0.2523
497	K	D	-0.3448	0.8953	-21.4015	-0.3031
497	K	E	-0.1740	0.8953	-4.4133	-0.1930
497	K	F	-0.3070	0.8953	-21.4015	-0.2535
497	K	G	-0.2170	0.8953	-6.1137	-0.2379
497	K	H	-0.2459	0.8953	-21.4015	-0.1736
497	K	I	-0.2742	0.8953	-21.4015	-0.2106
497	K	L	-0.2729	0.8953	-21.4015	-0.2089
497	K	M	-0.2459	0.8953	-21.4015	-0.1736
497	K	N	-0.2541	0.8953	-21.4015	-0.1843
497	K	P	-0.4101	0.8953	-21.4015	-0.3886
497	K	Q	-0.1673	0.8953	-8.1136	-0.1594
497	K	R	-0.0828	0.8953	-4.4133	-0.0735
497	K	S	-0.2460	0.8953	-21.4015	-0.1737
497	K	T	-0.1782	0.8953	-5.7918	-0.1892
497	K	V	-0.2581	0.8953	-21.4015	-0.1895
497	K	W	-0.3160	0.8953	-21.4015	-0.2653
497	K	Y	-0.2918	0.8953	-21.4015	-0.2337
498	R	A	-0.2997	1.1498	-21.3910	-0.2748
498	R	C	-0.3086	1.1498	-21.3910	-0.2864
498	R	D	-0.3230	1.1498	-8.1032	-0.3940
498	R	E	-0.3360	1.1498	-21.3910	-0.3223
498	R	F	-0.3319	1.1498	-21.3910	-0.3169
498	R	G	-0.2555	1.1498	-5.7813	-0.3211
498	R	H	-0.1789	1.1498	-3.6439	-0.2352
498	R	I	-0.3292	1.1498	-21.3910	-0.3133
498	R	K	-0.1171	1.1498	-7.1032	-0.1311
498	R	L	-0.2344	1.1498	-8.1032	-0.2780
498	R	M	-0.2680	1.1498	-21.3910	-0.2333
498	R	N	-0.2417	1.1498	-7.1032	-0.2943
498	R	P	-0.3622	1.1498	-5.7813	-0.4608
498	R	Q	-0.1890	1.1498	-4.6439	-0.2417
498	R	S	-0.2325	1.1498	-8.1032	-0.2755
498	R	T	-0.3046	1.1498	-21.3910	-0.2812
498	R	V	-0.3162	1.1498	-21.3910	-0.2964
498	R	W	-0.3175	1.1498	-21.3910	-0.2980
498	R	Y	-0.2534	1.1498	-8.1032	-0.3029
499	L	A	-0.2936	1.3175	-21.3321	-0.2874
499	L	C	-0.1930	1.3175	-3.7225	-0.2733
499	L	D	-0.4152	1.3175	-21.3321	-0.4465
499	L	E	-0.3154	1.3175	-8.0443	-0.4047
499	L	F	-0.1475	1.3175	-5.7224	-0.2003
499	L	G	-0.3685	1.3175	-21.3321	-0.3854
499	L	H	-0.2631	1.3175	-7.0443	-0.3429
499	L	I	-0.0949	1.3175	-7.0443	-0.1226
499	L	K	-0.3144	1.3175	-8.0443	-0.4034
499	L	M	-0.1911	1.3175	-21.3321	-0.1531
499	L	N	-0.3615	1.3175	-21.3321	-0.3762
499	L	P	-0.3771	1.3175	-21.3321	-0.3966
499	L	Q	-0.2466	1.3175	-8.0443	-0.3146
499	L	R	-0.2891	1.3175	-4.7225	-0.3924
499	L	S	-0.3240	1.3175	-21.3321	-0.3272
499	L	T	-0.2290	1.3175	-8.0443	-0.2915
499	L	V	-0.1174	1.3175	-4.3440	-0.1701
499	L	W	-0.3263	1.3175	-21.3321	-0.3301
499	L	Y	-0.2513	1.3175	-8.0443	-0.3208
500	M	A	-0.1815	1.4949	-6.0389	-0.2641
500	M	C	-0.1972	1.4949	-8.0388	-0.2713
500	M	D	-0.2980	1.4949	-7.0389	-0.4100
500	M	E	-0.3612	1.4949	-21.3266	-0.3972
500	M	F	-0.2645	1.4949	-21.3266	-0.2707
500	M	G	-0.2675	1.4949	-7.0389	-0.3700
500	M	H	-0.3178	1.4949	-21.3266	-0.3404
500	M	I	-0.1090	1.4949	-8.0388	-0.1558
500	M	K	-0.2491	1.4949	-7.0389	-0.3460
500	M	L	-0.0368	1.4949	-0.3665	-0.1126
500	M	N	-0.3126	1.4949	-21.3266	-0.3336
500	M	P	-0.3508	1.4949	-5.7170	-0.4879
500	M	Q	-0.2215	1.4949	-5.0389	-0.3232
500	M	R	-0.2734	1.4949	-6.4539	-0.3817
500	M	S	-0.2099	1.4949	-5.4539	-0.3052
500	M	T	-0.1628	1.4949	-8.0388	-0.2263
500	M	V	-0.1227	1.4949	-4.4540	-0.1978
500	M	W	-0.3273	1.4949	-21.3266	-0.3529
500	M	Y	-0.3068	1.4949	-21.3266	-0.3261
501	A	C	-0.1468	2.0553	-21.3321	-0.1841
501	A	D	-0.1489	2.0553	-5.7224	-0.2911
501	A	E	-0.1270	2.0553	-4.2370	-0.2723
501	A	F	-0.1970	2.0553	-21.3321	-0.2497
501	A	G	-0.0564	2.0553	-4.8745	-0.1756
501	A	H	-0.1333	2.0553	-8.0443	-0.2551
501	A	I	-0.1187	2.0553	-8.0443	-0.2360
501	A	K	-0.1511	2.0553	-8.0443	-0.2784
501	A	L	-0.1153	2.0553	-6.4594	-0.2422
501	A	M	-0.1500	2.0553	-21.3321	-0.1882
501	A	N	-0.1989	2.0553	-21.3321	-0.2523
501	A	P	-0.1781	2.0553	-3.6521	-0.3431
501	A	Q	-0.1286	2.0553	-8.0443	-0.2490
501	A	R	-0.2296	2.0553	-21.3321	-0.2924
501	A	S	-0.0170	2.0553	-2.7965	-0.1379
501	A	T	-0.0335	2.0553	-4.8745	-0.1457
501	A	V	-0.0467	2.0553	-8.0443	-0.1418
501	A	W	-0.2079	2.0553	-21.3321	-0.2640
501	A	Y	-0.1483	2.0553	-8.0443	-0.2748
502	L	A	-0.2612	0.8416	-6.3865	-0.2874
502	L	C	-0.3263	0.8416	-21.2593	-0.2733
502	L	D	-0.4586	0.8416	-21.2593	-0.4465
502	L	E	-0.3588	0.8416	-7.9714	-0.4047
502	L	F	-0.1946	0.8416	-6.3865	-0.2003
502	L	G	-0.3441	0.8416	-7.9714	-0.3854
502	L	H	-0.3795	0.8416	-21.2593	-0.3429
502	L	I	-0.2112	0.8416	-21.2593	-0.1226
502	L	K	-0.4257	0.8416	-21.2593	-0.4034
502	L	M	-0.2345	0.8416	-21.2593	-0.1531
502	L	N	-0.4049	0.8416	-21.2593	-0.3762
502	L	P	-0.4205	0.8416	-21.2593	-0.3966
502	L	Q	-0.3578	0.8416	-21.2593	-0.3146
502	L	R	-0.3495	0.8416	-7.9714	-0.3924
502	L	S	-0.2784	0.8416	-3.8016	-0.3272
502	L	T	-0.3402	0.8416	-21.2593	-0.2915
502	L	V	-0.1797	0.8416	-7.9714	-0.1701
502	L	W	-0.2900	0.8416	-5.6496	-0.3301
502	L	Y	-0.3626	0.8416	-21.2593	-0.3208
503	E	A	-0.0691	1.8817	-6.8765	-0.1580
503	E	C	-0.2114	1.8817	-21.1642	-0.2488
503	E	D	-0.1077	1.8817	-21.1642	-0.1131
503	E	F	-0.1890	1.8817	-21.1642	-0.2195
503	E	G	-0.1000	1.8817	-7.8764	-0.1917
503	E	H	-0.1803	1.8817	-21.1642	-0.2081
503	E	I	-0.1944	1.8817	-21.1642	-0.2265
503	E	K	-0.0606	1.8817	-0.8878	-0.1868
503	E	L	-0.1206	1.8817	-6.2915	-0.2293
503	E	M	-0.0775	1.8817	-7.8764	-0.1623
503	E	N	-0.0828	1.8817	-4.4171	-0.1923
503	E	P	-0.2990	1.8817	-21.1642	-0.3635
503	E	Q	-0.0416	1.8817	-6.8765	-0.1220
503	E	R	-0.1516	1.8817	-6.8765	-0.2660
503	E	S	-0.0673	1.8817	-3.8765	-0.1756
503	E	T	-0.1036	1.8817	-7.8764	-0.1964
503	E	V	-0.1552	1.8817	-21.1642	-0.1753
503	E	W	-0.1262	1.8817	-6.8765	-0.2327
503	E	Y	-0.1898	1.8817	-21.1642	-0.2206
504	E	A	-0.0803	1.6672	-5.2094	-0.1580
504	E	C	-0.2318	1.6672	-21.3045	-0.2488
504	E	D	-0.0442	1.6672	-4.8469	-0.1131
504	E	F	-0.2095	1.6672	-21.3045	-0.2195
504	E	G	-0.1021	1.6672	-4.4318	-0.1917
504	E	H	-0.2008	1.6672	-21.3045	-0.2081
504	E	I	-0.2148	1.6672	-21.3045	-0.2265
504	E	K	-0.0919	1.6672	-3.1588	-0.1868
504	E	L	-0.2169	1.6672	-21.3045	-0.2293
504	E	M	-0.1658	1.6672	-21.3045	-0.1623
504	E	N	-0.1887	1.6672	-21.3045	-0.1923
504	E	P	-0.3195	1.6672	-21.3045	-0.3635
504	E	Q	-0.0540	1.6672	-5.4318	-0.1220
504	E	R	-0.1772	1.6672	-8.0167	-0.2660
504	E	S	-0.1759	1.6672	-21.3045	-0.1756
504	E	T	-0.1108	1.6672	-5.4318	-0.1964
504	E	V	-0.0926	1.6672	-5.0168	-0.1753
504	E	W	-0.2195	1.6672	-21.3045	-0.2327
504	E	Y	-0.2103	1.6672	-21.3045	-0.2206
505	E	A	-0.0722	1.9123	-8.0278	-0.1580
505	E	C	-0.2093	1.9123	-21.3156	-0.2488
505	E	D	-0.0121	1.9123	-2.9835	-0.1131
505	E	F	-0.1870	1.9123	-21.3156	-0.2195
505	E	G	-0.0877	1.9123	-6.0279	-0.1917
505	E	H	-0.1783	1.9123	-21.3156	-0.2081
505	E	I	-0.1245	1.9123	-8.0278	-0.2265
505	E	K	-0.0633	1.9123	-1.9835	-0.1868
505	E	L	-0.1944	1.9123	-21.3156	-0.2293
505	E	M	-0.1433	1.9123	-21.3156	-0.1623
505	E	N	-0.0984	1.9123	-8.0278	-0.1923
505	E	P	-0.2970	1.9123	-21.3156	-0.3635
505	E	Q	-0.0304	1.9123	-5.2205	-0.1220
505	E	R	-0.1547	1.9123	-8.0278	-0.2660
505	E	S	-0.0856	1.9123	-8.0278	-0.1756
505	E	T	-0.0964	1.9123	-7.0278	-0.1964
505	E	V	-0.0735	1.9123	-5.7060	-0.1753
505	E	W	-0.1970	1.9123	-21.3156	-0.2327
505	E	Y	-0.1878	1.9123	-21.3156	-0.2206
506	E	A	0.0132	2.7054	-5.6029	-0.1580
506	E	C	-0.0562	2.7054	-5.6029	-0.2488
506	E	D	0.0509	2.7054	-4.9248	-0.1131
506	E	F	-0.0457	2.7054	-7.9247	-0.2195
506	E	G	0.0009	2.7054	-2.9706	-0.1917
506	E	H	-0.1048	2.7054	-21.2125	-0.2081
506	E	I	-0.1188	2.7054	-21.2125	-0.2265
506	E	K	-0.0064	2.7054	-5.1174	-0.1868
506	E	L	-0.0348	2.7054	-4.3398	-0.2293
506	E	M	-0.0020	2.7054	-7.9247	-0.1623
506	E	N	-0.0249	2.7054	-7.9247	-0.1923
506	E	P	-0.2235	2.7054	-21.2125	-0.3635
506	E	Q	0.0501	2.7054	-3.7549	-0.1220
506	E	R	-0.0581	2.7054	-3.4013	-0.2660
506	E	S	-0.0070	2.7054	-6.9248	-0.1756
506	E	T	-0.0280	2.7054	-7.9247	-0.1964
506	E	V	0.0043	2.7054	-4.7549	-0.1753
506	E	W	-0.0455	2.7054	-5.9248	-0.2327
506	E	Y	-0.1143	2.7054	-21.2125	-0.2206
507	D	A	-0.0241	2.6036	-5.5789	-0.1947
507	D	C	-0.0540	2.6036	-3.3159	-0.2490
507	D	E	0.0293	2.6036	-5.9008	-0.1226
507	D	F	-0.1361	2.6036	-7.9007	-0.3258
507	D	G	-0.0144	2.6036	-1.4915	-0.2093
507	D	H	-0.0225	2.6036	-3.4414	-0.2069
507	D	I	-0.1961	2.6036	-21.1886	-0.3156
507	D	K	-0.1745	2.6036	-21.1886	-0.2873
507	D	L	-0.1220	2.6036	-7.9007	-0.3073
507	D	M	-0.1285	2.6036	-21.1886	-0.2271
507	D	N	0.0054	2.6036	-6.3159	-0.1511
507	D	P	-0.2407	2.6036	-21.1886	-0.3740
507	D	Q	-0.1307	2.6036	-21.1886	-0.2300
507	D	R	-0.1194	2.6036	-4.3159	-0.3279
507	D	S	-0.0280	2.6036	-5.0935	-0.2031
507	D	T	-0.0724	2.6036	-7.9007	-0.2424
507	D	V	-0.0687	2.6036	-5.0935	-0.2563
507	D	W	-0.1843	2.6036	-21.1886	-0.3002
507	D	Y	-0.1488	2.6036	-21.1886	-0.2536
508	A	C	-0.1258	2.2787	-21.2419	-0.1841
508	A	D	-0.2076	2.2787	-21.2419	-0.2911
508	A	E	-0.1023	2.2787	-3.4306	-0.2723
508	A	F	-0.1759	2.2787	-21.2419	-0.2497
508	A	G	-0.0321	2.2787	-4.1468	-0.1756
508	A	H	-0.1801	2.2787	-21.2419	-0.2551
508	A	I	-0.0977	2.2787	-7.9541	-0.2360
508	A	K	-0.1106	2.2787	-4.1468	-0.2784
508	A	L	-0.1024	2.2787	-7.9541	-0.2422
508	A	M	-0.0458	2.2787	-4.9542	-0.1882
508	A	N	-0.1779	2.2787	-21.2419	-0.2523
508	A	P	-0.1795	2.2787	-7.9541	-0.3431
508	A	Q	-0.1076	2.2787	-7.9541	-0.2490
508	A	R	-0.2086	2.2787	-21.2419	-0.2924
508	A	S	-0.0227	2.2787	-7.9541	-0.1379
508	A	T	-0.0168	2.2787	-5.6323	-0.1457
508	A	V	0.0079	2.2787	-1.3692	-0.1418
508	A	W	-0.1869	2.2787	-21.2419	-0.2640
508	A	Y	-0.1951	2.2787	-21.2419	-0.2748
509	E	A	-0.0143	2.4096	-5.6496	-0.1580
509	E	C	-0.0853	2.4096	-5.9715	-0.2488
509	E	D	0.0163	2.4096	-6.3865	-0.1131
509	E	F	-0.1409	2.4096	-21.2593	-0.2195
509	E	G	-0.0375	2.4096	-5.1642	-0.1917
509	E	H	-0.1322	2.4096	-21.2593	-0.2081
509	E	I	-0.1463	2.4096	-21.2593	-0.2265
509	E	K	-0.0481	2.4096	-7.9714	-0.1868
509	E	L	-0.0725	2.4096	-6.3865	-0.2293
509	E	M	-0.0972	2.4096	-21.2593	-0.1623
509	E	N	-0.1201	2.4096	-21.2593	-0.1923
509	E	P	-0.1678	2.4096	-4.9715	-0.3635
509	E	Q	0.0299	2.4096	-2.3866	-0.1220
509	E	R	-0.0761	2.4096	-1.5965	-0.2660
509	E	S	-0.0396	2.4096	-7.9714	-0.1756
509	E	T	-0.0555	2.4096	-7.9714	-0.1964
509	E	V	-0.0393	2.4096	-7.9714	-0.1753
509	E	W	-0.0751	2.4096	-6.3865	-0.2327
509	E	Y	-0.0739	2.4096	-7.9714	-0.2206
510	A	C	-0.1296	1.5016	-7.9657	-0.1841
510	A	D	-0.2791	1.5016	-21.2535	-0.2911
510	A	E	-0.1787	1.5016	-4.3808	-0.2723
510	A	F	-0.2475	1.5016	-21.2535	-0.2497
510	A	G	-0.1112	1.5016	-5.6438	-0.1756
510	A	H	-0.2516	1.5016	-21.2535	-0.2551
510	A	I	-0.2370	1.5016	-21.2535	-0.2360
510	A	K	-0.2016	1.5016	-7.9657	-0.2784
510	A	L	-0.1689	1.5016	-6.9657	-0.2422
510	A	M	-0.2005	1.5016	-21.2535	-0.1882
510	A	N	-0.2495	1.5016	-21.2535	-0.2523
510	A	P	-0.2408	1.5016	-5.9658	-0.3431
510	A	Q	-0.2470	1.5016	-21.2535	-0.2490
510	A	R	-0.2005	1.5016	-5.6438	-0.2924
510	A	S	-0.0760	1.5016	-4.3808	-0.1379
510	A	T	-0.0820	1.5016	-4.3808	-0.1457
510	A	V	-0.0841	1.5016	-5.3808	-0.1418
510	A	W	-0.2584	1.5016	-21.2535	-0.2640
510	A	Y	-0.2667	1.5016	-21.2535	-0.2748
511	P	A	-0.0573	1.8069	-1.8399	-0.1672
511	P	C	-0.1890	1.8069	-21.2361	-0.2100
511	P	D	-0.1309	1.8069	-4.7784	-0.2439
511	P	E	-0.1987	1.8069	-21.2361	-0.2227
511	P	F	-0.1496	1.8069	-7.9482	-0.2472
511	P	G	-0.1707	1.8069	-21.2361	-0.1860
511	P	H	-0.1191	1.8069	-6.3634	-0.2179
511	P	I	-0.2005	1.8069	-21.2361	-0.2250
511	P	K	-0.1904	1.8069	-21.2361	-0.2118
511	P	L	-0.1270	1.8069	-5.9483	-0.2310
511	P	M	-0.1560	1.8069	-21.2361	-0.1668
511	P	N	-0.1830	1.8069	-21.2361	-0.2022
511	P	Q	-0.1847	1.8069	-21.2361	-0.2044
511	P	R	-0.1583	1.8069	-7.9482	-0.2586
511	P	S	-0.0739	1.8069	-5.1410	-0.1668
511	P	T	-0.0820	1.8069	-4.3634	-0.1827
511	P	V	-0.0829	1.8069	-6.9483	-0.1666
511	P	W	-0.2299	1.8069	-21.2361	-0.2636
511	P	Y	-0.2184	1.8069	-21.2361	-0.2485
512	P	A	-0.1121	1.4074	-5.3634	-0.1672
512	P	C	-0.1529	1.4074	-6.9483	-0.2100
512	P	D	-0.2517	1.4074	-21.2361	-0.2439
512	P	E	-0.2355	1.4074	-21.2361	-0.2227
512	P	F	-0.2542	1.4074	-21.2361	-0.2472
512	P	G	-0.1396	1.4074	-7.9482	-0.1860
512	P	H	-0.2318	1.4074	-21.2361	-0.2179
512	P	I	-0.2372	1.4074	-21.2361	-0.2250
512	P	K	-0.2271	1.4074	-21.2361	-0.2118
512	P	L	-0.1519	1.4074	-3.6264	-0.2310
512	P	M	-0.1928	1.4074	-21.2361	-0.1668
512	P	N	-0.2198	1.4074	-21.2361	-0.2022
512	P	Q	-0.1435	1.4074	-5.9483	-0.2044
512	P	R	-0.1951	1.4074	-7.9482	-0.2586
512	P	S	-0.1080	1.4074	-4.6264	-0.1668
512	P	T	-0.1201	1.4074	-4.6264	-0.1827
512	P	V	-0.1146	1.4074	-5.9483	-0.1666
512	P	W	-0.2667	1.4074	-21.2361	-0.2636
512	P	Y	-0.2552	1.4074	-21.2361	-0.2485
513	S	A	-0.0341	1.8291	-6.9366	-0.1054
513	S	C	-0.0897	1.8291	-7.9365	-0.1715
513	S	D	-0.1328	1.8291	-6.9366	-0.2346
513	S	E	-0.1789	1.8291	-21.2244	-0.1995
513	S	F	-0.1851	1.8291	-21.2244	-0.2076
513	S	G	-0.0267	1.8291	-3.6887	-0.1174
513	S	H	-0.1185	1.8291	-7.9365	-0.2092
513	S	I	-0.1153	1.8291	-6.9366	-0.2117
513	S	K	-0.1956	1.8291	-21.2244	-0.2214
513	S	L	-0.1845	1.8291	-21.2244	-0.2068
513	S	M	-0.0877	1.8291	-7.9365	-0.1689
513	S	N	-0.0391	1.8291	-3.5443	-0.1346
513	S	P	-0.2605	1.8291	-21.2244	-0.3063
513	S	Q	-0.0811	1.8291	-7.9365	-0.1603
513	S	R	-0.1136	1.8291	-4.1293	-0.2283
513	S	T	-0.0086	1.8291	-3.7667	-0.0932
513	S	V	-0.0946	1.8291	-7.9365	-0.1780
513	S	W	-0.1948	1.8291	-21.2244	-0.2203
513	S	Y	-0.1899	1.8291	-21.2244	-0.2139
514	F	A	-0.1511	2.4467	-7.9306	-0.3264
514	F	C	-0.0881	2.4467	-1.8222	-0.2847
514	F	D	-0.2660	2.4467	-6.3457	-0.4874
514	F	E	-0.3113	2.4467	-21.2185	-0.4473
514	F	G	-0.1865	2.4467	-7.9306	-0.3727
514	F	H	-0.1447	2.4467	-1.2725	-0.3625
514	F	I	-0.1629	2.4467	-21.2185	-0.2530
514	F	K	-0.3182	2.4467	-21.2185	-0.4563
514	F	L	-0.0410	2.4467	-4.7608	-0.2034
514	F	M	-0.1560	2.4467	-21.2185	-0.2440
514	F	N	-0.2716	2.4467	-21.2185	-0.3953
514	F	P	-0.2551	2.4467	-4.1234	-0.4879
514	F	Q	-0.1915	2.4467	-5.1234	-0.3980
514	F	R	-0.2385	2.4467	-5.3458	-0.4581
514	F	S	-0.1220	2.4467	-6.3457	-0.2989
514	F	T	-0.2442	2.4467	-21.2185	-0.3595
514	F	V	-0.1572	2.4467	-21.2185	-0.2456
514	F	W	-0.0696	2.4467	-6.9307	-0.2263
514	F	Y	-0.0199	2.4467	-3.4072	-0.1848
515	S	A	-0.0010	2.2436	-7.9187	-0.1054
515	S	C	-0.0353	2.2436	-4.7489	-0.1715
515	S	D	-0.0820	2.2436	-4.4594	-0.2346
515	S	E	-0.0677	2.2436	-6.9188	-0.1995
515	S	F	-0.1468	2.2436	-21.2066	-0.2076
515	S	G	0.0230	2.2436	-1.4270	-0.1174
515	S	H	-0.0722	2.2436	-6.3339	-0.2092
515	S	I	-0.0822	2.2436	-7.9187	-0.2117
515	S	K	-0.1574	2.2436	-21.2066	-0.2214
515	S	L	-0.1462	2.2436	-21.2066	-0.2068
515	S	M	-0.1173	2.2436	-21.2066	-0.1689
515	S	N	-0.0152	2.2436	-6.3339	-0.1346
515	S	P	-0.1412	2.2436	-5.3339	-0.3063
515	S	Q	-0.0327	2.2436	-5.9188	-0.1603
515	S	R	-0.0805	2.2436	-5.1115	-0.2283
515	S	T	0.0202	2.2436	-5.5969	-0.0932
515	S	V	-0.1242	2.2436	-21.2066	-0.1780
515	S	W	-0.0887	2.2436	-7.9187	-0.2203
515	S	Y	-0.1516	2.2436	-21.2066	-0.2139
516	G	A	-0.0609	2.3657	-1.6401	-0.2405
516	G	C	-0.2204	2.3657	-21.1946	-0.3187
516	G	D	-0.2209	2.3657	-21.1946	-0.3194
516	G	E	-0.1473	2.3657	-6.9068	-0.3185
516	G	F	-0.2585	2.3657	-21.1946	-0.3686
516	G	H	-0.2332	2.3657	-21.1946	-0.3355
516	G	I	-0.2245	2.3657	-5.5849	-0.4284
516	G	K	-0.1854	2.3657	-7.9068	-0.3616
516	G	L	-0.2724	2.3657	-21.1946	-0.3868
516	G	M	-0.1266	2.3657	-4.7370	-0.3059
516	G	N	-0.1453	2.3657	-6.3219	-0.3198
516	G	P	-0.2505	2.3657	-7.9068	-0.4469
516	G	Q	-0.1563	2.3657	-7.9068	-0.3236
516	G	R	-0.1694	2.3657	-7.9068	-0.3407
516	G	S	-0.0987	2.3657	-7.9068	-0.2482
516	G	T	-0.1483	2.3657	-2.5493	-0.3489
516	G	V	-0.1584	2.3657	-3.7370	-0.3541
516	G	W	-0.2583	2.3657	-21.1946	-0.3683
516	G	Y	-0.2589	2.3657	-21.1946	-0.3691
517	A	C	-0.1544	1.9661	-21.2066	-0.1841
517	A	D	-0.2361	1.9661	-21.2066	-0.2911
517	A	E	-0.2218	1.9661	-21.2066	-0.2723
517	A	F	-0.2045	1.9661	-21.2066	-0.2497
517	A	G	-0.0801	1.9661	-7.9187	-0.1756
517	A	H	-0.2086	1.9661	-21.2066	-0.2551
517	A	I	-0.1263	1.9661	-7.9187	-0.2360
517	A	K	-0.2264	1.9661	-21.2066	-0.2784
517	A	L	-0.1229	1.9661	-6.3339	-0.2422
517	A	M	-0.0897	1.9661	-7.9187	-0.1882
517	A	N	-0.1387	1.9661	-7.9187	-0.2523
517	A	P	-0.1755	1.9661	-1.5438	-0.3431
517	A	Q	-0.1260	1.9661	-5.9188	-0.2490
517	A	R	-0.1693	1.9661	-7.9187	-0.2924
517	A	S	-0.0370	1.9661	-5.1115	-0.1379
517	A	T	-0.0373	1.9661	-4.0120	-0.1457
517	A	V	-0.0373	1.9661	-4.5969	-0.1418
517	A	W	-0.2154	1.9661	-21.2066	-0.2640
517	A	Y	-0.2237	1.9661	-21.2066	-0.2748
518	Q	A	0.0260	2.6921	-6.9188	-0.1308
518	Q	C	-0.0151	2.6921	-5.9188	-0.1913
518	Q	D	-0.1334	2.6921	-21.2066	-0.2441
518	Q	E	0.0276	2.6921	-5.5969	-0.1375
518	Q	F	-0.1011	2.6921	-21.2066	-0.2018
518	Q	G	-0.0281	2.6921	-3.6709	-0.2233
518	Q	H	0.0398	2.6921	-4.0120	-0.1322
518	Q	I	-0.0825	2.6921	-21.2066	-0.1774
518	Q	K	-0.0801	2.6921	-21.2066	-0.1742
518	Q	L	0.0240	2.6921	-3.5969	-0.1556
518	Q	M	-0.0368	2.6921	-21.2066	-0.1176
518	Q	N	0.0052	2.6921	-7.9187	-0.1513
518	Q	P	-0.1395	2.6921	-5.3339	-0.3581
518	Q	R	0.0169	2.6921	-2.4926	-0.1723
518	Q	S	0.0187	2.6921	-4.7489	-0.1549
518	Q	T	0.0069	2.6921	-5.1115	-0.1679
518	Q	V	-0.0826	2.6921	-21.2066	-0.1775
518	Q	W	-0.0195	2.6921	-5.3339	-0.2010
518	Q	Y	-0.1034	2.6921	-21.2066	-0.2048
519	L	A	-0.2091	2.2278	-21.1704	-0.2874
519	L	C	-0.1983	2.2278	-21.1704	-0.2733
519	L	D	-0.3306	2.2278	-21.1704	-0.4465
519	L	E	-0.2986	2.2278	-21.1704	-0.4047
519	L	F	-0.0747	2.2278	-7.8825	-0.2003
519	L	G	-0.2839	2.2278	-21.1704	-0.3854
519	L	H	-0.1734	2.2278	-5.8826	-0.3429
519	L	I	0.0046	2.2278	-3.9758	-0.1226
519	L	K	-0.2977	2.2278	-21.1704	-0.4034
519	L	M	-0.0159	2.2278	-3.4232	-0.1531
519	L	N	-0.2769	2.2278	-21.1704	-0.3762
519	L	P	-0.2196	2.2278	-6.8826	-0.3966
519	L	Q	-0.2298	2.2278	-21.1704	-0.3146
519	L	R	-0.2134	2.2278	-6.2976	-0.3924
519	L	S	-0.1419	2.2278	-2.0498	-0.3272
519	L	T	-0.1393	2.2278	-6.8826	-0.2915
519	L	V	-0.0398	2.2278	-5.5607	-0.1701
519	L	W	-0.1562	2.2278	-4.4232	-0.3301
519	L	Y	-0.2346	2.2278	-21.1704	-0.3208
520	D	A	-0.1843	1.7281	-21.1765	-0.1947
520	D	C	-0.2257	1.7281	-21.1765	-0.2490
520	D	E	-0.0425	1.7281	-4.1883	-0.1226
520	D	F	-0.2844	1.7281	-21.1765	-0.3258
520	D	G	-0.1072	1.7281	-3.8887	-0.2093
520	D	H	-0.1936	1.7281	-21.1765	-0.2069
520	D	I	-0.2766	1.7281	-21.1765	-0.3156
520	D	K	-0.2550	1.7281	-21.1765	-0.2873
520	D	L	-0.1871	1.7281	-4.8887	-0.3073
520	D	M	-0.2090	1.7281	-21.1765	-0.2271
520	D	N	-0.0713	1.7281	-5.5668	-0.1511
520	D	P	-0.2391	1.7281	-5.0814	-0.3740
520	D	Q	-0.1383	1.7281	-6.8887	-0.2300
520	D	R	-0.2012	1.7281	-4.5668	-0.3279
520	D	S	-0.1148	1.7281	-6.3037	-0.2031
520	D	T	-0.1478	1.7281	-6.8887	-0.2424
520	D	V	-0.1635	1.7281	-7.8886	-0.2563
520	D	W	-0.2648	1.7281	-21.1765	-0.3002
520	D	Y	-0.1614	1.7281	-7.8886	-0.2536
521	S	A	-0.1010	0.9882	-4.8948	-0.1054
521	S	C	-0.2347	0.9882	-21.1825	-0.1715
521	S	D	-0.2828	0.9882	-21.1825	-0.2346
521	S	E	-0.1831	0.9882	-6.8948	-0.1995
521	S	F	-0.2622	0.9882	-21.1825	-0.2076
521	S	G	-0.1933	0.9882	-21.1825	-0.1174
521	S	H	-0.1876	0.9882	-6.3098	-0.2092
521	S	I	-0.2654	0.9882	-21.1825	-0.2117
521	S	K	-0.2728	0.9882	-21.1825	-0.2214
521	S	L	-0.1938	0.9882	-7.8947	-0.2068
521	S	M	-0.2327	0.9882	-21.1825	-0.1689
521	S	N	-0.1387	0.9882	-7.8947	-0.1346
521	S	P	-0.2545	0.9882	-4.8948	-0.3063
521	S	Q	-0.2261	0.9882	-21.1825	-0.1603
521	S	R	-0.2021	0.9882	-6.3098	-0.2283
521	S	T	-0.0968	0.9882	-5.8948	-0.0932
521	S	V	-0.1667	0.9882	-6.8948	-0.1780
521	S	W	-0.2041	0.9882	-7.8947	-0.2203
521	S	Y	-0.2670	0.9882	-21.1825	-0.2139
522	S	A	-0.0255	1.8643	-5.8826	-0.1054
522	S	C	-0.1540	1.8643	-21.1704	-0.1715
522	S	D	-0.2022	1.8643	-21.1704	-0.2346
522	S	E	-0.1754	1.8643	-21.1704	-0.1995
522	S	F	-0.1815	1.8643	-21.1704	-0.2076
522	S	G	-0.0249	1.8643	-3.9758	-0.1174
522	S	H	-0.1828	1.8643	-21.1704	-0.2092
522	S	I	-0.0999	1.8643	-4.5607	-0.2117
522	S	K	-0.1921	1.8643	-21.1704	-0.2214
522	S	L	-0.1809	1.8643	-21.1704	-0.2068
522	S	M	-0.0723	1.8643	-5.5607	-0.1689
522	S	N	-0.0427	1.8643	-4.8826	-0.1346
522	S	P	-0.1891	1.8643	-7.8825	-0.3063
522	S	Q	-0.1454	1.8643	-21.1704	-0.1603
522	S	R	-0.1134	1.8643	-4.7127	-0.2283
522	S	T	-0.0087	1.8643	-4.4232	-0.0932
522	S	V	-0.0735	1.8643	-4.4232	-0.1780
522	S	W	-0.1234	1.8643	-7.8825	-0.2203
522	S	Y	-0.1864	1.8643	-21.1704	-0.2139
523	P	A	-0.0829	1.6257	-3.5916	-0.1672
523	P	C	-0.1288	1.6257	-6.1766	-0.2100
523	P	D	-0.2306	1.6257	-21.0493	-0.2439
523	P	E	-0.1364	1.6257	-5.7615	-0.2227
523	P	F	-0.1653	1.6257	-7.7614	-0.2472
523	P	G	-0.1864	1.6257	-21.0493	-0.1860
523	P	H	-0.1327	1.6257	-5.7615	-0.2179
523	P	I	-0.2162	1.6257	-21.0493	-0.2250
523	P	K	-0.2061	1.6257	-21.0493	-0.2118
523	P	L	-0.1398	1.6257	-5.1766	-0.2310
523	P	M	-0.1717	1.6257	-21.0493	-0.1668
523	P	N	-0.1988	1.6257	-21.0493	-0.2022
523	P	Q	-0.2004	1.6257	-21.0493	-0.2044
523	P	R	-0.1740	1.6257	-7.7614	-0.2586
523	P	S	-0.0835	1.6257	-3.7616	-0.1668
523	P	T	-0.1017	1.6257	-4.9542	-0.1827
523	P	V	-0.1038	1.6257	-7.7614	-0.1666
523	P	W	-0.2457	1.6257	-21.0493	-0.2636
523	P	Y	-0.2341	1.6257	-21.0493	-0.2485
524	S	A	-0.1740	1.0904	-21.0359	-0.1054
524	S	C	-0.2245	1.0904	-21.0359	-0.1715
524	S	D	-0.2727	1.0904	-21.0359	-0.2346
524	S	E	-0.1730	1.0904	-6.7481	-0.1995
524	S	F	-0.1843	1.0904	-7.7481	-0.2076
524	S	G	-0.1154	1.0904	-7.7481	-0.1174
524	S	H	-0.1804	1.0904	-6.7481	-0.2092
524	S	I	-0.1874	1.0904	-7.7481	-0.2117
524	S	K	-0.1846	1.0904	-5.7482	-0.2214
524	S	L	-0.1837	1.0904	-7.7481	-0.2068
524	S	M	-0.2225	1.0904	-21.0359	-0.1689
524	S	N	-0.1963	1.0904	-21.0359	-0.1346
524	S	P	-0.2597	1.0904	-7.7481	-0.3063
524	S	Q	-0.1312	1.0904	-4.4263	-0.1603
524	S	R	-0.1848	1.0904	-4.7482	-0.2283
524	S	T	-0.1647	1.0904	-21.0359	-0.0932
524	S	V	-0.2295	1.0904	-21.0359	-0.1780
524	S	W	-0.2618	1.0904	-21.0359	-0.2203
524	S	Y	-0.1810	1.0904	-6.1632	-0.2139
525	G	A	-0.0228	2.9922	-5.4838	-0.2405
525	G	C	-0.0928	2.9922	-7.4837	-0.3187
525	G	D	-0.0933	2.9922	-7.4837	-0.3194
525	G	E	-0.0671	2.9922	-2.4838	-0.3185
525	G	F	-0.1228	2.9922	-5.8988	-0.3686
525	G	H	-0.1734	2.9922	-20.7715	-0.3355
525	G	I	-0.1613	2.9922	-4.4838	-0.4284
525	G	K	-0.1073	2.9922	-3.8989	-0.3616
525	G	L	-0.1346	2.9922	-5.4838	-0.3868
525	G	M	-0.0830	2.9922	-7.4837	-0.3059
525	G	N	-0.0936	2.9922	-7.4837	-0.3198
525	G	P	-0.1805	2.9922	-5.4838	-0.4469
525	G	Q	-0.0782	2.9922	-3.8989	-0.3236
525	G	R	-0.1774	2.9922	-20.7715	-0.3407
525	G	S	-0.0201	2.9922	-3.7834	-0.2482
525	G	T	-0.1837	2.9922	-20.7715	-0.3489
525	G	V	-0.0898	2.9922	-1.6012	-0.3541
525	G	W	-0.1985	2.9922	-20.7715	-0.3683
525	G	Y	-0.1991	2.9922	-20.7715	-0.3691
526	S	A	-0.0510	1.4894	-4.1255	-0.1054
526	S	C	-0.1191	1.4894	-7.5848	-0.1715
526	S	D	-0.2352	1.4894	-20.8727	-0.2346
526	S	E	-0.1287	1.4894	-5.2630	-0.1995
526	S	F	-0.1467	1.4894	-7.5848	-0.2076
526	S	G	-0.0660	1.4894	-5.2630	-0.1174
526	S	H	-0.2158	1.4894	-20.8727	-0.2092
526	S	I	-0.1499	1.4894	-7.5848	-0.2117
526	S	K	-0.1384	1.4894	-3.8845	-0.2214
526	S	L	-0.2139	1.4894	-20.8727	-0.2068
526	S	M	-0.1850	1.4894	-20.8727	-0.1689
526	S	N	-0.1588	1.4894	-20.8727	-0.1346
526	S	P	-0.2221	1.4894	-7.5848	-0.3063
526	S	Q	-0.1784	1.4894	-20.8727	-0.1603
526	S	R	-0.2303	1.4894	-20.8727	-0.2283
526	S	T	-0.0432	1.4894	-4.4150	-0.0932
526	S	V	-0.1241	1.4894	-7.5848	-0.1780
526	S	W	-0.2242	1.4894	-20.8727	-0.2203
526	S	Y	-0.2193	1.4894	-20.8727	-0.2139
527	V	A	-0.0043	2.6644	-2.3465	-0.1977
527	V	C	-0.0584	2.6644	-7.4756	-0.2342
527	V	D	-0.1658	2.6644	-1.3465	-0.4158
527	V	E	-0.1350	2.6644	-3.6684	-0.3599
527	V	F	-0.0893	2.6644	-3.8908	-0.2987
527	V	G	-0.1563	2.6644	-7.4756	-0.3624
527	V	H	-0.2679	2.6644	-20.7635	-0.4197
527	V	I	-0.0338	2.6644	-20.7635	-0.1133
527	V	K	-0.1780	2.6644	-4.4757	-0.4109
527	V	L	-0.0230	2.6644	-5.8907	-0.1985
527	V	M	-0.1080	2.6644	-20.7635	-0.2104
527	V	N	-0.1849	2.6644	-7.4756	-0.3999
527	V	P	-0.2348	2.6644	-7.4756	-0.4652
527	V	Q	-0.2328	2.6644	-20.7635	-0.3738
527	V	R	-0.2143	2.6644	-7.4756	-0.4384
527	V	S	-0.1147	2.6644	-3.6684	-0.3334
527	V	T	-0.1173	2.6644	-20.7635	-0.2226
527	V	W	-0.2160	2.6644	-20.7635	-0.3518
527	V	Y	-0.2189	2.6644	-20.7635	-0.3556
528	E	A	-0.0192	2.1814	-2.4975	-0.1580
528	E	C	-0.1823	2.1814	-20.8727	-0.2488
528	E	D	-0.0058	2.1814	-6.5849	-0.1131
528	E	F	-0.1599	2.1814	-20.8727	-0.2195
528	E	G	-0.0709	2.1814	-7.5848	-0.1917
528	E	H	-0.0834	2.1814	-7.5848	-0.2081
528	E	I	-0.0924	2.1814	-6.5849	-0.2265
528	E	K	-0.0591	2.1814	-6.0000	-0.1868
528	E	L	-0.1674	2.1814	-20.8727	-0.2293
528	E	M	-0.1163	2.1814	-20.8727	-0.1623
528	E	N	-0.1392	2.1814	-20.8727	-0.1923
528	E	P	-0.2699	2.1814	-20.8727	-0.3635
528	E	Q	-0.0058	2.1814	-5.2630	-0.1220
528	E	R	-0.1100	2.1814	-4.1255	-0.2660
528	E	S	-0.0454	2.1814	-5.0000	-0.1756
528	E	T	-0.0575	2.1814	-4.2630	-0.1964
528	E	V	-0.0440	2.1814	-4.7776	-0.1753
528	E	W	-0.1700	2.1814	-20.8727	-0.2327
528	E	Y	-0.0930	2.1814	-7.5848	-0.2206
529	D	A	0.0031	2.7901	-3.6088	-0.1947
529	D	C	-0.0583	2.7901	-7.5156	-0.2490
529	D	E	0.0591	2.7901	-3.4282	-0.1226
529	D	F	-0.1089	2.7901	-5.9307	-0.3258
529	D	G	-0.0103	2.7901	-4.0563	-0.2093
529	D	H	-0.0181	2.7901	-5.9307	-0.2069
529	D	I	-0.1770	2.7901	-20.8034	-0.3156
529	D	K	-0.1554	2.7901	-20.8034	-0.2873
529	D	L	-0.1028	2.7901	-7.5156	-0.3073
529	D	M	-0.1094	2.7901	-20.8034	-0.2271
529	D	N	0.0216	2.7901	-6.5156	-0.1511
529	D	P	-0.1419	2.7901	-5.1938	-0.3740
529	D	Q	-0.0295	2.7901	-4.7083	-0.2300
529	D	R	-0.1024	2.7901	-4.3458	-0.3279
529	D	S	-0.0002	2.7901	-2.9921	-0.2031
529	D	T	-0.0482	2.7901	-6.5156	-0.2424
529	D	V	-0.0639	2.7901	-7.5156	-0.2563
529	D	W	-0.1652	2.7901	-20.8034	-0.3002
529	D	Y	-0.0618	2.7901	-7.5156	-0.2536
530	E	A	-0.0129	2.3343	-4.0244	-0.1580
530	E	C	-0.0999	2.3343	-7.4837	-0.2488
530	E	D	0.0292	2.3343	-2.4838	-0.1131
530	E	F	-0.1454	2.3343	-20.7715	-0.2195
530	E	G	-0.0394	2.3343	-4.1619	-0.1917
530	E	H	-0.1366	2.3343	-20.7715	-0.2081
530	E	I	-0.1507	2.3343	-20.7715	-0.2265
530	E	K	-0.0475	2.3343	-6.4838	-0.1868
530	E	L	-0.1528	2.3343	-20.7715	-0.2293
530	E	M	-0.1017	2.3343	-20.7715	-0.1623
530	E	N	-0.0568	2.3343	-7.4837	-0.1923
530	E	P	-0.1875	2.3343	-7.4837	-0.3635
530	E	Q	0.0222	2.3343	-2.5296	-0.1220
530	E	R	-0.1012	2.3343	-5.1619	-0.2660
530	E	S	-0.0440	2.3343	-7.4837	-0.1756
530	E	T	-0.0548	2.3343	-6.4838	-0.1964
530	E	V	-0.1116	2.3343	-20.7715	-0.1753
530	E	W	-0.1554	2.3343	-20.7715	-0.2327
530	E	Y	-0.1462	2.3343	-20.7715	-0.2206
531	D	A	-0.0489	2.2076	-3.2977	-0.1947
531	D	C	-0.1795	2.2076	-20.7553	-0.2490
531	D	E	0.0038	2.2076	-3.7672	-0.1226
531	D	F	-0.2381	2.2076	-20.7553	-0.3258
531	D	G	-0.0732	2.2076	-5.8826	-0.2093
531	D	H	-0.0652	2.2076	-4.6602	-0.2069
531	D	I	-0.2303	2.2076	-20.7553	-0.3156
531	D	K	-0.2087	2.2076	-20.7553	-0.2873
531	D	L	-0.2240	2.2076	-20.7553	-0.3073
531	D	M	-0.1627	2.2076	-20.7553	-0.2271
531	D	N	-0.0318	2.2076	-6.4675	-0.1511
531	D	P	-0.1990	2.2076	-5.8826	-0.3740
531	D	Q	-0.0783	2.2076	-3.7672	-0.2300
531	D	R	-0.2397	2.2076	-20.7553	-0.3279
531	D	S	-0.0715	2.2076	-6.4675	-0.2031
531	D	T	-0.0964	2.2076	-5.4676	-0.2424
531	D	V	-0.1054	2.2076	-5.1457	-0.2563
531	D	W	-0.2186	2.2076	-20.7553	-0.3002
531	D	Y	-0.1101	2.2076	-6.4675	-0.2536
532	G	A	-0.1674	1.2711	-2.7834	-0.2405
532	G	C	-0.2409	1.2711	-5.4838	-0.3187
532	G	D	-0.2517	1.2711	-7.4837	-0.3194
532	G	E	-0.3188	1.2711	-20.7715	-0.3185
532	G	F	-0.3571	1.2711	-20.7715	-0.3686
532	G	H	-0.2640	1.2711	-7.4837	-0.3355
532	G	I	-0.4028	1.2711	-20.7715	-0.4284
532	G	K	-0.3517	1.2711	-20.7715	-0.3616
532	G	L	-0.3710	1.2711	-20.7715	-0.3868
532	G	M	-0.3092	1.2711	-20.7715	-0.3059
532	G	N	-0.3198	1.2711	-20.7715	-0.3198
532	G	P	-0.4169	1.2711	-20.7715	-0.4469
532	G	Q	-0.2447	1.2711	-5.4838	-0.3236
532	G	R	-0.2680	1.2711	-7.4837	-0.3407
532	G	S	-0.1922	1.2711	-6.4838	-0.2482
532	G	T	-0.3420	1.2711	-20.7715	-0.3489
532	G	V	-0.2680	1.2711	-5.4838	-0.3541
532	G	W	-0.3568	1.2711	-20.7715	-0.3683
532	G	Y	-0.3575	1.2711	-20.7715	-0.3691
533	D	A	-0.0022	2.7194	-3.3837	-0.1947
533	D	C	-0.0539	2.7194	-5.3837	-0.2490
533	D	E	0.0443	2.7194	-5.0618	-0.1226
533	D	F	-0.1906	2.7194	-20.6714	-0.3258
533	D	G	-0.0037	2.7194	-1.4768	-0.2093
533	D	H	-0.0998	2.7194	-20.6714	-0.2069
533	D	I	-0.1828	2.7194	-20.6714	-0.3156
533	D	K	-0.0934	2.7194	-7.3836	-0.2873
533	D	L	-0.1087	2.7194	-7.3836	-0.3073
533	D	M	-0.1152	2.7194	-20.6714	-0.2271
533	D	N	0.0106	2.7194	-7.3836	-0.1511
533	D	P	-0.1434	2.7194	-4.2138	-0.3740
533	D	Q	-0.0218	2.7194	-1.9243	-0.2300
533	D	R	-0.1163	2.7194	-5.7987	-0.3279
533	D	S	-0.0147	2.7194	-4.5763	-0.2031
533	D	T	-0.0591	2.7194	-7.3836	-0.2424
533	D	V	-0.0616	2.7194	-5.7987	-0.2563
533	D	W	-0.1710	2.7194	-20.6714	-0.3002
533	D	Y	-0.1355	2.7194	-20.6714	-0.2536
534	G	A	-0.2020	1.8850	-20.6186	-0.2405
534	G	C	-0.2617	1.8850	-20.6186	-0.3187
534	G	D	-0.2622	1.8850	-20.6186	-0.3194
534	G	E	-0.1748	1.8850	-3.6305	-0.3185
534	G	F	-0.2998	1.8850	-20.6186	-0.3686
534	G	H	-0.2745	1.8850	-20.6186	-0.3355
534	G	I	-0.3455	1.8850	-20.6186	-0.4284
534	G	K	-0.2266	1.8850	-7.3308	-0.3616
534	G	L	-0.2459	1.8850	-7.3308	-0.3868
534	G	M	-0.2519	1.8850	-20.6186	-0.3059
534	G	N	-0.2625	1.8850	-20.6186	-0.3198
534	G	P	-0.2786	1.8850	-4.7459	-0.4469
534	G	Q	-0.1782	1.8850	-3.5236	-0.3236
534	G	R	-0.1894	1.8850	-3.1610	-0.3407
534	G	S	-0.1239	1.8850	-4.1610	-0.2482
534	G	T	-0.2848	1.8850	-20.6186	-0.3489
534	G	V	-0.2887	1.8850	-20.6186	-0.3541
534	G	W	-0.2996	1.8850	-20.6186	-0.3683
534	G	Y	-0.3002	1.8850	-20.6186	-0.3691
535	R	A	-0.1344	1.8899	-2.3399	-0.2748
535	R	C	-0.2366	1.8899	-20.6276	-0.2864
535	R	D	-0.3188	1.8899	-20.6276	-0.3940
535	R	E	-0.1962	1.8899	-7.3397	-0.3223
535	R	F	-0.2599	1.8899	-20.6276	-0.3169
535	R	G	-0.1902	1.8899	-6.3398	-0.3211
535	R	H	-0.1297	1.8899	-7.3397	-0.2352
535	R	I	-0.2572	1.8899	-20.6276	-0.3133
535	R	K	-0.0332	1.8899	-4.0179	-0.1311
535	R	L	-0.1624	1.8899	-7.3397	-0.2780
535	R	M	-0.1961	1.8899	-20.6276	-0.2333
535	R	N	-0.1646	1.8899	-5.3398	-0.2943
535	R	P	-0.3698	1.8899	-20.6276	-0.4608
535	R	Q	-0.1194	1.8899	-4.3398	-0.2417
535	R	S	-0.2283	1.8899	-20.6276	-0.2755
535	R	T	-0.2326	1.8899	-20.6276	-0.2812
535	R	V	-0.2443	1.8899	-20.6276	-0.2964
535	R	W	-0.1645	1.8899	-4.7549	-0.2980
535	R	Y	-0.2492	1.8899	-20.6276	-0.3029
536	L	A	-0.0790	2.8649	-7.1798	-0.2874
536	L	C	-0.0602	2.8649	-5.5949	-0.2733
536	L	D	-0.1797	2.8649	-3.0925	-0.4465
536	L	E	-0.1449	2.8649	-2.5361	-0.4047
536	L	F	-0.0044	2.8649	-5.5949	-0.2003
536	L	G	-0.2217	2.8649	-20.4676	-0.3854
536	L	H	-0.1163	2.8649	-6.1799	-0.3429
536	L	I	0.0468	2.8649	-7.1798	-0.1226
536	L	K	-0.1625	2.8649	-6.1799	-0.4034
536	L	M	-0.0443	2.8649	-20.4676	-0.1531
536	L	N	-0.2147	2.8649	-20.4676	-0.3762
536	L	P	-0.1430	2.8649	-3.3726	-0.3966
536	L	Q	-0.0815	2.8649	-3.5950	-0.3146
536	L	R	-0.1461	2.8649	-4.5949	-0.3924
536	L	S	-0.1043	2.8649	-6.1799	-0.3272
536	L	T	-0.1500	2.8649	-20.4676	-0.2915
536	L	V	0.0157	2.8649	-6.1799	-0.1701
536	L	W	-0.1795	2.8649	-20.4676	-0.3301
536	L	Y	-0.1046	2.8649	-7.1798	-0.3208
537	R	A	-0.1560	1.8119	-5.1699	-0.2748
537	R	C	-0.2429	1.8119	-20.4577	-0.2864
537	R	D	-0.2441	1.8119	-4.5850	-0.3940
537	R	E	-0.2703	1.8119	-20.4577	-0.3223
537	R	F	-0.2662	1.8119	-20.4577	-0.3169
537	R	G	-0.1935	1.8119	-5.5849	-0.3211
537	R	H	-0.1360	1.8119	-7.1698	-0.2352
537	R	I	-0.1906	1.8119	-6.1699	-0.3133
537	R	K	-0.0565	1.8119	-7.1698	-0.1311
537	R	L	-0.2365	1.8119	-20.4577	-0.2780
537	R	M	-0.2024	1.8119	-20.4577	-0.2333
537	R	N	-0.2490	1.8119	-20.4577	-0.2943
537	R	P	-0.3761	1.8119	-20.4577	-0.4608
537	R	Q	-0.1240	1.8119	-3.8480	-0.2417
537	R	S	-0.1668	1.8119	-7.1698	-0.2755
537	R	T	-0.1711	1.8119	-7.1698	-0.2812
537	R	V	-0.1674	1.8119	-4.1699	-0.2964
537	R	W	-0.1721	1.8119	-4.8480	-0.2980
537	R	Y	-0.1877	1.8119	-7.1698	-0.3029
538	P	A	-0.1849	1.4426	-20.2764	-0.1672
538	P	C	-0.2176	1.4426	-20.2764	-0.2100
538	P	D	-0.1526	1.4426	-2.4651	-0.2439
538	P	E	-0.2273	1.4426	-20.2764	-0.2227
538	P	F	-0.2460	1.4426	-20.2764	-0.2472
538	P	G	-0.1993	1.4426	-20.2764	-0.1860
538	P	H	-0.1456	1.4426	-4.9887	-0.2179
538	P	I	-0.2291	1.4426	-20.2764	-0.2250
538	P	K	-0.2190	1.4426	-20.2764	-0.2118
538	P	L	-0.1659	1.4426	-6.9886	-0.2310
538	P	M	-0.1846	1.4426	-20.2764	-0.1668
538	P	N	-0.1439	1.4426	-6.9886	-0.2022
538	P	Q	-0.1455	1.4426	-6.9886	-0.2044
538	P	R	-0.2547	1.4426	-20.2764	-0.2586
538	P	S	-0.1066	1.4426	-4.9887	-0.1668
538	P	T	-0.1188	1.4426	-4.9887	-0.1827
538	P	V	-0.1845	1.4426	-20.2764	-0.1666
538	P	W	-0.2586	1.4426	-20.2764	-0.2636
538	P	Y	-0.2470	1.4426	-20.2764	-0.2485
539	S	A	0.0159	2.3195	-5.9886	-0.1054
539	S	C	-0.1075	2.3195	-20.2764	-0.1715
539	S	D	-0.0703	2.3195	-3.5293	-0.2346
539	S	E	-0.0530	2.3195	-5.4037	-0.1995
539	S	F	-0.1351	2.3195	-20.2764	-0.2076
539	S	G	0.0067	2.3195	-5.9886	-0.1174
539	S	H	-0.0634	2.3195	-5.9886	-0.2092
539	S	I	-0.1382	2.3195	-20.2764	-0.2117
539	S	K	-0.1456	2.3195	-20.2764	-0.2214
539	S	L	-0.0524	2.3195	-4.1813	-0.2068
539	S	M	-0.1055	2.3195	-20.2764	-0.1689
539	S	N	-0.0064	2.3195	-5.9886	-0.1346
539	S	P	-0.2105	2.3195	-20.2764	-0.3063
539	S	Q	-0.0193	2.3195	-4.6668	-0.1603
539	S	R	-0.0831	2.3195	-6.9886	-0.2283
539	S	T	0.0282	2.3195	-5.4037	-0.0932
539	S	V	-0.0223	2.3195	-2.5964	-0.1780
539	S	W	-0.1448	2.3195	-20.2764	-0.2203
539	S	Y	-0.1399	2.3195	-20.2764	-0.2139
540	P	A	-0.1643	0.8755	-6.0000	-0.1672
540	P	C	-0.2021	0.8755	-6.9999	-0.2100
540	P	D	-0.2958	0.8755	-20.2877	-0.2439
540	P	E	-0.2796	0.8755	-20.2877	-0.2227
540	P	F	-0.2983	0.8755	-20.2877	-0.2472
540	P	G	-0.2515	0.8755	-20.2877	-0.1860
540	P	H	-0.1962	0.8755	-4.6781	-0.2179
540	P	I	-0.2813	0.8755	-20.2877	-0.2250
540	P	K	-0.2712	0.8755	-20.2877	-0.2118
540	P	L	-0.2100	0.8755	-5.4150	-0.2310
540	P	M	-0.2369	0.8755	-20.2877	-0.1668
540	P	N	-0.2639	0.8755	-20.2877	-0.2022
540	P	Q	-0.2656	0.8755	-20.2877	-0.2044
540	P	R	-0.3070	0.8755	-20.2877	-0.2586
540	P	S	-0.1547	0.8755	-4.1926	-0.1668
540	P	T	-0.2490	0.8755	-20.2877	-0.1827
540	P	V	-0.2367	0.8755	-20.2877	-0.1666
540	P	W	-0.3108	0.8755	-20.2877	-0.2636
540	P	Y	-0.2993	0.8755	-20.2877	-0.2485
541	G	A	-0.2008	1.1413	-6.9772	-0.2405
541	G	C	-0.2605	1.1413	-6.9772	-0.3187
541	G	D	-0.2559	1.1413	-5.9772	-0.3194
541	G	E	-0.2604	1.1413	-6.9772	-0.3185
541	G	F	-0.3664	1.1413	-20.2650	-0.3686
541	G	H	-0.2733	1.1413	-6.9772	-0.3355
541	G	I	-0.4121	1.1413	-20.2650	-0.4284
541	G	K	-0.3611	1.1413	-20.2650	-0.3616
541	G	L	-0.3803	1.1413	-20.2650	-0.3868
541	G	M	-0.3185	1.1413	-20.2650	-0.3059
541	G	N	-0.3292	1.1413	-20.2650	-0.3198
541	G	P	-0.4262	1.1413	-20.2650	-0.4469
541	G	Q	-0.2430	1.1413	-2.8074	-0.3236
541	G	R	-0.2722	1.1413	-5.9772	-0.3407
541	G	S	-0.2745	1.1413	-20.2650	-0.2482
541	G	T	-0.3514	1.1413	-20.2650	-0.3489
541	G	V	-0.3554	1.1413	-20.2650	-0.3541
541	G	W	-0.2984	1.1413	-6.9772	-0.3683
541	G	Y	-0.3668	1.1413	-20.2650	-0.3691
542	L	A	-0.1021	2.4654	-4.4982	-0.2874
542	L	C	-0.1710	2.4654	-20.1079	-0.2733
542	L	D	-0.3033	2.4654	-20.1079	-0.4465
542	L	E	-0.2714	2.4654	-20.1079	-0.4047
542	L	F	-0.0423	2.4654	-5.8201	-0.2003
542	L	G	-0.2566	2.4654	-20.1079	-0.3854
542	L	H	-0.1483	2.4654	-5.2352	-0.3429
542	L	I	0.0119	2.4654	-6.8201	-0.1226
542	L	K	-0.2704	2.4654	-20.1079	-0.4034
542	L	M	-0.0792	2.4654	-20.1079	-0.1531
542	L	N	-0.2496	2.4654	-20.1079	-0.3762
542	L	P	-0.1700	2.4654	-1.4626	-0.3966
542	L	Q	-0.1139	2.4654	-2.7327	-0.3146
542	L	R	-0.1942	2.4654	-6.8201	-0.3924
542	L	S	-0.1312	2.4654	-4.2352	-0.3272
542	L	T	-0.1849	2.4654	-20.1079	-0.2915
542	L	V	-0.0112	2.4654	-4.2352	-0.1701
542	L	W	-0.2144	2.4654	-20.1079	-0.3301
542	L	Y	-0.2073	2.4654	-20.1079	-0.3208
543	Q	A	-0.1331	1.6995	-20.1946	-0.1308
543	Q	C	-0.1115	1.6995	-6.9068	-0.1913
543	Q	D	-0.2196	1.6995	-20.1946	-0.2441
543	Q	E	-0.1382	1.6995	-20.1946	-0.1375
543	Q	F	-0.1873	1.6995	-20.1946	-0.2018
543	Q	G	-0.1359	1.6995	-6.9068	-0.2233
543	Q	H	-0.0663	1.6995	-6.9068	-0.1322
543	Q	I	-0.1687	1.6995	-20.1946	-0.1774
543	Q	K	-0.0984	1.6995	-6.9068	-0.1742
543	Q	L	-0.0740	1.6995	-4.9069	-0.1556
543	Q	M	-0.0552	1.6995	-6.9068	-0.1176
543	Q	N	-0.0809	1.6995	-6.9068	-0.1513
543	Q	P	-0.3067	1.6995	-20.1946	-0.3581
543	Q	R	-0.0689	1.6995	-1.4151	-0.1723
543	Q	S	-0.1515	1.6995	-20.1946	-0.1549
543	Q	T	-0.1614	1.6995	-20.1946	-0.1679
543	Q	V	-0.1687	1.6995	-20.1946	-0.1775
543	Q	W	-0.1087	1.6995	-4.9069	-0.2010
543	Q	Y	-0.1896	1.6995	-20.1946	-0.2048
544	G	A	-0.1547	1.5249	-4.8580	-0.2405
544	G	C	-0.2924	1.5249	-20.1457	-0.3187
544	G	D	-0.2929	1.5249	-20.1457	-0.3194
544	G	E	-0.2923	1.5249	-20.1457	-0.3185
544	G	F	-0.3305	1.5249	-20.1457	-0.3686
544	G	H	-0.3052	1.5249	-20.1457	-0.3355
544	G	I	-0.3033	1.5249	-5.8579	-0.4284
544	G	K	-0.3252	1.5249	-20.1457	-0.3616
544	G	L	-0.3444	1.5249	-20.1457	-0.3868
544	G	M	-0.2030	1.5249	-4.5360	-0.3059
544	G	N	-0.2933	1.5249	-20.1457	-0.3198
544	G	P	-0.3903	1.5249	-20.1457	-0.4469
544	G	Q	-0.2283	1.5249	-6.8579	-0.3236
544	G	R	-0.2414	1.5249	-6.8579	-0.3407
544	G	S	-0.2386	1.5249	-20.1457	-0.2482
544	G	T	-0.2477	1.5249	-6.8579	-0.3489
544	G	V	-0.2277	1.5249	-2.1576	-0.3541
544	G	W	-0.3303	1.5249	-20.1457	-0.3683
544	G	Y	-0.3309	1.5249	-20.1457	-0.3691
545	A	C	-0.1414	2.0495	-20.1581	-0.1841
545	A	D	-0.1553	2.0495	-6.8702	-0.2911
545	A	E	-0.2088	2.0495	-20.1581	-0.2723
545	A	F	-0.1915	2.0495	-20.1581	-0.2497
545	A	G	-0.0671	2.0495	-6.8702	-0.1756
545	A	H	-0.1956	2.0495	-20.1581	-0.2551
545	A	I	-0.1051	2.0495	-5.2854	-0.2360
545	A	K	-0.1456	2.0495	-6.8702	-0.2784
545	A	L	-0.1180	2.0495	-6.8702	-0.2422
545	A	M	-0.0767	2.0495	-6.8702	-0.1882
545	A	N	-0.1935	2.0495	-20.1581	-0.2523
545	A	P	-0.1832	2.0495	-4.5484	-0.3431
545	A	Q	-0.1910	2.0495	-20.1581	-0.2490
545	A	R	-0.2241	2.0495	-20.1581	-0.2924
545	A	S	-0.0240	2.0495	-4.0630	-0.1379
545	A	T	-0.0341	2.0495	-4.8704	-0.1457
545	A	V	-0.0153	2.0495	-1.7829	-0.1418
545	A	W	-0.2024	2.0495	-20.1581	-0.2640
545	A	Y	-0.2107	2.0495	-20.1581	-0.2748
546	G	A	-0.1429	1.5874	-3.6881	-0.2405
546	G	C	-0.2867	1.5874	-20.1457	-0.3187
546	G	D	-0.2194	1.5874	-6.8579	-0.3194
546	G	E	-0.2187	1.5874	-6.8579	-0.3185
546	G	F	-0.3248	1.5874	-20.1457	-0.3686
546	G	H	-0.2995	1.5874	-20.1457	-0.3355
546	G	I	-0.3705	1.5874	-20.1457	-0.4284
546	G	K	-0.2465	1.5874	-5.8579	-0.3616
546	G	L	-0.2709	1.5874	-6.8579	-0.3868
546	G	M	-0.2769	1.5874	-20.1457	-0.3059
546	G	N	-0.2875	1.5874	-20.1457	-0.3198
546	G	P	-0.3846	1.5874	-20.1457	-0.4469
546	G	Q	-0.2904	1.5874	-20.1457	-0.3236
546	G	R	-0.2306	1.5874	-5.8579	-0.3407
546	G	S	-0.1419	1.5874	-2.3344	-0.2482
546	G	T	-0.3097	1.5874	-20.1457	-0.3489
546	G	V	-0.2459	1.5874	-6.8579	-0.3541
546	G	W	-0.3245	1.5874	-20.1457	-0.3683
546	G	Y	-0.3252	1.5874	-20.1457	-0.3691
547	G	A	-0.0926	2.1561	-4.0753	-0.2405
547	G	C	-0.1666	2.1561	-6.8825	-0.3187
547	G	D	-0.1495	2.1561	-3.4232	-0.3194
547	G	E	-0.1665	2.1561	-6.8825	-0.3185
547	G	F	-0.2726	2.1561	-20.1704	-0.3686
547	G	H	-0.1795	2.1561	-6.8825	-0.3355
547	G	I	-0.3182	2.1561	-20.1704	-0.4284
547	G	K	-0.1943	2.1561	-5.8826	-0.3616
547	G	L	-0.2865	2.1561	-20.1704	-0.3868
547	G	M	-0.1338	2.1561	-2.3591	-0.3059
547	G	N	-0.1675	2.1561	-6.8825	-0.3198
547	G	P	-0.3324	2.1561	-20.1704	-0.4469
547	G	Q	-0.2382	2.1561	-20.1704	-0.3236
547	G	R	-0.1835	2.1561	-6.8825	-0.3407
547	G	S	-0.1077	2.1561	-5.8826	-0.2482
547	G	T	-0.2575	2.1561	-20.1704	-0.3489
547	G	V	-0.1835	2.1561	-4.8826	-0.3541
547	G	W	-0.2723	2.1561	-20.1704	-0.3683
547	G	Y	-0.2730	2.1561	-20.1704	-0.3691
548	A	C	-0.0899	2.6093	-20.1704	-0.1841
548	A	D	-0.1717	2.6093	-20.1704	-0.2911
548	A	E	-0.0640	2.6093	-1.8827	-0.2723
548	A	F	-0.1400	2.6093	-20.1704	-0.2497
548	A	G	-0.0834	2.6093	-20.1704	-0.1756
548	A	H	-0.1442	2.6093	-20.1704	-0.2551
548	A	I	-0.0465	2.6093	-3.8826	-0.2360
548	A	K	-0.0823	2.6093	-4.5607	-0.2784
548	A	L	-0.0665	2.6093	-6.8825	-0.2422
548	A	M	-0.0931	2.6093	-20.1704	-0.1882
548	A	N	-0.1420	2.6093	-20.1704	-0.2523
548	A	P	-0.1385	2.6093	-5.8826	-0.3431
548	A	Q	-0.0615	2.6093	-4.8826	-0.2490
548	A	R	-0.1049	2.6093	-6.8825	-0.2924
548	A	S	0.0293	2.6093	-3.7127	-0.1379
548	A	T	0.0342	2.6093	-1.5973	-0.1457
548	A	V	0.0102	2.6093	-6.8825	-0.1418
548	A	W	-0.1510	2.6093	-20.1704	-0.2640
548	A	Y	-0.1592	2.6093	-20.1704	-0.2748
549	A	C	-0.1097	2.3951	-20.1704	-0.1841
549	A	D	-0.1914	2.3951	-20.1704	-0.2911
549	A	E	-0.1770	2.3951	-20.1704	-0.2723
549	A	F	-0.1598	2.3951	-20.1704	-0.2497
549	A	G	-0.0354	2.3951	-6.8825	-0.1756
549	A	H	-0.1639	2.3951	-20.1704	-0.2551
549	A	I	-0.0611	2.3951	-2.8827	-0.2360
549	A	K	-0.1088	2.3951	-5.8826	-0.2784
549	A	L	-0.0811	2.3951	-5.8826	-0.2422
549	A	M	-0.1128	2.3951	-20.1704	-0.1882
549	A	N	-0.1617	2.3951	-20.1704	-0.2523
549	A	P	-0.1552	2.3951	-5.2977	-0.3431
549	A	Q	-0.0914	2.3951	-6.8825	-0.2490
549	A	R	-0.1924	2.3951	-20.1704	-0.2924
549	A	S	0.0053	2.3951	-4.5607	-0.1379
549	A	T	0.0130	2.3951	-1.8827	-0.1457
549	A	V	0.0185	2.3951	-1.3908	-0.1418
549	A	W	-0.1707	2.3951	-20.1704	-0.2640
549	A	Y	-0.1789	2.3951	-20.1704	-0.2748
550	C	A	-0.2978	2.0000	-20.1457	-0.3830
550	C	D	-0.3372	2.0000	-6.8579	-0.5234
550	C	E	-0.3927	2.0000	-20.1457	-0.5072
550	C	F	-0.2918	2.0000	-20.1457	-0.3751
550	C	G	-0.2093	2.0000	-4.2730	-0.3731
550	C	H	-0.3225	2.0000	-4.2730	-0.5214
550	C	I	-0.2538	2.0000	-6.8579	-0.4142
550	C	K	-0.3933	2.0000	-20.1457	-0.5080
550	C	L	-0.2818	2.0000	-5.8579	-0.4575
550	C	M	-0.3219	2.0000	-20.1457	-0.4146
550	C	N	-0.3475	2.0000	-20.1457	-0.4480
550	C	P	-0.3483	2.0000	-6.8579	-0.5379
550	C	Q	-0.3714	2.0000	-20.1457	-0.4794
550	C	R	-0.2572	2.0000	-1.9511	-0.4514
550	C	S	-0.2157	2.0000	-5.8579	-0.3709
550	C	T	-0.3232	2.0000	-20.1457	-0.4163
550	C	V	-0.2519	2.0000	-6.8579	-0.4117
550	C	W	-0.2949	2.0000	-20.1457	-0.3792
550	C	Y	-0.2252	2.0000	-5.2730	-0.3873
551	L	A	-0.2609	1.5918	-19.8576	-0.2874
551	L	C	-0.2501	1.5918	-19.8576	-0.2733
551	L	D	-0.3824	1.5918	-19.8576	-0.4465
551	L	E	-0.3505	1.5918	-19.8576	-0.4047
551	L	F	-0.1943	1.5918	-19.8576	-0.2003
551	L	G	-0.3357	1.5918	-19.8576	-0.3854
551	L	H	-0.3033	1.5918	-19.8576	-0.3429
551	L	I	-0.0495	1.5918	-3.1104	-0.1226
551	L	K	-0.3495	1.5918	-19.8576	-0.4034
551	L	M	-0.1583	1.5918	-19.8576	-0.1531
551	L	N	-0.3287	1.5918	-19.8576	-0.3762
551	L	P	-0.2552	1.5918	-2.4000	-0.3966
551	L	Q	-0.2817	1.5918	-19.8576	-0.3146
551	L	R	-0.3411	1.5918	-19.8576	-0.3924
551	L	S	-0.2133	1.5918	-4.5698	-0.3272
551	L	T	-0.1881	1.5918	-4.9849	-0.2915
551	L	V	-0.1713	1.5918	-19.8576	-0.1701
551	L	W	-0.2935	1.5918	-19.8576	-0.3301
551	L	Y	-0.2864	1.5918	-19.8576	-0.3208
552	G	A	-0.1331	1.8524	-6.5390	-0.2405
552	G	C	-0.1928	1.8524	-6.5390	-0.3187
552	G	D	-0.2612	1.8524	-19.8269	-0.3194
552	G	E	-0.1774	1.8524	-3.5392	-0.3185
552	G	F	-0.2988	1.8524	-19.8269	-0.3686
552	G	H	-0.2735	1.8524	-19.8269	-0.3355
552	G	I	-0.3444	1.8524	-19.8269	-0.4284
552	G	K	-0.2256	1.8524	-6.5390	-0.3616
552	G	L	-0.3127	1.8524	-19.8269	-0.3868
552	G	M	-0.2509	1.8524	-19.8269	-0.3059
552	G	N	-0.2615	1.8524	-19.8269	-0.3198
552	G	P	-0.2713	1.8524	-2.7318	-0.4469
552	G	Q	-0.1966	1.8524	-6.5390	-0.3236
552	G	R	-0.2016	1.8524	-4.9542	-0.3407
552	G	S	-0.1309	1.8524	-4.9542	-0.2482
552	G	T	-0.2108	1.8524	-5.5391	-0.3489
552	G	V	-0.2877	1.8524	-19.8269	-0.3541
552	G	W	-0.2985	1.8524	-19.8269	-0.3683
552	G	Y	-0.2991	1.8524	-19.8269	-0.3691
553	K	A	-0.1229	1.2982	-6.5390	-0.1604
553	K	C	-0.2609	1.2982	-19.8269	-0.2523
553	K	D	-0.2997	1.2982	-19.8269	-0.3031
553	K	E	-0.1427	1.2982	-5.5391	-0.1930
553	K	F	-0.2618	1.2982	-19.8269	-0.2535
553	K	G	-0.2499	1.2982	-19.8269	-0.2379
553	K	H	-0.2008	1.2982	-19.8269	-0.1736
553	K	I	-0.1613	1.2982	-6.5390	-0.2106
553	K	L	-0.2278	1.2982	-19.8269	-0.2089
553	K	M	-0.1330	1.2982	-6.5390	-0.1736
553	K	N	-0.2090	1.2982	-19.8269	-0.1843
553	K	P	-0.2972	1.2982	-6.5390	-0.3886
553	K	Q	-0.1013	1.2982	-2.4517	-0.1594
553	K	R	-0.0514	1.2982	-5.5391	-0.0735
553	K	S	-0.2009	1.2982	-19.8269	-0.1737
553	K	T	-0.2127	1.2982	-19.8269	-0.1892
553	K	V	-0.2130	1.2982	-19.8269	-0.1895
553	K	W	-0.2709	1.2982	-19.8269	-0.2653
553	K	Y	-0.2467	1.2982	-19.8269	-0.2337
554	V	A	-0.0221	2.4190	-1.4151	-0.1977
554	V	C	-0.1442	2.4190	-19.8727	-0.2342
554	V	D	-0.2829	2.4190	-19.8727	-0.4158
554	V	E	-0.2402	2.4190	-19.8727	-0.3599
554	V	F	-0.1935	2.4190	-19.8727	-0.2987
554	V	G	-0.2421	2.4190	-19.8727	-0.3624
554	V	H	-0.2859	2.4190	-19.8727	-0.4197
554	V	I	-0.0519	2.4190	-19.8727	-0.1133
554	V	K	-0.2114	2.4190	-6.5848	-0.4109
554	V	L	-0.1169	2.4190	-19.8727	-0.1985
554	V	M	-0.0406	2.4190	-3.1255	-0.2104
554	V	N	-0.2708	2.4190	-19.8727	-0.3999
554	V	P	-0.2385	2.4190	-3.7776	-0.4652
554	V	Q	-0.2508	2.4190	-19.8727	-0.3738
554	V	R	-0.3002	2.4190	-19.8727	-0.4384
554	V	S	-0.1309	2.4190	-2.4151	-0.3334
554	V	T	-0.0499	2.4190	-3.1255	-0.2226
554	V	W	-0.2340	2.4190	-19.8727	-0.3518
554	V	Y	-0.2369	2.4190	-19.8727	-0.3556
555	S	A	-0.0305	1.5109	-0.4885	-0.1054
555	S	C	-0.1797	1.5109	-19.8423	-0.1715
555	S	D	-0.1550	1.5109	-5.5545	-0.2346
555	S	E	-0.1333	1.5109	-6.5545	-0.1995
555	S	F	-0.2073	1.5109	-19.8423	-0.2076
555	S	G	-0.0706	1.5109	-6.5545	-0.1174
555	S	H	-0.2085	1.5109	-19.8423	-0.2092
555	S	I	-0.2104	1.5109	-19.8423	-0.2117
555	S	K	-0.2178	1.5109	-19.8423	-0.2214
555	S	L	-0.2067	1.5109	-19.8423	-0.2068
555	S	M	-0.1777	1.5109	-19.8423	-0.1689
555	S	N	-0.1515	1.5109	-19.8423	-0.1346
555	S	P	-0.2149	1.5109	-6.5545	-0.3063
555	S	Q	-0.1712	1.5109	-19.8423	-0.1603
555	S	R	-0.2231	1.5109	-19.8423	-0.2283
555	S	T	-0.0378	1.5109	-3.7472	-0.0932
555	S	V	-0.1067	1.5109	-4.5546	-0.1780
555	S	W	-0.2170	1.5109	-19.8423	-0.2203
555	S	Y	-0.2121	1.5109	-19.8423	-0.2139
556	S	A	-0.0454	1.5093	-3.3847	-0.1054
556	S	C	-0.1121	1.5093	-6.5545	-0.1715
556	S	D	-0.1551	1.5093	-5.5545	-0.2346
556	S	E	-0.1334	1.5093	-6.5545	-0.1995
556	S	F	-0.1264	1.5093	-3.9696	-0.2076
556	S	G	-0.1385	1.5093	-19.8423	-0.1174
556	S	H	-0.2087	1.5093	-19.8423	-0.2092
556	S	I	-0.2106	1.5093	-19.8423	-0.2117
556	S	K	-0.1451	1.5093	-5.5545	-0.2214
556	S	L	-0.2068	1.5093	-19.8423	-0.2068
556	S	M	-0.1779	1.5093	-19.8423	-0.1689
556	S	N	-0.1517	1.5093	-19.8423	-0.1346
556	S	P	-0.2069	1.5093	-4.9696	-0.3063
556	S	Q	-0.1713	1.5093	-19.8423	-0.1603
556	S	R	-0.2232	1.5093	-19.8423	-0.2283
556	S	T	-0.0522	1.5093	-6.5545	-0.0932
556	S	V	-0.1848	1.5093	-19.8423	-0.1780
556	S	W	-0.2171	1.5093	-19.8423	-0.2203
556	S	Y	-0.2122	1.5093	-19.8423	-0.2139
557	S	A	0.0101	2.2851	-6.5077	-0.1054
557	S	C	-0.1082	2.2851	-19.7955	-0.1715
557	S	D	-0.0886	2.2851	-6.5077	-0.2346
557	S	E	-0.0618	2.2851	-6.5077	-0.1995
557	S	F	-0.1358	2.2851	-19.7955	-0.2076
557	S	G	-0.0669	2.2851	-19.7955	-0.1174
557	S	H	-0.1370	2.2851	-19.7955	-0.2092
557	S	I	-0.1389	2.2851	-19.7955	-0.2117
557	S	K	-0.1464	2.2851	-19.7955	-0.2214
557	S	L	-0.0497	2.2851	-3.0484	-0.2068
557	S	M	-0.1063	2.2851	-19.7955	-0.1689
557	S	N	-0.0801	2.2851	-19.7955	-0.1346
557	S	P	-0.1155	2.2851	-1.0484	-0.3063
557	S	Q	-0.0319	2.2851	-6.5077	-0.1603
557	S	R	-0.0676	2.2851	-3.3379	-0.2283
557	S	T	0.0296	2.2851	-4.5078	-0.0932
557	S	V	-0.0454	2.2851	-6.5077	-0.1780
557	S	W	-0.0777	2.2851	-6.5077	-0.2203
557	S	Y	-0.1406	2.2851	-19.7955	-0.2139
558	G	A	-0.1804	1.2249	-4.4918	-0.2405
558	G	C	-0.3181	1.2249	-19.7796	-0.3187
558	G	D	-0.2320	1.2249	-2.7914	-0.3194
558	G	E	-0.2451	1.2249	-5.4918	-0.3185
558	G	F	-0.3563	1.2249	-19.7796	-0.3686
558	G	H	-0.3310	1.2249	-19.7796	-0.3355
558	G	I	-0.4019	1.2249	-19.7796	-0.4284
558	G	K	-0.3509	1.2249	-19.7796	-0.3616
558	G	L	-0.3024	1.2249	-6.4917	-0.3868
558	G	M	-0.3084	1.2249	-19.7796	-0.3059
558	G	N	-0.3190	1.2249	-19.7796	-0.3198
558	G	P	-0.4161	1.2249	-19.7796	-0.4469
558	G	Q	-0.3219	1.2249	-19.7796	-0.3236
558	G	R	-0.3349	1.2249	-19.7796	-0.3407
558	G	S	-0.2643	1.2249	-19.7796	-0.2482
558	G	T	-0.3412	1.2249	-19.7796	-0.3489
558	G	V	-0.2723	1.2249	-5.4918	-0.3541
558	G	W	-0.3560	1.2249	-19.7796	-0.3683
558	G	Y	-0.3566	1.2249	-19.7796	-0.3691
559	K	A	-0.1570	1.6624	-19.7796	-0.1604
559	K	C	-0.2272	1.6624	-19.7796	-0.2523
559	K	D	-0.2660	1.6624	-19.7796	-0.3031
559	K	E	-0.1022	1.6624	-4.1699	-0.1930
559	K	F	-0.1552	1.6624	-5.4918	-0.2535
559	K	G	-0.1365	1.6624	-4.1699	-0.2379
559	K	H	-0.1671	1.6624	-19.7796	-0.1736
559	K	I	-0.1953	1.6624	-19.7796	-0.2106
559	K	L	-0.1940	1.6624	-19.7796	-0.2089
559	K	M	-0.1671	1.6624	-19.7796	-0.1736
559	K	N	-0.1074	1.6624	-6.4917	-0.1843
559	K	P	-0.2533	1.6624	-4.4918	-0.3886
559	K	Q	-0.0833	1.6624	-5.4918	-0.1594
559	K	R	-0.0228	1.6624	-6.4917	-0.0735
559	K	S	-0.0891	1.6624	-4.4918	-0.1737
559	K	T	-0.1112	1.6624	-6.4917	-0.1892
559	K	V	-0.1792	1.6624	-19.7796	-0.1895
559	K	W	-0.2371	1.6624	-19.7796	-0.2653
559	K	Y	-0.2130	1.6624	-19.7796	-0.2337
560	R	A	-0.1948	1.4636	-6.4756	-0.2748
560	R	C	-0.2714	1.4636	-19.7635	-0.2864
560	R	D	-0.3536	1.4636	-19.7635	-0.3940
560	R	E	-0.2310	1.4636	-6.4756	-0.3223
560	R	F	-0.2947	1.4636	-19.7635	-0.3169
560	R	G	-0.2979	1.4636	-19.7635	-0.3211
560	R	H	-0.2323	1.4636	-19.7635	-0.2352
560	R	I	-0.2920	1.4636	-19.7635	-0.3133
560	R	K	-0.0769	1.4636	-4.8908	-0.1311
560	R	L	-0.2650	1.4636	-19.7635	-0.2780
560	R	M	-0.2309	1.4636	-19.7635	-0.2333
560	R	N	-0.2775	1.4636	-19.7635	-0.2943
560	R	P	-0.4046	1.4636	-19.7635	-0.4608
560	R	Q	-0.1423	1.4636	-1.1538	-0.2417
560	R	S	-0.2631	1.4636	-19.7635	-0.2755
560	R	T	-0.2675	1.4636	-19.7635	-0.2812
560	R	V	-0.2791	1.4636	-19.7635	-0.2964
560	R	W	-0.2074	1.4636	-5.4757	-0.2980
560	R	Y	-0.2840	1.4636	-19.7635	-0.3029
561	A	C	-0.1338	1.3721	-6.4593	-0.1841
561	A	D	-0.2075	1.3721	-4.8745	-0.2911
561	A	E	-0.2012	1.3721	-6.4593	-0.2723
561	A	F	-0.2517	1.3721	-19.7472	-0.2497
561	A	G	-0.1112	1.3721	-3.2895	-0.1756
561	A	H	-0.2559	1.3721	-19.7472	-0.2551
561	A	I	-0.1735	1.3721	-6.4593	-0.2360
561	A	K	-0.2058	1.3721	-6.4593	-0.2784
561	A	L	-0.2460	1.3721	-19.7472	-0.2422
561	A	M	-0.2048	1.3721	-19.7472	-0.1882
561	A	N	-0.2537	1.3721	-19.7472	-0.2523
561	A	P	-0.3231	1.3721	-19.7472	-0.3431
561	A	Q	-0.1834	1.3721	-6.4593	-0.2490
561	A	R	-0.2844	1.3721	-19.7472	-0.2924
561	A	S	-0.1663	1.3721	-19.7472	-0.1379
561	A	T	-0.1723	1.3721	-19.7472	-0.1457
561	A	V	-0.0913	1.3721	-4.4594	-0.1418
561	A	W	-0.2627	1.3721	-19.7472	-0.2640
561	A	Y	-0.2709	1.3721	-19.7472	-0.2748
562	R	A	-0.3057	0.9907	-19.6971	-0.2748
562	R	C	-0.3146	0.9907	-19.6971	-0.2864
562	R	D	-0.3968	0.9907	-19.6971	-0.3940
562	R	E	-0.3420	0.9907	-19.6971	-0.3223
562	R	F	-0.3379	0.9907	-19.6971	-0.3169
562	R	G	-0.2733	0.9907	-6.4093	-0.3211
562	R	H	-0.2755	0.9907	-19.6971	-0.2352
562	R	I	-0.3351	0.9907	-19.6971	-0.3133
562	R	K	-0.1231	0.9907	-5.4094	-0.1311
562	R	L	-0.2323	0.9907	-4.8244	-0.2780
562	R	M	-0.2740	0.9907	-19.6971	-0.2333
562	R	N	-0.3206	0.9907	-19.6971	-0.2943
562	R	P	-0.3749	0.9907	-5.4094	-0.4608
562	R	Q	-0.2127	0.9907	-6.4093	-0.2417
562	R	S	-0.2385	0.9907	-6.4093	-0.2755
562	R	T	-0.3106	0.9907	-19.6971	-0.2812
562	R	V	-0.3222	0.9907	-19.6971	-0.2964
562	R	W	-0.2557	0.9907	-6.4093	-0.2980
562	R	Y	-0.2594	0.9907	-6.4093	-0.3029
563	E	A	-0.0855	1.6791	-6.4262	-0.1580
563	E	C	-0.2226	1.6791	-19.7140	-0.2488
563	E	D	-0.0410	1.6791	-4.4263	-0.1131
563	E	F	-0.2002	1.6791	-19.7140	-0.2195
563	E	G	-0.1061	1.6791	-5.4262	-0.1917
563	E	H	-0.1915	1.6791	-19.7140	-0.2081
563	E	I	-0.2056	1.6791	-19.7140	-0.2265
563	E	K	-0.1024	1.6791	-5.4262	-0.1868
563	E	L	-0.1399	1.6791	-6.4262	-0.2293
563	E	M	-0.1566	1.6791	-19.7140	-0.1623
563	E	N	-0.1795	1.6791	-19.7140	-0.1923
563	E	P	-0.2424	1.6791	-6.4262	-0.3635
563	E	Q	-0.0461	1.6791	-4.1043	-0.1220
563	E	R	-0.1548	1.6791	-3.8413	-0.2660
563	E	S	-0.0989	1.6791	-6.4262	-0.1756
563	E	T	-0.1148	1.6791	-6.4262	-0.1964
563	E	V	-0.1665	1.6791	-19.7140	-0.1753
563	E	W	-0.2103	1.6791	-19.7140	-0.2327
563	E	Y	-0.2011	1.6791	-19.7140	-0.2206
564	V	A	-0.0002	2.7805	-3.6356	-0.1977
564	V	C	-0.1102	2.7805	-19.7307	-0.2342
564	V	D	-0.2489	2.7805	-19.7307	-0.4158
564	V	E	-0.1303	2.7805	-4.8580	-0.3599
564	V	F	-0.0866	2.7805	-5.4429	-0.2987
564	V	G	-0.1234	2.7805	-3.1210	-0.3624
564	V	H	-0.1841	2.7805	-6.4428	-0.4197
564	V	I	0.0580	2.7805	-4.8580	-0.1133
564	V	K	-0.1774	2.7805	-6.4428	-0.4109
564	V	L	-0.0151	2.7805	-6.4428	-0.1985
564	V	M	-0.0081	2.7805	-3.2730	-0.2104
564	V	N	-0.1690	2.7805	-6.4428	-0.3999
564	V	P	-0.2867	2.7805	-19.7307	-0.4652
564	V	Q	-0.2169	2.7805	-19.7307	-0.3738
564	V	R	-0.1865	2.7805	-4.1210	-0.4384
564	V	S	-0.1182	2.7805	-6.4428	-0.3334
564	V	T	-0.0233	2.7805	-4.4429	-0.2226
564	V	W	-0.2000	2.7805	-19.7307	-0.3518
564	V	Y	-0.2030	2.7805	-19.7307	-0.3556
565	H	A	-0.0563	1.7400	-6.4428	-0.1271
565	H	C	-0.1787	1.7400	-19.7307	-0.1985
565	H	D	-0.1035	1.7400	-6.4428	-0.1889
565	H	E	-0.1829	1.7400	-19.7307	-0.2040
565	H	F	-0.1458	1.7400	-19.7307	-0.1554
565	H	G	-0.1389	1.7400	-6.4428	-0.2352
565	H	I	-0.2104	1.7400	-19.7307	-0.2400
565	H	K	-0.1671	1.7400	-19.7307	-0.1833
565	H	L	-0.1010	1.7400	-5.4429	-0.1923
565	H	M	-0.1241	1.7400	-19.7307	-0.1270
565	H	N	-0.0631	1.7400	-6.4428	-0.1359
565	H	P	-0.2052	1.7400	-3.6356	-0.3408
565	H	Q	-0.0246	1.7400	-6.4428	-0.0855
565	H	R	-0.1605	1.7400	-19.7307	-0.1747
565	H	S	-0.0572	1.7400	-5.4429	-0.1349
565	H	T	-0.0991	1.7400	-4.8580	-0.1936
565	H	V	-0.0990	1.7400	-6.4428	-0.1829
565	H	W	-0.1620	1.7400	-19.7307	-0.1767
565	H	Y	-0.0163	1.7400	-4.1210	-0.0902
566	G	A	-0.1336	1.7856	-5.4262	-0.2405
566	G	C	-0.1984	1.7856	-6.4262	-0.3187
566	G	D	-0.1938	1.7856	-5.4262	-0.3194
566	G	E	-0.2661	1.7856	-19.7140	-0.3185
566	G	F	-0.3043	1.7856	-19.7140	-0.3686
566	G	H	-0.2112	1.7856	-6.4262	-0.3355
566	G	I	-0.3500	1.7856	-19.7140	-0.4284
566	G	K	-0.2990	1.7856	-19.7140	-0.3616
566	G	L	-0.3182	1.7856	-19.7140	-0.3868
566	G	M	-0.2564	1.7856	-19.7140	-0.3059
566	G	N	-0.1941	1.7856	-5.4262	-0.3198
566	G	P	-0.2963	1.7856	-6.4262	-0.4469
566	G	Q	-0.2022	1.7856	-6.4262	-0.3236
566	G	R	-0.2101	1.7856	-5.4262	-0.3407
566	G	S	-0.1284	1.7856	-3.2564	-0.2482
566	G	T	-0.2083	1.7856	-3.8413	-0.3489
566	G	V	-0.2933	1.7856	-19.7140	-0.3541
566	G	W	-0.3041	1.7856	-19.7140	-0.3683
566	G	Y	-0.3047	1.7856	-19.7140	-0.3691
567	G	A	-0.1706	1.4402	-6.4593	-0.2405
567	G	C	-0.2982	1.4402	-19.7472	-0.3187
567	G	D	-0.2987	1.4402	-19.7472	-0.3194
567	G	E	-0.2302	1.4402	-6.4593	-0.3185
567	G	F	-0.2685	1.4402	-6.4593	-0.3686
567	G	H	-0.2432	1.4402	-6.4593	-0.3355
567	G	I	-0.3820	1.4402	-19.7472	-0.4284
567	G	K	-0.3309	1.4402	-19.7472	-0.3616
567	G	L	-0.2824	1.4402	-6.4593	-0.3868
567	G	M	-0.2884	1.4402	-19.7472	-0.3059
567	G	N	-0.2990	1.4402	-19.7472	-0.3198
567	G	P	-0.3283	1.4402	-6.4593	-0.4469
567	G	Q	-0.2290	1.4402	-5.4594	-0.3236
567	G	R	-0.2310	1.4402	-3.2895	-0.3407
567	G	S	-0.1684	1.4402	-4.8745	-0.2482
567	G	T	-0.3212	1.4402	-19.7472	-0.3489
567	G	V	-0.2574	1.4402	-6.4593	-0.3541
567	G	W	-0.3361	1.4402	-19.7472	-0.3683
567	G	Y	-0.3367	1.4402	-19.7472	-0.3691
568	Q	A	-0.0426	1.8337	-4.8908	-0.1308
568	Q	C	-0.1647	1.8337	-19.7635	-0.1913
568	Q	D	-0.2051	1.8337	-19.7635	-0.2441
568	Q	E	-0.0456	1.8337	-4.4757	-0.1375
568	Q	F	-0.1728	1.8337	-19.7635	-0.2018
568	Q	G	-0.1214	1.8337	-6.4756	-0.2233
568	Q	H	-0.0518	1.8337	-6.4756	-0.1322
568	Q	I	-0.1541	1.8337	-19.7635	-0.1774
568	Q	K	-0.1517	1.8337	-19.7635	-0.1742
568	Q	L	-0.0616	1.8337	-4.8908	-0.1556
568	Q	M	-0.0274	1.8337	-3.8908	-0.1176
568	Q	N	-0.1342	1.8337	-19.7635	-0.1513
568	Q	P	-0.2921	1.8337	-19.7635	-0.3581
568	Q	R	-0.0706	1.8337	-4.1538	-0.1723
568	Q	S	-0.0610	1.8337	-4.8908	-0.1549
568	Q	T	-0.1469	1.8337	-19.7635	-0.1679
568	Q	V	-0.0813	1.8337	-5.4757	-0.1775
568	Q	W	-0.1721	1.8337	-19.7635	-0.2010
568	Q	Y	-0.1750	1.8337	-19.7635	-0.2048
569	E	A	-0.0275	2.1556	-3.6521	-0.1580
569	E	C	-0.1790	2.1556	-19.7472	-0.2488
569	E	D	0.0068	2.1556	-3.6521	-0.1131
569	E	F	-0.0888	2.1556	-6.4593	-0.2195
569	E	G	-0.0543	2.1556	-3.8745	-0.1917
569	E	H	-0.1479	2.1556	-19.7472	-0.2081
569	E	I	-0.1619	2.1556	-19.7472	-0.2265
569	E	K	-0.0557	2.1556	-4.8745	-0.1868
569	E	L	-0.0911	2.1556	-5.4594	-0.2293
569	E	M	-0.1129	2.1556	-19.7472	-0.1623
569	E	N	-0.0680	2.1556	-6.4593	-0.1923
569	E	P	-0.2666	2.1556	-19.7472	-0.3635
569	E	Q	-0.0024	2.1556	-4.1375	-0.1220
569	E	R	-0.1192	2.1556	-5.4594	-0.2660
569	E	S	-0.1230	2.1556	-19.7472	-0.1756
569	E	T	-0.1389	2.1556	-19.7472	-0.1964
569	E	V	-0.1228	2.1556	-19.7472	-0.1753
569	E	W	-0.1667	2.1556	-19.7472	-0.2327
569	E	Y	-0.0896	2.1556	-6.4593	-0.2206
570	Q	A	0.0027	2.3239	-4.8413	-0.1308
570	Q	C	-0.1194	2.3239	-19.7140	-0.1913
570	Q	D	-0.1597	2.3239	-19.7140	-0.2441
570	Q	E	-0.0105	2.3239	-6.4262	-0.1375
570	Q	F	-0.1274	2.3239	-19.7140	-0.2018
570	Q	G	-0.0709	2.3239	-5.4262	-0.2233
570	Q	H	0.0017	2.3239	-4.8413	-0.1322
570	Q	I	-0.1088	2.3239	-19.7140	-0.1774
570	Q	K	-0.0385	2.3239	-6.4262	-0.1742
570	Q	L	-0.0243	2.3239	-6.4262	-0.1556
570	Q	M	-0.0631	2.3239	-19.7140	-0.1176
570	Q	N	-0.0210	2.3239	-6.4262	-0.1513
570	Q	P	-0.1709	2.3239	-4.8413	-0.3581
570	Q	R	-0.0111	2.3239	-1.3388	-0.1723
570	Q	S	-0.0916	2.3239	-19.7140	-0.1549
570	Q	T	-0.0286	2.3239	-5.4262	-0.1679
570	Q	V	-0.1088	2.3239	-19.7140	-0.1775
570	Q	W	-0.0488	2.3239	-4.4263	-0.2010
570	Q	Y	-0.1297	2.3239	-19.7140	-0.2048
571	A	C	-0.1348	2.0964	-19.7140	-0.1841
571	A	D	-0.1385	2.0964	-4.4263	-0.2911
571	A	E	-0.2022	2.0964	-19.7140	-0.2723
571	A	F	-0.1849	2.0964	-19.7140	-0.2497
571	A	G	-0.0554	2.0964	-5.4262	-0.1756
571	A	H	-0.1110	2.0964	-4.4263	-0.2551
571	A	I	-0.1744	2.0964	-19.7140	-0.2360
571	A	K	-0.2068	2.0964	-19.7140	-0.2784
571	A	L	-0.1792	2.0964	-19.7140	-0.2422
571	A	M	-0.1379	2.0964	-19.7140	-0.1882
571	A	N	-0.1869	2.0964	-19.7140	-0.2523
571	A	P	-0.1884	2.0964	-6.4262	-0.3431
571	A	Q	-0.1844	2.0964	-19.7140	-0.2490
571	A	R	-0.1416	2.0964	-4.8413	-0.2924
571	A	S	-0.0148	2.0964	-3.1044	-0.1379
571	A	T	-0.0245	2.0964	-3.8413	-0.1457
571	A	V	-0.0228	2.0964	-4.1043	-0.1418
571	A	W	-0.1958	2.0964	-19.7140	-0.2640
571	A	Y	-0.2041	2.0964	-19.7140	-0.2748
572	L	A	-0.1677	1.7302	-4.0875	-0.2874
572	L	C	-0.2366	1.7302	-19.6971	-0.2733
572	L	D	-0.2959	1.7302	-5.4094	-0.4465
572	L	E	-0.2691	1.7302	-6.4093	-0.4047
572	L	F	-0.1808	1.7302	-19.6971	-0.2003
572	L	G	-0.3222	1.7302	-19.6971	-0.3854
572	L	H	-0.2219	1.7302	-6.4093	-0.3429
572	L	I	-0.0485	1.7302	-5.4094	-0.1226
572	L	K	-0.2563	1.7302	-4.0875	-0.4034
572	L	M	-0.1447	1.7302	-19.6971	-0.1531
572	L	N	-0.3151	1.7302	-19.6971	-0.3762
572	L	P	-0.2578	1.7302	-5.4094	-0.3966
572	L	Q	-0.2681	1.7302	-19.6971	-0.3146
572	L	R	-0.2597	1.7302	-6.4093	-0.3924
572	L	S	-0.2048	1.7302	-5.4094	-0.3272
572	L	T	-0.2505	1.7302	-19.6971	-0.2915
572	L	V	-0.0818	1.7302	-4.8244	-0.1701
572	L	W	-0.2799	1.7302	-19.6971	-0.3301
572	L	Y	-0.2728	1.7302	-19.6971	-0.3208
573	D	A	-0.1306	2.2311	-19.7307	-0.1947
573	D	C	-0.1043	2.2311	-6.4428	-0.2490
573	D	E	0.0055	2.2311	-3.8580	-0.1226
573	D	F	-0.2307	2.2311	-19.7307	-0.3258
573	D	G	-0.0551	2.2311	-2.7425	-0.2093
573	D	H	-0.0670	2.2311	-5.4429	-0.2069
573	D	I	-0.2229	2.2311	-19.7307	-0.3156
573	D	K	-0.1284	2.2311	-5.4429	-0.2873
573	D	L	-0.2166	2.2311	-19.7307	-0.3073
573	D	M	-0.1553	2.2311	-19.7307	-0.2271
573	D	N	-0.0295	2.2311	-6.4428	-0.1511
573	D	P	-0.1997	2.2311	-6.4428	-0.3740
573	D	Q	-0.0846	2.2311	-5.4429	-0.2300
573	D	R	-0.1564	2.2311	-4.8580	-0.3279
573	D	S	-0.0539	2.2311	-3.4430	-0.2031
573	D	T	-0.1670	2.2311	-19.7307	-0.2424
573	D	V	-0.1776	2.2311	-19.7307	-0.2563
573	D	W	-0.2112	2.2311	-19.7307	-0.3002
573	D	Y	-0.1756	2.2311	-19.7307	-0.2536
574	S	A	-0.0380	1.7601	-6.4593	-0.1054
574	S	C	-0.1563	1.7601	-19.7472	-0.1715
574	S	D	-0.1367	1.7601	-6.4593	-0.2346
574	S	E	-0.1099	1.7601	-6.4593	-0.1995
574	S	F	-0.1839	1.7601	-19.7472	-0.2076
574	S	G	-0.0178	1.7601	-0.7046	-0.1174
574	S	H	-0.1851	1.7601	-19.7472	-0.2092
574	S	I	-0.1870	1.7601	-19.7472	-0.2117
574	S	K	-0.1944	1.7601	-19.7472	-0.2214
574	S	L	-0.1155	1.7601	-6.4593	-0.2068
574	S	M	-0.1543	1.7601	-19.7472	-0.1689
574	S	N	-0.1281	1.7601	-19.7472	-0.1346
574	S	P	-0.1915	1.7601	-6.4593	-0.3063
574	S	Q	-0.1477	1.7601	-19.7472	-0.1603
574	S	R	-0.1200	1.7601	-4.1375	-0.2283
574	S	T	-0.0206	1.7601	-4.8745	-0.0932
574	S	V	-0.0935	1.7601	-6.4593	-0.1780
574	S	W	-0.1936	1.7601	-19.7472	-0.2203
574	S	Y	-0.1887	1.7601	-19.7472	-0.2139
575	P	A	-0.1821	1.4372	-19.6276	-0.1672
575	P	C	-0.2148	1.4372	-19.6276	-0.2100
575	P	D	-0.1678	1.4372	-5.3398	-0.2439
575	P	E	-0.2245	1.4372	-19.6276	-0.2227
575	P	F	-0.2432	1.4372	-19.6276	-0.2472
575	P	G	-0.1965	1.4372	-19.6276	-0.1860
575	P	H	-0.2208	1.4372	-19.6276	-0.2179
575	P	I	-0.2263	1.4372	-19.6276	-0.2250
575	P	K	-0.2162	1.4372	-19.6276	-0.2118
575	P	L	-0.1448	1.4372	-2.7549	-0.2310
575	P	M	-0.1140	1.4372	-6.3397	-0.1668
575	P	N	-0.1410	1.4372	-6.3397	-0.2022
575	P	Q	-0.2105	1.4372	-19.6276	-0.2044
575	P	R	-0.1841	1.4372	-6.3397	-0.2586
575	P	S	-0.0997	1.4372	-3.5325	-0.1668
575	P	T	-0.1940	1.4372	-19.6276	-0.1827
575	P	V	-0.1817	1.4372	-19.6276	-0.1666
575	P	W	-0.2558	1.4372	-19.6276	-0.2636
575	P	Y	-0.2442	1.4372	-19.6276	-0.2485
576	R	A	-0.2047	1.2904	-5.3037	-0.2748
576	R	C	-0.2865	1.2904	-19.5915	-0.2864
576	R	D	-0.3687	1.2904	-19.5915	-0.3940
576	R	E	-0.2461	1.2904	-6.3037	-0.3223
576	R	F	-0.3098	1.2904	-19.5915	-0.3169
576	R	G	-0.2452	1.2904	-6.3037	-0.3211
576	R	H	-0.2474	1.2904	-19.5915	-0.2352
576	R	I	-0.2392	1.2904	-6.3037	-0.3133
576	R	K	-0.0869	1.2904	-3.7188	-0.1311
576	R	L	-0.2801	1.2904	-19.5915	-0.2780
576	R	M	-0.2459	1.2904	-19.5915	-0.2333
576	R	N	-0.2247	1.2904	-6.3037	-0.2943
576	R	P	-0.4197	1.2904	-19.5915	-0.4608
576	R	Q	-0.1794	1.2904	-5.3037	-0.2417
576	R	S	-0.2782	1.2904	-19.5915	-0.2755
576	R	T	-0.2147	1.2904	-6.3037	-0.2812
576	R	V	-0.2941	1.2904	-19.5915	-0.2964
576	R	W	-0.2275	1.2904	-6.3037	-0.2980
576	R	Y	-0.2991	1.2904	-19.5915	-0.3029
577	G	A	-0.1228	1.8215	-3.9635	-0.2405
577	G	C	-0.2622	1.8215	-19.5732	-0.3187
577	G	D	-0.1949	1.8215	-6.2853	-0.3194
577	G	E	-0.1811	1.8215	-3.7005	-0.3185
577	G	F	-0.3003	1.8215	-19.5732	-0.3686
577	G	H	-0.2750	1.8215	-19.5732	-0.3355
577	G	I	-0.2782	1.8215	-6.2853	-0.4284
577	G	K	-0.2272	1.8215	-6.2853	-0.3616
577	G	L	-0.3142	1.8215	-19.5732	-0.3868
577	G	M	-0.2524	1.8215	-19.5732	-0.3059
577	G	N	-0.2630	1.8215	-19.5732	-0.3198
577	G	P	-0.3601	1.8215	-19.5732	-0.4469
577	G	Q	-0.2659	1.8215	-19.5732	-0.3236
577	G	R	-0.2112	1.8215	-6.2853	-0.3407
577	G	S	-0.1325	1.8215	-4.7004	-0.2482
577	G	T	-0.2853	1.8215	-19.5732	-0.3489
577	G	V	-0.2133	1.8215	-4.7004	-0.3541
577	G	W	-0.2221	1.8215	-4.2854	-0.3683
577	G	Y	-0.3007	1.8215	-19.5732	-0.3691
578	M	A	-0.1522	2.5648	-19.5915	-0.2641
578	M	C	-0.0848	2.5648	-5.3037	-0.2713
578	M	D	-0.2636	2.5648	-19.5915	-0.4100
578	M	E	-0.2539	2.5648	-19.5915	-0.3972
578	M	F	-0.0813	2.5648	-4.7188	-0.2707
578	M	G	-0.1602	2.5648	-5.3037	-0.3700
578	M	H	-0.2105	2.5648	-19.5915	-0.3404
578	M	I	0.0145	2.5648	-3.1339	-0.1558
578	M	K	-0.1418	2.5648	-5.3037	-0.3460
578	M	L	0.0490	2.5648	-2.8444	-0.1126
578	M	N	-0.2053	2.5648	-19.5915	-0.3336
578	M	P	-0.3231	2.5648	-19.5915	-0.4879
578	M	Q	-0.1973	2.5648	-19.5915	-0.3232
578	M	R	-0.2420	2.5648	-19.5915	-0.3817
578	M	S	-0.1158	2.5648	-6.3037	-0.3052
578	M	T	-0.0474	2.5648	-4.7188	-0.2263
578	M	V	-0.0143	2.5648	-2.4965	-0.1978
578	M	W	-0.2200	2.5648	-19.5915	-0.3529
578	M	Y	-0.1995	2.5648	-19.5915	-0.3261
579	H	A	0.0181	2.4834	-5.2668	-0.1271
579	H	C	-0.0212	2.4834	-2.2668	-0.1985
579	H	D	-0.1021	2.4834	-19.5545	-0.1889
579	H	E	-0.1136	2.4834	-19.5545	-0.2040
579	H	F	-0.0036	2.4834	-5.2668	-0.1554
579	H	G	-0.0553	2.4834	-3.4594	-0.2352
579	H	I	-0.1411	2.4834	-19.5545	-0.2400
579	H	K	-0.0978	2.4834	-19.5545	-0.1833
579	H	L	-0.0368	2.4834	-6.2667	-0.1923
579	H	M	-0.0548	2.4834	-19.5545	-0.1270
579	H	N	-0.0616	2.4834	-19.5545	-0.1359
579	H	P	-0.2181	2.4834	-19.5545	-0.3408
579	H	Q	0.0447	2.4834	-6.2667	-0.0855
579	H	R	-0.0045	2.4834	-2.5664	-0.1747
579	H	S	0.0121	2.4834	-5.2668	-0.1349
579	H	T	-0.0378	2.4834	-6.2667	-0.1936
579	H	V	-0.0975	2.4834	-19.5545	-0.1829
579	H	W	-0.0927	2.4834	-19.5545	-0.1767
579	H	Y	0.0411	2.4834	-6.2667	-0.0902
580	R	A	-0.2789	1.2765	-19.5915	-0.2748
580	R	C	-0.2878	1.2765	-19.5915	-0.2864
580	R	D	-0.3700	1.2765	-19.5915	-0.3940
580	R	E	-0.2474	1.2765	-6.3037	-0.3223
580	R	F	-0.2433	1.2765	-6.3037	-0.3169
580	R	G	-0.2414	1.2765	-5.3037	-0.3211
580	R	H	-0.2487	1.2765	-19.5915	-0.2352
580	R	I	-0.3083	1.2765	-19.5915	-0.3133
580	R	K	-0.0825	1.2765	-2.6034	-0.1311
580	R	L	-0.2135	1.2765	-6.3037	-0.2780
580	R	M	-0.1794	1.2765	-6.3037	-0.2333
580	R	N	-0.2938	1.2765	-19.5915	-0.2943
580	R	P	-0.4210	1.2765	-19.5915	-0.4608
580	R	Q	-0.2536	1.2765	-19.5915	-0.2417
580	R	S	-0.2794	1.2765	-19.5915	-0.2755
580	R	T	-0.2160	1.2765	-6.3037	-0.2812
580	R	V	-0.2954	1.2765	-19.5915	-0.2964
580	R	W	-0.2966	1.2765	-19.5915	-0.2980
580	R	Y	-0.3004	1.2765	-19.5915	-0.3029
581	D	A	-0.1478	1.3000	-6.3037	-0.1947
581	D	C	-0.2570	1.3000	-19.5915	-0.2490
581	D	E	-0.0876	1.3000	-5.3037	-0.1226
581	D	F	-0.3157	1.3000	-19.5915	-0.3258
581	D	G	-0.1508	1.3000	-4.7188	-0.2093
581	D	H	-0.1520	1.3000	-5.3037	-0.2069
581	D	I	-0.3079	1.3000	-19.5915	-0.3156
581	D	K	-0.2863	1.3000	-19.5915	-0.2873
581	D	L	-0.3016	1.3000	-19.5915	-0.3073
581	D	M	-0.2403	1.3000	-19.5915	-0.2271
581	D	N	-0.1042	1.3000	-4.3038	-0.1511
581	D	P	-0.2847	1.3000	-6.3037	-0.3740
581	D	Q	-0.1747	1.3000	-6.3037	-0.2300
581	D	R	-0.3173	1.3000	-19.5915	-0.3279
581	D	S	-0.1491	1.3000	-5.3037	-0.2031
581	D	T	-0.2520	1.3000	-19.5915	-0.2424
581	D	V	-0.2626	1.3000	-19.5915	-0.2563
581	D	W	-0.2961	1.3000	-19.5915	-0.3002
581	D	Y	-0.2606	1.3000	-19.5915	-0.2536
582	G	A	-0.1903	1.1616	-5.2854	-0.2405
582	G	C	-0.3229	1.1616	-19.5732	-0.3187
582	G	D	-0.3235	1.1616	-19.5732	-0.3194
582	G	E	-0.2431	1.1616	-3.9635	-0.3185
582	G	F	-0.3610	1.1616	-19.5732	-0.3686
582	G	H	-0.3358	1.1616	-19.5732	-0.3355
582	G	I	-0.4067	1.1616	-19.5732	-0.4284
582	G	K	-0.2798	1.1616	-4.7004	-0.3616
582	G	L	-0.3749	1.1616	-19.5732	-0.3868
582	G	M	-0.3131	1.1616	-19.5732	-0.3059
582	G	N	-0.3238	1.1616	-19.5732	-0.3198
582	G	P	-0.3530	1.1616	-6.2853	-0.4469
582	G	Q	-0.3267	1.1616	-19.5732	-0.3236
582	G	R	-0.2719	1.1616	-6.2853	-0.3407
582	G	S	-0.1932	1.1616	-4.7004	-0.2482
582	G	T	-0.3460	1.1616	-19.5732	-0.3489
582	G	V	-0.3500	1.1616	-19.5732	-0.3541
582	G	W	-0.3608	1.1616	-19.5732	-0.3683
582	G	Y	-0.3614	1.1616	-19.5732	-0.3691
583	N	A	-0.1887	1.3752	-19.5545	-0.1688
583	N	C	-0.1707	1.3752	-6.2667	-0.2341
583	N	D	-0.1109	1.3752	-3.6818	-0.1730
583	N	E	-0.1512	1.3752	-6.2667	-0.2085
583	N	F	-0.2458	1.3752	-19.5545	-0.2436
583	N	G	-0.1436	1.3752	-4.6818	-0.2091
583	N	H	-0.1207	1.3752	-5.2668	-0.1753
583	N	I	-0.1711	1.3752	-6.2667	-0.2346
583	N	K	-0.1919	1.3752	-19.5545	-0.1730
583	N	L	-0.2453	1.3752	-19.5545	-0.2430
583	N	M	-0.1995	1.3752	-19.5545	-0.1830
583	N	P	-0.3543	1.3752	-19.5545	-0.3856
583	N	Q	-0.1826	1.3752	-19.5545	-0.1609
583	N	R	-0.2240	1.3752	-19.5545	-0.2151
583	N	S	-0.0908	1.3752	-6.2667	-0.1294
583	N	T	-0.1403	1.3752	-6.2667	-0.1943
583	N	V	-0.1645	1.3752	-6.2667	-0.2259
583	N	W	-0.2509	1.3752	-19.5545	-0.2503
583	N	Y	-0.2294	1.3752	-19.5545	-0.2221
584	T	A	-0.0382	2.0789	-3.9449	-0.1608
584	T	C	-0.1536	2.0789	-19.5545	-0.2077
584	T	D	-0.2334	2.0789	-19.5545	-0.3121
584	T	E	-0.2087	2.0789	-19.5545	-0.2798
584	T	F	-0.2251	2.0789	-19.5545	-0.3012
584	T	G	-0.1913	2.0789	-19.5545	-0.2570
584	T	H	-0.2053	2.0789	-19.5545	-0.2754
584	T	I	-0.0759	2.0789	-6.2667	-0.1947
584	T	K	-0.2009	2.0789	-19.5545	-0.2696
584	T	L	-0.1278	2.0789	-6.2667	-0.2627
584	T	M	-0.0948	2.0789	-6.2667	-0.2194
584	T	N	-0.0975	2.0789	-4.6818	-0.2336
584	T	P	-0.2041	2.0789	-4.2668	-0.3759
584	T	Q	-0.1829	2.0789	-19.5545	-0.2460
584	T	R	-0.1359	2.0789	-6.2667	-0.2733
584	T	S	0.0025	2.0789	-3.0969	-0.1133
584	T	V	-0.0503	2.0789	-3.6818	-0.1784
584	T	W	-0.2179	2.0789	-19.5545	-0.2919
584	T	Y	-0.2265	2.0789	-19.5545	-0.3031
585	L	A	-0.2794	1.3731	-19.5357	-0.2874
585	L	C	-0.2008	1.3731	-6.2478	-0.2733
585	L	D	-0.3331	1.3731	-6.2478	-0.4465
585	L	E	-0.3690	1.3731	-19.5357	-0.4047
585	L	F	-0.2128	1.3731	-19.5357	-0.2003
585	L	G	-0.3542	1.3731	-19.5357	-0.3854
585	L	H	-0.3218	1.3731	-19.5357	-0.3429
585	L	I	-0.1535	1.3731	-19.5357	-0.1226
585	L	K	-0.3680	1.3731	-19.5357	-0.4034
585	L	M	-0.1090	1.3731	-6.2478	-0.1531
585	L	N	-0.3472	1.3731	-19.5357	-0.3762
585	L	P	-0.2869	1.3731	-4.6630	-0.3966
585	L	Q	-0.2242	1.3731	-4.6630	-0.3146
585	L	R	-0.3596	1.3731	-19.5357	-0.3924
585	L	S	-0.3098	1.3731	-19.5357	-0.3272
585	L	T	-0.2147	1.3731	-6.2478	-0.2915
585	L	V	-0.1058	1.3731	-3.0780	-0.1701
585	L	W	-0.3120	1.3731	-19.5357	-0.3301
585	L	Y	-0.3049	1.3731	-19.5357	-0.3208
586	P	A	-0.0953	1.5828	-5.2479	-0.1672
586	P	C	-0.2009	1.5828	-19.5357	-0.2100
586	P	D	-0.2268	1.5828	-19.5357	-0.2439
586	P	E	-0.1428	1.5828	-6.2478	-0.2227
586	P	F	-0.2294	1.5828	-19.5357	-0.2472
586	P	G	-0.1826	1.5828	-19.5357	-0.1860
586	P	H	-0.2070	1.5828	-19.5357	-0.2179
586	P	I	-0.2124	1.5828	-19.5357	-0.2250
586	P	K	-0.2023	1.5828	-19.5357	-0.2118
586	P	L	-0.1360	1.5828	-3.6630	-0.2310
586	P	M	-0.1679	1.5828	-19.5357	-0.1668
586	P	N	-0.1950	1.5828	-19.5357	-0.2022
586	P	Q	-0.1289	1.5828	-6.2478	-0.2044
586	P	R	-0.2381	1.5828	-19.5357	-0.2586
586	P	S	-0.0818	1.5828	-2.6630	-0.1668
586	P	T	-0.1042	1.5828	-4.6630	-0.1827
586	P	V	-0.1678	1.5828	-19.5357	-0.1666
586	P	W	-0.2419	1.5828	-19.5357	-0.2636
586	P	Y	-0.2304	1.5828	-19.5357	-0.2485
587	S	A	-0.0669	1.2912	-3.6630	-0.1054
587	S	C	-0.1984	1.2912	-19.5357	-0.1715
587	S	D	-0.2466	1.2912	-19.5357	-0.2346
587	S	E	-0.2198	1.2912	-19.5357	-0.1995
587	S	F	-0.1581	1.2912	-6.2478	-0.2076
587	S	G	-0.1570	1.2912	-19.5357	-0.1174
587	S	H	-0.2272	1.2912	-19.5357	-0.2092
587	S	I	-0.2291	1.2912	-19.5357	-0.2117
587	S	K	-0.2365	1.2912	-19.5357	-0.2214
587	S	L	-0.1575	1.2912	-6.2478	-0.2068
587	S	M	-0.1964	1.2912	-19.5357	-0.1689
587	S	N	-0.1702	1.2912	-19.5357	-0.1346
587	S	P	-0.2182	1.2912	-3.2479	-0.3063
587	S	Q	-0.1898	1.2912	-19.5357	-0.1603
587	S	R	-0.2418	1.2912	-19.5357	-0.2283
587	S	T	-0.0627	1.2912	-4.6630	-0.0932
587	S	V	-0.2033	1.2912	-19.5357	-0.1780
587	S	W	-0.2356	1.2912	-19.5357	-0.2203
587	S	Y	-0.2308	1.2912	-19.5357	-0.2139
588	P	A	-0.0916	1.6219	-5.2288	-0.1672
588	P	C	-0.1243	1.6219	-5.2288	-0.2100
588	P	D	-0.2231	1.6219	-19.5166	-0.2439
588	P	E	-0.2070	1.6219	-19.5166	-0.2227
588	P	F	-0.1579	1.6219	-6.2287	-0.2472
588	P	G	-0.1789	1.6219	-19.5166	-0.1860
588	P	H	-0.2033	1.6219	-19.5166	-0.2179
588	P	I	-0.2087	1.6219	-19.5166	-0.2250
588	P	K	-0.1986	1.6219	-19.5166	-0.2118
588	P	L	-0.1404	1.6219	-5.2288	-0.2310
588	P	M	-0.1643	1.6219	-19.5166	-0.1668
588	P	N	-0.1913	1.6219	-19.5166	-0.2022
588	P	Q	-0.1930	1.6219	-19.5166	-0.2044
588	P	R	-0.2344	1.6219	-19.5166	-0.2586
588	P	S	-0.0748	1.6219	-1.9809	-0.1668
588	P	T	-0.1005	1.6219	-4.6438	-0.1827
588	P	V	-0.1641	1.6219	-19.5166	-0.1666
588	P	W	-0.2382	1.6219	-19.5166	-0.2636
588	P	Y	-0.2267	1.6219	-19.5166	-0.2485
589	S	A	-0.1576	1.1847	-19.5166	-0.1054
589	S	C	-0.1403	1.1847	-6.2287	-0.1715
589	S	D	-0.2563	1.1847	-19.5166	-0.2346
589	S	E	-0.2295	1.1847	-19.5166	-0.1995
589	S	F	-0.2356	1.1847	-19.5166	-0.2076
589	S	G	-0.0846	1.1847	-3.4215	-0.1174
589	S	H	-0.2369	1.1847	-19.5166	-0.2092
589	S	I	-0.1710	1.1847	-6.2287	-0.2117
589	S	K	-0.2462	1.1847	-19.5166	-0.2214
589	S	L	-0.2350	1.1847	-19.5166	-0.2068
589	S	M	-0.2061	1.1847	-19.5166	-0.1689
589	S	N	-0.1121	1.1847	-6.2287	-0.1346
589	S	P	-0.2432	1.1847	-6.2287	-0.3063
589	S	Q	-0.1995	1.1847	-19.5166	-0.1603
589	S	R	-0.1718	1.1847	-3.9069	-0.2283
589	S	T	-0.1483	1.1847	-19.5166	-0.0932
589	S	V	-0.2130	1.1847	-19.5166	-0.1780
589	S	W	-0.2453	1.1847	-19.5166	-0.2203
589	S	Y	-0.2405	1.1847	-19.5166	-0.2139
590	S	A	-0.1493	1.2738	-19.4972	-0.1054
590	S	C	-0.1998	1.2738	-19.4972	-0.1715
590	S	D	-0.2480	1.2738	-19.4972	-0.2346
590	S	E	-0.2212	1.2738	-19.4972	-0.1995
590	S	F	-0.2273	1.2738	-19.4972	-0.2076
590	S	G	-0.0730	1.2738	-2.7500	-0.1174
590	S	H	-0.2286	1.2738	-19.4972	-0.2092
590	S	I	-0.2305	1.2738	-19.4972	-0.2117
590	S	K	-0.2379	1.2738	-19.4972	-0.2214
590	S	L	-0.1589	1.2738	-6.2093	-0.2068
590	S	M	-0.1978	1.2738	-19.4972	-0.1689
590	S	N	-0.1038	1.2738	-6.2093	-0.1346
590	S	P	-0.2349	1.2738	-6.2093	-0.3063
590	S	Q	-0.1234	1.2738	-6.2093	-0.1603
590	S	R	-0.2432	1.2738	-19.4972	-0.2283
590	S	T	-0.0671	1.2738	-5.2094	-0.0932
590	S	V	-0.2047	1.2738	-19.4972	-0.1780
590	S	W	-0.2370	1.2738	-19.4972	-0.2203
590	S	Y	-0.1643	1.2738	-6.2093	-0.2139
591	W	A	-0.5212	0.4499	-19.4972	-0.4931
591	W	C	-0.4571	0.4499	-19.4972	-0.4091
591	W	D	-0.5455	0.4499	-19.4972	-0.5249
591	W	E	-0.5651	0.4499	-19.4972	-0.5505
591	W	F	-0.3738	0.4499	-19.4972	-0.3001
591	W	G	-0.4386	0.4499	-6.2093	-0.4737
591	W	H	-0.5095	0.4499	-19.4972	-0.4778
591	W	I	-0.5071	0.4499	-19.4972	-0.4746
591	W	K	-0.5771	0.4499	-19.4972	-0.5662
591	W	L	-0.4008	0.4499	-6.2093	-0.4242
591	W	M	-0.4807	0.4499	-19.4972	-0.4401
591	W	N	-0.5538	0.4499	-19.4972	-0.5357
591	W	P	-0.5920	0.4499	-19.4972	-0.5857
591	W	Q	-0.4687	0.4499	-4.6245	-0.5237
591	W	R	-0.5050	0.4499	-19.4972	-0.4719
591	W	S	-0.5193	0.4499	-19.4972	-0.4906
591	W	T	-0.5629	0.4499	-19.4972	-0.5477
591	W	V	-0.4988	0.4499	-19.4972	-0.4637
591	W	Y	-0.4218	0.4499	-19.4972	-0.3629
592	D	A	-0.1796	0.9487	-6.2093	-0.1947
592	D	C	-0.2889	0.9487	-19.4972	-0.2490
592	D	E	-0.1164	0.9487	-4.6245	-0.1226
592	D	F	-0.3475	0.9487	-19.4972	-0.3258
592	D	G	-0.1805	0.9487	-4.2095	-0.2093
592	D	H	-0.1889	0.9487	-6.2093	-0.2069
592	D	I	-0.3398	0.9487	-19.4972	-0.3156
592	D	K	-0.2503	0.9487	-6.2093	-0.2873
592	D	L	-0.3334	0.9487	-19.4972	-0.3073
592	D	M	-0.2722	0.9487	-19.4972	-0.2271
592	D	N	-0.2141	0.9487	-19.4972	-0.1511
592	D	P	-0.3844	0.9487	-19.4972	-0.3740
592	D	Q	-0.2744	0.9487	-19.4972	-0.2300
592	D	R	-0.3491	0.9487	-19.4972	-0.3279
592	D	S	-0.1860	0.9487	-6.2093	-0.2031
592	D	T	-0.2838	0.9487	-19.4972	-0.2424
592	D	V	-0.2945	0.9487	-19.4972	-0.2563
592	D	W	-0.3280	0.9487	-19.4972	-0.3002
592	D	Y	-0.2924	0.9487	-19.4972	-0.2536
593	L	A	-0.3494	0.6095	-19.4972	-0.2874
593	L	C	-0.3387	0.6095	-19.4972	-0.2733
593	L	D	-0.4709	0.6095	-19.4972	-0.4465
593	L	E	-0.4390	0.6095	-19.4972	-0.4047
593	L	F	-0.2829	0.6095	-19.4972	-0.2003
593	L	G	-0.3565	0.6095	-6.2093	-0.3854
593	L	H	-0.3918	0.6095	-19.4972	-0.3429
593	L	I	-0.2235	0.6095	-19.4972	-0.1226
593	L	K	-0.4380	0.6095	-19.4972	-0.4034
593	L	M	-0.2468	0.6095	-19.4972	-0.1531
593	L	N	-0.4173	0.6095	-19.4972	-0.3762
593	L	P	-0.3548	0.6095	-4.2095	-0.3966
593	L	Q	-0.3702	0.6095	-19.4972	-0.3146
593	L	R	-0.3618	0.6095	-6.2093	-0.3924
593	L	S	-0.3798	0.6095	-19.4972	-0.3272
593	L	T	-0.3526	0.6095	-19.4972	-0.2915
593	L	V	-0.1920	0.6095	-6.2093	-0.1701
593	L	W	-0.3820	0.6095	-19.4972	-0.3301
593	L	Y	-0.3749	0.6095	-19.4972	-0.3208
594	Q	A	-0.0898	1.3945	-6.2093	-0.1308
594	Q	C	-0.2038	1.3945	-19.4972	-0.1913
594	Q	D	-0.2441	1.3945	-19.4972	-0.2441
594	Q	E	-0.0949	1.3945	-6.2093	-0.1375
594	Q	F	-0.2118	1.3945	-19.4972	-0.2018
594	Q	G	-0.2282	1.3945	-19.4972	-0.2233
594	Q	H	-0.0857	1.3945	-5.2094	-0.1322
594	Q	I	-0.1932	1.3945	-19.4972	-0.1774
594	Q	K	-0.1178	1.3945	-5.2094	-0.1742
594	Q	L	-0.1765	1.3945	-19.4972	-0.1556
594	Q	M	-0.1475	1.3945	-19.4972	-0.1176
594	Q	N	-0.1732	1.3945	-19.4972	-0.1513
594	Q	P	-0.2515	1.3945	-3.8875	-0.3581
594	Q	R	-0.1083	1.3945	-3.6245	-0.1723
594	Q	S	-0.1760	1.3945	-19.4972	-0.1549
594	Q	T	-0.1181	1.3945	-6.2093	-0.1679
594	Q	V	-0.1932	1.3945	-19.4972	-0.1775
594	Q	W	-0.2112	1.3945	-19.4972	-0.2010
594	Q	Y	-0.2141	1.3945	-19.4972	-0.2048
595	P	A	-0.1670	1.5937	-19.4972	-0.1672
595	P	C	-0.1997	1.5937	-19.4972	-0.2100
595	P	D	-0.1578	1.5937	-6.2093	-0.2439
595	P	E	-0.1335	1.5937	-4.6245	-0.2227
595	P	F	-0.2282	1.5937	-19.4972	-0.2472
595	P	G	-0.1814	1.5937	-19.4972	-0.1860
595	P	H	-0.2058	1.5937	-19.4972	-0.2179
595	P	I	-0.1315	1.5937	-3.8875	-0.2250
595	P	K	-0.2011	1.5937	-19.4972	-0.2118
595	P	L	-0.1193	1.5937	-0.5948	-0.2310
595	P	M	-0.1667	1.5937	-19.4972	-0.1668
595	P	N	-0.1938	1.5937	-19.4972	-0.2022
595	P	Q	-0.1277	1.5937	-6.2093	-0.2044
595	P	R	-0.2369	1.5937	-19.4972	-0.2586
595	P	S	-0.1667	1.5937	-19.4972	-0.1668
595	P	T	-0.1789	1.5937	-19.4972	-0.1827
595	P	V	-0.0937	1.5937	-5.2094	-0.1666
595	P	W	-0.2407	1.5937	-19.4972	-0.2636
595	P	Y	-0.2291	1.5937	-19.4972	-0.2485
596	E	A	-0.1976	1.1845	-19.4776	-0.1580
596	E	C	-0.2669	1.1845	-19.4776	-0.2488
596	E	D	-0.0811	1.1845	-3.3825	-0.1131
596	E	F	-0.2445	1.1845	-19.4776	-0.2195
596	E	G	-0.1504	1.1845	-5.1898	-0.1917
596	E	H	-0.2358	1.1845	-19.4776	-0.2081
596	E	I	-0.2499	1.1845	-19.4776	-0.2265
596	E	K	-0.1518	1.1845	-6.1897	-0.1868
596	E	L	-0.2520	1.1845	-19.4776	-0.2293
596	E	M	-0.2009	1.1845	-19.4776	-0.1623
596	E	N	-0.2238	1.1845	-19.4776	-0.1923
596	E	P	-0.2816	1.1845	-5.1898	-0.3635
596	E	Q	-0.1023	1.1845	-6.1897	-0.1220
596	E	R	-0.2072	1.1845	-5.1898	-0.2660
596	E	S	-0.2110	1.1845	-19.4776	-0.1756
596	E	T	-0.2269	1.1845	-19.4776	-0.1964
596	E	V	-0.2108	1.1845	-19.4776	-0.1753
596	E	W	-0.2546	1.1845	-19.4776	-0.2327
596	E	Y	-0.2454	1.1845	-19.4776	-0.2206
597	L	A	-0.2672	1.5019	-19.4776	-0.2874
597	L	C	-0.1886	1.5019	-6.1897	-0.2733
597	L	D	-0.3887	1.5019	-19.4776	-0.4465
597	L	E	-0.3568	1.5019	-19.4776	-0.4047
597	L	F	-0.1329	1.5019	-6.1897	-0.2003
597	L	G	-0.3421	1.5019	-19.4776	-0.3854
597	L	H	-0.2367	1.5019	-5.1898	-0.3429
597	L	I	-0.0654	1.5019	-4.6049	-0.1226
597	L	K	-0.3558	1.5019	-19.4776	-0.4034
597	L	M	-0.0968	1.5019	-6.1897	-0.1531
597	L	N	-0.3350	1.5019	-19.4776	-0.3762
597	L	P	-0.2696	1.5019	-3.6049	-0.3966
597	L	Q	-0.2880	1.5019	-19.4776	-0.3146
597	L	R	-0.2796	1.5019	-6.1897	-0.3924
597	L	S	-0.2976	1.5019	-19.4776	-0.3272
597	L	T	-0.1974	1.5019	-5.1898	-0.2915
597	L	V	-0.1098	1.5019	-6.1897	-0.1701
597	L	W	-0.2998	1.5019	-19.4776	-0.3301
597	L	Y	-0.2927	1.5019	-19.4776	-0.3208
598	A	C	-0.1345	2.0864	-19.4776	-0.1841
598	A	D	-0.2163	2.0864	-19.4776	-0.2911
598	A	E	-0.1341	2.0864	-6.1897	-0.2723
598	A	F	-0.1846	2.0864	-19.4776	-0.2497
598	A	G	-0.0521	2.0864	-4.6049	-0.1756
598	A	H	-0.1888	2.0864	-19.4776	-0.2551
598	A	I	-0.1742	2.0864	-19.4776	-0.2360
598	A	K	-0.1387	2.0864	-6.1897	-0.2784
598	A	L	-0.1789	2.0864	-19.4776	-0.2422
598	A	M	-0.1377	2.0864	-19.4776	-0.1882
598	A	N	-0.1866	2.0864	-19.4776	-0.2523
598	A	P	-0.1780	2.0864	-4.1898	-0.3431
598	A	Q	-0.1163	2.0864	-6.1897	-0.2490
598	A	R	-0.2172	2.0864	-19.4776	-0.2924
598	A	S	-0.0182	2.0864	-3.6049	-0.1379
598	A	T	-0.0204	2.0864	-2.8679	-0.1457
598	A	V	-0.0226	2.0864	-3.8679	-0.1418
598	A	W	-0.1956	2.0864	-19.4776	-0.2640
598	A	Y	-0.2038	2.0864	-19.4776	-0.2748
599	A	C	-0.1935	1.4436	-19.4375	-0.1841
599	A	D	-0.2752	1.4436	-19.4375	-0.2911
599	A	E	-0.2608	1.4436	-19.4375	-0.2723
599	A	F	-0.2436	1.4436	-19.4375	-0.2497
599	A	G	-0.1192	1.4436	-6.1496	-0.1756
599	A	H	-0.2477	1.4436	-19.4375	-0.2551
599	A	I	-0.2331	1.4436	-19.4375	-0.2360
599	A	K	-0.2655	1.4436	-19.4375	-0.2784
599	A	L	-0.2378	1.4436	-19.4375	-0.2422
599	A	M	-0.1966	1.4436	-19.4375	-0.1882
599	A	N	-0.2456	1.4436	-19.4375	-0.2523
599	A	P	-0.2420	1.4436	-5.1497	-0.3431
599	A	Q	-0.2430	1.4436	-19.4375	-0.2490
599	A	R	-0.2762	1.4436	-19.4375	-0.2924
599	A	S	-0.0785	1.4436	-3.8278	-0.1379
599	A	T	-0.0820	1.4436	-3.3424	-0.1457
599	A	V	-0.0815	1.4436	-3.8278	-0.1418
599	A	W	-0.2545	1.4436	-19.4375	-0.2640
599	A	Y	-0.2627	1.4436	-19.4375	-0.2748
600	P	A	-0.1278	1.2234	-5.1293	-0.1672
600	P	C	-0.2334	1.2234	-19.4170	-0.2100
600	P	D	-0.2593	1.2234	-19.4170	-0.2439
600	P	E	-0.2431	1.2234	-19.4170	-0.2227
600	P	F	-0.2618	1.2234	-19.4170	-0.2472
600	P	G	-0.2151	1.2234	-19.4170	-0.1860
600	P	H	-0.2394	1.2234	-19.4170	-0.2179
600	P	I	-0.2449	1.2234	-19.4170	-0.2250
600	P	K	-0.2348	1.2234	-19.4170	-0.2118
600	P	L	-0.1765	1.2234	-5.1293	-0.2310
600	P	M	-0.2004	1.2234	-19.4170	-0.1668
600	P	N	-0.2275	1.2234	-19.4170	-0.2022
600	P	Q	-0.1613	1.2234	-6.1292	-0.2044
600	P	R	-0.2705	1.2234	-19.4170	-0.2586
600	P	S	-0.1143	1.2234	-2.5443	-0.1668
600	P	T	-0.1447	1.2234	-6.1292	-0.1827
600	P	V	-0.2003	1.2234	-19.4170	-0.1666
600	P	W	-0.2743	1.2234	-19.4170	-0.2636
600	P	Y	-0.2628	1.2234	-19.4170	-0.2485
601	Q	A	-0.2073	0.8517	-19.4577	-0.1308
601	Q	C	-0.2535	0.8517	-19.4577	-0.1913
601	Q	D	-0.2939	0.8517	-19.4577	-0.2441
601	Q	E	-0.2124	0.8517	-19.4577	-0.1375
601	Q	F	-0.2616	0.8517	-19.4577	-0.2018
601	Q	G	-0.2780	0.8517	-19.4577	-0.2233
601	Q	H	-0.2084	0.8517	-19.4577	-0.1322
601	Q	I	-0.2429	0.8517	-19.4577	-0.1774
601	Q	K	-0.2405	0.8517	-19.4577	-0.1742
601	Q	L	-0.1585	0.8517	-6.1698	-0.1556
601	Q	M	-0.1972	0.8517	-19.4577	-0.1176
601	Q	N	-0.2230	0.8517	-19.4577	-0.1513
601	Q	P	-0.3131	0.8517	-6.1698	-0.3581
601	Q	R	-0.1550	0.8517	-3.0000	-0.1723
601	Q	S	-0.1579	0.8517	-6.1698	-0.1549
601	Q	T	-0.2357	0.8517	-19.4577	-0.1679
601	Q	V	-0.2430	0.8517	-19.4577	-0.1775
601	Q	W	-0.2609	0.8517	-19.4577	-0.2010
601	Q	Y	-0.2638	0.8517	-19.4577	-0.2048
602	G	A	-0.2037	1.0632	-6.1496	-0.2405
602	G	C	-0.2635	1.0632	-6.1496	-0.3187
602	G	D	-0.3318	1.0632	-19.4375	-0.3194
602	G	E	-0.2633	1.0632	-6.1496	-0.3185
602	G	F	-0.3694	1.0632	-19.4375	-0.3686
602	G	H	-0.3441	1.0632	-19.4375	-0.3355
602	G	I	-0.3473	1.0632	-6.1496	-0.4284
602	G	K	-0.3640	1.0632	-19.4375	-0.3616
602	G	L	-0.3833	1.0632	-19.4375	-0.3868
602	G	M	-0.2537	1.0632	-6.1496	-0.3059
602	G	N	-0.3321	1.0632	-19.4375	-0.3198
602	G	P	-0.4292	1.0632	-19.4375	-0.4469
602	G	Q	-0.3350	1.0632	-19.4375	-0.3236
602	G	R	-0.2752	1.0632	-5.1497	-0.3407
602	G	S	-0.2096	1.0632	-6.1496	-0.2482
602	G	T	-0.3543	1.0632	-19.4375	-0.3489
602	G	V	-0.2824	1.0632	-4.5648	-0.3541
602	G	W	-0.3692	1.0632	-19.4375	-0.3683
602	G	Y	-0.3698	1.0632	-19.4375	-0.3691
603	T	A	-0.0485	1.9442	-3.5443	-0.1608
603	T	C	-0.1653	1.9442	-19.4170	-0.2077
603	T	D	-0.2451	1.9442	-19.4170	-0.3121
603	T	E	-0.2204	1.9442	-19.4170	-0.2798
603	T	F	-0.1689	1.9442	-6.1292	-0.3012
603	T	G	-0.2030	1.9442	-19.4170	-0.2570
603	T	H	-0.2170	1.9442	-19.4170	-0.2754
603	T	I	-0.0757	1.9442	-3.8074	-0.1947
603	T	K	-0.2126	1.9442	-19.4170	-0.2696
603	T	L	-0.1395	1.9442	-6.1292	-0.2627
603	T	M	-0.0903	1.9442	-2.9594	-0.2194
603	T	N	-0.1851	1.9442	-19.4170	-0.2336
603	T	P	-0.2209	1.9442	-5.1293	-0.3759
603	T	Q	-0.1946	1.9442	-19.4170	-0.2460
603	T	R	-0.2154	1.9442	-19.4170	-0.2733
603	T	S	-0.0254	1.9442	-6.1292	-0.1133
603	T	V	-0.0700	1.9442	-5.1293	-0.1784
603	T	W	-0.2296	1.9442	-19.4170	-0.2919
603	T	Y	-0.2382	1.9442	-19.4170	-0.3031
604	P	A	-0.0510	2.1134	-6.1292	-0.1672
604	P	C	-0.1515	2.1134	-19.4170	-0.2100
604	P	D	-0.1774	2.1134	-19.4170	-0.2439
604	P	E	-0.0934	2.1134	-6.1292	-0.2227
604	P	F	-0.1799	2.1134	-19.4170	-0.2472
604	P	G	-0.0603	2.1134	-5.1293	-0.1860
604	P	H	-0.1575	2.1134	-19.4170	-0.2179
604	P	I	-0.1630	2.1134	-19.4170	-0.2250
604	P	K	-0.1529	2.1134	-19.4170	-0.2118
604	P	L	-0.0879	2.1134	-3.8074	-0.2310
604	P	M	-0.1185	2.1134	-19.4170	-0.1668
604	P	N	-0.1456	2.1134	-19.4170	-0.2022
604	P	Q	-0.0537	2.1134	-1.0849	-0.2044
604	P	R	-0.0995	2.1134	-1.9594	-0.2586
604	P	S	-0.1185	2.1134	-19.4170	-0.1668
604	P	T	-0.1307	2.1134	-19.4170	-0.1827
604	P	V	-0.1184	2.1134	-19.4170	-0.1666
604	P	W	-0.1195	2.1134	-5.1293	-0.2636
604	P	Y	-0.1809	2.1134	-19.4170	-0.2485
605	G	A	-0.1329	1.6886	-3.5443	-0.2405
605	G	C	-0.2736	1.6886	-19.4170	-0.3187
605	G	D	-0.2742	1.6886	-19.4170	-0.3194
605	G	E	-0.1955	1.6886	-4.1293	-0.3185
605	G	F	-0.3118	1.6886	-19.4170	-0.3686
605	G	H	-0.2865	1.6886	-19.4170	-0.3355
605	G	I	-0.3574	1.6886	-19.4170	-0.4284
605	G	K	-0.3064	1.6886	-19.4170	-0.3616
605	G	L	-0.3257	1.6886	-19.4170	-0.3868
605	G	M	-0.2639	1.6886	-19.4170	-0.3059
605	G	N	-0.2745	1.6886	-19.4170	-0.3198
605	G	P	-0.2957	1.6886	-4.5443	-0.4469
605	G	Q	-0.2774	1.6886	-19.4170	-0.3236
605	G	R	-0.2226	1.6886	-6.1292	-0.3407
605	G	S	-0.2198	1.6886	-19.4170	-0.2482
605	G	T	-0.2289	1.6886	-6.1292	-0.3489
605	G	V	-0.2167	1.6886	-2.9594	-0.3541
605	G	W	-0.3115	1.6886	-19.4170	-0.3683
605	G	Y	-0.3121	1.6886	-19.4170	-0.3691
606	P	A	-0.1006	1.5760	-6.1496	-0.1672
606	P	C	-0.2011	1.5760	-19.4375	-0.2100
606	P	D	-0.2270	1.5760	-19.4375	-0.2439
606	P	E	-0.2108	1.5760	-19.4375	-0.2227
606	P	F	-0.1617	1.5760	-6.1496	-0.2472
606	P	G	-0.1827	1.5760	-19.4375	-0.1860
606	P	H	-0.2071	1.5760	-19.4375	-0.2179
606	P	I	-0.2125	1.5760	-19.4375	-0.2250
606	P	K	-0.2024	1.5760	-19.4375	-0.2118
606	P	L	-0.1350	1.5760	-3.3424	-0.2310
606	P	M	-0.1681	1.5760	-19.4375	-0.1668
606	P	N	-0.1951	1.5760	-19.4375	-0.2022
606	P	Q	-0.1968	1.5760	-19.4375	-0.2044
606	P	R	-0.1704	1.5760	-6.1496	-0.2586
606	P	S	-0.0779	1.5760	-1.7575	-0.1668
606	P	T	-0.1802	1.5760	-19.4375	-0.1827
606	P	V	-0.1679	1.5760	-19.4375	-0.1666
606	P	W	-0.2420	1.5760	-19.4375	-0.2636
606	P	Y	-0.2305	1.5760	-19.4375	-0.2485
607	L	A	-0.3047	1.0927	-19.4375	-0.2874
607	L	C	-0.2939	1.0927	-19.4375	-0.2733
607	L	D	-0.4262	1.0927	-19.4375	-0.4465
607	L	E	-0.3943	1.0927	-19.4375	-0.4047
607	L	F	-0.1703	1.0927	-6.1496	-0.2003
607	L	G	-0.3795	1.0927	-19.4375	-0.3854
607	L	H	-0.3470	1.0927	-19.4375	-0.3429
607	L	I	-0.1110	1.0927	-6.1496	-0.1226
607	L	K	-0.3933	1.0927	-19.4375	-0.4034
607	L	M	-0.2021	1.0927	-19.4375	-0.1531
607	L	N	-0.3725	1.0927	-19.4375	-0.3762
607	L	P	-0.3203	1.0927	-6.1496	-0.3966
607	L	Q	-0.3254	1.0927	-19.4375	-0.3146
607	L	R	-0.3119	1.0927	-5.1497	-0.3924
607	L	S	-0.2570	1.0927	-4.1498	-0.3272
607	L	T	-0.2400	1.0927	-6.1496	-0.2915
607	L	V	-0.1421	1.0927	-5.1497	-0.1701
607	L	W	-0.3373	1.0927	-19.4375	-0.3301
607	L	Y	-0.3302	1.0927	-19.4375	-0.3208
608	G	A	-0.1406	1.6925	-5.1293	-0.2405
608	G	C	-0.2004	1.6925	-5.1293	-0.3187
608	G	D	-0.2060	1.6925	-6.1292	-0.3194
608	G	E	-0.2053	1.6925	-6.1292	-0.3185
608	G	F	-0.3114	1.6925	-19.4170	-0.3686
608	G	H	-0.2861	1.6925	-19.4170	-0.3355
608	G	I	-0.3571	1.6925	-19.4170	-0.4284
608	G	K	-0.2382	1.6925	-6.1292	-0.3616
608	G	L	-0.3253	1.6925	-19.4170	-0.3868
608	G	M	-0.2635	1.6925	-19.4170	-0.3059
608	G	N	-0.1920	1.6925	-3.3219	-0.3198
608	G	P	-0.3712	1.6925	-19.4170	-0.4469
608	G	Q	-0.2770	1.6925	-19.4170	-0.3236
608	G	R	-0.2223	1.6925	-6.1292	-0.3407
608	G	S	-0.1435	1.6925	-4.5443	-0.2482
608	G	T	-0.2963	1.6925	-19.4170	-0.3489
608	G	V	-0.2325	1.6925	-6.1292	-0.3541
608	G	W	-0.3112	1.6925	-19.4170	-0.3683
608	G	Y	-0.2440	1.6925	-6.1292	-0.3691
609	V	A	-0.0626	2.1876	-5.1699	-0.1977
609	V	C	-0.1634	2.1876	-19.4577	-0.2342
609	V	D	-0.3021	2.1876	-19.4577	-0.4158
609	V	E	-0.2594	2.1876	-19.4577	-0.3599
609	V	F	-0.2126	2.1876	-19.4577	-0.2987
609	V	G	-0.2613	2.1876	-19.4577	-0.3624
609	V	H	-0.3051	2.1876	-19.4577	-0.4197
609	V	I	0.0129	2.1876	-3.0000	-0.1133
609	V	K	-0.2984	2.1876	-19.4577	-0.4109
609	V	L	-0.0683	2.1876	-6.1698	-0.1985
609	V	M	-0.0524	2.1876	-1.2631	-0.2104
609	V	N	-0.2899	2.1876	-19.4577	-0.3999
609	V	P	-0.3398	2.1876	-19.4577	-0.4652
609	V	Q	-0.2700	2.1876	-19.4577	-0.3738
609	V	R	-0.2464	2.1876	-5.1699	-0.4384
609	V	S	-0.2392	2.1876	-19.4577	-0.3334
609	V	T	-0.0663	2.1876	-2.1700	-0.2226
609	V	W	-0.2532	2.1876	-19.4577	-0.3518
609	V	Y	-0.2561	2.1876	-19.4577	-0.3556
610	E	A	-0.2450	0.6675	-19.4577	-0.1580
610	E	C	-0.3144	0.6675	-19.4577	-0.2488
610	E	D	-0.1429	0.6675	-6.1698	-0.1131
610	E	F	-0.2920	0.6675	-19.4577	-0.2195
610	E	G	-0.2030	0.6675	-6.1698	-0.1917
610	E	H	-0.2833	0.6675	-19.4577	-0.2081
610	E	I	-0.2974	0.6675	-19.4577	-0.2265
610	E	K	-0.1912	0.6675	-4.5850	-0.1868
610	E	L	-0.2995	0.6675	-19.4577	-0.2293
610	E	M	-0.2483	0.6675	-19.4577	-0.1623
610	E	N	-0.2712	0.6675	-19.4577	-0.1923
610	E	P	-0.4020	0.6675	-19.4577	-0.3635
610	E	Q	-0.1497	0.6675	-6.1698	-0.1220
610	E	R	-0.3275	0.6675	-19.4577	-0.2660
610	E	S	-0.1907	0.6675	-6.1698	-0.1756
610	E	T	-0.2744	0.6675	-19.4577	-0.1964
610	E	V	-0.2583	0.6675	-19.4577	-0.1753
610	E	W	-0.3021	0.6675	-19.4577	-0.2327
610	E	Y	-0.2929	0.6675	-19.4577	-0.2206
611	R	A	-0.2311	1.7887	-19.4577	-0.2748
611	R	C	-0.2400	1.7887	-19.4577	-0.2864
611	R	D	-0.3221	1.7887	-19.4577	-0.3940
611	R	E	-0.1945	1.7887	-5.1699	-0.3223
611	R	F	-0.2633	1.7887	-19.4577	-0.3169
611	R	G	-0.1833	1.7887	-3.1699	-0.3211
611	R	H	-0.2008	1.7887	-19.4577	-0.2352
611	R	I	-0.2605	1.7887	-19.4577	-0.3133
611	R	K	-0.0392	1.7887	-3.3626	-0.1311
611	R	L	-0.2335	1.7887	-19.4577	-0.2780
611	R	M	-0.1235	1.7887	-4.5850	-0.2333
611	R	N	-0.2460	1.7887	-19.4577	-0.2943
611	R	P	-0.3054	1.7887	-6.1698	-0.4608
611	R	Q	-0.2058	1.7887	-19.4577	-0.2417
611	R	S	-0.1587	1.7887	-5.1699	-0.2755
611	R	T	-0.1631	1.7887	-5.1699	-0.2812
611	R	V	-0.2476	1.7887	-19.4577	-0.2964
611	R	W	-0.2488	1.7887	-19.4577	-0.2980
611	R	Y	-0.2526	1.7887	-19.4577	-0.3029
612	R	A	-0.2912	1.1357	-19.4577	-0.2748
612	R	C	-0.3000	1.1357	-19.4577	-0.2864
612	R	D	-0.3822	1.1357	-19.4577	-0.3940
612	R	E	-0.3275	1.1357	-19.4577	-0.3223
612	R	F	-0.3233	1.1357	-19.4577	-0.3169
612	R	G	-0.2507	1.1357	-4.5850	-0.3211
612	R	H	-0.2609	1.1357	-19.4577	-0.2352
612	R	I	-0.3206	1.1357	-19.4577	-0.3133
612	R	K	-0.0974	1.1357	-3.0000	-0.1311
612	R	L	-0.2936	1.1357	-19.4577	-0.2780
612	R	M	-0.1866	1.1357	-5.1699	-0.2333
612	R	N	-0.3061	1.1357	-19.4577	-0.2943
612	R	P	-0.4333	1.1357	-19.4577	-0.4608
612	R	Q	-0.2659	1.1357	-19.4577	-0.2417
612	R	S	-0.2917	1.1357	-19.4577	-0.2755
612	R	T	-0.2232	1.1357	-5.1699	-0.2812
612	R	V	-0.3077	1.1357	-19.4577	-0.2964
612	R	W	-0.3089	1.1357	-19.4577	-0.2980
612	R	Y	-0.3126	1.1357	-19.4577	-0.3029
613	G	A	-0.3399	0.3200	-19.4375	-0.2405
613	G	C	-0.3997	0.3200	-19.4375	-0.3187
613	G	D	-0.4002	0.3200	-19.4375	-0.3194
613	G	E	-0.3995	0.3200	-19.4375	-0.3185
613	G	F	-0.4378	0.3200	-19.4375	-0.3686
613	G	H	-0.4125	0.3200	-19.4375	-0.3355
613	G	I	-0.4835	0.3200	-19.4375	-0.4284
613	G	K	-0.4324	0.3200	-19.4375	-0.3616
613	G	L	-0.4517	0.3200	-19.4375	-0.3868
613	G	M	-0.3221	0.3200	-6.1496	-0.3059
613	G	N	-0.4005	0.3200	-19.4375	-0.3198
613	G	P	-0.4976	0.3200	-19.4375	-0.4469
613	G	Q	-0.4034	0.3200	-19.4375	-0.3236
613	G	R	-0.3487	0.3200	-6.1496	-0.3407
613	G	S	-0.3458	0.3200	-19.4375	-0.2482
613	G	T	-0.4227	0.3200	-19.4375	-0.3489
613	G	V	-0.3589	0.3200	-6.1496	-0.3541
613	G	W	-0.4376	0.3200	-19.4375	-0.3683
613	G	Y	-0.4382	0.3200	-19.4375	-0.3691
614	S	A	-0.0736	1.2475	-4.1898	-0.1054
614	S	C	-0.1292	1.2475	-5.1898	-0.1715
614	S	D	-0.2503	1.2475	-19.4776	-0.2346
614	S	E	-0.2235	1.2475	-19.4776	-0.1995
614	S	F	-0.2297	1.2475	-19.4776	-0.2076
614	S	G	-0.1608	1.2475	-19.4776	-0.1174
614	S	H	-0.2309	1.2475	-19.4776	-0.2092
614	S	I	-0.2328	1.2475	-19.4776	-0.2117
614	S	K	-0.2402	1.2475	-19.4776	-0.2214
614	S	L	-0.2291	1.2475	-19.4776	-0.2068
614	S	M	-0.2001	1.2475	-19.4776	-0.1689
614	S	N	-0.1739	1.2475	-19.4776	-0.1346
614	S	P	-0.2196	1.2475	-2.7304	-0.3063
614	S	Q	-0.1935	1.2475	-19.4776	-0.1603
614	S	R	-0.2455	1.2475	-19.4776	-0.2283
614	S	T	-0.0694	1.2475	-5.1898	-0.0932
614	S	V	-0.2071	1.2475	-19.4776	-0.1780
614	S	W	-0.2394	1.2475	-19.4776	-0.2203
614	S	Y	-0.2345	1.2475	-19.4776	-0.2139
615	G	A	-0.2085	1.0132	-6.1897	-0.2405
615	G	C	-0.3361	1.0132	-19.4776	-0.3187
615	G	D	-0.3366	1.0132	-19.4776	-0.3194
615	G	E	-0.2579	1.0132	-4.1898	-0.3185
615	G	F	-0.3742	1.0132	-19.4776	-0.3686
615	G	H	-0.3489	1.0132	-19.4776	-0.3355
615	G	I	-0.4199	1.0132	-19.4776	-0.4284
615	G	K	-0.3689	1.0132	-19.4776	-0.3616
615	G	L	-0.3881	1.0132	-19.4776	-0.3868
615	G	M	-0.3263	1.0132	-19.4776	-0.3059
615	G	N	-0.3369	1.0132	-19.4776	-0.3198
615	G	P	-0.3662	1.0132	-6.1897	-0.4469
615	G	Q	-0.3398	1.0132	-19.4776	-0.3236
615	G	R	-0.2719	1.0132	-3.6049	-0.3407
615	G	S	-0.2822	1.0132	-19.4776	-0.2482
615	G	T	-0.3592	1.0132	-19.4776	-0.3489
615	G	V	-0.2953	1.0132	-6.1897	-0.3541
615	G	W	-0.3740	1.0132	-19.4776	-0.3683
615	G	Y	-0.3746	1.0132	-19.4776	-0.3691
616	K	A	-0.1992	1.1859	-19.4577	-0.1604
616	K	C	-0.2694	1.1859	-19.4577	-0.2523
616	K	D	-0.3082	1.1859	-19.4577	-0.3031
616	K	E	-0.1368	1.1859	-2.3626	-0.1930
616	K	F	-0.2703	1.1859	-19.4577	-0.2535
616	K	G	-0.2584	1.1859	-19.4577	-0.2379
616	K	H	-0.2093	1.1859	-19.4577	-0.1736
616	K	I	-0.2375	1.1859	-19.4577	-0.2106
616	K	L	-0.2362	1.1859	-19.4577	-0.2089
616	K	M	-0.1415	1.1859	-6.1698	-0.1736
616	K	N	-0.1496	1.1859	-6.1698	-0.1843
616	K	P	-0.3735	1.1859	-19.4577	-0.3886
616	K	Q	-0.1255	1.1859	-5.1699	-0.1594
616	K	R	-0.1328	1.1859	-19.4577	-0.0735
616	K	S	-0.2093	1.1859	-19.4577	-0.1737
616	K	T	-0.1534	1.1859	-6.1698	-0.1892
616	K	V	-0.2214	1.1859	-19.4577	-0.1895
616	K	W	-0.2793	1.1859	-19.4577	-0.2653
616	K	Y	-0.2552	1.1859	-19.4577	-0.2337
617	V	A	-0.1377	1.2978	-3.8480	-0.1977
617	V	C	-0.2453	1.2978	-19.4577	-0.2342
617	V	D	-0.3840	1.2978	-19.4577	-0.4158
617	V	E	-0.3413	1.2978	-19.4577	-0.3599
617	V	F	-0.2216	1.2978	-5.1699	-0.2987
617	V	G	-0.2652	1.2978	-4.1699	-0.3624
617	V	H	-0.3869	1.2978	-19.4577	-0.4197
617	V	I	-0.0800	1.2978	-5.1699	-0.1133
617	V	K	-0.3802	1.2978	-19.4577	-0.4109
617	V	L	-0.1502	1.2978	-6.1698	-0.1985
617	V	M	-0.2271	1.2978	-19.4577	-0.2104
617	V	N	-0.3718	1.2978	-19.4577	-0.3999
617	V	P	-0.4217	1.2978	-19.4577	-0.4652
617	V	Q	-0.3519	1.2978	-19.4577	-0.3738
617	V	R	-0.4012	1.2978	-19.4577	-0.4384
617	V	S	-0.3210	1.2978	-19.4577	-0.3334
617	V	T	-0.1635	1.2978	-5.1699	-0.2226
617	V	W	-0.3351	1.2978	-19.4577	-0.3518
617	V	Y	-0.3380	1.2978	-19.4577	-0.3556
618	I	A	-0.1491	1.9924	-3.8480	-0.2963
618	I	C	-0.2088	1.9924	-19.4577	-0.2701
618	I	D	-0.3528	1.9924	-19.4577	-0.4587
618	I	E	-0.3337	1.9924	-19.4577	-0.4337
618	I	F	-0.1897	1.9924	-19.4577	-0.2452
618	I	G	-0.2516	1.9924	-6.1698	-0.4150
618	I	H	-0.3194	1.9924	-19.4577	-0.4149
618	I	K	-0.3262	1.9924	-19.4577	-0.4239
618	I	L	-0.1140	1.9924	-19.4577	-0.1460
618	I	M	-0.0518	1.9924	-6.1698	-0.1534
618	I	N	-0.2659	1.9924	-19.4577	-0.3449
618	I	P	-0.2999	1.9924	-5.1699	-0.4849
618	I	Q	-0.2935	1.9924	-19.4577	-0.3810
618	I	R	-0.3531	1.9924	-19.4577	-0.4590
618	I	S	-0.2693	1.9924	-19.4577	-0.3494
618	I	T	-0.0933	1.9924	-1.2631	-0.2405
618	I	V	0.0056	1.9924	-3.8480	-0.0938
618	I	W	-0.2787	1.9924	-19.4577	-0.3616
618	I	Y	-0.2197	1.9924	-6.1698	-0.3732
619	N	A	-0.0514	2.0692	-5.1699	-0.1688
619	N	C	-0.1064	2.0692	-6.1698	-0.2341
619	N	D	-0.0516	2.0692	-4.5850	-0.1730
619	N	E	-0.1546	2.0692	-19.4577	-0.2085
619	N	F	-0.1814	2.0692	-19.4577	-0.2436
619	N	G	-0.0792	2.0692	-4.5850	-0.2091
619	N	H	-0.1293	2.0692	-19.4577	-0.1753
619	N	I	-0.1746	2.0692	-19.4577	-0.2346
619	N	K	-0.0444	2.0692	-3.1699	-0.1730
619	N	L	-0.1810	2.0692	-19.4577	-0.2430
619	N	M	-0.1352	2.0692	-19.4577	-0.1830
619	N	P	-0.2899	2.0692	-19.4577	-0.3856
619	N	Q	-0.0505	2.0692	-6.1698	-0.1609
619	N	R	-0.1597	2.0692	-19.4577	-0.2151
619	N	S	-0.0102	2.0692	-3.0000	-0.1294
619	N	T	-0.0679	2.0692	-4.5850	-0.1943
619	N	V	-0.1679	2.0692	-19.4577	-0.2259
619	N	W	-0.1866	2.0692	-19.4577	-0.2503
619	N	Y	-0.1650	2.0692	-19.4577	-0.2221
620	Q	A	-0.1739	1.2139	-19.4375	-0.1308
620	Q	C	-0.2201	1.2139	-19.4375	-0.1913
620	Q	D	-0.2604	1.2139	-19.4375	-0.2441
620	Q	E	-0.1010	1.2139	-4.1498	-0.1375
620	Q	F	-0.2281	1.2139	-19.4375	-0.2018
620	Q	G	-0.2445	1.2139	-19.4375	-0.2233
620	Q	H	-0.1072	1.2139	-6.1496	-0.1322
620	Q	I	-0.2095	1.2139	-19.4375	-0.1774
620	Q	K	-0.1392	1.2139	-6.1496	-0.1742
620	Q	L	-0.1148	1.2139	-4.1498	-0.1556
620	Q	M	-0.1638	1.2139	-19.4375	-0.1176
620	Q	N	-0.1896	1.2139	-19.4375	-0.1513
620	Q	P	-0.2746	1.2139	-5.1497	-0.3581
620	Q	R	-0.1378	1.2139	-6.1496	-0.1723
620	Q	S	-0.1923	1.2139	-19.4375	-0.1549
620	Q	T	-0.2022	1.2139	-19.4375	-0.1679
620	Q	V	-0.2096	1.2139	-19.4375	-0.1775
620	Q	W	-0.1597	1.2139	-6.1496	-0.2010
620	Q	Y	-0.2304	1.2139	-19.4375	-0.2048
621	V	A	-0.0644	2.1348	-4.5648	-0.1977
621	V	C	-0.1681	2.1348	-19.4375	-0.2342
621	V	D	-0.3068	2.1348	-19.4375	-0.4158
621	V	E	-0.2642	2.1348	-19.4375	-0.3599
621	V	F	-0.1496	2.1348	-6.1496	-0.2987
621	V	G	-0.2661	2.1348	-19.4375	-0.3624
621	V	H	-0.3098	2.1348	-19.4375	-0.4197
621	V	I	0.0165	2.1348	-1.3424	-0.1133
621	V	K	-0.3031	2.1348	-19.4375	-0.4109
621	V	L	-0.0522	2.1348	-2.0623	-0.1985
621	V	M	-0.0741	2.1348	-4.5648	-0.2104
621	V	N	-0.2947	2.1348	-19.4375	-0.3999
621	V	P	-0.3446	2.1348	-19.4375	-0.4652
621	V	Q	-0.2748	2.1348	-19.4375	-0.3738
621	V	R	-0.3241	2.1348	-19.4375	-0.4384
621	V	S	-0.2439	2.1348	-19.4375	-0.3334
621	V	T	-0.0864	2.1348	-5.1497	-0.2226
621	V	W	-0.2580	2.1348	-19.4375	-0.3518
621	V	Y	-0.2609	2.1348	-19.4375	-0.3556
622	S	A	-0.0768	1.2104	-4.1498	-0.1054
622	S	C	-0.1324	1.2104	-5.1497	-0.1715
622	S	D	-0.2535	1.2104	-19.4375	-0.2346
622	S	E	-0.2267	1.2104	-19.4375	-0.1995
622	S	F	-0.2329	1.2104	-19.4375	-0.2076
622	S	G	-0.1640	1.2104	-19.4375	-0.1174
622	S	H	-0.2341	1.2104	-19.4375	-0.2092
622	S	I	-0.2360	1.2104	-19.4375	-0.2117
622	S	K	-0.2434	1.2104	-19.4375	-0.2214
622	S	L	-0.1645	1.2104	-6.1496	-0.2068
622	S	M	-0.2033	1.2104	-19.4375	-0.1689
622	S	N	-0.1771	1.2104	-19.4375	-0.1346
622	S	P	-0.2273	1.2104	-3.5648	-0.3063
622	S	Q	-0.1967	1.2104	-19.4375	-0.1603
622	S	R	-0.2487	1.2104	-19.4375	-0.2283
622	S	T	-0.1455	1.2104	-19.4375	-0.0932
622	S	V	-0.1425	1.2104	-6.1496	-0.1780
622	S	W	-0.2426	1.2104	-19.4375	-0.2203
622	S	Y	-0.1699	1.2104	-6.1496	-0.2139
623	L	A	-0.1120	2.2814	-3.1085	-0.2874
623	L	C	-0.1843	2.2814	-19.3963	-0.2733
623	L	D	-0.3166	2.2814	-19.3963	-0.4465
623	L	E	-0.2169	2.2814	-6.1084	-0.4047
623	L	F	-0.1285	2.2814	-19.3963	-0.2003
623	L	G	-0.2699	2.2814	-19.3963	-0.3854
623	L	H	-0.2375	2.2814	-19.3963	-0.3429
623	L	I	-0.0692	2.2814	-19.3963	-0.1226
623	L	K	-0.2837	2.2814	-19.3963	-0.4034
623	L	M	-0.0925	2.2814	-19.3963	-0.1531
623	L	N	-0.2629	2.2814	-19.3963	-0.3762
623	L	P	-0.1843	2.2814	-0.9386	-0.3966
623	L	Q	-0.1362	2.2814	-3.7866	-0.3146
623	L	R	-0.2024	2.2814	-5.1085	-0.3924
623	L	S	-0.1458	2.2814	-3.7866	-0.3272
623	L	T	-0.1223	2.2814	-4.5236	-0.2915
623	L	V	-0.0377	2.2814	-6.1084	-0.1701
623	L	W	-0.2277	2.2814	-19.3963	-0.3301
623	L	Y	-0.2206	2.2814	-19.3963	-0.3208
624	H	A	0.0106	2.4538	-6.1897	-0.1271
624	H	C	-0.0358	2.4538	-4.6049	-0.1985
624	H	D	-0.1044	2.4538	-19.4776	-0.1889
624	H	E	-0.1159	2.4538	-19.4776	-0.2040
624	H	F	-0.0788	2.4538	-19.4776	-0.1554
624	H	G	-0.0719	2.4538	-6.1897	-0.2352
624	H	I	-0.1434	2.4538	-19.4776	-0.2400
624	H	K	-0.1001	2.4538	-19.4776	-0.1833
624	H	L	-0.0273	2.4538	-3.8679	-0.1923
624	H	M	-0.0571	2.4538	-19.4776	-0.1270
624	H	N	-0.0639	2.4538	-19.4776	-0.1359
624	H	P	-0.1424	2.4538	-4.1898	-0.3408
624	H	Q	0.0505	2.4538	-4.6049	-0.0855
624	H	R	-0.0155	2.4538	-4.1898	-0.1747
624	H	S	-0.0631	2.4538	-19.4776	-0.1349
624	H	T	-0.0300	2.4538	-4.1898	-0.1936
624	H	V	-0.0998	2.4538	-19.4776	-0.1829
624	H	W	-0.0951	2.4538	-19.4776	-0.1767
624	H	Y	0.0577	2.4538	-2.4894	-0.0902
625	Q	A	-0.1380	1.6066	-19.4776	-0.1308
625	Q	C	-0.1842	1.6066	-19.4776	-0.1913
625	Q	D	-0.2245	1.6066	-19.4776	-0.2441
625	Q	E	-0.1431	1.6066	-19.4776	-0.1375
625	Q	F	-0.1922	1.6066	-19.4776	-0.2018
625	Q	G	-0.1327	1.6066	-4.6049	-0.2233
625	Q	H	-0.0580	1.6066	-3.6049	-0.1322
625	Q	I	-0.1736	1.6066	-19.4776	-0.1774
625	Q	K	-0.1033	1.6066	-6.1897	-0.1742
625	Q	L	-0.0840	1.6066	-5.1898	-0.1556
625	Q	M	-0.1279	1.6066	-19.4776	-0.1176
625	Q	N	-0.0858	1.6066	-6.1897	-0.1513
625	Q	P	-0.2357	1.6066	-4.6049	-0.3581
625	Q	R	-0.0967	1.6066	-5.1898	-0.1723
625	Q	S	-0.1564	1.6066	-19.4776	-0.1549
625	Q	T	-0.1663	1.6066	-19.4776	-0.1679
625	Q	V	-0.1007	1.6066	-5.1898	-0.1775
625	Q	W	-0.1916	1.6066	-19.4776	-0.2010
625	Q	Y	-0.1945	1.6066	-19.4776	-0.2048
626	D	A	-0.1998	1.4648	-19.4776	-0.1947
626	D	C	-0.2413	1.4648	-19.4776	-0.2490
626	D	E	-0.0608	1.4648	-3.0199	-0.1226
626	D	F	-0.3000	1.4648	-19.4776	-0.3258
626	D	G	-0.1330	1.4648	-4.1898	-0.2093
626	D	H	-0.1362	1.4648	-5.1898	-0.2069
626	D	I	-0.2922	1.4648	-19.4776	-0.3156
626	D	K	-0.2705	1.4648	-19.4776	-0.2873
626	D	L	-0.2858	1.4648	-19.4776	-0.3073
626	D	M	-0.2246	1.4648	-19.4776	-0.2271
626	D	N	-0.0936	1.4648	-5.1898	-0.1511
626	D	P	-0.3368	1.4648	-19.4776	-0.3740
626	D	Q	-0.2268	1.4648	-19.4776	-0.2300
626	D	R	-0.3016	1.4648	-19.4776	-0.3279
626	D	S	-0.2062	1.4648	-19.4776	-0.2031
626	D	T	-0.2362	1.4648	-19.4776	-0.2424
626	D	V	-0.1689	1.4648	-4.1898	-0.2563
626	D	W	-0.2804	1.4648	-19.4776	-0.3002
626	D	Y	-0.2448	1.4648	-19.4776	-0.2536
627	G	A	-0.1444	1.6544	-5.1898	-0.2405
627	G	C	-0.2771	1.6544	-19.4776	-0.3187
627	G	D	-0.1864	1.6544	-1.6049	-0.3194
627	G	E	-0.2091	1.6544	-6.1897	-0.3185
627	G	F	-0.3152	1.6544	-19.4776	-0.3686
627	G	H	-0.2899	1.6544	-19.4776	-0.3355
627	G	I	-0.3609	1.6544	-19.4776	-0.4284
627	G	K	-0.3099	1.6544	-19.4776	-0.3616
627	G	L	-0.3291	1.6544	-19.4776	-0.3868
627	G	M	-0.2673	1.6544	-19.4776	-0.3059
627	G	N	-0.2101	1.6544	-6.1897	-0.3198
627	G	P	-0.3750	1.6544	-19.4776	-0.4469
627	G	Q	-0.2808	1.6544	-19.4776	-0.3236
627	G	R	-0.2939	1.6544	-19.4776	-0.3407
627	G	S	-0.1411	1.6544	-3.3825	-0.2482
627	G	T	-0.3002	1.6544	-19.4776	-0.3489
627	G	V	-0.3041	1.6544	-19.4776	-0.3541
627	G	W	-0.3150	1.6544	-19.4776	-0.3683
627	G	Y	-0.3156	1.6544	-19.4776	-0.3691
628	H	A	-0.1449	1.4989	-19.4577	-0.1271
628	H	C	-0.1995	1.4989	-19.4577	-0.1985
628	H	D	-0.1921	1.4989	-19.4577	-0.1889
628	H	E	-0.2037	1.4989	-19.4577	-0.2040
628	H	F	-0.1666	1.4989	-19.4577	-0.1554
628	H	G	-0.2275	1.4989	-19.4577	-0.2352
628	H	I	-0.1634	1.4989	-6.1698	-0.2400
628	H	K	-0.1879	1.4989	-19.4577	-0.1833
628	H	L	-0.1126	1.4989	-3.3626	-0.1923
628	H	M	-0.1449	1.4989	-19.4577	-0.1270
628	H	N	-0.0839	1.4989	-6.1698	-0.1359
628	H	P	-0.2323	1.4989	-4.5850	-0.3408
628	H	Q	-0.0454	1.4989	-6.1698	-0.0855
628	H	R	-0.1813	1.4989	-19.4577	-0.1747
628	H	S	-0.0831	1.4989	-6.1698	-0.1349
628	H	T	-0.1957	1.4989	-19.4577	-0.1936
628	H	V	-0.1876	1.4989	-19.4577	-0.1829
628	H	W	-0.1828	1.4989	-19.4577	-0.1767
628	H	Y	-0.0358	1.4989	-3.5850	-0.0902
629	L	A	-0.3147	0.9858	-19.4776	-0.2874
629	L	C	-0.3039	0.9858	-19.4776	-0.2733
629	L	D	-0.4362	0.9858	-19.4776	-0.4465
629	L	E	-0.4043	0.9858	-19.4776	-0.4047
629	L	F	-0.2482	0.9858	-19.4776	-0.2003
629	L	G	-0.3896	0.9858	-19.4776	-0.3854
629	L	H	-0.3571	0.9858	-19.4776	-0.3429
629	L	I	-0.1888	0.9858	-19.4776	-0.1226
629	L	K	-0.4033	0.9858	-19.4776	-0.4034
629	L	M	-0.2121	0.9858	-19.4776	-0.1531
629	L	N	-0.3825	0.9858	-19.4776	-0.3762
629	L	P	-0.3303	0.9858	-6.1897	-0.3966
629	L	Q	-0.2626	0.9858	-5.1898	-0.3146
629	L	R	-0.3949	0.9858	-19.4776	-0.3924
629	L	S	-0.2671	0.9858	-4.1898	-0.3272
629	L	T	-0.3178	0.9858	-19.4776	-0.2915
629	L	V	-0.1441	0.9858	-3.6049	-0.1701
629	L	W	-0.3473	0.9858	-19.4776	-0.3301
629	L	Y	-0.3402	0.9858	-19.4776	-0.3208
630	G	A	-0.3276	0.4563	-19.4776	-0.2405
630	G	C	-0.3873	0.4563	-19.4776	-0.3187
630	G	D	-0.3879	0.4563	-19.4776	-0.3194
630	G	E	-0.3050	0.4563	-3.3825	-0.3185
630	G	F	-0.4254	0.4563	-19.4776	-0.3686
630	G	H	-0.4002	0.4563	-19.4776	-0.3355
630	G	I	-0.4711	0.4563	-19.4776	-0.4284
630	G	K	-0.4201	0.4563	-19.4776	-0.3616
630	G	L	-0.4393	0.4563	-19.4776	-0.3868
630	G	M	-0.3775	0.4563	-19.4776	-0.3059
630	G	N	-0.3882	0.4563	-19.4776	-0.3198
630	G	P	-0.4852	0.4563	-19.4776	-0.4469
630	G	Q	-0.3911	0.4563	-19.4776	-0.3236
630	G	R	-0.4041	0.4563	-19.4776	-0.3407
630	G	S	-0.3335	0.4563	-19.4776	-0.2482
630	G	T	-0.4104	0.4563	-19.4776	-0.3489
630	G	V	-0.4144	0.4563	-19.4776	-0.3541
630	G	W	-0.4252	0.4563	-19.4776	-0.3683
630	G	Y	-0.4258	0.4563	-19.4776	-0.3691
631	G	A	-0.2576	1.2165	-19.4776	-0.2405
631	G	C	-0.2496	1.2165	-6.1897	-0.3187
631	G	D	-0.2450	1.2165	-5.1898	-0.3194
631	G	E	-0.2494	1.2165	-6.1897	-0.3185
631	G	F	-0.3555	1.2165	-19.4776	-0.3686
631	G	H	-0.2522	1.2165	-4.1898	-0.3355
631	G	I	-0.4012	1.2165	-19.4776	-0.4284
631	G	K	-0.3501	1.2165	-19.4776	-0.3616
631	G	L	-0.3694	1.2165	-19.4776	-0.3868
631	G	M	-0.3076	1.2165	-19.4776	-0.3059
631	G	N	-0.3182	1.2165	-19.4776	-0.3198
631	G	P	-0.4153	1.2165	-19.4776	-0.4469
631	G	Q	-0.3211	1.2165	-19.4776	-0.3236
631	G	R	-0.2613	1.2165	-5.1898	-0.3407
631	G	S	-0.1906	1.2165	-5.1898	-0.2482
631	G	T	-0.3404	1.2165	-19.4776	-0.3489
631	G	V	-0.2715	1.2165	-5.1898	-0.3541
631	G	W	-0.3553	1.2165	-19.4776	-0.3683
631	G	Y	-0.3559	1.2165	-19.4776	-0.3691
632	A	C	-0.1785	1.6086	-19.4776	-0.1841
632	A	D	-0.2602	1.6086	-19.4776	-0.2911
632	A	E	-0.2459	1.6086	-19.4776	-0.2723
632	A	F	-0.2286	1.6086	-19.4776	-0.2497
632	A	G	-0.1042	1.6086	-6.1897	-0.1756
632	A	H	-0.2327	1.6086	-19.4776	-0.2551
632	A	I	-0.1503	1.6086	-6.1897	-0.2360
632	A	K	-0.2505	1.6086	-19.4776	-0.2784
632	A	L	-0.2229	1.6086	-19.4776	-0.2422
632	A	M	-0.1138	1.6086	-6.1897	-0.1882
632	A	N	-0.2306	1.6086	-19.4776	-0.2523
632	A	P	-0.2189	1.6086	-3.6049	-0.3431
632	A	Q	-0.2281	1.6086	-19.4776	-0.2490
632	A	R	-0.2612	1.6086	-19.4776	-0.2924
632	A	S	-0.0703	1.6086	-5.1898	-0.1379
632	A	T	-0.0670	1.6086	-3.3825	-0.1457
632	A	V	-0.0682	1.6086	-4.1898	-0.1418
632	A	W	-0.2395	1.6086	-19.4776	-0.2640
632	A	Y	-0.2478	1.6086	-19.4776	-0.2748
633	G	A	-0.1297	1.8148	-5.1898	-0.2405
633	G	C	-0.2623	1.8148	-19.4776	-0.3187
633	G	D	-0.2629	1.8148	-19.4776	-0.3194
633	G	E	-0.1863	1.8148	-4.6049	-0.3185
633	G	F	-0.3004	1.8148	-19.4776	-0.3686
633	G	H	-0.2752	1.8148	-19.4776	-0.3355
633	G	I	-0.3461	1.8148	-19.4776	-0.4284
633	G	K	-0.2222	1.8148	-5.1898	-0.3616
633	G	L	-0.2465	1.8148	-6.1897	-0.3868
633	G	M	-0.1729	1.8148	-3.8679	-0.3059
633	G	N	-0.2632	1.8148	-19.4776	-0.3198
633	G	P	-0.3603	1.8148	-19.4776	-0.4469
633	G	Q	-0.2661	1.8148	-19.4776	-0.3236
633	G	R	-0.1944	1.8148	-2.8679	-0.3407
633	G	S	-0.2085	1.8148	-19.4776	-0.2482
633	G	T	-0.2854	1.8148	-19.4776	-0.3489
633	G	V	-0.2135	1.8148	-4.6049	-0.3541
633	G	W	-0.3002	1.8148	-19.4776	-0.3683
633	G	Y	-0.3008	1.8148	-19.4776	-0.3691
634	P	A	-0.1580	1.6908	-19.4776	-0.1672
634	P	C	-0.1229	1.6908	-6.1897	-0.2100
634	P	D	-0.1386	1.6908	-4.1898	-0.2439
634	P	E	-0.2004	1.6908	-19.4776	-0.2227
634	P	F	-0.1432	1.6908	-4.6049	-0.2472
634	P	G	-0.1724	1.6908	-19.4776	-0.1860
634	P	H	-0.1967	1.6908	-19.4776	-0.2179
634	P	I	-0.2022	1.6908	-19.4776	-0.2250
634	P	K	-0.1921	1.6908	-19.4776	-0.2118
634	P	L	-0.1309	1.6908	-4.6049	-0.2310
634	P	M	-0.1577	1.6908	-19.4776	-0.1668
634	P	N	-0.1848	1.6908	-19.4776	-0.2022
634	P	Q	-0.1864	1.6908	-19.4776	-0.2044
634	P	R	-0.1600	1.6908	-6.1897	-0.2586
634	P	S	-0.0610	1.6908	-0.5174	-0.1668
634	P	T	-0.0969	1.6908	-5.1898	-0.1827
634	P	V	-0.1576	1.6908	-19.4776	-0.1666
634	P	W	-0.2317	1.6908	-19.4776	-0.2636
634	P	Y	-0.1523	1.6908	-6.1897	-0.2485
635	P	A	-0.1746	1.5110	-19.4776	-0.1672
635	P	C	-0.2073	1.5110	-19.4776	-0.2100
635	P	D	-0.2331	1.5110	-19.4776	-0.2439
635	P	E	-0.2170	1.5110	-19.4776	-0.2227
635	P	F	-0.1679	1.5110	-6.1897	-0.2472
635	P	G	-0.1889	1.5110	-19.4776	-0.1860
635	P	H	-0.2133	1.5110	-19.4776	-0.2179
635	P	I	-0.2187	1.5110	-19.4776	-0.2250
635	P	K	-0.2086	1.5110	-19.4776	-0.2118
635	P	L	-0.1423	1.5110	-3.6049	-0.2310
635	P	M	-0.1743	1.5110	-19.4776	-0.1668
635	P	N	-0.2013	1.5110	-19.4776	-0.2022
635	P	Q	-0.1250	1.5110	-4.1898	-0.2044
635	P	R	-0.1766	1.5110	-6.1897	-0.2586
635	P	S	-0.0921	1.5110	-3.3825	-0.1668
635	P	T	-0.1135	1.5110	-5.1898	-0.1827
635	P	V	-0.1741	1.5110	-19.4776	-0.1666
635	P	W	-0.2482	1.5110	-19.4776	-0.2636
635	P	Y	-0.2367	1.5110	-19.4776	-0.2485
636	G	A	-0.2105	0.9025	-4.5850	-0.2405
636	G	C	-0.3462	0.9025	-19.4577	-0.3187
636	G	D	-0.3467	0.9025	-19.4577	-0.3194
636	G	E	-0.2680	0.9025	-4.1699	-0.3185
636	G	F	-0.3843	0.9025	-19.4577	-0.3686
636	G	H	-0.3590	0.9025	-19.4577	-0.3355
636	G	I	-0.4300	0.9025	-19.4577	-0.4284
636	G	K	-0.3789	0.9025	-19.4577	-0.3616
636	G	L	-0.3982	0.9025	-19.4577	-0.3868
636	G	M	-0.3364	0.9025	-19.4577	-0.3059
636	G	N	-0.3470	0.9025	-19.4577	-0.3198
636	G	P	-0.4441	0.9025	-19.4577	-0.4469
636	G	Q	-0.3499	0.9025	-19.4577	-0.3236
636	G	R	-0.2871	0.9025	-4.5850	-0.3407
636	G	S	-0.2923	0.9025	-19.4577	-0.2482
636	G	T	-0.3692	0.9025	-19.4577	-0.3489
636	G	V	-0.3054	0.9025	-6.1698	-0.3541
636	G	W	-0.3841	0.9025	-19.4577	-0.3683
636	G	Y	-0.3847	0.9025	-19.4577	-0.3691
637	H	A	-0.1129	1.8475	-19.4577	-0.1271
637	H	C	-0.0915	1.8475	-4.5850	-0.1985
637	H	D	-0.0821	1.8475	-4.1699	-0.1889
637	H	E	-0.1716	1.8475	-19.4577	-0.2040
637	H	F	-0.1345	1.8475	-19.4577	-0.1554
637	H	G	-0.1954	1.8475	-19.4577	-0.2352
637	H	I	-0.1991	1.8475	-19.4577	-0.2400
637	H	K	-0.1558	1.8475	-19.4577	-0.1833
637	H	L	-0.0898	1.8475	-5.1699	-0.1923
637	H	M	-0.1128	1.8475	-19.4577	-0.1270
637	H	N	-0.0467	1.8475	-5.1699	-0.1359
637	H	P	-0.2083	1.8475	-6.1698	-0.3408
637	H	Q	-0.0052	1.8475	-4.5850	-0.0855
637	H	R	-0.0671	1.8475	-3.3626	-0.1747
637	H	S	-0.1188	1.8475	-19.4577	-0.1349
637	H	T	-0.1637	1.8475	-19.4577	-0.1936
637	H	V	-0.1555	1.8475	-19.4577	-0.1829
637	H	W	-0.1508	1.8475	-19.4577	-0.1767
637	H	Y	-0.0118	1.8475	-5.1699	-0.0902
638	C	A	-0.2030	2.2553	-6.1698	-0.3830
638	C	D	-0.3780	2.2553	-19.4577	-0.5234
638	C	E	-0.3657	2.2553	-19.4577	-0.5072
638	C	F	-0.1970	2.2553	-6.1698	-0.3751
638	C	G	-0.1954	2.2553	-6.1698	-0.3731
638	C	H	-0.3006	2.2553	-4.5850	-0.5214
638	C	I	-0.2946	2.2553	-19.4577	-0.4142
638	C	K	-0.3663	2.2553	-19.4577	-0.5080
638	C	L	-0.3277	2.2553	-19.4577	-0.4575
638	C	M	-0.2949	2.2553	-19.4577	-0.4146
638	C	N	-0.3205	2.2553	-19.4577	-0.4480
638	C	P	-0.3070	2.2553	-3.3626	-0.5379
638	C	Q	-0.3444	2.2553	-19.4577	-0.4794
638	C	R	-0.3231	2.2553	-19.4577	-0.4514
638	C	S	-0.1698	2.2553	-1.4695	-0.3709
638	C	T	-0.2962	2.2553	-19.4577	-0.4163
638	C	V	-0.2927	2.2553	-19.4577	-0.4117
638	C	W	-0.2679	2.2553	-19.4577	-0.3792
638	C	Y	-0.1880	2.2553	-2.5850	-0.3873
639	L	A	-0.3321	0.7939	-19.4375	-0.2874
639	L	C	-0.3214	0.7939	-19.4375	-0.2733
639	L	D	-0.4537	0.7939	-19.4375	-0.4465
639	L	E	-0.4217	0.7939	-19.4375	-0.4047
639	L	F	-0.2656	0.7939	-19.4375	-0.2003
639	L	G	-0.4070	0.7939	-19.4375	-0.3854
639	L	H	-0.3745	0.7939	-19.4375	-0.3429
639	L	I	-0.2063	0.7939	-19.4375	-0.1226
639	L	K	-0.4208	0.7939	-19.4375	-0.4034
639	L	M	-0.1618	0.7939	-6.1496	-0.1531
639	L	N	-0.4000	0.7939	-19.4375	-0.3762
639	L	P	-0.3308	0.7939	-2.8278	-0.3966
639	L	Q	-0.2851	0.7939	-6.1496	-0.3146
639	L	R	-0.4123	0.7939	-19.4375	-0.3924
639	L	S	-0.3625	0.7939	-19.4375	-0.3272
639	L	T	-0.3353	0.7939	-19.4375	-0.2915
639	L	V	-0.2425	0.7939	-19.4375	-0.1701
639	L	W	-0.3648	0.7939	-19.4375	-0.3301
639	L	Y	-0.3577	0.7939	-19.4375	-0.3208
640	V	A	-0.1669	1.0220	-4.5850	-0.1977
640	V	C	-0.2706	1.0220	-19.4577	-0.2342
640	V	D	-0.4093	1.0220	-19.4577	-0.4158
640	V	E	-0.2937	1.0220	-5.1699	-0.3599
640	V	F	-0.3199	1.0220	-19.4577	-0.2987
640	V	G	-0.2927	1.0220	-4.5850	-0.3624
640	V	H	-0.4123	1.0220	-19.4577	-0.4197
640	V	I	-0.1783	1.0220	-19.4577	-0.1133
640	V	K	-0.4056	1.0220	-19.4577	-0.4109
640	V	L	-0.2434	1.0220	-19.4577	-0.1985
640	V	M	-0.1766	1.0220	-4.5850	-0.2104
640	V	N	-0.3972	1.0220	-19.4577	-0.3999
640	V	P	-0.4471	1.0220	-19.4577	-0.4652
640	V	Q	-0.3773	1.0220	-19.4577	-0.3738
640	V	R	-0.3588	1.0220	-6.1698	-0.4384
640	V	S	-0.3464	1.0220	-19.4577	-0.3334
640	V	T	-0.2618	1.0220	-19.4577	-0.2226
640	V	W	-0.3605	1.0220	-19.4577	-0.3518
640	V	Y	-0.3634	1.0220	-19.4577	-0.3556
641	A	C	-0.2273	1.0770	-19.4577	-0.1841
641	A	D	-0.3090	1.0770	-19.4577	-0.2911
641	A	E	-0.2947	1.0770	-19.4577	-0.2723
641	A	F	-0.2774	1.0770	-19.4577	-0.2497
641	A	G	-0.1479	1.0770	-5.1699	-0.1756
641	A	H	-0.2815	1.0770	-19.4577	-0.2551
641	A	I	-0.2669	1.0770	-19.4577	-0.2360
641	A	K	-0.2993	1.0770	-19.4577	-0.2784
641	A	L	-0.2717	1.0770	-19.4577	-0.2422
641	A	M	-0.2304	1.0770	-19.4577	-0.1882
641	A	N	-0.2794	1.0770	-19.4577	-0.2523
641	A	P	-0.3487	1.0770	-19.4577	-0.3431
641	A	Q	-0.2769	1.0770	-19.4577	-0.2490
641	A	R	-0.3100	1.0770	-19.4577	-0.2924
641	A	S	-0.1920	1.0770	-19.4577	-0.1379
641	A	T	-0.1170	1.0770	-3.5850	-0.1457
641	A	V	-0.1119	1.0770	-3.1699	-0.1418
641	A	W	-0.2883	1.0770	-19.4577	-0.2640
641	A	Y	-0.2966	1.0770	-19.4577	-0.2748
642	D	A	-0.2516	0.9005	-19.4577	-0.1947
642	D	C	-0.2931	0.9005	-19.4577	-0.2490
642	D	E	-0.1156	0.9005	-3.5850	-0.1226
642	D	F	-0.3518	0.9005	-19.4577	-0.3258
642	D	G	-0.1869	0.9005	-4.5850	-0.2093
642	D	H	-0.2610	0.9005	-19.4577	-0.2069
642	D	I	-0.3440	0.9005	-19.4577	-0.3156
642	D	K	-0.3224	0.9005	-19.4577	-0.2873
642	D	L	-0.3376	0.9005	-19.4577	-0.3073
642	D	M	-0.2764	0.9005	-19.4577	-0.2271
642	D	N	-0.1424	0.9005	-4.5850	-0.1511
642	D	P	-0.3886	0.9005	-19.4577	-0.3740
642	D	Q	-0.2786	0.9005	-19.4577	-0.2300
642	D	R	-0.3534	0.9005	-19.4577	-0.3279
642	D	S	-0.2581	0.9005	-19.4577	-0.2031
642	D	T	-0.2881	0.9005	-19.4577	-0.2424
642	D	V	-0.2987	0.9005	-19.4577	-0.2563
642	D	W	-0.3322	0.9005	-19.4577	-0.3002
642	D	Y	-0.2966	0.9005	-19.4577	-0.2536
643	R	A	-0.2628	1.4441	-19.4577	-0.2748
643	R	C	-0.2717	1.4441	-19.4577	-0.2864
643	R	D	-0.2860	1.4441	-6.1698	-0.3940
643	R	E	-0.2991	1.4441	-19.4577	-0.3223
643	R	F	-0.2950	1.4441	-19.4577	-0.3169
643	R	G	-0.2104	1.4441	-2.2631	-0.3211
643	R	H	-0.2326	1.4441	-19.4577	-0.2352
643	R	I	-0.2922	1.4441	-19.4577	-0.3133
643	R	K	-0.0801	1.4441	-5.1699	-0.1311
643	R	L	-0.2653	1.4441	-19.4577	-0.2780
643	R	M	-0.2311	1.4441	-19.4577	-0.2333
643	R	N	-0.2777	1.4441	-19.4577	-0.2943
643	R	P	-0.4049	1.4441	-19.4577	-0.4608
643	R	Q	-0.1697	1.4441	-6.1698	-0.2417
643	R	S	-0.1837	1.4441	-3.8480	-0.2755
643	R	T	-0.2677	1.4441	-19.4577	-0.2812
643	R	V	-0.2793	1.4441	-19.4577	-0.2964
643	R	W	-0.2805	1.4441	-19.4577	-0.2980
643	R	Y	-0.2843	1.4441	-19.4577	-0.3029
644	T	A	-0.0760	1.7031	-4.5850	-0.1608
644	T	C	-0.1877	1.7031	-19.4577	-0.2077
644	T	D	-0.2675	1.7031	-19.4577	-0.3121
644	T	E	-0.2428	1.7031	-19.4577	-0.2798
644	T	F	-0.2591	1.7031	-19.4577	-0.3012
644	T	G	-0.2254	1.7031	-19.4577	-0.2570
644	T	H	-0.2394	1.7031	-19.4577	-0.2754
644	T	I	-0.0938	1.7031	-3.0000	-0.1947
644	T	K	-0.2350	1.7031	-19.4577	-0.2696
644	T	L	-0.2297	1.7031	-19.4577	-0.2627
644	T	M	-0.1967	1.7031	-19.4577	-0.2194
644	T	N	-0.1227	1.7031	-2.8480	-0.2336
644	T	P	-0.2382	1.7031	-4.1699	-0.3759
644	T	Q	-0.2170	1.7031	-19.4577	-0.2460
644	T	R	-0.2378	1.7031	-19.4577	-0.2733
644	T	S	-0.0478	1.7031	-6.1698	-0.1133
644	T	V	-0.1653	1.7031	-19.4577	-0.1784
644	T	W	-0.2520	1.7031	-19.4577	-0.2919
644	T	Y	-0.2606	1.7031	-19.4577	-0.3031
645	S	A	-0.0571	1.4252	-4.1699	-0.1054
645	S	C	-0.1178	1.4252	-6.1698	-0.1715
645	S	D	-0.2338	1.4252	-19.4577	-0.2346
645	S	E	-0.2070	1.4252	-19.4577	-0.1995
645	S	F	-0.2132	1.4252	-19.4577	-0.2076
645	S	G	-0.1443	1.4252	-19.4577	-0.1174
645	S	H	-0.2144	1.4252	-19.4577	-0.2092
645	S	I	-0.2163	1.4252	-19.4577	-0.2117
645	S	K	-0.2238	1.4252	-19.4577	-0.2214
645	S	L	-0.1316	1.4252	-3.5850	-0.2068
645	S	M	-0.1837	1.4252	-19.4577	-0.1689
645	S	N	-0.1575	1.4252	-19.4577	-0.1346
645	S	P	-0.2025	1.4252	-2.5850	-0.3063
645	S	Q	-0.1771	1.4252	-19.4577	-0.1603
645	S	R	-0.2290	1.4252	-19.4577	-0.2283
645	S	T	-0.1258	1.4252	-19.4577	-0.0932
645	S	V	-0.1906	1.4252	-19.4577	-0.1780
645	S	W	-0.2229	1.4252	-19.4577	-0.2203
645	S	Y	-0.2180	1.4252	-19.4577	-0.2139
646	E	A	-0.1523	0.9392	-6.1897	-0.1580
646	E	C	-0.2895	0.9392	-19.4776	-0.2488
646	E	D	-0.1129	0.9392	-5.1898	-0.1131
646	E	F	-0.2671	0.9392	-19.4776	-0.2195
646	E	G	-0.1781	0.9392	-6.1897	-0.1917
646	E	H	-0.2584	0.9392	-19.4776	-0.2081
646	E	I	-0.2725	0.9392	-19.4776	-0.2265
646	E	K	-0.1662	0.9392	-4.6049	-0.1868
646	E	L	-0.2746	0.9392	-19.4776	-0.2293
646	E	M	-0.1556	0.9392	-6.1897	-0.1623
646	E	N	-0.2463	0.9392	-19.4776	-0.1923
646	E	P	-0.3771	0.9392	-19.4776	-0.3635
646	E	Q	-0.1248	0.9392	-6.1897	-0.1220
646	E	R	-0.3026	0.9392	-19.4776	-0.2660
646	E	S	-0.2336	0.9392	-19.4776	-0.1756
646	E	T	-0.2495	0.9392	-19.4776	-0.1964
646	E	V	-0.1656	0.9392	-6.1897	-0.1753
646	E	W	-0.2772	0.9392	-19.4776	-0.2327
646	E	Y	-0.2680	0.9392	-19.4776	-0.2206
647	A	C	-0.1449	1.9737	-19.4776	-0.1841
647	A	D	-0.1537	1.9737	-5.1898	-0.2911
647	A	E	-0.2123	1.9737	-19.4776	-0.2723
647	A	F	-0.1950	1.9737	-19.4776	-0.2497
647	A	G	-0.0706	1.9737	-6.1897	-0.1756
647	A	H	-0.1991	1.9737	-19.4776	-0.2551
647	A	I	-0.1116	1.9737	-5.1898	-0.2360
647	A	K	-0.2169	1.9737	-19.4776	-0.2784
647	A	L	-0.1893	1.9737	-19.4776	-0.2422
647	A	M	-0.1480	1.9737	-19.4776	-0.1882
647	A	N	-0.1970	1.9737	-19.4776	-0.2523
647	A	P	-0.2663	1.9737	-19.4776	-0.3431
647	A	Q	-0.1945	1.9737	-19.4776	-0.2490
647	A	R	-0.2276	1.9737	-19.4776	-0.2924
647	A	S	-0.0241	1.9737	-2.7304	-0.1379
647	A	T	-0.0308	1.9737	-2.8679	-0.1457
647	A	V	-0.0304	1.9737	-3.3825	-0.1418
647	A	W	-0.2059	1.9737	-19.4776	-0.2640
647	A	Y	-0.2142	1.9737	-19.4776	-0.2748
648	L	A	-0.3249	0.8734	-19.4577	-0.2874
648	L	C	-0.3142	0.8734	-19.4577	-0.2733
648	L	D	-0.4465	0.8734	-19.4577	-0.4465
648	L	E	-0.4145	0.8734	-19.4577	-0.4047
648	L	F	-0.2584	0.8734	-19.4577	-0.2003
648	L	G	-0.3998	0.8734	-19.4577	-0.3854
648	L	H	-0.3673	0.8734	-19.4577	-0.3429
648	L	I	-0.1313	0.8734	-6.1698	-0.1226
648	L	K	-0.4135	0.8734	-19.4577	-0.4034
648	L	M	-0.2224	0.8734	-19.4577	-0.1531
648	L	N	-0.3928	0.8734	-19.4577	-0.3762
648	L	P	-0.3303	0.8734	-4.1699	-0.3966
648	L	Q	-0.2779	0.8734	-6.1698	-0.3146
648	L	R	-0.4051	0.8734	-19.4577	-0.3924
648	L	S	-0.2757	0.8734	-3.8480	-0.3272
648	L	T	-0.3281	0.8734	-19.4577	-0.2915
648	L	V	-0.2353	0.8734	-19.4577	-0.1701
648	L	W	-0.3576	0.8734	-19.4577	-0.3301
648	L	Y	-0.3505	0.8734	-19.4577	-0.3208
649	P	A	-0.1511	1.0274	-6.1698	-0.1672
649	P	C	-0.1838	1.0274	-6.1698	-0.2100
649	P	D	-0.2775	1.0274	-19.4577	-0.2439
649	P	E	-0.2613	1.0274	-19.4577	-0.2227
649	P	F	-0.2801	1.0274	-19.4577	-0.2472
649	P	G	-0.2333	1.0274	-19.4577	-0.1860
649	P	H	-0.2577	1.0274	-19.4577	-0.2179
649	P	I	-0.2631	1.0274	-19.4577	-0.2250
649	P	K	-0.2530	1.0274	-19.4577	-0.2118
649	P	L	-0.1948	1.0274	-5.1699	-0.2310
649	P	M	-0.2187	1.0274	-19.4577	-0.1668
649	P	N	-0.2457	1.0274	-19.4577	-0.2022
649	P	Q	-0.2474	1.0274	-19.4577	-0.2044
649	P	R	-0.2888	1.0274	-19.4577	-0.2586
649	P	S	-0.1347	1.0274	-3.0000	-0.1668
649	P	T	-0.1630	1.0274	-6.1698	-0.1827
649	P	V	-0.2185	1.0274	-19.4577	-0.1666
649	P	W	-0.2926	1.0274	-19.4577	-0.2636
649	P	Y	-0.2811	1.0274	-19.4577	-0.2485
650	L	A	-0.2644	1.5323	-19.4776	-0.2874
650	L	C	-0.1858	1.5323	-6.1897	-0.2733
650	L	D	-0.3859	1.5323	-19.4776	-0.4465
650	L	E	-0.3540	1.5323	-19.4776	-0.4047
650	L	F	-0.1131	1.5323	-2.8679	-0.2003
650	L	G	-0.2715	1.5323	-6.1897	-0.3854
650	L	H	-0.2288	1.5323	-4.1898	-0.3429
650	L	I	-0.0626	1.5323	-4.6049	-0.1226
650	L	K	-0.3530	1.5323	-19.4776	-0.4034
650	L	M	-0.1618	1.5323	-19.4776	-0.1531
650	L	N	-0.3322	1.5323	-19.4776	-0.3762
650	L	P	-0.3478	1.5323	-19.4776	-0.3966
650	L	Q	-0.2852	1.5323	-19.4776	-0.3146
650	L	R	-0.3446	1.5323	-19.4776	-0.3924
650	L	S	-0.2948	1.5323	-19.4776	-0.3272
650	L	T	-0.2675	1.5323	-19.4776	-0.2915
650	L	V	-0.0989	1.5323	-4.6049	-0.1701
650	L	W	-0.2970	1.5323	-19.4776	-0.3301
650	L	Y	-0.2899	1.5323	-19.4776	-0.3208
651	C	A	-0.3947	0.9104	-19.4776	-0.3830
651	C	D	-0.5019	0.9104	-19.4776	-0.5234
651	C	E	-0.4895	0.9104	-19.4776	-0.5072
651	C	F	-0.3886	0.9104	-19.4776	-0.3751
651	C	G	-0.3142	0.9104	-5.1898	-0.3731
651	C	H	-0.4326	0.9104	-6.1897	-0.5214
651	C	I	-0.4185	0.9104	-19.4776	-0.4142
651	C	K	-0.4901	0.9104	-19.4776	-0.5080
651	C	L	-0.4516	0.9104	-19.4776	-0.4575
651	C	M	-0.4188	0.9104	-19.4776	-0.4146
651	C	N	-0.4443	0.9104	-19.4776	-0.4480
651	C	P	-0.5130	0.9104	-19.4776	-0.5379
651	C	Q	-0.4683	0.9104	-19.4776	-0.4794
651	C	R	-0.3740	0.9104	-5.1898	-0.4514
651	C	S	-0.3033	0.9104	-3.3825	-0.3709
651	C	T	-0.4201	0.9104	-19.4776	-0.4163
651	C	V	-0.4166	0.9104	-19.4776	-0.4117
651	C	W	-0.3918	0.9104	-19.4776	-0.3792
651	C	Y	-0.3979	0.9104	-19.4776	-0.3873
652	W	A	-0.5625	0.0005	-19.4776	-0.4931
652	W	C	-0.4983	0.0005	-19.4776	-0.4091
652	W	D	-0.5868	0.0005	-19.4776	-0.5249
652	W	E	-0.6063	0.0005	-19.4776	-0.5505
652	W	F	-0.4151	0.0005	-19.4776	-0.3001
652	W	G	-0.5477	0.0005	-19.4776	-0.4737
652	W	H	-0.5508	0.0005	-19.4776	-0.4778
652	W	I	-0.5483	0.0005	-19.4776	-0.4746
652	W	K	-0.6183	0.0005	-19.4776	-0.5662
652	W	L	-0.5098	0.0005	-19.4776	-0.4242
652	W	M	-0.5220	0.0005	-19.4776	-0.4401
652	W	N	-0.5950	0.0005	-19.4776	-0.5357
652	W	P	-0.6332	0.0005	-19.4776	-0.5857
652	W	Q	-0.5858	0.0005	-19.4776	-0.5237
652	W	R	-0.5463	0.0005	-19.4776	-0.4719
652	W	S	-0.5606	0.0005	-19.4776	-0.4906
652	W	T	-0.6042	0.0005	-19.4776	-0.5477
652	W	V	-0.5400	0.0005	-19.4776	-0.4637
652	W	Y	-0.4630	0.0005	-19.4776	-0.3629
653	Q	A	-0.2595	0.2855	-19.4776	-0.1308
653	Q	C	-0.3057	0.2855	-19.4776	-0.1913
653	Q	D	-0.3461	0.2855	-19.4776	-0.2441
653	Q	E	-0.2646	0.2855	-19.4776	-0.1375
653	Q	F	-0.3137	0.2855	-19.4776	-0.2018
653	Q	G	-0.3302	0.2855	-19.4776	-0.2233
653	Q	H	-0.2606	0.2855	-19.4776	-0.1322
653	Q	I	-0.2951	0.2855	-19.4776	-0.1774
653	Q	K	-0.2927	0.2855	-19.4776	-0.1742
653	Q	L	-0.2055	0.2855	-5.1898	-0.1556
653	Q	M	-0.2494	0.2855	-19.4776	-0.1176
653	Q	N	-0.2752	0.2855	-19.4776	-0.1513
653	Q	P	-0.4331	0.2855	-19.4776	-0.3581
653	Q	R	-0.2234	0.2855	-6.1897	-0.1723
653	Q	S	-0.2779	0.2855	-19.4776	-0.1549
653	Q	T	-0.2879	0.2855	-19.4776	-0.1679
653	Q	V	-0.2952	0.2855	-19.4776	-0.1775
653	Q	W	-0.3131	0.2855	-19.4776	-0.2010
653	Q	Y	-0.3160	0.2855	-19.4776	-0.2048
654	G	A	-0.2584	1.2081	-19.4776	-0.2405
654	G	C	-0.3182	1.2081	-19.4776	-0.3187
654	G	D	-0.2428	1.2081	-4.6049	-0.3194
654	G	E	-0.2208	1.2081	-0.4350	-0.3185
654	G	F	-0.3563	1.2081	-19.4776	-0.3686
654	G	H	-0.3310	1.2081	-19.4776	-0.3355
654	G	I	-0.4019	1.2081	-19.4776	-0.4284
654	G	K	-0.2669	1.2081	-3.0199	-0.3616
654	G	L	-0.3702	1.2081	-19.4776	-0.3868
654	G	M	-0.3084	1.2081	-19.4776	-0.3059
654	G	N	-0.3190	1.2081	-19.4776	-0.3198
654	G	P	-0.4161	1.2081	-19.4776	-0.4469
654	G	Q	-0.3219	1.2081	-19.4776	-0.3236
654	G	R	-0.3350	1.2081	-19.4776	-0.3407
654	G	S	-0.2643	1.2081	-19.4776	-0.2482
654	G	T	-0.3412	1.2081	-19.4776	-0.3489
654	G	V	-0.3452	1.2081	-19.4776	-0.3541
654	G	W	-0.3560	1.2081	-19.4776	-0.3683
654	G	Y	-0.3567	1.2081	-19.4776	-0.3691
655	G	A	-0.1256	1.9145	-6.1897	-0.2405
655	G	C	-0.2532	1.9145	-19.4776	-0.3187
655	G	D	-0.1650	1.9145	-2.1024	-0.3194
655	G	E	-0.1801	1.9145	-5.1898	-0.3185
655	G	F	-0.2913	1.9145	-19.4776	-0.3686
655	G	H	-0.2660	1.9145	-19.4776	-0.3355
655	G	I	-0.3369	1.9145	-19.4776	-0.4284
655	G	K	-0.2859	1.9145	-19.4776	-0.3616
655	G	L	-0.3052	1.9145	-19.4776	-0.3868
655	G	M	-0.2434	1.9145	-19.4776	-0.3059
655	G	N	-0.1760	1.9145	-4.1898	-0.3198
655	G	P	-0.3511	1.9145	-19.4776	-0.4469
655	G	Q	-0.2569	1.9145	-19.4776	-0.3236
655	G	R	-0.2700	1.9145	-19.4776	-0.3407
655	G	S	-0.1145	1.9145	-2.8679	-0.2482
655	G	T	-0.2762	1.9145	-19.4776	-0.3489
655	G	V	-0.2802	1.9145	-19.4776	-0.3541
655	G	W	-0.2910	1.9145	-19.4776	-0.3683
655	G	Y	-0.2238	1.9145	-6.1897	-0.3691
656	F	A	-0.2051	1.6764	-4.6049	-0.3264
656	F	C	-0.2491	1.6764	-19.4776	-0.2847
656	F	D	-0.4039	1.6764	-19.4776	-0.4874
656	F	E	-0.3733	1.6764	-19.4776	-0.4473
656	F	G	-0.3163	1.6764	-19.4776	-0.3727
656	F	H	-0.3085	1.6764	-19.4776	-0.3625
656	F	I	-0.2249	1.6764	-19.4776	-0.2530
656	F	K	-0.3802	1.6764	-19.4776	-0.4563
656	F	L	-0.1049	1.6764	-3.3825	-0.2034
656	F	M	-0.2180	1.6764	-19.4776	-0.2440
656	F	N	-0.3336	1.6764	-19.4776	-0.3953
656	F	P	-0.3082	1.6764	-0.6353	-0.4879
656	F	Q	-0.3356	1.6764	-19.4776	-0.3980
656	F	R	-0.3137	1.6764	-6.1897	-0.4581
656	F	S	-0.1789	1.6764	-3.6049	-0.2989
656	F	T	-0.3062	1.6764	-19.4776	-0.3595
656	F	V	-0.2192	1.6764	-19.4776	-0.2456
656	F	W	-0.2045	1.6764	-19.4776	-0.2263
656	F	Y	-0.1728	1.6764	-19.4776	-0.1848
657	Q	A	-0.1879	1.0643	-19.4776	-0.1308
657	Q	C	-0.1663	1.0643	-6.1897	-0.1913
657	Q	D	-0.2744	1.0643	-19.4776	-0.2441
657	Q	E	-0.1252	1.0643	-6.1897	-0.1375
657	Q	F	-0.2421	1.0643	-19.4776	-0.2018
657	Q	G	-0.2585	1.0643	-19.4776	-0.2233
657	Q	H	-0.1079	1.0643	-3.6049	-0.1322
657	Q	I	-0.2235	1.0643	-19.4776	-0.1774
657	Q	K	-0.2210	1.0643	-19.4776	-0.1742
657	Q	L	-0.1390	1.0643	-6.1897	-0.1556
657	Q	M	-0.1778	1.0643	-19.4776	-0.1176
657	Q	N	-0.2035	1.0643	-19.4776	-0.1513
657	Q	P	-0.2818	1.0643	-3.8679	-0.3581
657	Q	R	-0.2196	1.0643	-19.4776	-0.1723
657	Q	S	-0.2063	1.0643	-19.4776	-0.1549
657	Q	T	-0.2162	1.0643	-19.4776	-0.1679
657	Q	V	-0.2235	1.0643	-19.4776	-0.1775
657	Q	W	-0.2415	1.0643	-19.4776	-0.2010
657	Q	Y	-0.2444	1.0643	-19.4776	-0.2048
658	P	A	-0.1577	1.6946	-19.4776	-0.1672
658	P	C	-0.1226	1.6946	-6.1897	-0.2100
658	P	D	-0.2163	1.6946	-19.4776	-0.2439
658	P	E	-0.2001	1.6946	-19.4776	-0.2227
658	P	F	-0.1510	1.6946	-6.1897	-0.2472
658	P	G	-0.1720	1.6946	-19.4776	-0.1860
658	P	H	-0.1184	1.6946	-4.1898	-0.2179
658	P	I	-0.1340	1.6946	-6.1897	-0.2250
658	P	K	-0.1917	1.6946	-19.4776	-0.2118
658	P	L	-0.1126	1.6946	-1.1024	-0.2310
658	P	M	-0.1574	1.6946	-19.4776	-0.1668
658	P	N	-0.1844	1.6946	-19.4776	-0.2022
658	P	Q	-0.1861	1.6946	-19.4776	-0.2044
658	P	R	-0.1597	1.6946	-6.1897	-0.2586
658	P	S	-0.0896	1.6946	-6.1897	-0.1668
658	P	T	-0.1695	1.6946	-19.4776	-0.1827
658	P	V	-0.1572	1.6946	-19.4776	-0.1666
658	P	W	-0.2313	1.6946	-19.4776	-0.2636
658	P	Y	-0.2198	1.6946	-19.4776	-0.2485
659	E	A	-0.0531	2.0180	-6.1897	-0.1580
659	E	C	-0.1902	2.0180	-19.4776	-0.2488
659	E	D	-0.0069	2.0180	-3.8679	-0.1131
659	E	F	-0.1679	2.0180	-19.4776	-0.2195
659	E	G	-0.1466	2.0180	-19.4776	-0.1917
659	E	H	-0.1591	2.0180	-19.4776	-0.2081
659	E	I	-0.1732	2.0180	-19.4776	-0.2265
659	E	K	-0.0581	2.0180	-2.8679	-0.1868
659	E	L	-0.1075	2.0180	-6.1897	-0.2293
659	E	M	-0.0420	2.0180	-3.3825	-0.1623
659	E	N	-0.1471	2.0180	-19.4776	-0.1923
659	E	P	-0.2778	2.0180	-19.4776	-0.3635
659	E	Q	-0.0205	2.0180	-5.1898	-0.1220
659	E	R	-0.2034	2.0180	-19.4776	-0.2660
659	E	S	-0.0665	2.0180	-6.1897	-0.1756
659	E	T	-0.1502	2.0180	-19.4776	-0.1964
659	E	V	-0.0582	2.0180	-4.6049	-0.1753
659	E	W	-0.1779	2.0180	-19.4776	-0.2327
659	E	Y	-0.1687	2.0180	-19.4776	-0.2206
660	S	A	0.0815	2.9875	-5.1699	-0.1054
660	S	C	-0.0419	2.9875	-19.4577	-0.1715
660	S	D	-0.0223	2.9875	-6.1698	-0.2346
660	S	E	-0.0633	2.9875	-19.4577	-0.1995
660	S	F	-0.0695	2.9875	-19.4577	-0.2076
660	S	G	0.0834	2.9875	-3.0000	-0.1174
660	S	H	-0.0707	2.9875	-19.4577	-0.2092
660	S	I	0.0146	2.9875	-2.3626	-0.2117
660	S	K	-0.0122	2.9875	-6.1698	-0.2214
660	S	L	0.0133	2.9875	-3.3626	-0.2068
660	S	M	0.0381	2.9875	-4.1699	-0.1689
660	S	N	-0.0137	2.9875	-19.4577	-0.1346
660	S	P	-0.0770	2.9875	-6.1698	-0.3063
660	S	Q	-0.0333	2.9875	-19.4577	-0.1603
660	S	R	0.0034	2.9875	-2.0825	-0.2283
660	S	T	0.1001	2.9875	-3.3626	-0.0932
660	S	V	-0.0468	2.9875	-19.4577	-0.1780
660	S	W	-0.0792	2.9875	-19.4577	-0.2203
660	S	Y	-0.0743	2.9875	-19.4577	-0.2139
661	T	A	-0.0203	2.1334	-1.4350	-0.1608
661	T	C	-0.1482	2.1334	-19.4776	-0.2077
661	T	D	-0.1551	2.1334	-5.1898	-0.3121
661	T	E	-0.2033	2.1334	-19.4776	-0.2798
661	T	F	-0.1518	2.1334	-6.1897	-0.3012
661	T	G	-0.1062	2.1334	-3.8679	-0.2570
661	T	H	-0.1999	2.1334	-19.4776	-0.2754
661	T	I	-0.0705	2.1334	-6.1897	-0.1947
661	T	K	-0.1955	2.1334	-19.4776	-0.2696
661	T	L	-0.1902	2.1334	-19.4776	-0.2627
661	T	M	-0.1572	2.1334	-19.4776	-0.2194
661	T	N	-0.1680	2.1334	-19.4776	-0.2336
661	T	P	-0.2089	2.1334	-6.1897	-0.3759
661	T	Q	-0.1775	2.1334	-19.4776	-0.2460
661	T	R	-0.1983	2.1334	-19.4776	-0.2733
661	T	S	-0.0761	2.1334	-19.4776	-0.1133
661	T	V	-0.0343	2.1334	-1.5460	-0.1784
661	T	W	-0.2125	2.1334	-19.4776	-0.2919
661	T	Y	-0.2211	2.1334	-19.4776	-0.3031
662	P	A	-0.1999	1.2357	-19.4776	-0.1672
662	P	C	-0.2326	1.2357	-19.4776	-0.2100
662	P	D	-0.2585	1.2357	-19.4776	-0.2439
662	P	E	-0.2423	1.2357	-19.4776	-0.2227
662	P	F	-0.2610	1.2357	-19.4776	-0.2472
662	P	G	-0.2143	1.2357	-19.4776	-0.1860
662	P	H	-0.1708	1.2357	-6.1897	-0.2179
662	P	I	-0.2440	1.2357	-19.4776	-0.2250
662	P	K	-0.2340	1.2357	-19.4776	-0.2118
662	P	L	-0.1757	1.2357	-5.1898	-0.2310
662	P	M	-0.1996	1.2357	-19.4776	-0.1668
662	P	N	-0.2266	1.2357	-19.4776	-0.2022
662	P	Q	-0.2283	1.2357	-19.4776	-0.2044
662	P	R	-0.2697	1.2357	-19.4776	-0.2586
662	P	S	-0.1129	1.2357	-2.4894	-0.1668
662	P	T	-0.1337	1.2357	-4.1898	-0.1827
662	P	V	-0.1994	1.2357	-19.4776	-0.1666
662	P	W	-0.2735	1.2357	-19.4776	-0.2636
662	P	Y	-0.2620	1.2357	-19.4776	-0.2485
663	S	A	-0.0522	2.3273	-19.4776	-0.1054
663	S	C	-0.0206	2.3273	-3.3825	-0.1715
663	S	D	-0.0780	2.3273	-5.1898	-0.2346
663	S	E	-0.1241	2.3273	-19.4776	-0.1995
663	S	F	-0.1303	2.3273	-19.4776	-0.2076
663	S	G	0.0207	2.3273	-3.3825	-0.1174
663	S	H	-0.0494	2.3273	-3.3825	-0.2092
663	S	I	-0.1334	2.3273	-19.4776	-0.2117
663	S	K	-0.1408	2.3273	-19.4776	-0.2214
663	S	L	-0.1297	2.3273	-19.4776	-0.2068
663	S	M	-0.1007	2.3273	-19.4776	-0.1689
663	S	N	0.0051	2.3273	-3.8679	-0.1346
663	S	P	-0.1379	2.3273	-6.1897	-0.3063
663	S	Q	-0.0942	2.3273	-19.4776	-0.1603
663	S	R	-0.0732	2.3273	-5.1898	-0.2283
663	S	T	0.0351	2.3273	-4.1898	-0.0932
663	S	V	-0.1077	2.3273	-19.4776	-0.1780
663	S	W	-0.1400	2.3273	-19.4776	-0.2203
663	S	Y	-0.1351	2.3273	-19.4776	-0.2139
664	L	A	-0.3472	0.6329	-19.4776	-0.2874
664	L	C	-0.3364	0.6329	-19.4776	-0.2733
664	L	D	-0.4687	0.6329	-19.4776	-0.4465
664	L	E	-0.4368	0.6329	-19.4776	-0.4047
664	L	F	-0.2128	0.6329	-6.1897	-0.2003
664	L	G	-0.4220	0.6329	-19.4776	-0.3854
664	L	H	-0.3896	0.6329	-19.4776	-0.3429
664	L	I	-0.2213	0.6329	-19.4776	-0.1226
664	L	K	-0.4358	0.6329	-19.4776	-0.4034
664	L	M	-0.1768	0.6329	-6.1897	-0.1531
664	L	N	-0.4150	0.6329	-19.4776	-0.3762
664	L	P	-0.4306	0.6329	-19.4776	-0.3966
664	L	Q	-0.3679	0.6329	-19.4776	-0.3146
664	L	R	-0.4274	0.6329	-19.4776	-0.3924
664	L	S	-0.3047	0.6329	-5.1898	-0.3272
664	L	T	-0.3503	0.6329	-19.4776	-0.2915
664	L	V	-0.1817	0.6329	-4.6049	-0.1701
664	L	W	-0.3798	0.6329	-19.4776	-0.3301
664	L	Y	-0.3727	0.6329	-19.4776	-0.3208
665	D	A	-0.1850	0.8876	-6.1698	-0.1947
665	D	C	-0.2943	0.8876	-19.4577	-0.2490
665	D	E	-0.1138	0.8876	-3.0000	-0.1226
665	D	F	-0.3530	0.8876	-19.4577	-0.3258
665	D	G	-0.1881	0.8876	-4.5850	-0.2093
665	D	H	-0.2621	0.8876	-19.4577	-0.2069
665	D	I	-0.3452	0.8876	-19.4577	-0.3156
665	D	K	-0.3236	0.8876	-19.4577	-0.2873
665	D	L	-0.3388	0.8876	-19.4577	-0.3073
665	D	M	-0.2776	0.8876	-19.4577	-0.2271
665	D	N	-0.2195	0.8876	-19.4577	-0.1511
665	D	P	-0.3898	0.8876	-19.4577	-0.3740
665	D	Q	-0.2798	0.8876	-19.4577	-0.2300
665	D	R	-0.3546	0.8876	-19.4577	-0.3279
665	D	S	-0.2592	0.8876	-19.4577	-0.2031
665	D	T	-0.2893	0.8876	-19.4577	-0.2424
665	D	V	-0.2999	0.8876	-19.4577	-0.2563
665	D	W	-0.3334	0.8876	-19.4577	-0.3002
665	D	Y	-0.2978	0.8876	-19.4577	-0.2536
666	A	C	-0.1886	1.4974	-19.4577	-0.1841
666	A	D	-0.2025	1.4974	-6.1698	-0.2911
666	A	E	-0.2560	1.4974	-19.4577	-0.2723
666	A	F	-0.2387	1.4974	-19.4577	-0.2497
666	A	G	-0.1092	1.4974	-5.1699	-0.1756
666	A	H	-0.2429	1.4974	-19.4577	-0.2551
666	A	I	-0.1524	1.4974	-4.5850	-0.2360
666	A	K	-0.2607	1.4974	-19.4577	-0.2784
666	A	L	-0.2330	1.4974	-19.4577	-0.2422
666	A	M	-0.1918	1.4974	-19.4577	-0.1882
666	A	N	-0.2407	1.4974	-19.4577	-0.2523
666	A	P	-0.2423	1.4974	-6.1698	-0.3431
666	A	Q	-0.2382	1.4974	-19.4577	-0.2490
666	A	R	-0.2713	1.4974	-19.4577	-0.2924
666	A	S	-0.1533	1.4974	-19.4577	-0.1379
666	A	T	-0.1593	1.4974	-19.4577	-0.1457
666	A	V	-0.0612	1.4974	-0.8124	-0.1418
666	A	W	-0.2497	1.4974	-19.4577	-0.2640
666	A	Y	-0.2579	1.4974	-19.4577	-0.2748
667	G	A	-0.1795	1.2400	-4.5850	-0.2405
667	G	C	-0.3151	1.2400	-19.4577	-0.3187
667	G	D	-0.3157	1.2400	-19.4577	-0.3194
667	G	E	-0.2391	1.2400	-4.5850	-0.3185
667	G	F	-0.3532	1.2400	-19.4577	-0.3686
667	G	H	-0.3280	1.2400	-19.4577	-0.3355
667	G	I	-0.3989	1.2400	-19.4577	-0.4284
667	G	K	-0.3479	1.2400	-19.4577	-0.3616
667	G	L	-0.2993	1.2400	-6.1698	-0.3868
667	G	M	-0.3053	1.2400	-19.4577	-0.3059
667	G	N	-0.3160	1.2400	-19.4577	-0.3198
667	G	P	-0.4130	1.2400	-19.4577	-0.4469
667	G	Q	-0.3189	1.2400	-19.4577	-0.3236
667	G	R	-0.2509	1.2400	-3.5850	-0.3407
667	G	S	-0.2613	1.2400	-19.4577	-0.2482
667	G	T	-0.3382	1.2400	-19.4577	-0.3489
667	G	V	-0.2663	1.2400	-4.5850	-0.3541
667	G	W	-0.3530	1.2400	-19.4577	-0.3683
667	G	Y	-0.3536	1.2400	-19.4577	-0.3691
668	L	A	-0.3102	1.0338	-19.4577	-0.2874
668	L	C	-0.2994	1.0338	-19.4577	-0.2733
668	L	D	-0.4317	1.0338	-19.4577	-0.4465
668	L	E	-0.3998	1.0338	-19.4577	-0.4047
668	L	F	-0.1656	1.0338	-4.1699	-0.2003
668	L	G	-0.3850	1.0338	-19.4577	-0.3854
668	L	H	-0.2797	1.0338	-5.1699	-0.3429
668	L	I	-0.1843	1.0338	-19.4577	-0.1226
668	L	K	-0.3988	1.0338	-19.4577	-0.4034
668	L	M	-0.2076	1.0338	-19.4577	-0.1531
668	L	N	-0.3780	1.0338	-19.4577	-0.3762
668	L	P	-0.3156	1.0338	-4.1699	-0.3966
668	L	Q	-0.3310	1.0338	-19.4577	-0.3146
668	L	R	-0.3904	1.0338	-19.4577	-0.3924
668	L	S	-0.3406	1.0338	-19.4577	-0.3272
668	L	T	-0.3133	1.0338	-19.4577	-0.2915
668	L	V	-0.1447	1.0338	-4.5850	-0.1701
668	L	W	-0.3428	1.0338	-19.4577	-0.3301
668	L	Y	-0.3357	1.0338	-19.4577	-0.3208
669	A	C	-0.1321	2.1121	-19.4577	-0.1841
669	A	D	-0.2138	2.1121	-19.4577	-0.2911
669	A	E	-0.1235	2.1121	-4.5850	-0.2723
669	A	F	-0.1822	2.1121	-19.4577	-0.2497
669	A	G	-0.1256	2.1121	-19.4577	-0.1756
669	A	H	-0.1863	2.1121	-19.4577	-0.2551
669	A	I	-0.0937	2.1121	-4.1699	-0.2360
669	A	K	-0.1363	2.1121	-6.1698	-0.2784
669	A	L	-0.1035	2.1121	-5.1699	-0.2422
669	A	M	-0.1352	2.1121	-19.4577	-0.1882
669	A	N	-0.1842	2.1121	-19.4577	-0.2523
669	A	P	-0.1806	2.1121	-5.1699	-0.3431
669	A	Q	-0.1816	2.1121	-19.4577	-0.2490
669	A	R	-0.2148	2.1121	-19.4577	-0.2924
669	A	S	-0.0209	2.1121	-4.5850	-0.1379
669	A	T	-0.0166	2.1121	-2.5850	-0.1457
669	A	V	-0.0217	2.1121	-4.1699	-0.1418
669	A	W	-0.1931	2.1121	-19.4577	-0.2640
669	A	Y	-0.2013	2.1121	-19.4577	-0.2748
670	E	A	-0.1452	1.0152	-6.1698	-0.1580
670	E	C	-0.2824	1.0152	-19.4577	-0.2488
670	E	D	-0.1029	1.0152	-4.5850	-0.1131
670	E	F	-0.2600	1.0152	-19.4577	-0.2195
670	E	G	-0.1608	1.0152	-4.1699	-0.1917
670	E	H	-0.2513	1.0152	-19.4577	-0.2081
670	E	I	-0.2654	1.0152	-19.4577	-0.2265
670	E	K	-0.1621	1.0152	-5.1699	-0.1868
670	E	L	-0.2675	1.0152	-19.4577	-0.2293
670	E	M	-0.2163	1.0152	-19.4577	-0.1623
670	E	N	-0.2392	1.0152	-19.4577	-0.1923
670	E	P	-0.3700	1.0152	-19.4577	-0.3635
670	E	Q	-0.1126	1.0152	-5.1699	-0.1220
670	E	R	-0.2955	1.0152	-19.4577	-0.2660
670	E	S	-0.2265	1.0152	-19.4577	-0.1756
670	E	T	-0.2424	1.0152	-19.4577	-0.1964
670	E	V	-0.2263	1.0152	-19.4577	-0.1753
670	E	W	-0.2701	1.0152	-19.4577	-0.2327
670	E	Y	-0.2609	1.0152	-19.4577	-0.2206
671	L	A	-0.2768	1.3968	-19.4577	-0.2874
671	L	C	-0.2660	1.3968	-19.4577	-0.2733
671	L	D	-0.3983	1.3968	-19.4577	-0.4465
671	L	E	-0.3664	1.3968	-19.4577	-0.4047
671	L	F	-0.2103	1.3968	-19.4577	-0.2003
671	L	G	-0.3516	1.3968	-19.4577	-0.3854
671	L	H	-0.3192	1.3968	-19.4577	-0.3429
671	L	I	-0.1509	1.3968	-19.4577	-0.1226
671	L	K	-0.3654	1.3968	-19.4577	-0.4034
671	L	M	-0.1742	1.3968	-19.4577	-0.1531
671	L	N	-0.3446	1.3968	-19.4577	-0.3762
671	L	P	-0.2671	1.3968	-1.2158	-0.3966
671	L	Q	-0.2298	1.3968	-6.1698	-0.3146
671	L	R	-0.3570	1.3968	-19.4577	-0.3924
671	L	S	-0.2343	1.3968	-5.1699	-0.3272
671	L	T	-0.2070	1.3968	-5.1699	-0.2915
671	L	V	-0.1872	1.3968	-19.4577	-0.1701
671	L	W	-0.3094	1.3968	-19.4577	-0.3301
671	L	Y	-0.3023	1.3968	-19.4577	-0.3208
672	A	C	-0.2050	1.3199	-19.4577	-0.1841
672	A	D	-0.2138	1.3199	-5.1699	-0.2911
672	A	E	-0.2723	1.3199	-19.4577	-0.2723
672	A	F	-0.2551	1.3199	-19.4577	-0.2497
672	A	G	-0.1985	1.3199	-19.4577	-0.1756
672	A	H	-0.2592	1.3199	-19.4577	-0.2551
672	A	I	-0.2446	1.3199	-19.4577	-0.2360
672	A	K	-0.2770	1.3199	-19.4577	-0.2784
672	A	L	-0.2493	1.3199	-19.4577	-0.2422
672	A	M	-0.2081	1.3199	-19.4577	-0.1882
672	A	N	-0.2570	1.3199	-19.4577	-0.2523
672	A	P	-0.3264	1.3199	-19.4577	-0.3431
672	A	Q	-0.2545	1.3199	-19.4577	-0.2490
672	A	R	-0.2877	1.3199	-19.4577	-0.2924
672	A	S	-0.0938	1.3199	-4.5850	-0.1379
672	A	T	-0.0976	1.3199	-4.1699	-0.1457
672	A	V	-0.0872	1.3199	-2.7105	-0.1418
672	A	W	-0.2660	1.3199	-19.4577	-0.2640
672	A	Y	-0.2742	1.3199	-19.4577	-0.2748
673	P	A	-0.1302	1.1984	-5.1497	-0.1672
673	P	C	-0.2358	1.1984	-19.4375	-0.2100
673	P	D	-0.1837	1.1984	-4.1498	-0.2439
673	P	E	-0.2455	1.1984	-19.4375	-0.2227
673	P	F	-0.2642	1.1984	-19.4375	-0.2472
673	P	G	-0.1497	1.1984	-6.1496	-0.1860
673	P	H	-0.2418	1.1984	-19.4375	-0.2179
673	P	I	-0.2473	1.1984	-19.4375	-0.2250
673	P	K	-0.2372	1.1984	-19.4375	-0.2118
673	P	L	-0.1760	1.1984	-4.5648	-0.2310
673	P	M	-0.2028	1.1984	-19.4375	-0.1668
673	P	N	-0.2299	1.1984	-19.4375	-0.2022
673	P	Q	-0.2315	1.1984	-19.4375	-0.2044
673	P	R	-0.2729	1.1984	-19.4375	-0.2586
673	P	S	-0.1232	1.1984	-3.8278	-0.1668
673	P	T	-0.2150	1.1984	-19.4375	-0.1827
673	P	V	-0.2027	1.1984	-19.4375	-0.1666
673	P	W	-0.2768	1.1984	-19.4375	-0.2636
673	P	Y	-0.2652	1.1984	-19.4375	-0.2485
674	L	A	-0.3213	0.9130	-19.4577	-0.2874
674	L	C	-0.3105	0.9130	-19.4577	-0.2733
674	L	D	-0.4428	0.9130	-19.4577	-0.4465
674	L	E	-0.4109	0.9130	-19.4577	-0.4047
674	L	F	-0.1768	0.9130	-4.1699	-0.2003
674	L	G	-0.3962	0.9130	-19.4577	-0.3854
674	L	H	-0.3637	0.9130	-19.4577	-0.3429
674	L	I	-0.1954	0.9130	-19.4577	-0.1226
674	L	K	-0.4099	0.9130	-19.4577	-0.4034
674	L	M	-0.1458	0.9130	-5.1699	-0.1531
674	L	N	-0.3891	0.9130	-19.4577	-0.3762
674	L	P	-0.3318	0.9130	-5.1699	-0.3966
674	L	Q	-0.3421	0.9130	-19.4577	-0.3146
674	L	R	-0.4015	0.9130	-19.4577	-0.3924
674	L	S	-0.3517	0.9130	-19.4577	-0.3272
674	L	T	-0.3244	0.9130	-19.4577	-0.2915
674	L	V	-0.1558	0.9130	-4.5850	-0.1701
674	L	W	-0.3539	0.9130	-19.4577	-0.3301
674	L	Y	-0.3468	0.9130	-19.4577	-0.3208
675	Q	A	-0.2662	0.2114	-19.4577	-0.1308
675	Q	C	-0.3124	0.2114	-19.4577	-0.1913
675	Q	D	-0.3528	0.2114	-19.4577	-0.2441
675	Q	E	-0.2714	0.2114	-19.4577	-0.1375
675	Q	F	-0.3205	0.2114	-19.4577	-0.2018
675	Q	G	-0.3369	0.2114	-19.4577	-0.2233
675	Q	H	-0.2673	0.2114	-19.4577	-0.1322
675	Q	I	-0.3018	0.2114	-19.4577	-0.1774
675	Q	K	-0.2994	0.2114	-19.4577	-0.1742
675	Q	L	-0.2852	0.2114	-19.4577	-0.1556
675	Q	M	-0.2562	0.2114	-19.4577	-0.1176
675	Q	N	-0.2819	0.2114	-19.4577	-0.1513
675	Q	P	-0.3720	0.2114	-6.1698	-0.3581
675	Q	R	-0.2301	0.2114	-6.1698	-0.1723
675	Q	S	-0.2846	0.2114	-19.4577	-0.1549
675	Q	T	-0.2946	0.2114	-19.4577	-0.1679
675	Q	V	-0.3019	0.2114	-19.4577	-0.1775
675	Q	W	-0.3199	0.2114	-19.4577	-0.2010
675	Q	Y	-0.3228	0.2114	-19.4577	-0.2048
676	G	A	-0.1849	1.2139	-5.1699	-0.2405
676	G	C	-0.3175	1.2139	-19.4577	-0.3187
676	G	D	-0.2451	1.2139	-5.1699	-0.3194
676	G	E	-0.2352	1.2139	-3.3626	-0.3185
676	G	F	-0.3556	1.2139	-19.4577	-0.3686
676	G	H	-0.3303	1.2139	-19.4577	-0.3355
676	G	I	-0.4013	1.2139	-19.4577	-0.4284
676	G	K	-0.3503	1.2139	-19.4577	-0.3616
676	G	L	-0.3695	1.2139	-19.4577	-0.3868
676	G	M	-0.3077	1.2139	-19.4577	-0.3059
676	G	N	-0.3184	1.2139	-19.4577	-0.3198
676	G	P	-0.4154	1.2139	-19.4577	-0.4469
676	G	Q	-0.3213	1.2139	-19.4577	-0.3236
676	G	R	-0.3343	1.2139	-19.4577	-0.3407
676	G	S	-0.1857	1.2139	-4.1699	-0.2482
676	G	T	-0.2728	1.2139	-6.1698	-0.3489
676	G	V	-0.3446	1.2139	-19.4577	-0.3541
676	G	W	-0.3554	1.2139	-19.4577	-0.3683
676	G	Y	-0.3560	1.2139	-19.4577	-0.3691
677	Q	A	-0.1468	1.5098	-19.4577	-0.1308
677	Q	C	-0.1930	1.5098	-19.4577	-0.1913
677	Q	D	-0.2333	1.5098	-19.4577	-0.2441
677	Q	E	-0.0841	1.5098	-6.1698	-0.1375
677	Q	F	-0.2010	1.5098	-19.4577	-0.2018
677	Q	G	-0.1496	1.5098	-6.1698	-0.2233
677	Q	H	-0.0749	1.5098	-5.1699	-0.1322
677	Q	I	-0.1824	1.5098	-19.4577	-0.1774
677	Q	K	-0.1799	1.5098	-19.4577	-0.1742
677	Q	L	-0.0826	1.5098	-3.1699	-0.1556
677	Q	M	-0.1367	1.5098	-19.4577	-0.1176
677	Q	N	-0.1624	1.5098	-19.4577	-0.1513
677	Q	P	-0.2394	1.5098	-3.5850	-0.3581
677	Q	R	-0.1026	1.5098	-4.5850	-0.1723
677	Q	S	-0.1652	1.5098	-19.4577	-0.1549
677	Q	T	-0.1751	1.5098	-19.4577	-0.1679
677	Q	V	-0.1824	1.5098	-19.4577	-0.1775
677	Q	W	-0.2004	1.5098	-19.4577	-0.2010
677	Q	Y	-0.2033	1.5098	-19.4577	-0.2048
678	G	A	-0.2067	0.9770	-5.1699	-0.2405
678	G	C	-0.3393	0.9770	-19.4577	-0.3187
678	G	D	-0.3399	0.9770	-19.4577	-0.3194
678	G	E	-0.2582	0.9770	-3.5850	-0.3185
678	G	F	-0.3774	0.9770	-19.4577	-0.3686
678	G	H	-0.3522	0.9770	-19.4577	-0.3355
678	G	I	-0.4231	0.9770	-19.4577	-0.4284
678	G	K	-0.3721	0.9770	-19.4577	-0.3616
678	G	L	-0.3913	0.9770	-19.4577	-0.3868
678	G	M	-0.3295	0.9770	-19.4577	-0.3059
678	G	N	-0.3402	0.9770	-19.4577	-0.3198
678	G	P	-0.4372	0.9770	-19.4577	-0.4469
678	G	Q	-0.3431	0.9770	-19.4577	-0.3236
678	G	R	-0.2832	0.9770	-5.1699	-0.3407
678	G	S	-0.2177	0.9770	-6.1698	-0.2482
678	G	T	-0.3624	0.9770	-19.4577	-0.3489
678	G	V	-0.2985	0.9770	-6.1698	-0.3541
678	G	W	-0.3772	0.9770	-19.4577	-0.3683
678	G	Y	-0.3778	0.9770	-19.4577	-0.3691
679	L	A	-0.3231	0.8937	-19.4577	-0.2874
679	L	C	-0.3123	0.8937	-19.4577	-0.2733
679	L	D	-0.4446	0.8937	-19.4577	-0.4465
679	L	E	-0.4127	0.8937	-19.4577	-0.4047
679	L	F	-0.1836	0.8937	-5.1699	-0.2003
679	L	G	-0.3979	0.8937	-19.4577	-0.3854
679	L	H	-0.3655	0.8937	-19.4577	-0.3429
679	L	I	-0.1972	0.8937	-19.4577	-0.1226
679	L	K	-0.4117	0.8937	-19.4577	-0.4034
679	L	M	-0.1425	0.8937	-4.1699	-0.1531
679	L	N	-0.3909	0.8937	-19.4577	-0.3762
679	L	P	-0.4065	0.8937	-19.4577	-0.3966
679	L	Q	-0.3439	0.8937	-19.4577	-0.3146
679	L	R	-0.4033	0.8937	-19.4577	-0.3924
679	L	S	-0.2725	0.8937	-3.5850	-0.3272
679	L	T	-0.3262	0.8937	-19.4577	-0.2915
679	L	V	-0.2335	0.8937	-19.4577	-0.1701
679	L	W	-0.3557	0.8937	-19.4577	-0.3301
679	L	Y	-0.3486	0.8937	-19.4577	-0.3208
680	E	A	-0.1676	0.7669	-6.0660	-0.1580
680	E	C	-0.3047	0.7669	-19.3538	-0.2488
680	E	D	-0.2011	0.7669	-19.3538	-0.1131
680	E	F	-0.2823	0.7669	-19.3538	-0.2195
680	E	G	-0.1831	0.7669	-4.0661	-0.1917
680	E	H	-0.2736	0.7669	-19.3538	-0.2081
680	E	I	-0.2877	0.7669	-19.3538	-0.2265
680	E	K	-0.1896	0.7669	-6.0660	-0.1868
680	E	L	-0.2898	0.7669	-19.3538	-0.2293
680	E	M	-0.2387	0.7669	-19.3538	-0.1623
680	E	N	-0.2616	0.7669	-19.3538	-0.1923
680	E	P	-0.3245	0.7669	-6.0660	-0.3635
680	E	Q	-0.1401	0.7669	-6.0660	-0.1220
680	E	R	-0.3179	0.7669	-19.3538	-0.2660
680	E	S	-0.2488	0.7669	-19.3538	-0.1756
680	E	T	-0.2647	0.7669	-19.3538	-0.1964
680	E	V	-0.2486	0.7669	-19.3538	-0.1753
680	E	W	-0.2924	0.7669	-19.3538	-0.2327
680	E	Y	-0.2832	0.7669	-19.3538	-0.2206
681	K	A	-0.1533	1.6815	-19.3963	-0.1604
681	K	C	-0.2235	1.6815	-19.3963	-0.2523
681	K	D	-0.2623	1.6815	-19.3963	-0.3031
681	K	E	-0.0985	1.6815	-3.7866	-0.1930
681	K	F	-0.2244	1.6815	-19.3963	-0.2535
681	K	G	-0.1366	1.6815	-4.5236	-0.2379
681	K	H	-0.1633	1.6815	-19.3963	-0.1736
681	K	I	-0.1916	1.6815	-19.3963	-0.2106
681	K	L	-0.1903	1.6815	-19.3963	-0.2089
681	K	M	-0.1633	1.6815	-19.3963	-0.1736
681	K	N	-0.0935	1.6815	-4.1085	-0.1843
681	K	P	-0.2598	1.6815	-6.1084	-0.3886
681	K	Q	-0.0796	1.6815	-5.1085	-0.1594
681	K	R	-0.0140	1.6815	-5.1085	-0.0735
681	K	S	-0.0905	1.6815	-5.1085	-0.1737
681	K	T	-0.1074	1.6815	-6.1084	-0.1892
681	K	V	-0.1755	1.6815	-19.3963	-0.1895
681	K	W	-0.2334	1.6815	-19.3963	-0.2653
681	K	Y	-0.2092	1.6815	-19.3963	-0.2337
682	Q	A	-0.1966	0.9639	-19.3752	-0.1308
682	Q	C	-0.2428	0.9639	-19.3752	-0.1913
682	Q	D	-0.2831	0.9639	-19.3752	-0.2441
682	Q	E	-0.2017	0.9639	-19.3752	-0.1375
682	Q	F	-0.2508	0.9639	-19.3752	-0.2018
682	Q	G	-0.2672	0.9639	-19.3752	-0.2233
682	Q	H	-0.1298	0.9639	-6.0874	-0.1322
682	Q	I	-0.2322	0.9639	-19.3752	-0.1774
682	Q	K	-0.1619	0.9639	-6.0874	-0.1742
682	Q	L	-0.2155	0.9639	-19.3752	-0.1556
682	Q	M	-0.1865	0.9639	-19.3752	-0.1176
682	Q	N	-0.2122	0.9639	-19.3752	-0.1513
682	Q	P	-0.2905	0.9639	-3.7655	-0.3581
682	Q	R	-0.1486	0.9639	-3.7655	-0.1723
682	Q	S	-0.2150	0.9639	-19.3752	-0.1549
682	Q	T	-0.2249	0.9639	-19.3752	-0.1679
682	Q	V	-0.2322	0.9639	-19.3752	-0.1775
682	Q	W	-0.2502	0.9639	-19.3752	-0.2010
682	Q	Y	-0.2531	0.9639	-19.3752	-0.2048
683	V	A	-0.0794	1.8444	-2.2801	-0.1977
683	V	C	-0.1945	1.8444	-19.3752	-0.2342
683	V	D	-0.2522	1.8444	-3.5025	-0.4158
683	V	E	-0.2905	1.8444	-19.3752	-0.3599
683	V	F	-0.2438	1.8444	-19.3752	-0.2987
683	V	G	-0.2247	1.8444	-6.0874	-0.3624
683	V	H	-0.3362	1.8444	-19.3752	-0.4197
683	V	I	-0.0225	1.8444	-3.7655	-0.1133
683	V	K	-0.3295	1.8444	-19.3752	-0.4109
683	V	L	-0.1673	1.8444	-19.3752	-0.1985
683	V	M	-0.1085	1.8444	-6.0874	-0.2104
683	V	N	-0.3211	1.8444	-19.3752	-0.3999
683	V	P	-0.3710	1.8444	-19.3752	-0.4652
683	V	Q	-0.3012	1.8444	-19.3752	-0.3738
683	V	R	-0.3505	1.8444	-19.3752	-0.4384
683	V	S	-0.2703	1.8444	-19.3752	-0.3334
683	V	T	-0.1128	1.8444	-5.0874	-0.2226
683	V	W	-0.2844	1.8444	-19.3752	-0.3518
683	V	Y	-0.2873	1.8444	-19.3752	-0.3556
684	L	A	-0.3244	0.8744	-19.3752	-0.2874
684	L	C	-0.3137	0.8744	-19.3752	-0.2733
684	L	D	-0.4459	0.8744	-19.3752	-0.4465
684	L	E	-0.4140	0.8744	-19.3752	-0.4047
684	L	F	-0.2579	0.8744	-19.3752	-0.2003
684	L	G	-0.3315	0.8744	-6.0874	-0.3854
684	L	H	-0.3668	0.8744	-19.3752	-0.3429
684	L	I	-0.1985	0.8744	-19.3752	-0.1226
684	L	K	-0.4130	0.8744	-19.3752	-0.4034
684	L	M	-0.2218	0.8744	-19.3752	-0.1531
684	L	N	-0.3923	0.8744	-19.3752	-0.3762
684	L	P	-0.3349	0.8744	-5.0874	-0.3966
684	L	Q	-0.3452	0.8744	-19.3752	-0.3146
684	L	R	-0.4046	0.8744	-19.3752	-0.3924
684	L	S	-0.3548	0.8744	-19.3752	-0.3272
684	L	T	-0.2495	0.8744	-4.0875	-0.2915
684	L	V	-0.1589	0.8744	-4.5025	-0.1701
684	L	W	-0.3570	0.8744	-19.3752	-0.3301
684	L	Y	-0.3499	0.8744	-19.3752	-0.3208
685	G	A	-0.2072	1.0221	-6.0874	-0.2405
685	G	C	-0.3347	1.0221	-19.3752	-0.3187
685	G	D	-0.3353	1.0221	-19.3752	-0.3194
685	G	E	-0.2566	1.0221	-4.0875	-0.3185
685	G	F	-0.3729	1.0221	-19.3752	-0.3686
685	G	H	-0.3476	1.0221	-19.3752	-0.3355
685	G	I	-0.4185	1.0221	-19.3752	-0.4284
685	G	K	-0.3675	1.0221	-19.3752	-0.3616
685	G	L	-0.3868	1.0221	-19.3752	-0.3868
685	G	M	-0.2572	1.0221	-6.0874	-0.3059
685	G	N	-0.3356	1.0221	-19.3752	-0.3198
685	G	P	-0.4327	1.0221	-19.3752	-0.4469
685	G	Q	-0.3385	1.0221	-19.3752	-0.3236
685	G	R	-0.2786	1.0221	-5.0874	-0.3407
685	G	S	-0.2809	1.0221	-19.3752	-0.2482
685	G	T	-0.2900	1.0221	-6.0874	-0.3489
685	G	V	-0.2889	1.0221	-5.0874	-0.3541
685	G	W	-0.3726	1.0221	-19.3752	-0.3683
685	G	Y	-0.3732	1.0221	-19.3752	-0.3691
686	L	A	-0.2793	1.3644	-19.3752	-0.2874
686	L	C	-0.2008	1.3644	-6.0874	-0.2733
686	L	D	-0.4009	1.3644	-19.3752	-0.4465
686	L	E	-0.3011	1.3644	-6.0874	-0.4047
686	L	F	-0.1450	1.3644	-6.0874	-0.2003
686	L	G	-0.3542	1.3644	-19.3752	-0.3854
686	L	H	-0.3217	1.3644	-19.3752	-0.3429
686	L	I	-0.0856	1.3644	-6.0874	-0.1226
686	L	K	-0.3679	1.3644	-19.3752	-0.4034
686	L	M	-0.1038	1.3644	-5.0874	-0.1531
686	L	N	-0.3472	1.3644	-19.3752	-0.3762
686	L	P	-0.3627	1.3644	-19.3752	-0.3966
686	L	Q	-0.3001	1.3644	-19.3752	-0.3146
686	L	R	-0.3595	1.3644	-19.3752	-0.3924
686	L	S	-0.2368	1.3644	-5.0874	-0.3272
686	L	T	-0.2825	1.3644	-19.3752	-0.2915
686	L	V	-0.1168	1.3644	-5.0874	-0.1701
686	L	W	-0.2323	1.3644	-3.7655	-0.3301
686	L	Y	-0.3048	1.3644	-19.3752	-0.3208
687	Q	A	-0.2219	0.6884	-19.3752	-0.1308
687	Q	C	-0.2681	0.6884	-19.3752	-0.1913
687	Q	D	-0.3085	0.6884	-19.3752	-0.2441
687	Q	E	-0.1592	0.6884	-6.0874	-0.1375
687	Q	F	-0.2762	0.6884	-19.3752	-0.2018
687	Q	G	-0.2926	0.6884	-19.3752	-0.2233
687	Q	H	-0.2230	0.6884	-19.3752	-0.1322
687	Q	I	-0.2575	0.6884	-19.3752	-0.1774
687	Q	K	-0.2551	0.6884	-19.3752	-0.1742
687	Q	L	-0.2409	0.6884	-19.3752	-0.1556
687	Q	M	-0.2118	0.6884	-19.3752	-0.1176
687	Q	N	-0.2376	0.6884	-19.3752	-0.1513
687	Q	P	-0.3196	0.6884	-4.5025	-0.3581
687	Q	R	-0.1756	0.6884	-4.0875	-0.1723
687	Q	S	-0.2403	0.6884	-19.3752	-0.1549
687	Q	T	-0.2503	0.6884	-19.3752	-0.1679
687	Q	V	-0.2576	0.6884	-19.3752	-0.1775
687	Q	W	-0.2755	0.6884	-19.3752	-0.2010
687	Q	Y	-0.2784	0.6884	-19.3752	-0.2048
688	K	A	-0.0207	2.2538	-3.7442	-0.1604
688	K	C	-0.1706	2.2538	-19.3538	-0.2523
688	K	D	-0.1416	2.2538	-6.0660	-0.3031
688	K	E	-0.0575	2.2538	-6.0660	-0.1930
688	K	F	-0.1715	2.2538	-19.3538	-0.2535
688	K	G	-0.1596	2.2538	-19.3538	-0.2379
688	K	H	-0.1105	2.2538	-19.3538	-0.1736
688	K	I	-0.0547	2.2538	-2.8962	-0.2106
688	K	L	-0.0696	2.2538	-6.0660	-0.2089
688	K	M	-0.1105	2.2538	-19.3538	-0.1736
688	K	N	-0.1186	2.2538	-19.3538	-0.1843
688	K	P	-0.2018	2.2538	-5.0661	-0.3886
688	K	Q	-0.0996	2.2538	-19.3538	-0.1594
688	K	R	-0.0340	2.2538	-19.3538	-0.0735
688	K	S	-0.0427	2.2538	-6.0660	-0.1737
688	K	T	-0.0291	2.2538	-1.0661	-0.1892
688	K	V	-0.0548	2.2538	-6.0660	-0.1895
688	K	W	-0.1805	2.2538	-19.3538	-0.2653
688	K	Y	-0.1564	2.2538	-19.3538	-0.2337
689	G	A	-0.2856	0.9024	-19.2878	-0.2405
689	G	C	-0.3453	0.9024	-19.2878	-0.3187
689	G	D	-0.2780	0.9024	-5.9999	-0.3194
689	G	E	-0.2642	0.9024	-3.4151	-0.3185
689	G	F	-0.3834	0.9024	-19.2878	-0.3686
689	G	H	-0.3581	0.9024	-19.2878	-0.3355
689	G	I	-0.4291	0.9024	-19.2878	-0.4284
689	G	K	-0.3781	0.9024	-19.2878	-0.3616
689	G	L	-0.3973	0.9024	-19.2878	-0.3868
689	G	M	-0.3355	0.9024	-19.2878	-0.3059
689	G	N	-0.3461	0.9024	-19.2878	-0.3198
689	G	P	-0.4432	0.9024	-19.2878	-0.4469
689	G	Q	-0.3491	0.9024	-19.2878	-0.3236
689	G	R	-0.2943	0.9024	-5.9999	-0.3407
689	G	S	-0.2236	0.9024	-5.9999	-0.2482
689	G	T	-0.3684	0.9024	-19.2878	-0.3489
689	G	V	-0.3045	0.9024	-5.9999	-0.3541
689	G	W	-0.3832	0.9024	-19.2878	-0.3683
689	G	Y	-0.3838	0.9024	-19.2878	-0.3691
690	Q	A	-0.0809	1.4826	-6.0660	-0.1308
690	Q	C	-0.1169	1.4826	-4.0661	-0.1913
690	Q	D	-0.2353	1.4826	-19.3538	-0.2441
690	Q	E	-0.0707	1.4826	-3.0661	-0.1375
690	Q	F	-0.2030	1.4826	-19.3538	-0.2018
690	Q	G	-0.2194	1.4826	-19.3538	-0.2233
690	Q	H	-0.0820	1.4826	-6.0660	-0.1322
690	Q	I	-0.1843	1.4826	-19.3538	-0.1774
690	Q	K	-0.1141	1.4826	-6.0660	-0.1742
690	Q	L	-0.0999	1.4826	-6.0660	-0.1556
690	Q	M	-0.1387	1.4826	-19.3538	-0.1176
690	Q	N	-0.1644	1.4826	-19.3538	-0.1513
690	Q	P	-0.2546	1.4826	-6.0660	-0.3581
690	Q	R	-0.1126	1.4826	-6.0660	-0.1723
690	Q	S	-0.1672	1.4826	-19.3538	-0.1549
690	Q	T	-0.1771	1.4826	-19.3538	-0.1679
690	Q	V	-0.1844	1.4826	-19.3538	-0.1775
690	Q	W	-0.2024	1.4826	-19.3538	-0.2010
690	Q	Y	-0.2053	1.4826	-19.3538	-0.2048
691	Q	A	-0.1750	1.2015	-19.4375	-0.1308
691	Q	C	-0.2212	1.2015	-19.4375	-0.1913
691	Q	D	-0.2616	1.2015	-19.4375	-0.2441
691	Q	E	-0.0940	1.2015	-2.5648	-0.1375
691	Q	F	-0.2293	1.2015	-19.4375	-0.2018
691	Q	G	-0.1698	1.2015	-4.5648	-0.2233
691	Q	H	-0.1761	1.2015	-19.4375	-0.1322
691	Q	I	-0.2106	1.2015	-19.4375	-0.1774
691	Q	K	-0.1404	1.2015	-6.1496	-0.1742
691	Q	L	-0.1940	1.2015	-19.4375	-0.1556
691	Q	M	-0.1649	1.2015	-19.4375	-0.1176
691	Q	N	-0.1907	1.2015	-19.4375	-0.1513
691	Q	P	-0.2808	1.2015	-6.1496	-0.3581
691	Q	R	-0.1389	1.2015	-6.1496	-0.1723
691	Q	S	-0.1934	1.2015	-19.4375	-0.1549
691	Q	T	-0.2034	1.2015	-19.4375	-0.1679
691	Q	V	-0.2107	1.2015	-19.4375	-0.1775
691	Q	W	-0.2287	1.2015	-19.4375	-0.2010
691	Q	Y	-0.2316	1.2015	-19.4375	-0.2048
692	T	A	0.0050	2.5426	-3.8480	-0.1608
692	T	C	-0.1105	2.5426	-19.4577	-0.2077
692	T	D	-0.1902	2.5426	-19.4577	-0.3121
692	T	E	-0.1655	2.5426	-19.4577	-0.2798
692	T	F	-0.1819	2.5426	-19.4577	-0.3012
692	T	G	-0.1481	2.5426	-19.4577	-0.2570
692	T	H	-0.1622	2.5426	-19.4577	-0.2754
692	T	I	-0.0123	2.5426	-2.1700	-0.1947
692	T	K	-0.0899	2.5426	-6.1698	-0.2696
692	T	L	-0.0677	2.5426	-2.8480	-0.2627
692	T	M	-0.0322	2.5426	-2.3626	-0.2194
692	T	N	-0.1303	2.5426	-19.4577	-0.2336
692	T	P	-0.2389	2.5426	-19.4577	-0.3759
692	T	Q	-0.1397	2.5426	-19.4577	-0.2460
692	T	R	-0.1606	2.5426	-19.4577	-0.2733
692	T	S	-0.0384	2.5426	-19.4577	-0.1133
692	T	V	-0.0050	2.5426	-3.1699	-0.1784
692	T	W	-0.1748	2.5426	-19.4577	-0.2919
692	T	Y	-0.1833	2.5426	-19.4577	-0.3031
693	G	A	-0.1527	1.5640	-5.1699	-0.2405
693	G	C	-0.2853	1.5640	-19.4577	-0.3187
693	G	D	-0.2858	1.5640	-19.4577	-0.3194
693	G	E	-0.1990	1.5640	-2.5850	-0.3185
693	G	F	-0.3234	1.5640	-19.4577	-0.3686
693	G	H	-0.2981	1.5640	-19.4577	-0.3355
693	G	I	-0.3691	1.5640	-19.4577	-0.4284
693	G	K	-0.3181	1.5640	-19.4577	-0.3616
693	G	L	-0.3373	1.5640	-19.4577	-0.3868
693	G	M	-0.2755	1.5640	-19.4577	-0.3059
693	G	N	-0.2861	1.5640	-19.4577	-0.3198
693	G	P	-0.3832	1.5640	-19.4577	-0.4469
693	G	Q	-0.2212	1.5640	-6.1698	-0.3236
693	G	R	-0.2292	1.5640	-5.1699	-0.3407
693	G	S	-0.2314	1.5640	-19.4577	-0.2482
693	G	T	-0.2325	1.5640	-4.5850	-0.3489
693	G	V	-0.2364	1.5640	-4.5850	-0.3541
693	G	W	-0.3232	1.5640	-19.4577	-0.3683
693	G	Y	-0.3238	1.5640	-19.4577	-0.3691
694	G	A	-0.0851	2.2246	-3.8480	-0.2405
694	G	C	-0.2245	2.2246	-19.4577	-0.3187
694	G	D	-0.1429	2.2246	-3.3626	-0.3194
694	G	E	-0.1422	2.2246	-3.3626	-0.3185
694	G	F	-0.2626	2.2246	-19.4577	-0.3686
694	G	H	-0.2373	2.2246	-19.4577	-0.3355
694	G	I	-0.3083	2.2246	-19.4577	-0.4284
694	G	K	-0.1895	2.2246	-6.1698	-0.3616
694	G	L	-0.2765	2.2246	-19.4577	-0.3868
694	G	M	-0.2147	2.2246	-19.4577	-0.3059
694	G	N	-0.1524	2.2246	-5.1699	-0.3198
694	G	P	-0.3224	2.2246	-19.4577	-0.4469
694	G	Q	-0.2283	2.2246	-19.4577	-0.3236
694	G	R	-0.1654	2.2246	-4.5850	-0.3407
694	G	S	-0.0948	2.2246	-4.5850	-0.2482
694	G	T	-0.1798	2.2246	-6.1698	-0.3489
694	G	V	-0.1786	2.2246	-5.1699	-0.3541
694	G	W	-0.2624	2.2246	-19.4577	-0.3683
694	G	Y	-0.2630	2.2246	-19.4577	-0.3691
695	R	A	-0.0958	2.4327	-4.5648	-0.2748
695	R	C	-0.1128	2.4327	-6.1496	-0.2864
695	R	D	-0.2628	2.4327	-19.4375	-0.3940
695	R	E	-0.1402	2.4327	-6.1496	-0.3223
695	R	F	-0.1280	2.4327	-4.5648	-0.3169
695	R	G	-0.2071	2.4327	-19.4375	-0.3211
695	R	H	-0.0656	2.4327	-4.5648	-0.2352
695	R	I	-0.2011	2.4327	-19.4375	-0.3133
695	R	K	-0.0620	2.4327	-19.4375	-0.1311
695	R	L	-0.0802	2.4327	-1.0205	-0.2780
695	R	M	-0.1400	2.4327	-19.4375	-0.2333
695	R	N	-0.1188	2.4327	-6.1496	-0.2943
695	R	P	-0.2342	2.4327	-3.8278	-0.4608
695	R	Q	-0.1465	2.4327	-19.4375	-0.2417
695	R	S	-0.1045	2.4327	-6.1496	-0.2755
695	R	T	-0.1766	2.4327	-19.4375	-0.2812
695	R	V	-0.1021	2.4327	-2.5648	-0.2964
695	R	W	-0.1895	2.4327	-19.4375	-0.2980
695	R	Y	-0.1932	2.4327	-19.4375	-0.3029
696	G	A	-0.2085	0.8823	-3.8278	-0.2405
696	G	C	-0.3479	0.8823	-19.4375	-0.3187
696	G	D	-0.3485	0.8823	-19.4375	-0.3194
696	G	E	-0.2698	0.8823	-4.1498	-0.3185
696	G	F	-0.3860	0.8823	-19.4375	-0.3686
696	G	H	-0.3608	0.8823	-19.4375	-0.3355
696	G	I	-0.3639	0.8823	-6.1496	-0.4284
696	G	K	-0.3807	0.8823	-19.4375	-0.3616
696	G	L	-0.3999	0.8823	-19.4375	-0.3868
696	G	M	-0.3382	0.8823	-19.4375	-0.3059
696	G	N	-0.3488	0.8823	-19.4375	-0.3198
696	G	P	-0.4459	0.8823	-19.4375	-0.4469
696	G	Q	-0.3517	0.8823	-19.4375	-0.3236
696	G	R	-0.2969	0.8823	-6.1496	-0.3407
696	G	S	-0.2941	0.8823	-19.4375	-0.2482
696	G	T	-0.3710	0.8823	-19.4375	-0.3489
696	G	V	-0.3750	0.8823	-19.4375	-0.3541
696	G	W	-0.3858	0.8823	-19.4375	-0.3683
696	G	Y	-0.3864	0.8823	-19.4375	-0.3691
697	V	A	-0.0868	1.7941	-2.8278	-0.1977
697	V	C	-0.1995	1.7941	-19.4375	-0.2342
697	V	D	-0.3382	1.7941	-19.4375	-0.4158
697	V	E	-0.2196	1.7941	-4.5648	-0.3599
697	V	F	-0.2488	1.7941	-19.4375	-0.2987
697	V	G	-0.2215	1.7941	-4.5648	-0.3624
697	V	H	-0.3412	1.7941	-19.4375	-0.4197
697	V	I	-0.1071	1.7941	-19.4375	-0.1133
697	V	K	-0.3345	1.7941	-19.4375	-0.4109
697	V	L	-0.1044	1.7941	-6.1496	-0.1985
697	V	M	-0.0965	1.7941	-2.8278	-0.2104
697	V	N	-0.3261	1.7941	-19.4375	-0.3999
697	V	P	-0.3759	1.7941	-19.4375	-0.4652
697	V	Q	-0.3061	1.7941	-19.4375	-0.3738
697	V	R	-0.2877	1.7941	-6.1496	-0.4384
697	V	S	-0.2753	1.7941	-19.4375	-0.3334
697	V	T	-0.1906	1.7941	-19.4375	-0.2226
697	V	W	-0.2893	1.7941	-19.4375	-0.3518
697	V	Y	-0.2922	1.7941	-19.4375	-0.3556
698	L	A	-0.2114	1.2391	-3.8074	-0.2874
698	L	C	-0.2803	1.2391	-19.4170	-0.2733
698	L	D	-0.4126	1.2391	-19.4170	-0.4465
698	L	E	-0.3807	1.2391	-19.4170	-0.4047
698	L	F	-0.1465	1.2391	-4.1293	-0.2003
698	L	G	-0.3659	1.2391	-19.4170	-0.3854
698	L	H	-0.2657	1.2391	-6.1292	-0.3429
698	L	I	-0.1652	1.2391	-19.4170	-0.1226
698	L	K	-0.3797	1.2391	-19.4170	-0.4034
698	L	M	-0.1885	1.2391	-19.4170	-0.1531
698	L	N	-0.3589	1.2391	-19.4170	-0.3762
698	L	P	-0.2986	1.2391	-4.5443	-0.3966
698	L	Q	-0.3119	1.2391	-19.4170	-0.3146
698	L	R	-0.3713	1.2391	-19.4170	-0.3924
698	L	S	-0.3215	1.2391	-19.4170	-0.3272
698	L	T	-0.2264	1.2391	-6.1292	-0.2915
698	L	V	-0.1337	1.2391	-6.1292	-0.1701
698	L	W	-0.3237	1.2391	-19.4170	-0.3301
698	L	Y	-0.3166	1.2391	-19.4170	-0.3208
699	P	A	-0.1035	1.4544	-4.5236	-0.1672
699	P	C	-0.2120	1.4544	-19.3963	-0.2100
699	P	D	-0.2379	1.4544	-19.3963	-0.2439
699	P	E	-0.2217	1.4544	-19.3963	-0.2227
699	P	F	-0.2405	1.4544	-19.3963	-0.2472
699	P	G	-0.1937	1.4544	-19.3963	-0.1860
699	P	H	-0.1422	1.4544	-4.5236	-0.2179
699	P	I	-0.1557	1.4544	-6.1084	-0.2250
699	P	K	-0.2134	1.4544	-19.3963	-0.2118
699	P	L	-0.2281	1.4544	-19.3963	-0.2310
699	P	M	-0.1790	1.4544	-19.3963	-0.1668
699	P	N	-0.2061	1.4544	-19.3963	-0.2022
699	P	Q	-0.2078	1.4544	-19.3963	-0.2044
699	P	R	-0.2492	1.4544	-19.3963	-0.2586
699	P	S	-0.1010	1.4544	-4.1085	-0.1668
699	P	T	-0.1072	1.4544	-2.9386	-0.1827
699	P	V	-0.1789	1.4544	-19.3963	-0.1666
699	P	W	-0.2530	1.4544	-19.3963	-0.2636
699	P	Y	-0.2414	1.4544	-19.3963	-0.2485
700	Q	A	-0.2225	0.6854	-19.4375	-0.1308
700	Q	C	-0.2687	0.6854	-19.4375	-0.1913
700	Q	D	-0.3091	0.6854	-19.4375	-0.2441
700	Q	E	-0.2276	0.6854	-19.4375	-0.1375
700	Q	F	-0.2768	0.6854	-19.4375	-0.2018
700	Q	G	-0.2932	0.6854	-19.4375	-0.2233
700	Q	H	-0.2236	0.6854	-19.4375	-0.1322
700	Q	I	-0.2581	0.6854	-19.4375	-0.1774
700	Q	K	-0.1879	0.6854	-6.1496	-0.1742
700	Q	L	-0.1737	0.6854	-6.1496	-0.1556
700	Q	M	-0.2124	0.6854	-19.4375	-0.1176
700	Q	N	-0.2382	0.6854	-19.4375	-0.1513
700	Q	P	-0.3232	0.6854	-5.1497	-0.3581
700	Q	R	-0.1813	0.6854	-5.1497	-0.1723
700	Q	S	-0.1731	0.6854	-6.1496	-0.1549
700	Q	T	-0.2509	0.6854	-19.4375	-0.1679
700	Q	V	-0.2582	0.6854	-19.4375	-0.1775
700	Q	W	-0.2761	0.6854	-19.4375	-0.2010
700	Q	Y	-0.2790	0.6854	-19.4375	-0.2048
701	G	A	-0.2770	1.0001	-19.3752	-0.2405
701	G	C	-0.3368	1.0001	-19.3752	-0.3187
701	G	D	-0.2695	1.0001	-6.0874	-0.3194
701	G	E	-0.2535	1.0001	-3.0875	-0.3185
701	G	F	-0.3749	1.0001	-19.3752	-0.3686
701	G	H	-0.3496	1.0001	-19.3752	-0.3355
701	G	I	-0.4206	1.0001	-19.3752	-0.4284
701	G	K	-0.3695	1.0001	-19.3752	-0.3616
701	G	L	-0.3888	1.0001	-19.3752	-0.3868
701	G	M	-0.3270	1.0001	-19.3752	-0.3059
701	G	N	-0.3376	1.0001	-19.3752	-0.3198
701	G	P	-0.4347	1.0001	-19.3752	-0.4469
701	G	Q	-0.3405	1.0001	-19.3752	-0.3236
701	G	R	-0.2807	1.0001	-5.0874	-0.3407
701	G	S	-0.2100	1.0001	-5.0874	-0.2482
701	G	T	-0.3598	1.0001	-19.3752	-0.3489
701	G	V	-0.3638	1.0001	-19.3752	-0.3541
701	G	W	-0.3747	1.0001	-19.3752	-0.3683
701	G	Y	-0.3753	1.0001	-19.3752	-0.3691
702	K	A	-0.0250	2.3408	-6.1496	-0.1604
702	K	C	-0.1630	2.3408	-19.4375	-0.2523
702	K	D	-0.2018	2.3408	-19.4375	-0.3031
702	K	E	-0.0346	2.3408	-3.1498	-0.1930
702	K	F	-0.1639	2.3408	-19.4375	-0.2535
702	K	G	-0.1520	2.3408	-19.4375	-0.2379
702	K	H	-0.1029	2.3408	-19.4375	-0.1736
702	K	I	-0.0633	2.3408	-6.1496	-0.2106
702	K	L	-0.1298	2.3408	-19.4375	-0.2089
702	K	M	-0.0208	2.3408	-3.3424	-0.1736
702	K	N	-0.1111	2.3408	-19.4375	-0.1843
702	K	P	-0.2671	2.3408	-19.4375	-0.3886
702	K	Q	-0.0124	2.3408	-3.8278	-0.1594
702	K	R	0.0583	2.3408	-2.8278	-0.0735
702	K	S	-0.1030	2.3408	-19.4375	-0.1737
702	K	T	-0.0338	2.3408	-3.5648	-0.1892
702	K	V	-0.1150	2.3408	-19.4375	-0.1895
702	K	W	-0.1729	2.3408	-19.4375	-0.2653
702	K	Y	-0.1488	2.3408	-19.4375	-0.2337
703	E	A	-0.1528	0.9314	-6.1496	-0.1580
703	E	C	-0.2900	0.9314	-19.4375	-0.2488
703	E	D	-0.1135	0.9314	-5.1497	-0.1131
703	E	F	-0.2676	0.9314	-19.4375	-0.2195
703	E	G	-0.1735	0.9314	-5.1497	-0.1917
703	E	H	-0.2589	0.9314	-19.4375	-0.2081
703	E	I	-0.2730	0.9314	-19.4375	-0.2265
703	E	K	-0.1668	0.9314	-4.5648	-0.1868
703	E	L	-0.2073	0.9314	-6.1496	-0.2293
703	E	M	-0.2239	0.9314	-19.4375	-0.1623
703	E	N	-0.2469	0.9314	-19.4375	-0.1923
703	E	P	-0.3776	0.9314	-19.4375	-0.3635
703	E	Q	-0.1254	0.9314	-6.1496	-0.1220
703	E	R	-0.3032	0.9314	-19.4375	-0.2660
703	E	S	-0.2341	0.9314	-19.4375	-0.1756
703	E	T	-0.2500	0.9314	-19.4375	-0.1964
703	E	V	-0.2339	0.9314	-19.4375	-0.1753
703	E	W	-0.2777	0.9314	-19.4375	-0.2327
703	E	Y	-0.2685	0.9314	-19.4375	-0.2206
704	P	A	-0.1226	1.2798	-5.1293	-0.1672
704	P	C	-0.2282	1.2798	-19.4170	-0.2100
704	P	D	-0.2541	1.2798	-19.4170	-0.2439
704	P	E	-0.2379	1.2798	-19.4170	-0.2227
704	P	F	-0.2566	1.2798	-19.4170	-0.2472
704	P	G	-0.2099	1.2798	-19.4170	-0.1860
704	P	H	-0.1613	1.2798	-5.1293	-0.2179
704	P	I	-0.2397	1.2798	-19.4170	-0.2250
704	P	K	-0.2296	1.2798	-19.4170	-0.2118
704	P	L	-0.1570	1.2798	-2.3220	-0.2310
704	P	M	-0.1952	1.2798	-19.4170	-0.1668
704	P	N	-0.2223	1.2798	-19.4170	-0.2022
704	P	Q	-0.1561	1.2798	-6.1292	-0.2044
704	P	R	-0.2653	1.2798	-19.4170	-0.2586
704	P	S	-0.1274	1.2798	-6.1292	-0.1668
704	P	T	-0.2074	1.2798	-19.4170	-0.1827
704	P	V	-0.1951	1.2798	-19.4170	-0.1666
704	P	W	-0.2692	1.2798	-19.4170	-0.2636
704	P	Y	-0.2576	1.2798	-19.4170	-0.2485
705	L	A	-0.2501	1.6854	-19.4375	-0.2874
705	L	C	-0.1635	1.6854	-4.5648	-0.2733
705	L	D	-0.3716	1.6854	-19.4375	-0.4465
705	L	E	-0.3397	1.6854	-19.4375	-0.4047
705	L	F	-0.1056	1.6854	-4.1498	-0.2003
705	L	G	-0.3250	1.6854	-19.4375	-0.3854
705	L	H	-0.2925	1.6854	-19.4375	-0.3429
705	L	I	-0.0564	1.6854	-6.1496	-0.1226
705	L	K	-0.3387	1.6854	-19.4375	-0.4034
705	L	M	-0.1475	1.6854	-19.4375	-0.1531
705	L	N	-0.3179	1.6854	-19.4375	-0.3762
705	L	P	-0.2657	1.6854	-6.1496	-0.3966
705	L	Q	-0.2709	1.6854	-19.4375	-0.3146
705	L	R	-0.3303	1.6854	-19.4375	-0.3924
705	L	S	-0.1900	1.6854	-1.6903	-0.3272
705	L	T	-0.2532	1.6854	-19.4375	-0.2915
705	L	V	-0.0927	1.6854	-6.1496	-0.1701
705	L	W	-0.2827	1.6854	-19.4375	-0.3301
705	L	Y	-0.2756	1.6854	-19.4375	-0.3208
706	A	C	-0.1656	1.7475	-19.4577	-0.1841
706	A	D	-0.2473	1.7475	-19.4577	-0.2911
706	A	E	-0.1652	1.7475	-6.1698	-0.2723
706	A	F	-0.2157	1.7475	-19.4577	-0.2497
706	A	G	-0.0795	1.7475	-3.8480	-0.1756
706	A	H	-0.2198	1.7475	-19.4577	-0.2551
706	A	I	-0.1374	1.7475	-6.1698	-0.2360
706	A	K	-0.2376	1.7475	-19.4577	-0.2784
706	A	L	-0.1371	1.7475	-5.1699	-0.2422
706	A	M	-0.1687	1.7475	-19.4577	-0.1882
706	A	N	-0.2177	1.7475	-19.4577	-0.2523
706	A	P	-0.2871	1.7475	-19.4577	-0.3431
706	A	Q	-0.2152	1.7475	-19.4577	-0.2490
706	A	R	-0.2483	1.7475	-19.4577	-0.2924
706	A	S	-0.0523	1.7475	-4.1699	-0.1379
706	A	T	-0.0604	1.7475	-4.5850	-0.1457
706	A	V	-0.0502	1.7475	-3.1699	-0.1418
706	A	W	-0.2266	1.7475	-19.4577	-0.2640
706	A	Y	-0.2349	1.7475	-19.4577	-0.2748
707	V	A	-0.0828	1.8376	-2.8278	-0.1977
707	V	C	-0.1955	1.8376	-19.4375	-0.2342
707	V	D	-0.3342	1.8376	-19.4375	-0.4158
707	V	E	-0.2156	1.8376	-4.5648	-0.3599
707	V	F	-0.2448	1.8376	-19.4375	-0.2987
707	V	G	-0.2256	1.8376	-6.1496	-0.3624
707	V	H	-0.3372	1.8376	-19.4375	-0.4197
707	V	I	-0.1031	1.8376	-19.4375	-0.1133
707	V	K	-0.3305	1.8376	-19.4375	-0.4109
707	V	L	-0.0851	1.8376	-3.1498	-0.1985
707	V	M	-0.1044	1.8376	-5.1497	-0.2104
707	V	N	-0.3221	1.8376	-19.4375	-0.3999
707	V	P	-0.3719	1.8376	-19.4375	-0.4652
707	V	Q	-0.3021	1.8376	-19.4375	-0.3738
707	V	R	-0.3515	1.8376	-19.4375	-0.4384
707	V	S	-0.2034	1.8376	-6.1496	-0.3334
707	V	T	-0.1137	1.8376	-5.1497	-0.2226
707	V	W	-0.2853	1.8376	-19.4375	-0.3518
707	V	Y	-0.2882	1.8376	-19.4375	-0.3556
708	P	A	-0.1154	1.4151	-6.1496	-0.1672
708	P	C	-0.2159	1.4151	-19.4375	-0.2100
708	P	D	-0.2418	1.4151	-19.4375	-0.2439
708	P	E	-0.2256	1.4151	-19.4375	-0.2227
708	P	F	-0.2443	1.4151	-19.4375	-0.2472
708	P	G	-0.1297	1.4151	-6.1496	-0.1860
708	P	H	-0.2219	1.4151	-19.4375	-0.2179
708	P	I	-0.2273	1.4151	-19.4375	-0.2250
708	P	K	-0.2173	1.4151	-19.4375	-0.2118
708	P	L	-0.1641	1.4151	-6.1496	-0.2310
708	P	M	-0.1829	1.4151	-19.4375	-0.1668
708	P	N	-0.2099	1.4151	-19.4375	-0.2022
708	P	Q	-0.2116	1.4151	-19.4375	-0.2044
708	P	R	-0.2530	1.4151	-19.4375	-0.2586
708	P	S	-0.0923	1.4151	-1.6903	-0.1668
708	P	T	-0.1191	1.4151	-4.5648	-0.1827
708	P	V	-0.1827	1.4151	-19.4375	-0.1666
708	P	W	-0.2568	1.4151	-19.4375	-0.2636
708	P	Y	-0.2453	1.4151	-19.4375	-0.2485
709	W	A	-0.4825	0.8651	-19.3963	-0.4931
709	W	C	-0.4184	0.8651	-19.3963	-0.4091
709	W	D	-0.5068	0.8651	-19.3963	-0.5249
709	W	E	-0.4586	0.8651	-6.1084	-0.5505
709	W	F	-0.3351	0.8651	-19.3963	-0.3001
709	W	G	-0.4677	0.8651	-19.3963	-0.4737
709	W	H	-0.4708	0.8651	-19.3963	-0.4778
709	W	I	-0.4684	0.8651	-19.3963	-0.4746
709	W	K	-0.5384	0.8651	-19.3963	-0.5662
709	W	L	-0.4299	0.8651	-19.3963	-0.4242
709	W	M	-0.4420	0.8651	-19.3963	-0.4401
709	W	N	-0.5151	0.8651	-19.3963	-0.5357
709	W	P	-0.4803	0.8651	-5.1085	-0.5857
709	W	Q	-0.4081	0.8651	-0.2259	-0.5237
709	W	R	-0.3904	0.8651	-4.5236	-0.4719
709	W	S	-0.4806	0.8651	-19.3963	-0.4906
709	W	T	-0.5242	0.8651	-19.3963	-0.5477
709	W	V	-0.4601	0.8651	-19.3963	-0.4637
709	W	Y	-0.3831	0.8651	-19.3963	-0.3629
710	E	A	-0.2124	1.0209	-19.4375	-0.1580
710	E	C	-0.2818	1.0209	-19.4375	-0.2488
710	E	D	-0.1103	1.0209	-6.1496	-0.1131
710	E	F	-0.2594	1.0209	-19.4375	-0.2195
710	E	G	-0.1653	1.0209	-5.1497	-0.1917
710	E	H	-0.2507	1.0209	-19.4375	-0.2081
710	E	I	-0.2647	1.0209	-19.4375	-0.2265
710	E	K	-0.1467	1.0209	-2.2429	-0.1868
710	E	L	-0.2669	1.0209	-19.4375	-0.2293
710	E	M	-0.2157	1.0209	-19.4375	-0.1623
710	E	N	-0.2386	1.0209	-19.4375	-0.1923
710	E	P	-0.3694	1.0209	-19.4375	-0.3635
710	E	Q	-0.1849	1.0209	-19.4375	-0.1220
710	E	R	-0.2949	1.0209	-19.4375	-0.2660
710	E	S	-0.2259	1.0209	-19.4375	-0.1756
710	E	T	-0.2418	1.0209	-19.4375	-0.1964
710	E	V	-0.2256	1.0209	-19.4375	-0.1753
710	E	W	-0.2695	1.0209	-19.4375	-0.2327
710	E	Y	-0.2602	1.0209	-19.4375	-0.2206
711	G	A	-0.2771	1.0031	-19.4375	-0.2405
711	G	C	-0.3368	1.0031	-19.4375	-0.3187
711	G	D	-0.2614	1.0031	-4.5648	-0.3194
711	G	E	-0.2570	1.0031	-3.8278	-0.3185
711	G	F	-0.3749	1.0031	-19.4375	-0.3686
711	G	H	-0.3496	1.0031	-19.4375	-0.3355
711	G	I	-0.4206	1.0031	-19.4375	-0.4284
711	G	K	-0.3696	1.0031	-19.4375	-0.3616
711	G	L	-0.3888	1.0031	-19.4375	-0.3868
711	G	M	-0.3270	1.0031	-19.4375	-0.3059
711	G	N	-0.3376	1.0031	-19.4375	-0.3198
711	G	P	-0.4347	1.0031	-19.4375	-0.4469
711	G	Q	-0.3406	1.0031	-19.4375	-0.3236
711	G	R	-0.3536	1.0031	-19.4375	-0.3407
711	G	S	-0.2100	1.0031	-5.1497	-0.2482
711	G	T	-0.2921	1.0031	-6.1496	-0.3489
711	G	V	-0.2960	1.0031	-6.1496	-0.3541
711	G	W	-0.3747	1.0031	-19.4375	-0.3683
711	G	Y	-0.3753	1.0031	-19.4375	-0.3691
712	S	A	-0.1019	1.0497	-6.1698	-0.1054
712	S	C	-0.1422	1.0497	-4.1699	-0.1715
712	S	D	-0.2684	1.0497	-19.4577	-0.2346
712	S	E	-0.2416	1.0497	-19.4577	-0.1995
712	S	F	-0.2478	1.0497	-19.4577	-0.2076
712	S	G	-0.1111	1.0497	-6.1698	-0.1174
712	S	H	-0.2490	1.0497	-19.4577	-0.2092
712	S	I	-0.2509	1.0497	-19.4577	-0.2117
712	S	K	-0.2583	1.0497	-19.4577	-0.2214
712	S	L	-0.2472	1.0497	-19.4577	-0.2068
712	S	M	-0.2182	1.0497	-19.4577	-0.1689
712	S	N	-0.1920	1.0497	-19.4577	-0.1346
712	S	P	-0.3232	1.0497	-19.4577	-0.3063
712	S	Q	-0.1387	1.0497	-5.1699	-0.1603
712	S	R	-0.2636	1.0497	-19.4577	-0.2283
712	S	T	-0.0807	1.0497	-3.8480	-0.0932
712	S	V	-0.2252	1.0497	-19.4577	-0.1780
712	S	W	-0.2575	1.0497	-19.4577	-0.2203
712	S	Y	-0.2526	1.0497	-19.4577	-0.2139
713	S	A	-0.0292	1.6551	-2.8480	-0.1054
713	S	C	-0.1645	1.6551	-19.4577	-0.1715
713	S	D	-0.2127	1.6551	-19.4577	-0.2346
713	S	E	-0.1181	1.6551	-6.1698	-0.1995
713	S	F	-0.1921	1.6551	-19.4577	-0.2076
713	S	G	-0.1232	1.6551	-19.4577	-0.1174
713	S	H	-0.1933	1.6551	-19.4577	-0.2092
713	S	I	-0.1952	1.6551	-19.4577	-0.2117
713	S	K	-0.1348	1.6551	-6.1698	-0.2214
713	S	L	-0.1134	1.6551	-4.1699	-0.2068
713	S	M	-0.0896	1.6551	-5.1699	-0.1689
713	S	N	-0.1363	1.6551	-19.4577	-0.1346
713	S	P	-0.1916	1.6551	-4.5850	-0.3063
713	S	Q	-0.1559	1.6551	-19.4577	-0.1603
713	S	R	-0.2079	1.6551	-19.4577	-0.2283
713	S	T	-0.1047	1.6551	-19.4577	-0.0932
713	S	V	-0.0965	1.6551	-5.1699	-0.1780
713	S	W	-0.2018	1.6551	-19.4577	-0.2203
713	S	Y	-0.1969	1.6551	-19.4577	-0.2139
714	G	A	-0.1732	1.3964	-6.1698	-0.2405
714	G	C	-0.3007	1.3964	-19.4577	-0.3187
714	G	D	-0.3013	1.3964	-19.4577	-0.3194
714	G	E	-0.2209	1.3964	-3.8480	-0.3185
714	G	F	-0.3388	1.3964	-19.4577	-0.3686
714	G	H	-0.3136	1.3964	-19.4577	-0.3355
714	G	I	-0.3167	1.3964	-6.1698	-0.4284
714	G	K	-0.2657	1.3964	-6.1698	-0.3616
714	G	L	-0.3527	1.3964	-19.4577	-0.3868
714	G	M	-0.2231	1.3964	-6.1698	-0.3059
714	G	N	-0.3016	1.3964	-19.4577	-0.3198
714	G	P	-0.3986	1.3964	-19.4577	-0.4469
714	G	Q	-0.3045	1.3964	-19.4577	-0.3236
714	G	R	-0.2335	1.3964	-3.0000	-0.3407
714	G	S	-0.2469	1.3964	-19.4577	-0.2482
714	G	T	-0.3238	1.3964	-19.4577	-0.3489
714	G	V	-0.2600	1.3964	-6.1698	-0.3541
714	G	W	-0.3386	1.3964	-19.4577	-0.3683
714	G	Y	-0.3392	1.3964	-19.4577	-0.3691
715	A	C	-0.1959	1.4184	-19.4577	-0.1841
715	A	D	-0.2776	1.4184	-19.4577	-0.2911
715	A	E	-0.2633	1.4184	-19.4577	-0.2723
715	A	F	-0.2460	1.4184	-19.4577	-0.2497
715	A	G	-0.1216	1.4184	-6.1698	-0.1756
715	A	H	-0.2501	1.4184	-19.4577	-0.2551
715	A	I	-0.2355	1.4184	-19.4577	-0.2360
715	A	K	-0.2679	1.4184	-19.4577	-0.2784
715	A	L	-0.2403	1.4184	-19.4577	-0.2422
715	A	M	-0.1990	1.4184	-19.4577	-0.1882
715	A	N	-0.2480	1.4184	-19.4577	-0.2523
715	A	P	-0.2495	1.4184	-6.1698	-0.3431
715	A	Q	-0.2455	1.4184	-19.4577	-0.2490
715	A	R	-0.2786	1.4184	-19.4577	-0.2924
715	A	S	-0.0928	1.4184	-6.1698	-0.1379
715	A	T	-0.0805	1.4184	-2.5850	-0.1457
715	A	V	-0.0805	1.4184	-3.1699	-0.1418
715	A	W	-0.2569	1.4184	-19.4577	-0.2640
715	A	Y	-0.2652	1.4184	-19.4577	-0.2748
716	M	A	-0.1560	1.7787	-6.1698	-0.2641
716	M	C	-0.2293	1.7787	-19.4577	-0.2713
716	M	D	-0.3353	1.7787	-19.4577	-0.4100
716	M	E	-0.2577	1.7787	-6.1698	-0.3972
716	M	F	-0.2289	1.7787	-19.4577	-0.2707
716	M	G	-0.3047	1.7787	-19.4577	-0.3700
716	M	H	-0.2821	1.7787	-19.4577	-0.3404
716	M	I	-0.0631	1.7787	-4.1699	-0.1558
716	M	K	-0.2135	1.7787	-5.1699	-0.3460
716	M	L	-0.0403	1.7787	-6.1698	-0.1126
716	M	N	-0.2769	1.7787	-19.4577	-0.3336
716	M	P	-0.3948	1.7787	-19.4577	-0.4879
716	M	Q	-0.2690	1.7787	-19.4577	-0.3232
716	M	R	-0.2459	1.7787	-6.1698	-0.3817
716	M	S	-0.1772	1.7787	-4.1699	-0.3052
716	M	T	-0.1170	1.7787	-4.1699	-0.2263
716	M	V	-0.0952	1.7787	-4.1699	-0.1978
716	M	W	-0.2917	1.7787	-19.4577	-0.3529
716	M	Y	-0.2712	1.7787	-19.4577	-0.3261
717	W	A	-0.5430	0.2114	-19.4577	-0.4931
717	W	C	-0.4110	0.2114	-6.1698	-0.4091
717	W	D	-0.5673	0.2114	-19.4577	-0.5249
717	W	E	-0.5868	0.2114	-19.4577	-0.5505
717	W	F	-0.3956	0.2114	-19.4577	-0.3001
717	W	G	-0.5282	0.2114	-19.4577	-0.4737
717	W	H	-0.5313	0.2114	-19.4577	-0.4778
717	W	I	-0.5288	0.2114	-19.4577	-0.4746
717	W	K	-0.5988	0.2114	-19.4577	-0.5662
717	W	L	-0.4903	0.2114	-19.4577	-0.4242
717	W	M	-0.5025	0.2114	-19.4577	-0.4401
717	W	N	-0.5755	0.2114	-19.4577	-0.5357
717	W	P	-0.6137	0.2114	-19.4577	-0.5857
717	W	Q	-0.5663	0.2114	-19.4577	-0.5237
717	W	R	-0.4590	0.2114	-6.1698	-0.4719
717	W	S	-0.5411	0.2114	-19.4577	-0.4906
717	W	T	-0.5847	0.2114	-19.4577	-0.5477
717	W	V	-0.5205	0.2114	-19.4577	-0.4637
717	W	Y	-0.4435	0.2114	-19.4577	-0.3629
718	G	A	-0.2026	1.0213	-5.1699	-0.2405
718	G	C	-0.3352	1.0213	-19.4577	-0.3187
718	G	D	-0.2680	1.0213	-6.1698	-0.3194
718	G	E	-0.2622	1.0213	-5.1699	-0.3185
718	G	F	-0.3733	1.0213	-19.4577	-0.3686
718	G	H	-0.3481	1.0213	-19.4577	-0.3355
718	G	I	-0.4190	1.0213	-19.4577	-0.4284
718	G	K	-0.3002	1.0213	-6.1698	-0.3616
718	G	L	-0.3873	1.0213	-19.4577	-0.3868
718	G	M	-0.3255	1.0213	-19.4577	-0.3059
718	G	N	-0.3361	1.0213	-19.4577	-0.3198
718	G	P	-0.4332	1.0213	-19.4577	-0.4469
718	G	Q	-0.3390	1.0213	-19.4577	-0.3236
718	G	R	-0.2699	1.0213	-3.3626	-0.3407
718	G	S	-0.2814	1.0213	-19.4577	-0.2482
718	G	T	-0.3583	1.0213	-19.4577	-0.3489
718	G	V	-0.3623	1.0213	-19.4577	-0.3541
718	G	W	-0.3731	1.0213	-19.4577	-0.3683
718	G	Y	-0.3737	1.0213	-19.4577	-0.3691
719	D	A	-0.1243	1.4177	-3.8278	-0.1947
719	D	C	-0.2454	1.4177	-19.4375	-0.2490
719	D	E	-0.0692	1.4177	-3.8278	-0.1226
719	D	F	-0.3041	1.4177	-19.4375	-0.3258
719	D	G	-0.1354	1.4177	-3.8278	-0.2093
719	D	H	-0.2133	1.4177	-19.4375	-0.2069
719	D	I	-0.2963	1.4177	-19.4375	-0.3156
719	D	K	-0.2747	1.4177	-19.4375	-0.2873
719	D	L	-0.2900	1.4177	-19.4375	-0.3073
719	D	M	-0.2287	1.4177	-19.4375	-0.2271
719	D	N	-0.0948	1.4177	-4.5648	-0.1511
719	D	P	-0.3409	1.4177	-19.4375	-0.3740
719	D	Q	-0.2309	1.4177	-19.4375	-0.2300
719	D	R	-0.3057	1.4177	-19.4375	-0.3279
719	D	S	-0.2104	1.4177	-19.4375	-0.2031
719	D	T	-0.2404	1.4177	-19.4375	-0.2424
719	D	V	-0.1832	1.4177	-6.1496	-0.2563
719	D	W	-0.2845	1.4177	-19.4375	-0.3002
719	D	Y	-0.2489	1.4177	-19.4375	-0.2536
720	D	A	-0.2673	0.7278	-19.4170	-0.1947
720	D	C	-0.3088	0.7278	-19.4170	-0.2490
720	D	E	-0.1326	0.7278	-3.8074	-0.1226
720	D	F	-0.3675	0.7278	-19.4170	-0.3258
720	D	G	-0.2026	0.7278	-4.5443	-0.2093
720	D	H	-0.2766	0.7278	-19.4170	-0.2069
720	D	I	-0.3597	0.7278	-19.4170	-0.3156
720	D	K	-0.3381	0.7278	-19.4170	-0.2873
720	D	L	-0.3533	0.7278	-19.4170	-0.3073
720	D	M	-0.2921	0.7278	-19.4170	-0.2271
720	D	N	-0.1662	0.7278	-6.1292	-0.1511
720	D	P	-0.4043	0.7278	-19.4170	-0.3740
720	D	Q	-0.2943	0.7278	-19.4170	-0.2300
720	D	R	-0.3691	0.7278	-19.4170	-0.3279
720	D	S	-0.2737	0.7278	-19.4170	-0.2031
720	D	T	-0.3038	0.7278	-19.4170	-0.2424
720	D	V	-0.3144	0.7278	-19.4170	-0.2563
720	D	W	-0.3479	0.7278	-19.4170	-0.3002
720	D	Y	-0.3123	0.7278	-19.4170	-0.2536
721	R	A	-0.1576	1.8482	-6.1292	-0.2748
721	R	C	-0.1665	1.8482	-6.1292	-0.2864
721	R	D	-0.3165	1.8482	-19.4170	-0.3940
721	R	E	-0.2617	1.8482	-19.4170	-0.3223
721	R	F	-0.2576	1.8482	-19.4170	-0.3169
721	R	G	-0.1849	1.8482	-4.5443	-0.3211
721	R	H	-0.1952	1.8482	-19.4170	-0.2352
721	R	I	-0.1870	1.8482	-6.1292	-0.3133
721	R	K	-0.0360	1.8482	-3.8074	-0.1311
721	R	L	-0.2279	1.8482	-19.4170	-0.2780
721	R	M	-0.1937	1.8482	-19.4170	-0.2333
721	R	N	-0.1725	1.8482	-6.1292	-0.2943
721	R	P	-0.3675	1.8482	-19.4170	-0.4608
721	R	Q	-0.1242	1.8482	-4.5443	-0.2417
721	R	S	-0.1449	1.8482	-3.5443	-0.2755
721	R	T	-0.1574	1.8482	-5.1293	-0.2812
721	R	V	-0.2419	1.8482	-19.4170	-0.2964
721	R	W	-0.2431	1.8482	-19.4170	-0.2980
721	R	Y	-0.2469	1.8482	-19.4170	-0.3029
722	G	A	-0.2804	0.9668	-19.4375	-0.2405
722	G	C	-0.3401	0.9668	-19.4375	-0.3187
722	G	D	-0.2648	0.9668	-4.5648	-0.3194
722	G	E	-0.3400	0.9668	-19.4375	-0.3185
722	G	F	-0.3783	0.9668	-19.4375	-0.3686
722	G	H	-0.3530	0.9668	-19.4375	-0.3355
722	G	I	-0.4239	0.9668	-19.4375	-0.4284
722	G	K	-0.3729	0.9668	-19.4375	-0.3616
722	G	L	-0.3922	0.9668	-19.4375	-0.3868
722	G	M	-0.3304	0.9668	-19.4375	-0.3059
722	G	N	-0.2732	0.9668	-6.1496	-0.3198
722	G	P	-0.4381	0.9668	-19.4375	-0.4469
722	G	Q	-0.3439	0.9668	-19.4375	-0.3236
722	G	R	-0.3570	0.9668	-19.4375	-0.3407
722	G	S	-0.2008	0.9668	-2.6903	-0.2482
722	G	T	-0.3632	0.9668	-19.4375	-0.3489
722	G	V	-0.3672	0.9668	-19.4375	-0.3541
722	G	W	-0.3780	0.9668	-19.4375	-0.3683
722	G	Y	-0.3786	0.9668	-19.4375	-0.3691
723	T	A	-0.1019	1.3968	-4.1293	-0.1608
723	T	C	-0.2157	1.3968	-19.4170	-0.2077
723	T	D	-0.2954	1.3968	-19.4170	-0.3121
723	T	E	-0.2708	1.3968	-19.4170	-0.2798
723	T	F	-0.2871	1.3968	-19.4170	-0.3012
723	T	G	-0.2533	1.3968	-19.4170	-0.2570
723	T	H	-0.2674	1.3968	-19.4170	-0.2754
723	T	I	-0.2058	1.3968	-19.4170	-0.1947
723	T	K	-0.2630	1.3968	-19.4170	-0.2696
723	T	L	-0.1756	1.3968	-3.3219	-0.2627
723	T	M	-0.2246	1.3968	-19.4170	-0.2194
723	T	N	-0.2355	1.3968	-19.4170	-0.2336
723	T	P	-0.2477	1.3968	-0.5146	-0.3759
723	T	Q	-0.2449	1.3968	-19.4170	-0.2460
723	T	R	-0.2658	1.3968	-19.4170	-0.2733
723	T	S	-0.0758	1.3968	-6.1292	-0.1133
723	T	V	-0.1933	1.3968	-19.4170	-0.1784
723	T	W	-0.2800	1.3968	-19.4170	-0.2919
723	T	Y	-0.2886	1.3968	-19.4170	-0.3031
724	P	A	-0.0690	1.8071	-4.1293	-0.1672
724	P	C	-0.1797	1.8071	-19.4170	-0.2100
724	P	D	-0.1276	1.8071	-4.1293	-0.2439
724	P	E	-0.1894	1.8071	-19.4170	-0.2227
724	P	F	-0.1352	1.8071	-5.1293	-0.2472
724	P	G	-0.0936	1.8071	-6.1292	-0.1860
724	P	H	-0.1857	1.8071	-19.4170	-0.2179
724	P	I	-0.1912	1.8071	-19.4170	-0.2250
724	P	K	-0.1811	1.8071	-19.4170	-0.2118
724	P	L	-0.1147	1.8071	-3.5443	-0.2310
724	P	M	-0.1467	1.8071	-19.4170	-0.1668
724	P	N	-0.1737	1.8071	-19.4170	-0.2022
724	P	Q	-0.1754	1.8071	-19.4170	-0.2044
724	P	R	-0.1490	1.8071	-6.1292	-0.2586
724	P	S	-0.0687	1.8071	-4.1293	-0.1668
724	P	T	-0.1588	1.8071	-19.4170	-0.1827
724	P	V	-0.0787	1.8071	-6.1292	-0.1666
724	P	W	-0.2206	1.8071	-19.4170	-0.2636
724	P	Y	-0.2091	1.8071	-19.4170	-0.2485
725	M	A	-0.1111	2.2098	-5.1293	-0.2641
725	M	C	-0.1895	2.2098	-19.4170	-0.2713
725	M	D	-0.2954	2.2098	-19.4170	-0.4100
725	M	E	-0.2856	2.2098	-19.4170	-0.3972
725	M	F	-0.1890	2.2098	-19.4170	-0.2707
725	M	G	-0.1868	2.2098	-4.1293	-0.3700
725	M	H	-0.2422	2.2098	-19.4170	-0.3404
725	M	I	-0.0253	2.2098	-4.5443	-0.1558
725	M	K	-0.2465	2.2098	-19.4170	-0.3460
725	M	L	0.0098	2.2098	-4.1293	-0.1126
725	M	N	-0.2371	2.2098	-19.4170	-0.3336
725	M	P	-0.2871	2.2098	-6.1292	-0.4879
725	M	Q	-0.2291	2.2098	-19.4170	-0.3232
725	M	R	-0.2738	2.2098	-19.4170	-0.3817
725	M	S	-0.2154	2.2098	-19.4170	-0.3052
725	M	T	-0.0720	2.2098	-3.1293	-0.2263
725	M	V	-0.0466	2.2098	-2.4289	-0.1978
725	M	W	-0.2518	2.2098	-19.4170	-0.3529
725	M	Y	-0.2313	2.2098	-19.4170	-0.3261
726	A	C	-0.1626	1.7790	-19.4375	-0.1841
726	A	D	-0.1765	1.7790	-6.1496	-0.2911
726	A	E	-0.2300	1.7790	-19.4375	-0.2723
726	A	F	-0.2127	1.7790	-19.4375	-0.2497
726	A	G	-0.1561	1.7790	-19.4375	-0.1756
726	A	H	-0.2168	1.7790	-19.4375	-0.2551
726	A	I	-0.1242	1.7790	-4.1498	-0.2360
726	A	K	-0.2346	1.7790	-19.4375	-0.2784
726	A	L	-0.1260	1.7790	-3.5648	-0.2422
726	A	M	-0.1657	1.7790	-19.4375	-0.1882
726	A	N	-0.2147	1.7790	-19.4375	-0.2523
726	A	P	-0.2162	1.7790	-6.1496	-0.3431
726	A	Q	-0.2122	1.7790	-19.4375	-0.2490
726	A	R	-0.2453	1.7790	-19.4375	-0.2924
726	A	S	-0.1273	1.7790	-19.4375	-0.1379
726	A	T	-0.0655	1.7790	-6.1496	-0.1457
726	A	V	-0.0355	1.7790	-0.8644	-0.1418
726	A	W	-0.2236	1.7790	-19.4375	-0.2640
726	A	Y	-0.2319	1.7790	-19.4375	-0.2748
727	Q	A	-0.1954	0.9795	-19.4170	-0.1308
727	Q	C	-0.2416	0.9795	-19.4170	-0.1913
727	Q	D	-0.2819	0.9795	-19.4170	-0.2441
727	Q	E	-0.2005	0.9795	-19.4170	-0.1375
727	Q	F	-0.2496	0.9795	-19.4170	-0.2018
727	Q	G	-0.2660	0.9795	-19.4170	-0.2233
727	Q	H	-0.1286	0.9795	-6.1292	-0.1322
727	Q	I	-0.2309	0.9795	-19.4170	-0.1774
727	Q	K	-0.1505	0.9795	-4.1293	-0.1742
727	Q	L	-0.2143	0.9795	-19.4170	-0.1556
727	Q	M	-0.1853	0.9795	-19.4170	-0.1176
727	Q	N	-0.2110	0.9795	-19.4170	-0.1513
727	Q	P	-0.2910	0.9795	-4.1293	-0.3581
727	Q	R	-0.2271	0.9795	-19.4170	-0.1723
727	Q	S	-0.1379	0.9795	-4.5443	-0.1549
727	Q	T	-0.2237	0.9795	-19.4170	-0.1679
727	Q	V	-0.2310	0.9795	-19.4170	-0.1775
727	Q	W	-0.2490	0.9795	-19.4170	-0.2010
727	Q	Y	-0.2519	0.9795	-19.4170	-0.2048
728	S	A	-0.1674	1.0728	-19.4170	-0.1054
728	S	C	-0.2179	1.0728	-19.4170	-0.1715
728	S	D	-0.2660	1.0728	-19.4170	-0.2346
728	S	E	-0.2392	1.0728	-19.4170	-0.1995
728	S	F	-0.2454	1.0728	-19.4170	-0.2076
728	S	G	-0.0918	1.0728	-2.8074	-0.1174
728	S	H	-0.2466	1.0728	-19.4170	-0.2092
728	S	I	-0.2486	1.0728	-19.4170	-0.2117
728	S	K	-0.2560	1.0728	-19.4170	-0.2214
728	S	L	-0.2448	1.0728	-19.4170	-0.2068
728	S	M	-0.2159	1.0728	-19.4170	-0.1689
728	S	N	-0.1117	1.0728	-4.1293	-0.1346
728	S	P	-0.3208	1.0728	-19.4170	-0.3063
728	S	Q	-0.2093	1.0728	-19.4170	-0.1603
728	S	R	-0.2612	1.0728	-19.4170	-0.2283
728	S	T	-0.0851	1.0728	-5.1293	-0.0932
728	S	V	-0.2228	1.0728	-19.4170	-0.1780
728	S	W	-0.2551	1.0728	-19.4170	-0.2203
728	S	Y	-0.2502	1.0728	-19.4170	-0.2139
729	Y	A	-0.3317	1.1521	-19.4375	-0.3300
729	Y	C	-0.2244	1.1521	-4.1498	-0.2916
729	Y	D	-0.2781	1.1521	-6.1496	-0.3486
729	Y	E	-0.3747	1.1521	-19.4375	-0.3862
729	Y	F	-0.0871	1.1521	-3.3424	-0.1173
729	Y	G	-0.4023	1.1521	-19.4375	-0.4224
729	Y	H	-0.1666	1.1521	-5.1497	-0.2092
729	Y	I	-0.3438	1.1521	-19.4375	-0.3458
729	Y	K	-0.3999	1.1521	-19.4375	-0.4193
729	Y	L	-0.3209	1.1521	-19.4375	-0.3158
729	Y	M	-0.2730	1.1521	-19.4375	-0.2531
729	Y	N	-0.3249	1.1521	-19.4375	-0.3211
729	Y	P	-0.4559	1.1521	-19.4375	-0.4926
729	Y	Q	-0.3495	1.1521	-19.4375	-0.3532
729	Y	R	-0.3953	1.1521	-19.4375	-0.4132
729	Y	S	-0.3365	1.1521	-19.4375	-0.3362
729	Y	T	-0.3551	1.1521	-19.4375	-0.3606
729	Y	V	-0.2655	1.1521	-6.1496	-0.3321
729	Y	W	-0.2493	1.1521	-19.4375	-0.2221
730	D	A	-0.0960	1.8525	-6.1292	-0.1947
730	D	C	-0.2053	1.8525	-19.4170	-0.2490
730	D	E	-0.0256	1.8525	-3.1293	-0.1226
730	D	F	-0.2640	1.8525	-19.4170	-0.3258
730	D	G	-0.0970	1.8525	-4.1293	-0.2093
730	D	H	-0.1053	1.8525	-6.1292	-0.2069
730	D	I	-0.2562	1.8525	-19.4170	-0.3156
730	D	K	-0.2346	1.8525	-19.4170	-0.2873
730	D	L	-0.2498	1.8525	-19.4170	-0.3073
730	D	M	-0.1886	1.8525	-19.4170	-0.2271
730	D	N	-0.0495	1.8525	-3.5443	-0.1511
730	D	P	-0.3008	1.8525	-19.4170	-0.3740
730	D	Q	-0.1230	1.8525	-6.1292	-0.2300
730	D	R	-0.2656	1.8525	-19.4170	-0.3279
730	D	S	-0.0944	1.8525	-4.5443	-0.2031
730	D	T	-0.1325	1.8525	-6.1292	-0.2424
730	D	V	-0.2109	1.8525	-19.4170	-0.2563
730	D	W	-0.2444	1.8525	-19.4170	-0.3002
730	D	Y	-0.2088	1.8525	-19.4170	-0.2536
731	Q	A	-0.2405	0.4908	-19.4577	-0.1308
731	Q	C	-0.2867	0.4908	-19.4577	-0.1913
731	Q	D	-0.3271	0.4908	-19.4577	-0.2441
731	Q	E	-0.1676	0.4908	-4.1699	-0.1375
731	Q	F	-0.2948	0.4908	-19.4577	-0.2018
731	Q	G	-0.3112	0.4908	-19.4577	-0.2233
731	Q	H	-0.2416	0.4908	-19.4577	-0.1322
731	Q	I	-0.2761	0.4908	-19.4577	-0.1774
731	Q	K	-0.2737	0.4908	-19.4577	-0.1742
731	Q	L	-0.2595	0.4908	-19.4577	-0.1556
731	Q	M	-0.2304	0.4908	-19.4577	-0.1176
731	Q	N	-0.2562	0.4908	-19.4577	-0.1513
731	Q	P	-0.3412	0.4908	-5.1699	-0.3581
731	Q	R	-0.2722	0.4908	-19.4577	-0.1723
731	Q	S	-0.2589	0.4908	-19.4577	-0.1549
731	Q	T	-0.2689	0.4908	-19.4577	-0.1679
731	Q	V	-0.2762	0.4908	-19.4577	-0.1775
731	Q	W	-0.2941	0.4908	-19.4577	-0.2010
731	Q	Y	-0.2970	0.4908	-19.4577	-0.2048
732	N	A	-0.1609	1.6713	-19.4577	-0.1688
732	N	C	-0.2108	1.6713	-19.4577	-0.2341
732	N	D	-0.0810	1.6713	-3.1699	-0.1730
732	N	E	-0.1913	1.6713	-19.4577	-0.2085
732	N	F	-0.2181	1.6713	-19.4577	-0.2436
732	N	G	-0.1917	1.6713	-19.4577	-0.2091
732	N	H	-0.1659	1.6713	-19.4577	-0.1753
732	N	I	-0.1434	1.6713	-6.1698	-0.2346
732	N	K	-0.0861	1.6713	-4.1699	-0.1730
732	N	L	-0.2176	1.6713	-19.4577	-0.2430
732	N	M	-0.1718	1.6713	-19.4577	-0.1830
732	N	P	-0.3265	1.6713	-19.4577	-0.3856
732	N	Q	-0.1549	1.6713	-19.4577	-0.1609
732	N	R	-0.1285	1.6713	-6.1698	-0.2151
732	N	S	-0.0431	1.6713	-2.2631	-0.1294
732	N	T	-0.1804	1.6713	-19.4577	-0.1943
732	N	V	-0.2046	1.6713	-19.4577	-0.2259
732	N	W	-0.2232	1.6713	-19.4577	-0.2503
732	N	Y	-0.2016	1.6713	-19.4577	-0.2221
733	P	A	-0.0725	1.8814	-6.1496	-0.1672
733	P	C	-0.1052	1.8814	-6.1496	-0.2100
733	P	D	-0.1989	1.8814	-19.4375	-0.2439
733	P	E	-0.1827	1.8814	-19.4375	-0.2227
733	P	F	-0.1234	1.8814	-4.1498	-0.2472
733	P	G	-0.1546	1.8814	-19.4375	-0.1860
733	P	H	-0.0950	1.8814	-2.9798	-0.2179
733	P	I	-0.1844	1.8814	-19.4375	-0.2250
733	P	K	-0.1743	1.8814	-19.4375	-0.2118
733	P	L	-0.1042	1.8814	-2.8278	-0.2310
733	P	M	-0.1400	1.8814	-19.4375	-0.1668
733	P	N	-0.1670	1.8814	-19.4375	-0.2022
733	P	Q	-0.1687	1.8814	-19.4375	-0.2044
733	P	R	-0.1423	1.8814	-6.1496	-0.2586
733	P	S	-0.0722	1.8814	-6.1496	-0.1668
733	P	T	-0.0843	1.8814	-6.1496	-0.1827
733	P	V	-0.1398	1.8814	-19.4375	-0.1666
733	P	W	-0.2139	1.8814	-19.4375	-0.2636
733	P	Y	-0.2024	1.8814	-19.4375	-0.2485
734	S	A	-0.2301	0.3934	-19.4577	-0.1054
734	S	C	-0.2077	0.3934	-5.1699	-0.1715
734	S	D	-0.3288	0.3934	-19.4577	-0.2346
734	S	E	-0.3020	0.3934	-19.4577	-0.1995
734	S	F	-0.3082	0.3934	-19.4577	-0.2076
734	S	G	-0.2393	0.3934	-19.4577	-0.1174
734	S	H	-0.3094	0.3934	-19.4577	-0.2092
734	S	I	-0.3113	0.3934	-19.4577	-0.2117
734	S	K	-0.3187	0.3934	-19.4577	-0.2214
734	S	L	-0.3075	0.3934	-19.4577	-0.2068
734	S	M	-0.2786	0.3934	-19.4577	-0.1689
734	S	N	-0.2524	0.3934	-19.4577	-0.1346
734	S	P	-0.3157	0.3934	-6.1698	-0.3063
734	S	Q	-0.2720	0.3934	-19.4577	-0.1603
734	S	R	-0.3240	0.3934	-19.4577	-0.2283
734	S	T	-0.2208	0.3934	-19.4577	-0.0932
734	S	V	-0.2855	0.3934	-19.4577	-0.1780
734	S	W	-0.3179	0.3934	-19.4577	-0.2203
734	S	Y	-0.2452	0.3934	-6.1698	-0.2139
735	P	A	-0.1277	1.2258	-5.1497	-0.1672
735	P	C	-0.1655	1.2258	-6.1496	-0.2100
735	P	D	-0.2592	1.2258	-19.4375	-0.2439
735	P	E	-0.2430	1.2258	-19.4375	-0.2227
735	P	F	-0.2617	1.2258	-19.4375	-0.2472
735	P	G	-0.2150	1.2258	-19.4375	-0.1860
735	P	H	-0.2393	1.2258	-19.4375	-0.2179
735	P	I	-0.2447	1.2258	-19.4375	-0.2250
735	P	K	-0.2347	1.2258	-19.4375	-0.2118
735	P	L	-0.1672	1.2258	-3.3424	-0.2310
735	P	M	-0.2003	1.2258	-19.4375	-0.1668
735	P	N	-0.2273	1.2258	-19.4375	-0.2022
735	P	Q	-0.2290	1.2258	-19.4375	-0.2044
735	P	R	-0.2704	1.2258	-19.4375	-0.2586
735	P	S	-0.1223	1.2258	-4.1498	-0.1668
735	P	T	-0.1395	1.2258	-5.1497	-0.1827
735	P	V	-0.2001	1.2258	-19.4375	-0.1666
735	P	W	-0.2742	1.2258	-19.4375	-0.2636
735	P	Y	-0.2627	1.2258	-19.4375	-0.2485
736	R	A	-0.2736	1.3252	-19.4375	-0.2748
736	R	C	-0.2825	1.3252	-19.4375	-0.2864
736	R	D	-0.3647	1.3252	-19.4375	-0.3940
736	R	E	-0.3099	1.3252	-19.4375	-0.3223
736	R	F	-0.3058	1.3252	-19.4375	-0.3169
736	R	G	-0.2175	1.3252	-1.5059	-0.3211
736	R	H	-0.2434	1.3252	-19.4375	-0.2352
736	R	I	-0.2352	1.3252	-6.1496	-0.3133
736	R	K	-0.0961	1.3252	-6.1496	-0.1311
736	R	L	-0.2761	1.3252	-19.4375	-0.2780
736	R	M	-0.2419	1.3252	-19.4375	-0.2333
736	R	N	-0.2885	1.3252	-19.4375	-0.2943
736	R	P	-0.3479	1.3252	-6.1496	-0.4608
736	R	Q	-0.2484	1.3252	-19.4375	-0.2417
736	R	S	-0.2064	1.3252	-6.1496	-0.2755
736	R	T	-0.2785	1.3252	-19.4375	-0.2812
736	R	V	-0.2901	1.3252	-19.4375	-0.2964
736	R	W	-0.2914	1.3252	-19.4375	-0.2980
736	R	Y	-0.2951	1.3252	-19.4375	-0.3029
737	A	C	-0.1686	1.7146	-19.4577	-0.1841
737	A	D	-0.2504	1.7146	-19.4577	-0.2911
737	A	E	-0.1601	1.7146	-4.5850	-0.2723
737	A	F	-0.2187	1.7146	-19.4577	-0.2497
737	A	G	-0.0862	1.7146	-4.5850	-0.1756
737	A	H	-0.2229	1.7146	-19.4577	-0.2551
737	A	I	-0.1405	1.7146	-6.1698	-0.2360
737	A	K	-0.2407	1.7146	-19.4577	-0.2784
737	A	L	-0.2130	1.7146	-19.4577	-0.2422
737	A	M	-0.1718	1.7146	-19.4577	-0.1882
737	A	N	-0.2207	1.7146	-19.4577	-0.2523
737	A	P	-0.2172	1.7146	-5.1699	-0.3431
737	A	Q	-0.2182	1.7146	-19.4577	-0.2490
737	A	R	-0.2514	1.7146	-19.4577	-0.2924
737	A	S	-0.0655	1.7146	-6.1698	-0.1379
737	A	T	-0.0545	1.7146	-2.8480	-0.1457
737	A	V	-0.0583	1.7146	-4.1699	-0.1418
737	A	W	-0.2297	1.7146	-19.4577	-0.2640
737	A	Y	-0.2379	1.7146	-19.4577	-0.2748
738	A	C	-0.2546	0.7804	-19.4577	-0.1841
738	A	D	-0.3363	0.7804	-19.4577	-0.2911
738	A	E	-0.3220	0.7804	-19.4577	-0.2723
738	A	F	-0.3047	0.7804	-19.4577	-0.2497
738	A	G	-0.2481	0.7804	-19.4577	-0.1756
738	A	H	-0.3088	0.7804	-19.4577	-0.2551
738	A	I	-0.2942	0.7804	-19.4577	-0.2360
738	A	K	-0.3266	0.7804	-19.4577	-0.2784
738	A	L	-0.2990	0.7804	-19.4577	-0.2422
738	A	M	-0.2577	0.7804	-19.4577	-0.1882
738	A	N	-0.3067	0.7804	-19.4577	-0.2523
738	A	P	-0.3082	0.7804	-6.1698	-0.3431
738	A	Q	-0.3042	0.7804	-19.4577	-0.2490
738	A	R	-0.3373	0.7804	-19.4577	-0.2924
738	A	S	-0.1434	0.7804	-4.5850	-0.1379
738	A	T	-0.1524	0.7804	-5.1699	-0.1457
738	A	V	-0.1464	0.7804	-4.5850	-0.1418
738	A	W	-0.3156	0.7804	-19.4577	-0.2640
738	A	Y	-0.3239	0.7804	-19.4577	-0.2748
739	G	A	-0.1988	1.1184	-6.1698	-0.2405
739	G	C	-0.2585	1.1184	-6.1698	-0.3187
739	G	D	-0.3268	1.1184	-19.4577	-0.3194
739	G	E	-0.2440	1.1184	-3.3626	-0.3185
739	G	F	-0.3644	1.1184	-19.4577	-0.3686
739	G	H	-0.3391	1.1184	-19.4577	-0.3355
739	G	I	-0.4101	1.1184	-19.4577	-0.4284
739	G	K	-0.3591	1.1184	-19.4577	-0.3616
739	G	L	-0.3783	1.1184	-19.4577	-0.3868
739	G	M	-0.3165	1.1184	-19.4577	-0.3059
739	G	N	-0.3271	1.1184	-19.4577	-0.3198
739	G	P	-0.4242	1.1184	-19.4577	-0.4469
739	G	Q	-0.3300	1.1184	-19.4577	-0.3236
739	G	R	-0.2634	1.1184	-3.8480	-0.3407
739	G	S	-0.2724	1.1184	-19.4577	-0.2482
739	G	T	-0.3494	1.1184	-19.4577	-0.3489
739	G	V	-0.2855	1.1184	-6.1698	-0.3541
739	G	W	-0.3642	1.1184	-19.4577	-0.3683
739	G	Y	-0.3648	1.1184	-19.4577	-0.3691
740	E	A	-0.0877	1.5295	-4.1699	-0.1580
740	E	C	-0.2351	1.5295	-19.4577	-0.2488
740	E	D	-0.0350	1.5295	-0.5553	-0.1131
740	E	F	-0.2127	1.5295	-19.4577	-0.2195
740	E	G	-0.1915	1.5295	-19.4577	-0.1917
740	E	H	-0.1362	1.5295	-6.1698	-0.2081
740	E	I	-0.2181	1.5295	-19.4577	-0.2265
740	E	K	-0.1877	1.5295	-19.4577	-0.1868
740	E	L	-0.2202	1.5295	-19.4577	-0.2293
740	E	M	-0.1690	1.5295	-19.4577	-0.1623
740	E	N	-0.1058	1.5295	-2.5850	-0.1923
740	E	P	-0.3227	1.5295	-19.4577	-0.3635
740	E	Q	-0.1382	1.5295	-19.4577	-0.1220
740	E	R	-0.2482	1.5295	-19.4577	-0.2660
740	E	S	-0.1114	1.5295	-6.1698	-0.1756
740	E	T	-0.1951	1.5295	-19.4577	-0.1964
740	E	V	-0.1789	1.5295	-19.4577	-0.1753
740	E	W	-0.2228	1.5295	-19.4577	-0.2327
740	E	Y	-0.1457	1.5295	-6.1698	-0.2206
741	R	A	-0.2187	1.9231	-19.4577	-0.2748
741	R	C	-0.2276	1.9231	-19.4577	-0.2864
741	R	D	-0.2420	1.9231	-6.1698	-0.3940
741	R	E	-0.2550	1.9231	-19.4577	-0.3223
741	R	F	-0.2509	1.9231	-19.4577	-0.3169
741	R	G	-0.1731	1.9231	-3.5850	-0.3211
741	R	H	-0.1885	1.9231	-19.4577	-0.2352
741	R	I	-0.2481	1.9231	-19.4577	-0.3133
741	R	K	-0.0250	1.9231	-3.0000	-0.1311
741	R	L	-0.1372	1.9231	-3.0000	-0.2780
741	R	M	-0.1870	1.9231	-19.4577	-0.2333
741	R	N	-0.2336	1.9231	-19.4577	-0.2943
741	R	P	-0.3608	1.9231	-19.4577	-0.4608
741	R	Q	-0.1176	1.9231	-4.5850	-0.2417
741	R	S	-0.2193	1.9231	-19.4577	-0.2755
741	R	T	-0.1507	1.9231	-5.1699	-0.2812
741	R	V	-0.2352	1.9231	-19.4577	-0.2964
741	R	W	-0.2365	1.9231	-19.4577	-0.2980
741	R	Y	-0.2402	1.9231	-19.4577	-0.3029
742	D	A	-0.1950	0.7780	-6.1496	-0.1947
742	D	C	-0.3043	0.7780	-19.4375	-0.2490
742	D	E	-0.1256	0.7780	-3.3424	-0.1226
742	D	F	-0.3629	0.7780	-19.4375	-0.3258
742	D	G	-0.2740	0.7780	-19.4375	-0.2093
742	D	H	-0.2721	0.7780	-19.4375	-0.2069
742	D	I	-0.3552	0.7780	-19.4375	-0.3156
742	D	K	-0.3335	0.7780	-19.4375	-0.2873
742	D	L	-0.3488	0.7780	-19.4375	-0.3073
742	D	M	-0.2876	0.7780	-19.4375	-0.2271
742	D	N	-0.1617	0.7780	-6.1496	-0.1511
742	D	P	-0.3998	0.7780	-19.4375	-0.3740
742	D	Q	-0.2898	0.7780	-19.4375	-0.2300
742	D	R	-0.3646	0.7780	-19.4375	-0.3279
742	D	S	-0.2692	0.7780	-19.4375	-0.2031
742	D	T	-0.2992	0.7780	-19.4375	-0.2424
742	D	V	-0.2421	0.7780	-6.1496	-0.2563
742	D	W	-0.3434	0.7780	-19.4375	-0.3002
742	D	Y	-0.3078	0.7780	-19.4375	-0.2536
743	D	A	-0.1128	2.4072	-19.4170	-0.1947
743	D	C	-0.1543	2.4072	-19.4170	-0.2490
743	D	E	0.0277	2.4072	-2.6699	-0.1226
743	D	F	-0.2129	2.4072	-19.4170	-0.3258
743	D	G	-0.0331	2.4072	-1.6058	-0.2093
743	D	H	-0.1221	2.4072	-19.4170	-0.2069
743	D	I	-0.2051	2.4072	-19.4170	-0.3156
743	D	K	-0.1106	2.4072	-5.1293	-0.2873
743	D	L	-0.1988	2.4072	-19.4170	-0.3073
743	D	M	-0.1375	2.4072	-19.4170	-0.2271
743	D	N	-0.0795	2.4072	-19.4170	-0.1511
743	D	P	-0.1819	2.4072	-6.1292	-0.3740
743	D	Q	-0.1398	2.4072	-19.4170	-0.2300
743	D	R	-0.1240	2.4072	-1.6699	-0.3279
743	D	S	-0.0433	2.4072	-4.5443	-0.2031
743	D	T	-0.0814	2.4072	-6.1292	-0.2424
743	D	V	-0.0869	2.4072	-5.1293	-0.2563
743	D	W	-0.1934	2.4072	-19.4170	-0.3002
743	D	Y	-0.1578	2.4072	-19.4170	-0.2536
744	V	A	-0.0823	1.7460	-1.0623	-0.1977
744	V	C	-0.2039	1.7460	-19.4375	-0.2342
744	V	D	-0.2748	1.7460	-6.1496	-0.4158
744	V	E	-0.2999	1.7460	-19.4375	-0.3599
744	V	F	-0.2532	1.7460	-19.4375	-0.2987
744	V	G	-0.3018	1.7460	-19.4375	-0.3624
744	V	H	-0.3456	1.7460	-19.4375	-0.4197
744	V	I	-0.0438	1.7460	-6.1496	-0.1133
744	V	K	-0.3389	1.7460	-19.4375	-0.4109
744	V	L	-0.1766	1.7460	-19.4375	-0.1985
744	V	M	-0.1857	1.7460	-19.4375	-0.2104
744	V	N	-0.3305	1.7460	-19.4375	-0.3999
744	V	P	-0.3125	1.7460	-6.1496	-0.4652
744	V	Q	-0.3105	1.7460	-19.4375	-0.3738
744	V	R	-0.3599	1.7460	-19.4375	-0.4384
744	V	S	-0.2068	1.7460	-5.1497	-0.3334
744	V	T	-0.1141	1.7460	-3.5648	-0.2226
744	V	W	-0.2937	1.7460	-19.4375	-0.3518
744	V	Y	-0.2966	1.7460	-19.4375	-0.3556
745	C	A	-0.3602	1.2819	-19.4170	-0.3830
745	C	D	-0.4674	1.2819	-19.4170	-0.5234
745	C	E	-0.4550	1.2819	-19.4170	-0.5072
745	C	F	-0.3541	1.2819	-19.4170	-0.3751
745	C	G	-0.3526	1.2819	-19.4170	-0.3731
745	C	H	-0.4659	1.2819	-19.4170	-0.5214
745	C	I	-0.3840	1.2819	-19.4170	-0.4142
745	C	K	-0.4556	1.2819	-19.4170	-0.5080
745	C	L	-0.3442	1.2819	-5.1293	-0.4575
745	C	M	-0.3843	1.2819	-19.4170	-0.4146
745	C	N	-0.4098	1.2819	-19.4170	-0.4480
745	C	P	-0.3930	1.2819	-2.6699	-0.5379
745	C	Q	-0.4338	1.2819	-19.4170	-0.4794
745	C	R	-0.4124	1.2819	-19.4170	-0.4514
745	C	S	-0.2542	1.2819	-0.4569	-0.3709
745	C	T	-0.3856	1.2819	-19.4170	-0.4163
745	C	V	-0.3821	1.2819	-19.4170	-0.4117
745	C	W	-0.2844	1.2819	-5.1293	-0.3792
745	C	Y	-0.3635	1.2819	-19.4170	-0.3873
746	L	A	-0.3091	1.0455	-19.4577	-0.2874
746	L	C	-0.2983	1.0455	-19.4577	-0.2733
746	L	D	-0.4306	1.0455	-19.4577	-0.4465
746	L	E	-0.3987	1.0455	-19.4577	-0.4047
746	L	F	-0.1565	1.0455	-2.5850	-0.2003
746	L	G	-0.3840	1.0455	-19.4577	-0.3854
746	L	H	-0.3515	1.0455	-19.4577	-0.3429
746	L	I	-0.1154	1.0455	-6.1698	-0.1226
746	L	K	-0.3977	1.0455	-19.4577	-0.4034
746	L	M	-0.2065	1.0455	-19.4577	-0.1531
746	L	N	-0.3769	1.0455	-19.4577	-0.3762
746	L	P	-0.3925	1.0455	-19.4577	-0.3966
746	L	Q	-0.3299	1.0455	-19.4577	-0.3146
746	L	R	-0.3893	1.0455	-19.4577	-0.3924
746	L	S	-0.3395	1.0455	-19.4577	-0.3272
746	L	T	-0.3122	1.0455	-19.4577	-0.2915
746	L	V	-0.1415	1.0455	-4.1699	-0.1701
746	L	W	-0.3417	1.0455	-19.4577	-0.3301
746	L	Y	-0.3346	1.0455	-19.4577	-0.3208
747	S	A	-0.2372	0.3164	-19.4577	-0.1054
747	S	C	-0.2877	0.3164	-19.4577	-0.1715
747	S	D	-0.3359	0.3164	-19.4577	-0.2346
747	S	E	-0.3090	0.3164	-19.4577	-0.1995
747	S	F	-0.3152	0.3164	-19.4577	-0.2076
747	S	G	-0.1785	0.3164	-6.1698	-0.1174
747	S	H	-0.3165	0.3164	-19.4577	-0.2092
747	S	I	-0.3184	0.3164	-19.4577	-0.2117
747	S	K	-0.3258	0.3164	-19.4577	-0.2214
747	S	L	-0.3146	0.3164	-19.4577	-0.2068
747	S	M	-0.2857	0.3164	-19.4577	-0.1689
747	S	N	-0.2595	0.3164	-19.4577	-0.1346
747	S	P	-0.3906	0.3164	-19.4577	-0.3063
747	S	Q	-0.2791	0.3164	-19.4577	-0.1603
747	S	R	-0.2632	0.3164	-6.1698	-0.2283
747	S	T	-0.1600	0.3164	-6.1698	-0.0932
747	S	V	-0.2926	0.3164	-19.4577	-0.1780
747	S	W	-0.3249	0.3164	-19.4577	-0.2203
747	S	Y	-0.3200	0.3164	-19.4577	-0.2139
748	P	A	-0.2269	0.9408	-19.4577	-0.1672
748	P	C	-0.2596	0.9408	-19.4577	-0.2100
748	P	D	-0.2855	0.9408	-19.4577	-0.2439
748	P	E	-0.2693	0.9408	-19.4577	-0.2227
748	P	F	-0.2880	0.9408	-19.4577	-0.2472
748	P	G	-0.2413	0.9408	-19.4577	-0.1860
748	P	H	-0.2657	0.9408	-19.4577	-0.2179
748	P	I	-0.2711	0.9408	-19.4577	-0.2250
748	P	K	-0.2610	0.9408	-19.4577	-0.2118
748	P	L	-0.1998	0.9408	-4.5850	-0.2310
748	P	M	-0.2266	0.9408	-19.4577	-0.1668
748	P	N	-0.2537	0.9408	-19.4577	-0.2022
748	P	Q	-0.1875	0.9408	-6.1698	-0.2044
748	P	R	-0.2238	0.9408	-5.1699	-0.2586
748	P	S	-0.1486	0.9408	-4.1699	-0.1668
748	P	T	-0.1710	0.9408	-6.1698	-0.1827
748	P	V	-0.2265	0.9408	-19.4577	-0.1666
748	P	W	-0.3006	0.9408	-19.4577	-0.2636
748	P	Y	-0.2890	0.9408	-19.4577	-0.2485
749	G	A	-0.1837	1.1533	-3.8480	-0.2405
749	G	C	-0.3231	1.1533	-19.4577	-0.3187
749	G	D	-0.2558	1.1533	-6.1698	-0.3194
749	G	E	-0.2408	1.1533	-3.3626	-0.3185
749	G	F	-0.3612	1.1533	-19.4577	-0.3686
749	G	H	-0.3359	1.1533	-19.4577	-0.3355
749	G	I	-0.4069	1.1533	-19.4577	-0.4284
749	G	K	-0.3559	1.1533	-19.4577	-0.3616
749	G	L	-0.3751	1.1533	-19.4577	-0.3868
749	G	M	-0.3133	1.1533	-19.4577	-0.3059
749	G	N	-0.3239	1.1533	-19.4577	-0.3198
749	G	P	-0.4210	1.1533	-19.4577	-0.4469
749	G	Q	-0.3268	1.1533	-19.4577	-0.3236
749	G	R	-0.2640	1.1533	-4.5850	-0.3407
749	G	S	-0.2692	1.1533	-19.4577	-0.2482
749	G	T	-0.3462	1.1533	-19.4577	-0.3489
749	G	V	-0.3501	1.1533	-19.4577	-0.3541
749	G	W	-0.3610	1.1533	-19.4577	-0.3683
749	G	Y	-0.3616	1.1533	-19.4577	-0.3691
750	V	A	-0.2546	0.8937	-19.4577	-0.1977
750	V	C	-0.2824	0.8937	-19.4577	-0.2342
750	V	D	-0.4212	0.8937	-19.4577	-0.4158
750	V	E	-0.3785	0.8937	-19.4577	-0.3599
750	V	F	-0.2588	0.8937	-5.1699	-0.2987
750	V	G	-0.3804	0.8937	-19.4577	-0.3624
750	V	H	-0.4241	0.8937	-19.4577	-0.4197
750	V	I	-0.1901	0.8937	-19.4577	-0.1133
750	V	K	-0.4174	0.8937	-19.4577	-0.4109
750	V	L	-0.1572	0.8937	-0.2631	-0.1985
750	V	M	-0.2643	0.8937	-19.4577	-0.2104
750	V	N	-0.4090	0.8937	-19.4577	-0.3999
750	V	P	-0.3809	0.8937	-4.1699	-0.4652
750	V	Q	-0.3891	0.8937	-19.4577	-0.3738
750	V	R	-0.4384	0.8937	-19.4577	-0.4384
750	V	S	-0.3582	0.8937	-19.4577	-0.3334
750	V	T	-0.2736	0.8937	-19.4577	-0.2226
750	V	W	-0.3723	0.8937	-19.4577	-0.3518
750	V	Y	-0.3752	0.8937	-19.4577	-0.3556
751	W	A	-0.5430	0.2114	-19.4577	-0.4931
751	W	C	-0.4788	0.2114	-19.4577	-0.4091
751	W	D	-0.5673	0.2114	-19.4577	-0.5249
751	W	E	-0.5868	0.2114	-19.4577	-0.5505
751	W	F	-0.3956	0.2114	-19.4577	-0.3001
751	W	G	-0.4603	0.2114	-6.1698	-0.4737
751	W	H	-0.5313	0.2114	-19.4577	-0.4778
751	W	I	-0.5288	0.2114	-19.4577	-0.4746
751	W	K	-0.5988	0.2114	-19.4577	-0.5662
751	W	L	-0.4225	0.2114	-6.1698	-0.4242
751	W	M	-0.5025	0.2114	-19.4577	-0.4401
751	W	N	-0.5755	0.2114	-19.4577	-0.5357
751	W	P	-0.6137	0.2114	-19.4577	-0.5857
751	W	Q	-0.5663	0.2114	-19.4577	-0.5237
751	W	R	-0.5268	0.2114	-19.4577	-0.4719
751	W	S	-0.5411	0.2114	-19.4577	-0.4906
751	W	T	-0.5847	0.2114	-19.4577	-0.5477
751	W	V	-0.5205	0.2114	-19.4577	-0.4637
751	W	Y	-0.4435	0.2114	-19.4577	-0.3629
752	L	A	-0.3630	0.4595	-19.4577	-0.2874
752	L	C	-0.3523	0.4595	-19.4577	-0.2733
752	L	D	-0.4845	0.4595	-19.4577	-0.4465
752	L	E	-0.4526	0.4595	-19.4577	-0.4047
752	L	F	-0.2287	0.4595	-6.1698	-0.2003
752	L	G	-0.4379	0.4595	-19.4577	-0.3854
752	L	H	-0.4054	0.4595	-19.4577	-0.3429
752	L	I	-0.2371	0.4595	-19.4577	-0.1226
752	L	K	-0.4516	0.4595	-19.4577	-0.4034
752	L	M	-0.2604	0.4595	-19.4577	-0.1531
752	L	N	-0.4308	0.4595	-19.4577	-0.3762
752	L	P	-0.3786	0.4595	-6.1698	-0.3966
752	L	Q	-0.3838	0.4595	-19.4577	-0.3146
752	L	R	-0.4432	0.4595	-19.4577	-0.3924
752	L	S	-0.3934	0.4595	-19.4577	-0.3272
752	L	T	-0.3662	0.4595	-19.4577	-0.2915
752	L	V	-0.1975	0.4595	-4.5850	-0.1701
752	L	W	-0.3956	0.4595	-19.4577	-0.3301
752	L	Y	-0.3885	0.4595	-19.4577	-0.3208
753	S	A	-0.2074	0.6397	-19.4577	-0.1054
753	S	C	-0.2579	0.6397	-19.4577	-0.1715
753	S	D	-0.3061	0.6397	-19.4577	-0.2346
753	S	E	-0.2793	0.6397	-19.4577	-0.1995
753	S	F	-0.2855	0.6397	-19.4577	-0.2076
753	S	G	-0.1407	0.6397	-4.5850	-0.1174
753	S	H	-0.2867	0.6397	-19.4577	-0.2092
753	S	I	-0.2886	0.6397	-19.4577	-0.2117
753	S	K	-0.2960	0.6397	-19.4577	-0.2214
753	S	L	-0.2849	0.6397	-19.4577	-0.2068
753	S	M	-0.2559	0.6397	-19.4577	-0.1689
753	S	N	-0.1568	0.6397	-5.1699	-0.1346
753	S	P	-0.2931	0.6397	-6.1698	-0.3063
753	S	Q	-0.2494	0.6397	-19.4577	-0.1603
753	S	R	-0.2335	0.6397	-6.1698	-0.2283
753	S	T	-0.1981	0.6397	-19.4577	-0.0932
753	S	V	-0.2629	0.6397	-19.4577	-0.1780
753	S	W	-0.2952	0.6397	-19.4577	-0.2203
753	S	Y	-0.2903	0.6397	-19.4577	-0.2139
754	S	A	-0.1815	0.9214	-19.4577	-0.1054
754	S	C	-0.2320	0.9214	-19.4577	-0.1715
754	S	D	-0.2802	0.9214	-19.4577	-0.2346
754	S	E	-0.2534	0.9214	-19.4577	-0.1995
754	S	F	-0.2596	0.9214	-19.4577	-0.2076
754	S	G	-0.1097	0.9214	-3.5850	-0.1174
754	S	H	-0.2608	0.9214	-19.4577	-0.2092
754	S	I	-0.1949	0.9214	-6.1698	-0.2117
754	S	K	-0.2701	0.9214	-19.4577	-0.2214
754	S	L	-0.2590	0.9214	-19.4577	-0.2068
754	S	M	-0.2300	0.9214	-19.4577	-0.1689
754	S	N	-0.1258	0.9214	-4.1699	-0.1346
754	S	P	-0.3350	0.9214	-19.4577	-0.3063
754	S	Q	-0.2234	0.9214	-19.4577	-0.1603
754	S	R	-0.2076	0.9214	-6.1698	-0.2283
754	S	T	-0.1722	0.9214	-19.4577	-0.0932
754	S	V	-0.2370	0.9214	-19.4577	-0.1780
754	S	W	-0.2693	0.9214	-19.4577	-0.2203
754	S	Y	-0.2644	0.9214	-19.4577	-0.2139
755	E	A	-0.1888	1.2771	-19.4375	-0.1580
755	E	C	-0.2582	1.2771	-19.4375	-0.2488
755	E	D	-0.0691	1.2771	-2.6903	-0.1131
755	E	F	-0.2358	1.2771	-19.4375	-0.2195
755	E	G	-0.1387	1.2771	-4.5648	-0.1917
755	E	H	-0.2271	1.2771	-19.4375	-0.2081
755	E	I	-0.2412	1.2771	-19.4375	-0.2265
755	E	K	-0.1350	1.2771	-4.5648	-0.1868
755	E	L	-0.2433	1.2771	-19.4375	-0.2293
755	E	M	-0.1921	1.2771	-19.4375	-0.1623
755	E	N	-0.2150	1.2771	-19.4375	-0.1923
755	E	P	-0.3458	1.2771	-19.4375	-0.3635
755	E	Q	-0.1613	1.2771	-19.4375	-0.1220
755	E	R	-0.2713	1.2771	-19.4375	-0.2660
755	E	S	-0.2023	1.2771	-19.4375	-0.1756
755	E	T	-0.2182	1.2771	-19.4375	-0.1964
755	E	V	-0.1292	1.2771	-5.1497	-0.1753
755	E	W	-0.2459	1.2771	-19.4375	-0.2327
755	E	Y	-0.2367	1.2771	-19.4375	-0.2206
756	M	A	-0.2427	1.5725	-19.4375	-0.2641
756	M	C	-0.2482	1.5725	-19.4375	-0.2713
756	M	D	-0.3542	1.5725	-19.4375	-0.4100
756	M	E	-0.3444	1.5725	-19.4375	-0.3972
756	M	F	-0.2478	1.5725	-19.4375	-0.2707
756	M	G	-0.2477	1.5725	-4.5648	-0.3700
756	M	H	-0.3010	1.5725	-19.4375	-0.3404
756	M	I	-0.0779	1.5725	-3.3424	-0.1558
756	M	K	-0.3053	1.5725	-19.4375	-0.3460
756	M	L	-0.0430	1.5725	-2.9798	-0.1126
756	M	N	-0.2958	1.5725	-19.4375	-0.3336
756	M	P	-0.4137	1.5725	-19.4375	-0.4879
756	M	Q	-0.2879	1.5725	-19.4375	-0.3232
756	M	R	-0.3325	1.5725	-19.4375	-0.3817
756	M	S	-0.2741	1.5725	-19.4375	-0.3052
756	M	T	-0.1409	1.5725	-5.1497	-0.2263
756	M	V	-0.1192	1.5725	-5.1497	-0.1978
756	M	W	-0.3105	1.5725	-19.4375	-0.3529
756	M	Y	-0.2901	1.5725	-19.4375	-0.3261
757	D	A	-0.1535	1.0855	-3.5648	-0.1947
757	D	C	-0.2760	1.0855	-19.4375	-0.2490
757	D	E	-0.0998	1.0855	-3.8278	-0.1226
757	D	F	-0.3347	1.0855	-19.4375	-0.3258
757	D	G	-0.1779	1.0855	-6.1496	-0.2093
757	D	H	-0.2438	1.0855	-19.4375	-0.2069
757	D	I	-0.3269	1.0855	-19.4375	-0.3156
757	D	K	-0.3052	1.0855	-19.4375	-0.2873
757	D	L	-0.3205	1.0855	-19.4375	-0.3073
757	D	M	-0.2593	1.0855	-19.4375	-0.2271
757	D	N	-0.1334	1.0855	-6.1496	-0.1511
757	D	P	-0.3715	1.0855	-19.4375	-0.3740
757	D	Q	-0.2615	1.0855	-19.4375	-0.2300
757	D	R	-0.3363	1.0855	-19.4375	-0.3279
757	D	S	-0.2409	1.0855	-19.4375	-0.2031
757	D	T	-0.2710	1.0855	-19.4375	-0.2424
757	D	V	-0.2138	1.0855	-6.1496	-0.2563
757	D	W	-0.3151	1.0855	-19.4375	-0.3002
757	D	Y	-0.2795	1.0855	-19.4375	-0.2536
758	A	C	-0.1672	1.7293	-19.4375	-0.1841
758	A	D	-0.2489	1.7293	-19.4375	-0.2911
758	A	E	-0.1565	1.7293	-4.1498	-0.2723
758	A	F	-0.1495	1.7293	-6.1496	-0.2497
758	A	G	-0.0929	1.7293	-6.1496	-0.1756
758	A	H	-0.2214	1.7293	-19.4375	-0.2551
758	A	I	-0.1390	1.7293	-6.1496	-0.2360
758	A	K	-0.2392	1.7293	-19.4375	-0.2784
758	A	L	-0.2116	1.7293	-19.4375	-0.2422
758	A	M	-0.1703	1.7293	-19.4375	-0.1882
758	A	N	-0.1515	1.7293	-6.1496	-0.2523
758	A	P	-0.2208	1.7293	-6.1496	-0.3431
758	A	Q	-0.2168	1.7293	-19.4375	-0.2490
758	A	R	-0.2499	1.7293	-19.4375	-0.2924
758	A	S	-0.0560	1.7293	-4.5648	-0.1379
758	A	T	-0.0547	1.7293	-3.1498	-0.1457
758	A	V	-0.0620	1.7293	-5.1497	-0.1418
758	A	W	-0.2282	1.7293	-19.4375	-0.2640
758	A	Y	-0.2365	1.7293	-19.4375	-0.2748
759	V	A	-0.1199	1.4762	-3.5648	-0.1977
759	V	C	-0.2287	1.4762	-19.4375	-0.2342
759	V	D	-0.3674	1.4762	-19.4375	-0.4158
759	V	E	-0.3247	1.4762	-19.4375	-0.3599
759	V	F	-0.2102	1.4762	-6.1496	-0.2987
759	V	G	-0.3267	1.4762	-19.4375	-0.3624
759	V	H	-0.3704	1.4762	-19.4375	-0.4197
759	V	I	-0.0516	1.4762	-2.8278	-0.1133
759	V	K	-0.3637	1.4762	-19.4375	-0.4109
759	V	L	-0.1337	1.4762	-6.1496	-0.1985
759	V	M	-0.2106	1.4762	-19.4375	-0.2104
759	V	N	-0.3553	1.4762	-19.4375	-0.3999
759	V	P	-0.4052	1.4762	-19.4375	-0.4652
759	V	Q	-0.3354	1.4762	-19.4375	-0.3738
759	V	R	-0.3847	1.4762	-19.4375	-0.4384
759	V	S	-0.3045	1.4762	-19.4375	-0.3334
759	V	T	-0.1419	1.4762	-4.1498	-0.2226
759	V	W	-0.3186	1.4762	-19.4375	-0.3518
759	V	Y	-0.3215	1.4762	-19.4375	-0.3556
760	G	A	-0.1679	1.4524	-6.1496	-0.2405
760	G	C	-0.2955	1.4524	-19.4375	-0.3187
760	G	D	-0.2150	1.4524	-3.5648	-0.3194
760	G	E	-0.2953	1.4524	-19.4375	-0.3185
760	G	F	-0.3336	1.4524	-19.4375	-0.3686
760	G	H	-0.2405	1.4524	-6.1496	-0.3355
760	G	I	-0.3793	1.4524	-19.4375	-0.4284
760	G	K	-0.3282	1.4524	-19.4375	-0.3616
760	G	L	-0.3475	1.4524	-19.4375	-0.3868
760	G	M	-0.2857	1.4524	-19.4375	-0.3059
760	G	N	-0.2167	1.4524	-3.8278	-0.3198
760	G	P	-0.3934	1.4524	-19.4375	-0.4469
760	G	Q	-0.2992	1.4524	-19.4375	-0.3236
760	G	R	-0.2394	1.4524	-5.1497	-0.3407
760	G	S	-0.1636	1.4524	-4.1498	-0.2482
760	G	T	-0.3185	1.4524	-19.4375	-0.3489
760	G	V	-0.3225	1.4524	-19.4375	-0.3541
760	G	W	-0.3334	1.4524	-19.4375	-0.3683
760	G	Y	-0.3340	1.4524	-19.4375	-0.3691
761	L	A	-0.3660	0.4259	-19.4375	-0.2874
761	L	C	-0.3552	0.4259	-19.4375	-0.2733
761	L	D	-0.4875	0.4259	-19.4375	-0.4465
761	L	E	-0.4556	0.4259	-19.4375	-0.4047
761	L	F	-0.2317	0.4259	-6.1496	-0.2003
761	L	G	-0.4409	0.4259	-19.4375	-0.3854
761	L	H	-0.4084	0.4259	-19.4375	-0.3429
761	L	I	-0.1723	0.4259	-6.1496	-0.1226
761	L	K	-0.4546	0.4259	-19.4375	-0.4034
761	L	M	-0.2634	0.4259	-19.4375	-0.1531
761	L	N	-0.4338	0.4259	-19.4375	-0.3762
761	L	P	-0.4494	0.4259	-19.4375	-0.3966
761	L	Q	-0.3868	0.4259	-19.4375	-0.3146
761	L	R	-0.4462	0.4259	-19.4375	-0.3924
761	L	S	-0.3286	0.4259	-6.1496	-0.3272
761	L	T	-0.3013	0.4259	-6.1496	-0.2915
761	L	V	-0.2764	0.4259	-19.4375	-0.1701
761	L	W	-0.3986	0.4259	-19.4375	-0.3301
761	L	Y	-0.3915	0.4259	-19.4375	-0.3208
762	E	A	-0.1702	0.6537	-4.5443	-0.1580
762	E	C	-0.3155	0.6537	-19.4170	-0.2488
762	E	D	-0.1440	0.6537	-6.1292	-0.1131
762	E	F	-0.2931	0.6537	-19.4170	-0.2195
762	E	G	-0.2718	0.6537	-19.4170	-0.1917
762	E	H	-0.2844	0.6537	-19.4170	-0.2081
762	E	I	-0.2984	0.6537	-19.4170	-0.2265
762	E	K	-0.2681	0.6537	-19.4170	-0.1868
762	E	L	-0.3006	0.6537	-19.4170	-0.2293
762	E	M	-0.2494	0.6537	-19.4170	-0.1623
762	E	N	-0.2723	0.6537	-19.4170	-0.1923
762	E	P	-0.3302	0.6537	-5.1293	-0.3635
762	E	Q	-0.2186	0.6537	-19.4170	-0.1220
762	E	R	-0.3286	0.6537	-19.4170	-0.2660
762	E	S	-0.1917	0.6537	-6.1292	-0.1756
762	E	T	-0.2754	0.6537	-19.4170	-0.1964
762	E	V	-0.2593	0.6537	-19.4170	-0.1753
762	E	W	-0.3032	0.6537	-19.4170	-0.2327
762	E	Y	-0.2939	0.6537	-19.4170	-0.2206
763	L	A	-0.3354	0.7574	-19.4170	-0.2874
763	L	C	-0.3246	0.7574	-19.4170	-0.2733
763	L	D	-0.4569	0.7574	-19.4170	-0.4465
763	L	E	-0.4250	0.7574	-19.4170	-0.4047
763	L	F	-0.1867	0.7574	-3.3219	-0.2003
763	L	G	-0.4103	0.7574	-19.4170	-0.3854
763	L	H	-0.3778	0.7574	-19.4170	-0.3429
763	L	I	-0.2095	0.7574	-19.4170	-0.1226
763	L	K	-0.4240	0.7574	-19.4170	-0.4034
763	L	M	-0.1650	0.7574	-6.1292	-0.1531
763	L	N	-0.4032	0.7574	-19.4170	-0.3762
763	L	P	-0.4188	0.7574	-19.4170	-0.3966
763	L	Q	-0.3562	0.7574	-19.4170	-0.3146
763	L	R	-0.4156	0.7574	-19.4170	-0.3924
763	L	S	-0.3658	0.7574	-19.4170	-0.3272
763	L	T	-0.3385	0.7574	-19.4170	-0.2915
763	L	V	-0.1729	0.7574	-5.1293	-0.1701
763	L	W	-0.3680	0.7574	-19.4170	-0.3301
763	L	Y	-0.3609	0.7574	-19.4170	-0.3208
764	P	A	-0.2934	0.2163	-19.4170	-0.1672
764	P	C	-0.3261	0.2163	-19.4170	-0.2100
764	P	D	-0.3520	0.2163	-19.4170	-0.2439
764	P	E	-0.3358	0.2163	-19.4170	-0.2227
764	P	F	-0.3545	0.2163	-19.4170	-0.2472
764	P	G	-0.3077	0.2163	-19.4170	-0.1860
764	P	H	-0.3321	0.2163	-19.4170	-0.2179
764	P	I	-0.3375	0.2163	-19.4170	-0.2250
764	P	K	-0.3275	0.2163	-19.4170	-0.2118
764	P	L	-0.3421	0.2163	-19.4170	-0.2310
764	P	M	-0.2931	0.2163	-19.4170	-0.1668
764	P	N	-0.3201	0.2163	-19.4170	-0.2022
764	P	Q	-0.3218	0.2163	-19.4170	-0.2044
764	P	R	-0.3632	0.2163	-19.4170	-0.2586
764	P	S	-0.2253	0.2163	-6.1292	-0.1668
764	P	T	-0.3052	0.2163	-19.4170	-0.1827
764	P	V	-0.2251	0.2163	-6.1292	-0.1666
764	P	W	-0.3670	0.2163	-19.4170	-0.2636
764	P	Y	-0.3555	0.2163	-19.4170	-0.2485
765	V	A	-0.1942	1.5478	-19.4170	-0.1977
765	V	C	-0.2220	1.5478	-19.4170	-0.2342
765	V	D	-0.3608	1.5478	-19.4170	-0.4158
765	V	E	-0.2502	1.5478	-6.1292	-0.3599
765	V	F	-0.1933	1.5478	-4.1293	-0.2987
765	V	G	-0.2522	1.5478	-6.1292	-0.3624
765	V	H	-0.3637	1.5478	-19.4170	-0.4197
765	V	I	-0.0466	1.5478	-3.1293	-0.1133
765	V	K	-0.3570	1.5478	-19.4170	-0.4109
765	V	L	-0.0983	1.5478	-0.5146	-0.1985
765	V	M	-0.2039	1.5478	-19.4170	-0.2104
765	V	N	-0.3486	1.5478	-19.4170	-0.3999
765	V	P	-0.3985	1.5478	-19.4170	-0.4652
765	V	Q	-0.3287	1.5478	-19.4170	-0.3738
765	V	R	-0.3780	1.5478	-19.4170	-0.4384
765	V	S	-0.2249	1.5478	-5.1293	-0.3334
765	V	T	-0.2132	1.5478	-19.4170	-0.2226
765	V	W	-0.3119	1.5478	-19.4170	-0.3518
765	V	Y	-0.3148	1.5478	-19.4170	-0.3556
766	Q	A	-0.1889	1.0500	-19.4170	-0.1308
766	Q	C	-0.2351	1.0500	-19.4170	-0.1913
766	Q	D	-0.2754	1.0500	-19.4170	-0.2441
766	Q	E	-0.1109	1.0500	-3.1293	-0.1375
766	Q	F	-0.2431	1.0500	-19.4170	-0.2018
766	Q	G	-0.2595	1.0500	-19.4170	-0.2233
766	Q	H	-0.1103	1.0500	-3.8074	-0.1322
766	Q	I	-0.2245	1.0500	-19.4170	-0.1774
766	Q	K	-0.2220	1.0500	-19.4170	-0.1742
766	Q	L	-0.2078	1.0500	-19.4170	-0.1556
766	Q	M	-0.1788	1.0500	-19.4170	-0.1176
766	Q	N	-0.2045	1.0500	-19.4170	-0.1513
766	Q	P	-0.2896	1.0500	-5.1293	-0.3581
766	Q	R	-0.2206	1.0500	-19.4170	-0.1723
766	Q	S	-0.2073	1.0500	-19.4170	-0.1549
766	Q	T	-0.2172	1.0500	-19.4170	-0.1679
766	Q	V	-0.2245	1.0500	-19.4170	-0.1775
766	Q	W	-0.2425	1.0500	-19.4170	-0.2010
766	Q	Y	-0.2454	1.0500	-19.4170	-0.2048
767	I	A	-0.3353	0.8329	-19.4170	-0.2963
767	I	C	-0.3152	0.8329	-19.4170	-0.2701
767	I	D	-0.4593	0.8329	-19.4170	-0.4587
767	I	E	-0.4402	0.8329	-19.4170	-0.4337
767	I	F	-0.2962	0.8329	-19.4170	-0.2452
767	I	G	-0.4259	0.8329	-19.4170	-0.4150
767	I	H	-0.4258	0.8329	-19.4170	-0.4149
767	I	K	-0.4327	0.8329	-19.4170	-0.4239
767	I	L	-0.1526	0.8329	-6.1292	-0.1460
767	I	M	-0.1464	0.8329	-3.8074	-0.1534
767	I	N	-0.3724	0.8329	-19.4170	-0.3449
767	I	P	-0.4793	0.8329	-19.4170	-0.4849
767	I	Q	-0.4000	0.8329	-19.4170	-0.3810
767	I	R	-0.4595	0.8329	-19.4170	-0.4590
767	I	S	-0.3758	0.8329	-19.4170	-0.3494
767	I	T	-0.2167	0.8329	-4.5443	-0.2405
767	I	V	-0.1128	0.8329	-6.1292	-0.0938
767	I	W	-0.3851	0.8329	-19.4170	-0.3616
767	I	Y	-0.3940	0.8329	-19.4170	-0.3732
768	E	A	-0.2561	0.5396	-19.3101	-0.1580
768	E	C	-0.3254	0.5396	-19.3101	-0.2488
768	E	D	-0.1540	0.5396	-6.0223	-0.1131
768	E	F	-0.3030	0.5396	-19.3101	-0.2195
768	E	G	-0.2140	0.5396	-6.0223	-0.1917
768	E	H	-0.2943	0.5396	-19.3101	-0.2081
768	E	I	-0.3084	0.5396	-19.3101	-0.2265
768	E	K	-0.2052	0.5396	-5.0223	-0.1868
768	E	L	-0.3105	0.5396	-19.3101	-0.2293
768	E	M	-0.2593	0.5396	-19.3101	-0.1623
768	E	N	-0.2823	0.5396	-19.3101	-0.1923
768	E	P	-0.4130	0.5396	-19.3101	-0.3635
768	E	Q	-0.1608	0.5396	-6.0223	-0.1220
768	E	R	-0.3386	0.5396	-19.3101	-0.2660
768	E	S	-0.2695	0.5396	-19.3101	-0.1756
768	E	T	-0.2854	0.5396	-19.3101	-0.1964
768	E	V	-0.2693	0.5396	-19.3101	-0.1753
768	E	W	-0.3131	0.5396	-19.3101	-0.2327
768	E	Y	-0.3039	0.5396	-19.3101	-0.2206
769	E	A	-0.0940	1.5713	-6.1496	-0.1580
769	E	C	-0.2311	1.5713	-19.4375	-0.2488
769	E	D	-0.0546	1.5713	-5.1497	-0.1131
769	E	F	-0.2088	1.5713	-19.4375	-0.2195
769	E	G	-0.1116	1.5713	-4.5648	-0.1917
769	E	H	-0.2000	1.5713	-19.4375	-0.2081
769	E	I	-0.2141	1.5713	-19.4375	-0.2265
769	E	K	-0.1160	1.5713	-6.1496	-0.1868
769	E	L	-0.2162	1.5713	-19.4375	-0.2293
769	E	M	-0.1651	1.5713	-19.4375	-0.1623
769	E	N	-0.1121	1.5713	-4.5648	-0.1923
769	E	P	-0.3187	1.5713	-19.4375	-0.3635
769	E	Q	-0.0665	1.5713	-6.1496	-0.1220
769	E	R	-0.1663	1.5713	-4.1498	-0.2660
769	E	S	-0.1074	1.5713	-6.1496	-0.1756
769	E	T	-0.1182	1.5713	-5.1497	-0.1964
769	E	V	-0.1750	1.5713	-19.4375	-0.1753
769	E	W	-0.2188	1.5713	-19.4375	-0.2327
769	E	Y	-0.2096	1.5713	-19.4375	-0.2206
770	V	A	-0.2931	0.4733	-19.4375	-0.1977
770	V	C	-0.3210	0.4733	-19.4375	-0.2342
770	V	D	-0.4597	0.4733	-19.4375	-0.4158
770	V	E	-0.4170	0.4733	-19.4375	-0.3599
770	V	F	-0.3703	0.4733	-19.4375	-0.2987
770	V	G	-0.4189	0.4733	-19.4375	-0.3624
770	V	H	-0.4627	0.4733	-19.4375	-0.4197
770	V	I	-0.1490	0.4733	-3.8278	-0.1133
770	V	K	-0.4560	0.4733	-19.4375	-0.4109
770	V	L	-0.2937	0.4733	-19.4375	-0.1985
770	V	M	-0.3028	0.4733	-19.4375	-0.2104
770	V	N	-0.4476	0.4733	-19.4375	-0.3999
770	V	P	-0.4975	0.4733	-19.4375	-0.4652
770	V	Q	-0.4276	0.4733	-19.4375	-0.3738
770	V	R	-0.4770	0.4733	-19.4375	-0.4384
770	V	S	-0.3968	0.4733	-19.4375	-0.3334
770	V	T	-0.2443	0.4733	-6.1496	-0.2226
770	V	W	-0.4108	0.4733	-19.4375	-0.3518
770	V	Y	-0.4137	0.4733	-19.4375	-0.3556
771	I	A	-0.2927	1.2955	-19.4170	-0.2963
771	I	C	-0.2727	1.2955	-19.4170	-0.2701
771	I	D	-0.4167	1.2955	-19.4170	-0.4587
771	I	E	-0.3976	1.2955	-19.4170	-0.4337
771	I	F	-0.2537	1.2955	-19.4170	-0.2452
771	I	G	-0.3834	1.2955	-19.4170	-0.4150
771	I	H	-0.3833	1.2955	-19.4170	-0.4149
771	I	K	-0.3224	1.2955	-6.1292	-0.4239
771	I	L	-0.1020	1.2955	-4.5443	-0.1460
771	I	M	-0.1835	1.2955	-19.4170	-0.1534
771	I	N	-0.3298	1.2955	-19.4170	-0.3449
771	I	P	-0.4368	1.2955	-19.4170	-0.4849
771	I	Q	-0.3574	1.2955	-19.4170	-0.3810
771	I	R	-0.3441	1.2955	-5.1293	-0.4590
771	I	S	-0.3333	1.2955	-19.4170	-0.3494
771	I	T	-0.1653	1.2955	-2.8074	-0.2405
771	I	V	-0.0651	1.2955	-5.1293	-0.0938
771	I	W	-0.3426	1.2955	-19.4170	-0.3616
771	I	Y	-0.3514	1.2955	-19.4170	-0.3732
772	E	A	-0.1466	0.9995	-6.1496	-0.1580
772	E	C	-0.2837	0.9995	-19.4375	-0.2488
772	E	D	-0.0953	0.9995	-2.8278	-0.1131
772	E	F	-0.2614	0.9995	-19.4375	-0.2195
772	E	G	-0.1723	0.9995	-6.1496	-0.1917
772	E	H	-0.2527	0.9995	-19.4375	-0.2081
772	E	I	-0.2667	0.9995	-19.4375	-0.2265
772	E	K	-0.1686	0.9995	-6.1496	-0.1868
772	E	L	-0.2689	0.9995	-19.4375	-0.2293
772	E	M	-0.2177	0.9995	-19.4375	-0.1623
772	E	N	-0.2406	0.9995	-19.4375	-0.1923
772	E	P	-0.3714	0.9995	-19.4375	-0.3635
772	E	Q	-0.1191	0.9995	-6.1496	-0.1220
772	E	R	-0.2969	0.9995	-19.4375	-0.2660
772	E	S	-0.2278	0.9995	-19.4375	-0.1756
772	E	T	-0.2437	0.9995	-19.4375	-0.1964
772	E	V	-0.2276	0.9995	-19.4375	-0.1753
772	E	W	-0.2714	0.9995	-19.4375	-0.2327
772	E	Y	-0.2622	0.9995	-19.4375	-0.2206
773	S	A	-0.0389	1.7335	-6.1496	-0.1054
773	S	C	-0.1572	1.7335	-19.4375	-0.1715
773	S	D	-0.1325	1.7335	-5.1497	-0.2346
773	S	E	-0.1786	1.7335	-19.4375	-0.1995
773	S	F	-0.1847	1.7335	-19.4375	-0.2076
773	S	G	-0.1158	1.7335	-19.4375	-0.1174
773	S	H	-0.1860	1.7335	-19.4375	-0.2092
773	S	I	-0.1150	1.7335	-5.1497	-0.2117
773	S	K	-0.1224	1.7335	-5.1497	-0.2214
773	S	L	-0.1841	1.7335	-19.4375	-0.2068
773	S	M	-0.1552	1.7335	-19.4375	-0.1689
773	S	N	-0.0366	1.7335	-1.3424	-0.1346
773	S	P	-0.2601	1.7335	-19.4375	-0.3063
773	S	Q	-0.1486	1.7335	-19.4375	-0.1603
773	S	R	-0.1327	1.7335	-6.1496	-0.2283
773	S	T	-0.0296	1.7335	-6.1496	-0.0932
773	S	V	-0.1621	1.7335	-19.4375	-0.1780
773	S	W	-0.1944	1.7335	-19.4375	-0.2203
773	S	Y	-0.1896	1.7335	-19.4375	-0.2139
774	F	A	-0.2968	1.5019	-19.4375	-0.3264
774	F	C	-0.2649	1.5019	-19.4375	-0.2847
774	F	D	-0.4198	1.5019	-19.4375	-0.4874
774	F	E	-0.3891	1.5019	-19.4375	-0.4473
774	F	G	-0.3322	1.5019	-19.4375	-0.3727
774	F	H	-0.2566	1.5019	-6.1496	-0.3625
774	F	I	-0.1597	1.5019	-3.5648	-0.2530
774	F	K	-0.3960	1.5019	-19.4375	-0.4563
774	F	L	-0.1232	1.5019	-3.8278	-0.2034
774	F	M	-0.2339	1.5019	-19.4375	-0.2440
774	F	N	-0.3494	1.5019	-19.4375	-0.3953
774	F	P	-0.3523	1.5019	-6.1496	-0.4879
774	F	Q	-0.3515	1.5019	-19.4375	-0.3980
774	F	R	-0.3974	1.5019	-19.4375	-0.4581
774	F	S	-0.1961	1.5019	-3.8278	-0.2989
774	F	T	-0.2492	1.5019	-5.1497	-0.3595
774	F	V	-0.2351	1.5019	-19.4375	-0.2456
774	F	W	-0.2203	1.5019	-19.4375	-0.2263
774	F	Y	-0.1886	1.5019	-19.4375	-0.1848
775	Q	A	-0.1445	1.5337	-19.4375	-0.1308
775	Q	C	-0.1907	1.5337	-19.4375	-0.1913
775	Q	D	-0.2310	1.5337	-19.4375	-0.2441
775	Q	E	-0.0767	1.5337	-5.1497	-0.1375
775	Q	F	-0.1987	1.5337	-19.4375	-0.2018
775	Q	G	-0.2151	1.5337	-19.4375	-0.2233
775	Q	H	-0.0550	1.5337	-1.6903	-0.1322
775	Q	I	-0.1801	1.5337	-19.4375	-0.1774
775	Q	K	-0.1098	1.5337	-6.1496	-0.1742
775	Q	L	-0.1634	1.5337	-19.4375	-0.1556
775	Q	M	-0.1344	1.5337	-19.4375	-0.1176
775	Q	N	-0.0923	1.5337	-6.1496	-0.1513
775	Q	P	-0.3181	1.5337	-19.4375	-0.3581
775	Q	R	-0.0981	1.5337	-4.1498	-0.1723
775	Q	S	-0.1629	1.5337	-19.4375	-0.1549
775	Q	T	-0.1728	1.5337	-19.4375	-0.1679
775	Q	V	-0.1801	1.5337	-19.4375	-0.1775
775	Q	W	-0.1981	1.5337	-19.4375	-0.2010
775	Q	Y	-0.2010	1.5337	-19.4375	-0.2048
776	V	A	-0.0747	2.0201	-4.5236	-0.1977
776	V	C	-0.1785	2.0201	-19.3963	-0.2342
776	V	D	-0.2217	2.0201	-0.6823	-0.4158
776	V	E	-0.2016	2.0201	-5.1085	-0.3599
776	V	F	-0.2277	2.0201	-19.3963	-0.2987
776	V	G	-0.2086	2.0201	-6.1084	-0.3624
776	V	H	-0.3202	2.0201	-19.3963	-0.4197
776	V	I	-0.0102	2.0201	-4.5236	-0.1133
776	V	K	-0.3134	2.0201	-19.3963	-0.4109
776	V	L	-0.1512	2.0201	-19.3963	-0.1985
776	V	M	-0.1603	2.0201	-19.3963	-0.2104
776	V	N	-0.2372	2.0201	-6.1084	-0.3999
776	V	P	-0.3549	2.0201	-19.3963	-0.4652
776	V	Q	-0.2851	2.0201	-19.3963	-0.3738
776	V	R	-0.3345	2.0201	-19.3963	-0.4384
776	V	S	-0.1784	2.0201	-4.5236	-0.3334
776	V	T	-0.0967	2.0201	-5.1085	-0.2226
776	V	W	-0.2683	2.0201	-19.3963	-0.3518
776	V	Y	-0.1983	2.0201	-5.1085	-0.3556
777	E	A	-0.0469	2.0803	-6.1084	-0.1580
777	E	C	-0.1841	2.0803	-19.3963	-0.2488
777	E	D	-0.0075	2.0803	-5.1085	-0.1131
777	E	F	-0.1617	2.0803	-19.3963	-0.2195
777	E	G	-0.0463	2.0803	-0.9386	-0.1917
777	E	H	-0.1530	2.0803	-19.3963	-0.2081
777	E	I	-0.1671	2.0803	-19.3963	-0.2265
777	E	K	-0.0689	2.0803	-6.1084	-0.1868
777	E	L	-0.1692	2.0803	-19.3963	-0.2293
777	E	M	-0.1180	2.0803	-19.3963	-0.1623
777	E	N	-0.0680	2.0803	-5.1085	-0.1923
777	E	P	-0.2717	2.0803	-19.3963	-0.3635
777	E	Q	-0.0872	2.0803	-19.3963	-0.1220
777	E	R	-0.1176	2.0803	-3.7866	-0.2660
777	E	S	-0.1282	2.0803	-19.3963	-0.1756
777	E	T	-0.1441	2.0803	-19.3963	-0.1964
777	E	V	-0.0550	2.0803	-5.1085	-0.1753
777	E	W	-0.0959	2.0803	-4.5236	-0.2327
777	E	Y	-0.1625	2.0803	-19.3963	-0.2206
778	K	A	-0.0529	1.8352	-2.5025	-0.1604
778	K	C	-0.2092	1.8352	-19.3752	-0.2523
778	K	D	-0.1721	1.8352	-4.5025	-0.3031
778	K	E	-0.0690	1.8352	-0.7656	-0.1930
778	K	F	-0.2101	1.8352	-19.3752	-0.2535
778	K	G	-0.1304	1.8352	-6.0874	-0.2379
778	K	H	-0.1491	1.8352	-19.3752	-0.1736
778	K	I	-0.1774	1.8352	-19.3752	-0.2106
778	K	L	-0.1761	1.8352	-19.3752	-0.2089
778	K	M	-0.1491	1.8352	-19.3752	-0.1736
778	K	N	-0.1573	1.8352	-19.3752	-0.1843
778	K	P	-0.2455	1.8352	-6.0874	-0.3886
778	K	Q	-0.0704	1.8352	-6.0874	-0.1594
778	K	R	-0.0726	1.8352	-19.3752	-0.0735
778	K	S	-0.1492	1.8352	-19.3752	-0.1737
778	K	T	-0.1610	1.8352	-19.3752	-0.1892
778	K	V	-0.0934	1.8352	-6.0874	-0.1895
778	K	W	-0.2191	1.8352	-19.3752	-0.2653
778	K	Y	-0.1950	1.8352	-19.3752	-0.2337
779	C	A	-0.3325	1.5798	-19.3752	-0.3830
779	C	D	-0.4398	1.5798	-19.3752	-0.5234
779	C	E	-0.4274	1.5798	-19.3752	-0.5072
779	C	F	-0.2469	1.5798	-3.7655	-0.3751
779	C	G	-0.2521	1.5798	-5.0874	-0.3731
779	C	H	-0.4383	1.5798	-19.3752	-0.5214
779	C	I	-0.3564	1.5798	-19.3752	-0.4142
779	C	K	-0.4280	1.5798	-19.3752	-0.5080
779	C	L	-0.3894	1.5798	-19.3752	-0.4575
779	C	M	-0.3567	1.5798	-19.3752	-0.4146
779	C	N	-0.3822	1.5798	-19.3752	-0.4480
779	C	P	-0.4509	1.5798	-19.3752	-0.5379
779	C	Q	-0.4062	1.5798	-19.3752	-0.4794
779	C	R	-0.3089	1.5798	-4.5025	-0.4514
779	C	S	-0.2436	1.5798	-3.7655	-0.3709
779	C	T	-0.3580	1.5798	-19.3752	-0.4163
779	C	V	-0.3545	1.5798	-19.3752	-0.4117
779	C	W	-0.3296	1.5798	-19.3752	-0.3792
779	C	Y	-0.2548	1.5798	-3.5025	-0.3873
780	V	A	-0.0761	1.9826	-4.1293	-0.1977
780	V	C	-0.1820	1.9826	-19.4170	-0.2342
780	V	D	-0.2529	1.9826	-6.1292	-0.4158
780	V	E	-0.2780	1.9826	-19.4170	-0.3599
780	V	F	-0.2313	1.9826	-19.4170	-0.2987
780	V	G	-0.2121	1.9826	-6.1292	-0.3624
780	V	H	-0.3237	1.9826	-19.4170	-0.4197
780	V	I	-0.0036	1.9826	-2.5443	-0.1133
780	V	K	-0.3170	1.9826	-19.4170	-0.4109
780	V	L	-0.0751	1.9826	-3.8074	-0.1985
780	V	M	-0.0960	1.9826	-6.1292	-0.2104
780	V	N	-0.3086	1.9826	-19.4170	-0.3999
780	V	P	-0.3585	1.9826	-19.4170	-0.4652
780	V	Q	-0.2887	1.9826	-19.4170	-0.3738
780	V	R	-0.2600	1.9826	-4.1293	-0.4384
780	V	S	-0.2578	1.9826	-19.4170	-0.3334
780	V	T	-0.1732	1.9826	-19.4170	-0.2226
780	V	W	-0.2719	1.9826	-19.4170	-0.3518
780	V	Y	-0.2070	1.9826	-6.1292	-0.3556
781	T	A	-0.0666	1.7474	-3.5443	-0.1608
781	T	C	-0.1156	1.7474	-6.1292	-0.2077
781	T	D	-0.2632	1.7474	-19.4170	-0.3121
781	T	E	-0.2385	1.7474	-19.4170	-0.2798
781	T	F	-0.2549	1.7474	-19.4170	-0.3012
781	T	G	-0.1533	1.7474	-6.1292	-0.2570
781	T	H	-0.2351	1.7474	-19.4170	-0.2754
781	T	I	-0.1735	1.7474	-19.4170	-0.1947
781	T	K	-0.1629	1.7474	-6.1292	-0.2696
781	T	L	-0.2254	1.7474	-19.4170	-0.2627
781	T	M	-0.1924	1.7474	-19.4170	-0.2194
781	T	N	-0.2032	1.7474	-19.4170	-0.2336
781	T	P	-0.2298	1.7474	-3.3219	-0.3759
781	T	Q	-0.2127	1.7474	-19.4170	-0.2460
781	T	R	-0.1525	1.7474	-3.5443	-0.2733
781	T	S	-0.1113	1.7474	-19.4170	-0.1133
781	T	V	-0.0881	1.7474	-5.1293	-0.1784
781	T	W	-0.2477	1.7474	-19.4170	-0.2919
781	T	Y	-0.2563	1.7474	-19.4170	-0.3031
782	E	A	-0.2113	0.2951	-6.1292	-0.1580
782	E	C	-0.3485	0.2951	-19.4170	-0.2488
782	E	D	-0.2448	0.2951	-19.4170	-0.1131
782	E	F	-0.3261	0.2951	-19.4170	-0.2195
782	E	G	-0.3048	0.2951	-19.4170	-0.1917
782	E	H	-0.3174	0.2951	-19.4170	-0.2081
782	E	I	-0.3314	0.2951	-19.4170	-0.2265
782	E	K	-0.2282	0.2951	-5.1293	-0.1868
782	E	L	-0.3336	0.2951	-19.4170	-0.2293
782	E	M	-0.2824	0.2951	-19.4170	-0.1623
782	E	N	-0.3053	0.2951	-19.4170	-0.1923
782	E	P	-0.4361	0.2951	-19.4170	-0.3635
782	E	Q	-0.2516	0.2951	-19.4170	-0.1220
782	E	R	-0.3616	0.2951	-19.4170	-0.2660
782	E	S	-0.2925	0.2951	-19.4170	-0.1756
782	E	T	-0.3084	0.2951	-19.4170	-0.1964
782	E	V	-0.2923	0.2951	-19.4170	-0.1753
782	E	W	-0.3362	0.2951	-19.4170	-0.2327
782	E	Y	-0.3269	0.2951	-19.4170	-0.2206
783	Y	A	-0.1521	2.3673	-6.1496	-0.3300
783	Y	C	-0.1147	2.3673	-4.5648	-0.2916
783	Y	D	-0.1501	2.3673	-2.9798	-0.3486
783	Y	E	-0.2628	2.3673	-19.4375	-0.3862
783	Y	F	0.0155	2.3673	-5.1497	-0.1173
783	Y	G	-0.2905	2.3673	-19.4375	-0.4224
783	Y	H	-0.0339	2.3673	-1.0623	-0.2092
783	Y	I	-0.2320	2.3673	-19.4375	-0.3458
783	Y	K	-0.2881	2.3673	-19.4375	-0.4193
783	Y	L	-0.1332	2.3673	-4.5648	-0.3158
783	Y	M	-0.1612	2.3673	-19.4375	-0.2531
783	Y	N	-0.2131	2.3673	-19.4375	-0.3211
783	Y	P	-0.2631	2.3673	-3.5648	-0.4926
783	Y	Q	-0.2376	2.3673	-19.4375	-0.3532
783	Y	R	-0.2835	2.3673	-19.4375	-0.4132
783	Y	S	-0.1517	2.3673	-5.1497	-0.3362
783	Y	T	-0.2433	2.3673	-19.4375	-0.3606
783	Y	V	-0.2215	2.3673	-19.4375	-0.3321
783	Y	W	-0.1375	2.3673	-19.4375	-0.2221
784	Q	A	-0.1922	0.9985	-19.1457	-0.1308
784	Q	C	-0.2384	0.9985	-19.1457	-0.1913
784	Q	D	-0.2788	0.9985	-19.1457	-0.2441
784	Q	E	-0.1244	0.9985	-4.8580	-0.1375
784	Q	F	-0.2464	0.9985	-19.1457	-0.2018
784	Q	G	-0.2629	0.9985	-19.1457	-0.2233
784	Q	H	-0.1933	0.9985	-19.1457	-0.1322
784	Q	I	-0.1600	0.9985	-5.8579	-0.1774
784	Q	K	-0.1576	0.9985	-5.8579	-0.1742
784	Q	L	-0.1434	0.9985	-5.8579	-0.1556
784	Q	M	-0.1821	0.9985	-19.1457	-0.1176
784	Q	N	-0.2079	0.9985	-19.1457	-0.1513
784	Q	P	-0.3658	0.9985	-19.1457	-0.3581
784	Q	R	-0.1480	0.9985	-4.2730	-0.1723
784	Q	S	-0.2106	0.9985	-19.1457	-0.1549
784	Q	T	-0.2206	0.9985	-19.1457	-0.1679
784	Q	V	-0.2279	0.9985	-19.1457	-0.1775
784	Q	W	-0.1780	0.9985	-5.8579	-0.2010
784	Q	Y	-0.2487	0.9985	-19.1457	-0.2048
785	E	A	-0.1472	1.7139	-19.1457	-0.1580
785	E	C	-0.2165	1.7139	-19.1457	-0.2488
785	E	D	-0.1129	1.7139	-19.1457	-0.1131
785	E	F	-0.1941	1.7139	-19.1457	-0.2195
785	E	G	-0.0789	1.7139	-0.7287	-0.1917
785	E	H	-0.1854	1.7139	-19.1457	-0.2081
785	E	I	-0.1995	1.7139	-19.1457	-0.2265
785	E	K	-0.1692	1.7139	-19.1457	-0.1868
785	E	L	-0.2016	1.7139	-19.1457	-0.2293
785	E	M	-0.1505	1.7139	-19.1457	-0.1623
785	E	N	-0.1734	1.7139	-19.1457	-0.1923
785	E	P	-0.3041	1.7139	-19.1457	-0.3635
785	E	Q	-0.0438	1.7139	-4.2730	-0.1220
785	E	R	-0.1517	1.7139	-3.8580	-0.2660
785	E	S	-0.0928	1.7139	-5.8579	-0.1756
785	E	T	-0.1087	1.7139	-5.8579	-0.1964
785	E	V	-0.0926	1.7139	-5.8579	-0.1753
785	E	W	-0.2042	1.7139	-19.1457	-0.2327
785	E	Y	-0.1950	1.7139	-19.1457	-0.2206
786	G	A	-0.2157	0.9124	-5.7813	-0.2405
786	G	C	-0.3433	0.9124	-19.0691	-0.3187
786	G	D	-0.2679	0.9124	-4.1964	-0.3194
786	G	E	-0.2753	0.9124	-5.7813	-0.3185
786	G	F	-0.3814	0.9124	-19.0691	-0.3686
786	G	H	-0.3561	0.9124	-19.0691	-0.3355
786	G	I	-0.4271	0.9124	-19.0691	-0.4284
786	G	K	-0.3760	0.9124	-19.0691	-0.3616
786	G	L	-0.3953	0.9124	-19.0691	-0.3868
786	G	M	-0.3335	0.9124	-19.0691	-0.3059
786	G	N	-0.2763	0.9124	-5.7813	-0.3198
786	G	P	-0.4412	0.9124	-19.0691	-0.4469
786	G	Q	-0.3470	0.9124	-19.0691	-0.3236
786	G	R	-0.3601	0.9124	-19.0691	-0.3407
786	G	S	-0.2165	0.9124	-4.7813	-0.2482
786	G	T	-0.3663	0.9124	-19.0691	-0.3489
786	G	V	-0.3703	0.9124	-19.0691	-0.3541
786	G	W	-0.3812	0.9124	-19.0691	-0.3683
786	G	Y	-0.3818	0.9124	-19.0691	-0.3691
787	C	A	-0.3480	1.3951	-19.0691	-0.3830
787	C	D	-0.3874	1.3951	-5.7813	-0.5234
787	C	E	-0.4428	1.3951	-19.0691	-0.5072
787	C	F	-0.2741	1.3951	-5.7813	-0.3751
787	C	G	-0.2624	1.3951	-3.7814	-0.3731
787	C	H	-0.3859	1.3951	-5.7813	-0.5214
787	C	I	-0.3718	1.3951	-19.0691	-0.4142
787	C	K	-0.4435	1.3951	-19.0691	-0.5080
787	C	L	-0.4049	1.3951	-19.0691	-0.4575
787	C	M	-0.3721	1.3951	-19.0691	-0.4146
787	C	N	-0.3976	1.3951	-19.0691	-0.4480
787	C	P	-0.4663	1.3951	-19.0691	-0.5379
787	C	Q	-0.4216	1.3951	-19.0691	-0.4794
787	C	R	-0.4002	1.3951	-19.0691	-0.4514
787	C	S	-0.2591	1.3951	-3.4595	-0.3709
787	C	T	-0.3734	1.3951	-19.0691	-0.4163
787	C	V	-0.3699	1.3951	-19.0691	-0.4117
787	C	W	-0.3451	1.3951	-19.0691	-0.3792
787	C	Y	-0.2783	1.3951	-4.7813	-0.3873
788	Q	A	-0.1628	1.3314	-19.3752	-0.1308
788	Q	C	-0.2090	1.3314	-19.3752	-0.1913
788	Q	D	-0.2493	1.3314	-19.3752	-0.2441
788	Q	E	-0.0869	1.3314	-3.5025	-0.1375
788	Q	F	-0.2170	1.3314	-19.3752	-0.2018
788	Q	G	-0.1656	1.3314	-6.0874	-0.2233
788	Q	H	-0.0879	1.3314	-4.5025	-0.1322
788	Q	I	-0.1984	1.3314	-19.3752	-0.1774
788	Q	K	-0.1959	1.3314	-19.3752	-0.1742
788	Q	L	-0.1139	1.3314	-6.0874	-0.1556
788	Q	M	-0.1527	1.3314	-19.3752	-0.1176
788	Q	N	-0.1784	1.3314	-19.3752	-0.1513
788	Q	P	-0.2635	1.3314	-5.0874	-0.3581
788	Q	R	-0.1186	1.3314	-4.5025	-0.1723
788	Q	S	-0.1812	1.3314	-19.3752	-0.1549
788	Q	T	-0.1911	1.3314	-19.3752	-0.1679
788	Q	V	-0.1984	1.3314	-19.3752	-0.1775
788	Q	W	-0.2164	1.3314	-19.3752	-0.2010
788	Q	Y	-0.2193	1.3314	-19.3752	-0.2048
789	G	A	-0.1503	1.3275	-0.4374	-0.2405
789	G	C	-0.3063	1.3275	-19.3101	-0.3187
789	G	D	-0.3068	1.3275	-19.3101	-0.3194
789	G	E	-0.2332	1.3275	-5.0223	-0.3185
789	G	F	-0.3444	1.3275	-19.3101	-0.3686
789	G	H	-0.3191	1.3275	-19.3101	-0.3355
789	G	I	-0.3901	1.3275	-19.3101	-0.4284
789	G	K	-0.3391	1.3275	-19.3101	-0.3616
789	G	L	-0.3583	1.3275	-19.3101	-0.3868
789	G	M	-0.2965	1.3275	-19.3101	-0.3059
789	G	N	-0.3072	1.3275	-19.3101	-0.3198
789	G	P	-0.4042	1.3275	-19.3101	-0.4469
789	G	Q	-0.3101	1.3275	-19.3101	-0.3236
789	G	R	-0.3231	1.3275	-19.3101	-0.3407
789	G	S	-0.2525	1.3275	-19.3101	-0.2482
789	G	T	-0.2514	1.3275	-4.0224	-0.3489
789	G	V	-0.2537	1.3275	-3.7005	-0.3541
789	G	W	-0.3442	1.3275	-19.3101	-0.3683
789	G	Y	-0.3448	1.3275	-19.3101	-0.3691
790	L	A	-0.3051	1.0844	-19.3752	-0.2874
790	L	C	-0.2943	1.0844	-19.3752	-0.2733
790	L	D	-0.4266	1.0844	-19.3752	-0.4465
790	L	E	-0.3947	1.0844	-19.3752	-0.4047
790	L	F	-0.2386	1.0844	-19.3752	-0.2003
790	L	G	-0.3041	1.0844	-4.5025	-0.3854
790	L	H	-0.3475	1.0844	-19.3752	-0.3429
790	L	I	-0.1792	1.0844	-19.3752	-0.1226
790	L	K	-0.3937	1.0844	-19.3752	-0.4034
790	L	M	-0.2025	1.0844	-19.3752	-0.1531
790	L	N	-0.3729	1.0844	-19.3752	-0.3762
790	L	P	-0.3075	1.0844	-3.5025	-0.3966
790	L	Q	-0.2581	1.0844	-6.0874	-0.3146
790	L	R	-0.3175	1.0844	-6.0874	-0.3924
790	L	S	-0.2626	1.0844	-5.0874	-0.3272
790	L	T	-0.3082	1.0844	-19.3752	-0.2915
790	L	V	-0.2155	1.0844	-19.3752	-0.1701
790	L	W	-0.3377	1.0844	-19.3752	-0.3301
790	L	Y	-0.3306	1.0844	-19.3752	-0.3208
791	G	A	-0.2673	1.1061	-19.3752	-0.2405
791	G	C	-0.3270	1.1061	-19.3752	-0.3187
791	G	D	-0.2546	1.1061	-5.0874	-0.3194
791	G	E	-0.3269	1.1061	-19.3752	-0.3185
791	G	F	-0.3651	1.1061	-19.3752	-0.3686
791	G	H	-0.3398	1.1061	-19.3752	-0.3355
791	G	I	-0.3430	1.1061	-6.0874	-0.4284
791	G	K	-0.2920	1.1061	-6.0874	-0.3616
791	G	L	-0.3790	1.1061	-19.3752	-0.3868
791	G	M	-0.3172	1.1061	-19.3752	-0.3059
791	G	N	-0.2549	1.1061	-5.0874	-0.3198
791	G	P	-0.4249	1.1061	-19.3752	-0.4469
791	G	Q	-0.3308	1.1061	-19.3752	-0.3236
791	G	R	-0.3438	1.1061	-19.3752	-0.3407
791	G	S	-0.1901	1.1061	-3.0875	-0.2482
791	G	T	-0.3501	1.1061	-19.3752	-0.3489
791	G	V	-0.3541	1.1061	-19.3752	-0.3541
791	G	W	-0.3649	1.1061	-19.3752	-0.3683
791	G	Y	-0.3655	1.1061	-19.3752	-0.3691
792	S	A	-0.1903	0.8214	-19.3752	-0.1054
792	S	C	-0.2408	0.8214	-19.3752	-0.1715
792	S	D	-0.2890	0.8214	-19.3752	-0.2346
792	S	E	-0.2622	0.8214	-19.3752	-0.1995
792	S	F	-0.1954	0.8214	-5.0874	-0.2076
792	S	G	-0.1995	0.8214	-19.3752	-0.1174
792	S	H	-0.2696	0.8214	-19.3752	-0.2092
792	S	I	-0.2715	0.8214	-19.3752	-0.2117
792	S	K	-0.2789	0.8214	-19.3752	-0.2214
792	S	L	-0.2677	0.8214	-19.3752	-0.2068
792	S	M	-0.2388	0.8214	-19.3752	-0.1689
792	S	N	-0.2126	0.8214	-19.3752	-0.1346
792	S	P	-0.2678	0.8214	-4.5025	-0.3063
792	S	Q	-0.2322	0.8214	-19.3752	-0.1603
792	S	R	-0.2842	0.8214	-19.3752	-0.2283
792	S	T	-0.1013	0.8214	-3.7655	-0.0932
792	S	V	-0.2457	0.8214	-19.3752	-0.1780
792	S	W	-0.2781	0.8214	-19.3752	-0.2203
792	S	Y	-0.2732	0.8214	-19.3752	-0.2139
793	R	A	-0.2207	1.8944	-19.3322	-0.2748
793	R	C	-0.2296	1.8944	-19.3322	-0.2864
793	R	D	-0.3118	1.8944	-19.3322	-0.3940
793	R	E	-0.1892	1.8944	-6.0443	-0.3223
793	R	F	-0.2529	1.8944	-19.3322	-0.3169
793	R	G	-0.1730	1.8944	-3.0444	-0.3211
793	R	H	-0.1905	1.8944	-19.3322	-0.2352
793	R	I	-0.1823	1.8944	-6.0443	-0.3133
793	R	K	-0.0381	1.8944	-5.0444	-0.1311
793	R	L	-0.2232	1.8944	-19.3322	-0.2780
793	R	M	-0.1890	1.8944	-19.3322	-0.2333
793	R	N	-0.2356	1.8944	-19.3322	-0.2943
793	R	P	-0.3628	1.8944	-19.3322	-0.4608
793	R	Q	-0.1196	1.8944	-4.4594	-0.2417
793	R	S	-0.1432	1.8944	-4.0444	-0.2755
793	R	T	-0.1446	1.8944	-3.4595	-0.2812
793	R	V	-0.2372	1.8944	-19.3322	-0.2964
793	R	W	-0.2384	1.8944	-19.3322	-0.2980
793	R	Y	-0.2422	1.8944	-19.3322	-0.3029
794	G	A	-0.2225	1.5901	-19.3322	-0.2405
794	G	C	-0.2823	1.5901	-19.3322	-0.3187
794	G	D	-0.2828	1.5901	-19.3322	-0.3194
794	G	E	-0.2821	1.5901	-19.3322	-0.3185
794	G	F	-0.3204	1.5901	-19.3322	-0.3686
794	G	H	-0.2951	1.5901	-19.3322	-0.3355
794	G	I	-0.3661	1.5901	-19.3322	-0.4284
794	G	K	-0.3150	1.5901	-19.3322	-0.3616
794	G	L	-0.3343	1.5901	-19.3322	-0.3868
794	G	M	-0.2725	1.5901	-19.3322	-0.3059
794	G	N	-0.1936	1.5901	-1.7965	-0.3198
794	G	P	-0.3802	1.5901	-19.3322	-0.4469
794	G	Q	-0.2860	1.5901	-19.3322	-0.3236
794	G	R	-0.2313	1.5901	-6.0443	-0.3407
794	G	S	-0.1351	1.5901	-1.0444	-0.2482
794	G	T	-0.3053	1.5901	-19.3322	-0.3489
794	G	V	-0.3093	1.5901	-19.3322	-0.3541
794	G	W	-0.3201	1.5901	-19.3322	-0.3683
794	G	Y	-0.3208	1.5901	-19.3322	-0.3691
795	N	A	-0.1204	2.1025	-19.2878	-0.1688
795	N	C	-0.1703	2.1025	-19.2878	-0.2341
795	N	D	-0.0558	2.1025	-5.9999	-0.1730
795	N	E	-0.1507	2.1025	-19.2878	-0.2085
795	N	F	-0.1775	2.1025	-19.2878	-0.2436
795	N	G	-0.1512	2.1025	-19.2878	-0.2091
795	N	H	-0.0457	2.1025	-3.6781	-0.1753
795	N	I	-0.1706	2.1025	-19.2878	-0.2346
795	N	K	-0.0507	2.1025	-5.0000	-0.1730
795	N	L	-0.1771	2.1025	-19.2878	-0.2430
795	N	M	-0.1312	2.1025	-19.2878	-0.1830
795	N	P	-0.2860	2.1025	-19.2878	-0.3856
795	N	Q	-0.1144	2.1025	-19.2878	-0.1609
795	N	R	-0.0828	2.1025	-5.0000	-0.2151
795	N	S	0.0003	2.1025	-1.5406	-0.1294
795	N	T	-0.0577	2.1025	-3.1927	-0.1943
795	N	V	-0.1640	2.1025	-19.2878	-0.2259
795	N	W	-0.1826	2.1025	-19.2878	-0.2503
795	N	Y	-0.1611	2.1025	-19.2878	-0.2221
796	I	A	-0.1700	1.7773	-4.0661	-0.2963
796	I	C	-0.2280	1.7773	-19.3538	-0.2701
796	I	D	-0.3721	1.7773	-19.3538	-0.4587
796	I	E	-0.3530	1.7773	-19.3538	-0.4337
796	I	F	-0.1361	1.7773	-5.0661	-0.2452
796	I	G	-0.3387	1.7773	-19.3538	-0.4150
796	I	H	-0.3386	1.7773	-19.3538	-0.4149
796	I	K	-0.3455	1.7773	-19.3538	-0.4239
796	I	L	-0.0522	1.7773	-3.4811	-0.1460
796	I	M	-0.1389	1.7773	-19.3538	-0.1534
796	I	N	-0.2852	1.7773	-19.3538	-0.3449
796	I	P	-0.3921	1.7773	-19.3538	-0.4849
796	I	Q	-0.3127	1.7773	-19.3538	-0.3810
796	I	R	-0.3045	1.7773	-6.0660	-0.4590
796	I	S	-0.2157	1.7773	-5.0661	-0.3494
796	I	T	-0.1376	1.7773	-6.0660	-0.2405
796	I	V	-0.0112	1.7773	-3.2588	-0.0938
796	I	W	-0.2979	1.7773	-19.3538	-0.3616
796	I	Y	-0.3068	1.7773	-19.3538	-0.3732
797	S	A	-0.1372	0.5761	-4.5443	-0.1054
797	S	C	-0.1958	0.5761	-6.1292	-0.1715
797	S	D	-0.3118	0.5761	-19.4170	-0.2346
797	S	E	-0.2849	0.5761	-19.4170	-0.1995
797	S	F	-0.2911	0.5761	-19.4170	-0.2076
797	S	G	-0.2222	0.5761	-19.4170	-0.1174
797	S	H	-0.2924	0.5761	-19.4170	-0.2092
797	S	I	-0.2943	0.5761	-19.4170	-0.2117
797	S	K	-0.3017	0.5761	-19.4170	-0.2214
797	S	L	-0.2905	0.5761	-19.4170	-0.2068
797	S	M	-0.2616	0.5761	-19.4170	-0.1689
797	S	N	-0.2354	0.5761	-19.4170	-0.1346
797	S	P	-0.2987	0.5761	-6.1292	-0.3063
797	S	Q	-0.2550	0.5761	-19.4170	-0.1603
797	S	R	-0.3069	0.5761	-19.4170	-0.2283
797	S	T	-0.1359	0.5761	-6.1292	-0.0932
797	S	V	-0.2685	0.5761	-19.4170	-0.1780
797	S	W	-0.3008	0.5761	-19.4170	-0.2203
797	S	Y	-0.2959	0.5761	-19.4170	-0.2139
798	L	A	-0.3060	1.0757	-19.3963	-0.2874
798	L	C	-0.2952	1.0757	-19.3963	-0.2733
798	L	D	-0.4275	1.0757	-19.3963	-0.4465
798	L	E	-0.3956	1.0757	-19.3963	-0.4047
798	L	F	-0.2395	1.0757	-19.3963	-0.2003
798	L	G	-0.3809	1.0757	-19.3963	-0.3854
798	L	H	-0.3484	1.0757	-19.3963	-0.3429
798	L	I	-0.1801	1.0757	-19.3963	-0.1226
798	L	K	-0.3946	1.0757	-19.3963	-0.4034
798	L	M	-0.1356	1.0757	-6.1084	-0.1531
798	L	N	-0.3738	1.0757	-19.3963	-0.3762
798	L	P	-0.3054	1.0757	-2.9386	-0.3966
798	L	Q	-0.2488	1.0757	-4.1085	-0.3146
798	L	R	-0.3862	1.0757	-19.3963	-0.3924
798	L	S	-0.3364	1.0757	-19.3963	-0.3272
798	L	T	-0.3091	1.0757	-19.3963	-0.2915
798	L	V	-0.1486	1.0757	-6.1084	-0.1701
798	L	W	-0.3386	1.0757	-19.3963	-0.3301
798	L	Y	-0.3315	1.0757	-19.3963	-0.3208
799	G	A	-0.1869	1.1900	-5.1293	-0.2405
799	G	C	-0.2385	1.1900	-3.5443	-0.3187
799	G	D	-0.2471	1.1900	-5.1293	-0.3194
799	G	E	-0.3194	1.1900	-19.4170	-0.3185
799	G	F	-0.3576	1.1900	-19.4170	-0.3686
799	G	H	-0.3323	1.1900	-19.4170	-0.3355
799	G	I	-0.4033	1.1900	-19.4170	-0.4284
799	G	K	-0.3523	1.1900	-19.4170	-0.3616
799	G	L	-0.3715	1.1900	-19.4170	-0.3868
799	G	M	-0.3097	1.1900	-19.4170	-0.3059
799	G	N	-0.3204	1.1900	-19.4170	-0.3198
799	G	P	-0.4174	1.1900	-19.4170	-0.4469
799	G	Q	-0.3233	1.1900	-19.4170	-0.3236
799	G	R	-0.3363	1.1900	-19.4170	-0.3407
799	G	S	-0.1847	1.1900	-3.5443	-0.2482
799	G	T	-0.3426	1.1900	-19.4170	-0.3489
799	G	V	-0.3466	1.1900	-19.4170	-0.3541
799	G	W	-0.3574	1.1900	-19.4170	-0.3683
799	G	Y	-0.3580	1.1900	-19.4170	-0.3691
800	P	A	-0.1252	1.3071	-6.1292	-0.1672
800	P	C	-0.2257	1.3071	-19.4170	-0.2100
800	P	D	-0.2516	1.3071	-19.4170	-0.2439
800	P	E	-0.1676	1.3071	-6.1292	-0.2227
800	P	F	-0.2541	1.3071	-19.4170	-0.2472
800	P	G	-0.2074	1.3071	-19.4170	-0.1860
800	P	H	-0.1588	1.3071	-5.1293	-0.2179
800	P	I	-0.2372	1.3071	-19.4170	-0.2250
800	P	K	-0.2271	1.3071	-19.4170	-0.2118
800	P	L	-0.1586	1.3071	-3.1293	-0.2310
800	P	M	-0.1927	1.3071	-19.4170	-0.1668
800	P	N	-0.2197	1.3071	-19.4170	-0.2022
800	P	Q	-0.2214	1.3071	-19.4170	-0.2044
800	P	R	-0.2628	1.3071	-19.4170	-0.2586
800	P	S	-0.1147	1.3071	-4.1293	-0.1668
800	P	T	-0.1370	1.3071	-6.1292	-0.1827
800	P	V	-0.1926	1.3071	-19.4170	-0.1666
800	P	W	-0.2666	1.3071	-19.4170	-0.2636
800	P	Y	-0.2551	1.3071	-19.4170	-0.2485
801	G	A	-0.2206	0.8786	-6.1292	-0.2405
801	G	C	-0.3482	0.8786	-19.4170	-0.3187
801	G	D	-0.3487	0.8786	-19.4170	-0.3194
801	G	E	-0.3480	0.8786	-19.4170	-0.3185
801	G	F	-0.3863	0.8786	-19.4170	-0.3686
801	G	H	-0.3610	0.8786	-19.4170	-0.3355
801	G	I	-0.4320	0.8786	-19.4170	-0.4284
801	G	K	-0.3809	0.8786	-19.4170	-0.3616
801	G	L	-0.4002	0.8786	-19.4170	-0.3868
801	G	M	-0.3384	0.8786	-19.4170	-0.3059
801	G	N	-0.3490	0.8786	-19.4170	-0.3198
801	G	P	-0.4461	0.8786	-19.4170	-0.4469
801	G	Q	-0.3519	0.8786	-19.4170	-0.3236
801	G	R	-0.2767	0.8786	-2.1293	-0.3407
801	G	S	-0.2943	0.8786	-19.4170	-0.2482
801	G	T	-0.3712	0.8786	-19.4170	-0.3489
801	G	V	-0.3752	0.8786	-19.4170	-0.3541
801	G	W	-0.3860	0.8786	-19.4170	-0.3683
801	G	Y	-0.3867	0.8786	-19.4170	-0.3691
802	E	A	-0.1304	1.1756	-6.1496	-0.1580
802	E	C	-0.2675	1.1756	-19.4375	-0.2488
802	E	D	-0.0961	1.1756	-6.1496	-0.1131
802	E	F	-0.2452	1.1756	-19.4375	-0.2195
802	E	G	-0.1510	1.1756	-5.1497	-0.1917
802	E	H	-0.1687	1.1756	-6.1496	-0.2081
802	E	I	-0.2505	1.1756	-19.4375	-0.2265
802	E	K	-0.1354	1.1756	-2.8278	-0.1868
802	E	L	-0.2527	1.1756	-19.4375	-0.2293
802	E	M	-0.2015	1.1756	-19.4375	-0.1623
802	E	N	-0.2244	1.1756	-19.4375	-0.1923
802	E	P	-0.3552	1.1756	-19.4375	-0.3635
802	E	Q	-0.1029	1.1756	-6.1496	-0.1220
802	E	R	-0.2807	1.1756	-19.4375	-0.2660
802	E	S	-0.2116	1.1756	-19.4375	-0.1756
802	E	T	-0.2275	1.1756	-19.4375	-0.1964
802	E	V	-0.2114	1.1756	-19.4375	-0.1753
802	E	W	-0.2553	1.1756	-19.4375	-0.2327
802	E	Y	-0.2460	1.1756	-19.4375	-0.2206
803	T	A	-0.0681	1.7327	-3.5648	-0.1608
803	T	C	-0.1849	1.7327	-19.4375	-0.2077
803	T	D	-0.1968	1.7327	-6.1496	-0.3121
803	T	E	-0.2400	1.7327	-19.4375	-0.2798
803	T	F	-0.2563	1.7327	-19.4375	-0.3012
803	T	G	-0.2225	1.7327	-19.4375	-0.2570
803	T	H	-0.2366	1.7327	-19.4375	-0.2754
803	T	I	-0.1071	1.7327	-6.1496	-0.1947
803	T	K	-0.2322	1.7327	-19.4375	-0.2696
803	T	L	-0.2269	1.7327	-19.4375	-0.2627
803	T	M	-0.1938	1.7327	-19.4375	-0.2194
803	T	N	-0.1237	1.7327	-3.5648	-0.2336
803	T	P	-0.3134	1.7327	-19.4375	-0.3759
803	T	Q	-0.2141	1.7327	-19.4375	-0.2460
803	T	R	-0.1672	1.7327	-6.1496	-0.2733
803	T	S	-0.0288	1.7327	-2.9798	-0.1133
803	T	V	-0.0947	1.7327	-6.1496	-0.1784
803	T	W	-0.2492	1.7327	-19.4375	-0.2919
803	T	Y	-0.2578	1.7327	-19.4375	-0.3031
804	L	A	-0.1526	1.9525	-5.1497	-0.2874
804	L	C	-0.2148	1.9525	-19.4375	-0.2733
804	L	D	-0.3471	1.9525	-19.4375	-0.4465
804	L	E	-0.3151	1.9525	-19.4375	-0.4047
804	L	F	-0.1590	1.9525	-19.4375	-0.2003
804	L	G	-0.2326	1.9525	-6.1496	-0.3854
804	L	H	-0.2679	1.9525	-19.4375	-0.3429
804	L	I	-0.0130	1.9525	-2.4493	-0.1226
804	L	K	-0.2463	1.9525	-6.1496	-0.4034
804	L	M	-0.1230	1.9525	-19.4375	-0.1531
804	L	N	-0.2934	1.9525	-19.4375	-0.3762
804	L	P	-0.3090	1.9525	-19.4375	-0.3966
804	L	Q	-0.2463	1.9525	-19.4375	-0.3146
804	L	R	-0.3057	1.9525	-19.4375	-0.3924
804	L	S	-0.1801	1.9525	-4.5648	-0.3272
804	L	T	-0.1335	1.9525	-0.7922	-0.2915
804	L	V	-0.0579	1.9525	-4.1498	-0.1701
804	L	W	-0.2582	1.9525	-19.4375	-0.3301
804	L	Y	-0.2511	1.9525	-19.4375	-0.3208
805	V	A	-0.0475	2.1282	-1.1498	-0.1977
805	V	C	-0.1687	2.1282	-19.4375	-0.2342
805	V	D	-0.3075	2.1282	-19.4375	-0.4158
805	V	E	-0.2648	2.1282	-19.4375	-0.3599
805	V	F	-0.1502	2.1282	-6.1496	-0.2987
805	V	G	-0.1938	2.1282	-5.1497	-0.3624
805	V	H	-0.3104	2.1282	-19.4375	-0.4197
805	V	I	-0.0086	2.1282	-6.1496	-0.1133
805	V	K	-0.3037	2.1282	-19.4375	-0.4109
805	V	L	-0.0686	2.1282	-5.1497	-0.1985
805	V	M	-0.0828	2.1282	-6.1496	-0.2104
805	V	N	-0.2953	2.1282	-19.4375	-0.3999
805	V	P	-0.2642	2.1282	-3.5648	-0.4652
805	V	Q	-0.2754	2.1282	-19.4375	-0.3738
805	V	R	-0.3247	2.1282	-19.4375	-0.4384
805	V	S	-0.1716	2.1282	-5.1497	-0.3334
805	V	T	-0.0921	2.1282	-6.1496	-0.2226
805	V	W	-0.2586	2.1282	-19.4375	-0.3518
805	V	Y	-0.2615	2.1282	-19.4375	-0.3556
806	P	A	-0.1647	0.8770	-6.1084	-0.1672
806	P	C	-0.2652	0.8770	-19.3963	-0.2100
806	P	D	-0.2911	0.8770	-19.3963	-0.2439
806	P	E	-0.2749	0.8770	-19.3963	-0.2227
806	P	F	-0.2936	0.8770	-19.3963	-0.2472
806	P	G	-0.2468	0.8770	-19.3963	-0.1860
806	P	H	-0.2034	0.8770	-6.1084	-0.2179
806	P	I	-0.2766	0.8770	-19.3963	-0.2250
806	P	K	-0.2665	0.8770	-19.3963	-0.2118
806	P	L	-0.1972	0.8770	-2.9386	-0.2310
806	P	M	-0.2322	0.8770	-19.3963	-0.1668
806	P	N	-0.2592	0.8770	-19.3963	-0.2022
806	P	Q	-0.2609	0.8770	-19.3963	-0.2044
806	P	R	-0.3023	0.8770	-19.3963	-0.2586
806	P	S	-0.1644	0.8770	-6.1084	-0.1668
806	P	T	-0.2443	0.8770	-19.3963	-0.1827
806	P	V	-0.2320	0.8770	-19.3963	-0.1666
806	P	W	-0.3061	0.8770	-19.3963	-0.2636
806	P	Y	-0.2946	0.8770	-19.3963	-0.2485
807	G	A	-0.1701	1.4272	-6.1292	-0.2405
807	G	C	-0.2977	1.4272	-19.4170	-0.3187
807	G	D	-0.2304	1.4272	-6.1292	-0.3194
807	G	E	-0.2121	1.4272	-2.6699	-0.3185
807	G	F	-0.3358	1.4272	-19.4170	-0.3686
807	G	H	-0.3105	1.4272	-19.4170	-0.3355
807	G	I	-0.3815	1.4272	-19.4170	-0.4284
807	G	K	-0.2524	1.4272	-4.1293	-0.3616
807	G	L	-0.3497	1.4272	-19.4170	-0.3868
807	G	M	-0.2879	1.4272	-19.4170	-0.3059
807	G	N	-0.2985	1.4272	-19.4170	-0.3198
807	G	P	-0.3956	1.4272	-19.4170	-0.4469
807	G	Q	-0.3014	1.4272	-19.4170	-0.3236
807	G	R	-0.2365	1.4272	-4.1293	-0.3407
807	G	S	-0.2438	1.4272	-19.4170	-0.2482
807	G	T	-0.3208	1.4272	-19.4170	-0.3489
807	G	V	-0.3247	1.4272	-19.4170	-0.3541
807	G	W	-0.3356	1.4272	-19.4170	-0.3683
807	G	Y	-0.3362	1.4272	-19.4170	-0.3691
808	D	A	-0.1157	1.5277	-4.1293	-0.1947
808	D	C	-0.2352	1.5277	-19.4170	-0.2490
808	D	E	-0.0577	1.5277	-3.5443	-0.1226
808	D	F	-0.2939	1.5277	-19.4170	-0.3258
808	D	G	-0.1239	1.5277	-3.5443	-0.2093
808	D	H	-0.2030	1.5277	-19.4170	-0.2069
808	D	I	-0.2861	1.5277	-19.4170	-0.3156
808	D	K	-0.2645	1.5277	-19.4170	-0.2873
808	D	L	-0.2797	1.5277	-19.4170	-0.3073
808	D	M	-0.2185	1.5277	-19.4170	-0.2271
808	D	N	-0.0824	1.5277	-4.1293	-0.1511
808	D	P	-0.3307	1.5277	-19.4170	-0.3740
808	D	Q	-0.2207	1.5277	-19.4170	-0.2300
808	D	R	-0.2955	1.5277	-19.4170	-0.3279
808	D	S	-0.2001	1.5277	-19.4170	-0.2031
808	D	T	-0.2302	1.5277	-19.4170	-0.2424
808	D	V	-0.1730	1.5277	-6.1292	-0.2563
808	D	W	-0.2743	1.5277	-19.4170	-0.3002
808	D	Y	-0.2387	1.5277	-19.4170	-0.2536
809	T	A	-0.0069	2.4287	-4.1293	-0.1608
809	T	C	-0.1207	2.4287	-19.4170	-0.2077
809	T	D	-0.2005	2.4287	-19.4170	-0.3121
809	T	E	-0.0937	2.4287	-3.3219	-0.2798
809	T	F	-0.1922	2.4287	-19.4170	-0.3012
809	T	G	-0.0804	2.4287	-4.1293	-0.2570
809	T	H	-0.1725	2.4287	-19.4170	-0.2754
809	T	I	-0.1108	2.4287	-19.4170	-0.1947
809	T	K	-0.1680	2.4287	-19.4170	-0.2696
809	T	L	-0.0796	2.4287	-3.1293	-0.2627
809	T	M	-0.0487	2.4287	-3.5443	-0.2194
809	T	N	-0.1405	2.4287	-19.4170	-0.2336
809	T	P	-0.2492	2.4287	-19.4170	-0.3759
809	T	Q	-0.1500	2.4287	-19.4170	-0.2460
809	T	R	-0.1708	2.4287	-19.4170	-0.2733
809	T	S	-0.0486	2.4287	-19.4170	-0.1133
809	T	V	-0.0058	2.4287	-1.2713	-0.1784
809	T	W	-0.1851	2.4287	-19.4170	-0.2919
809	T	Y	-0.1936	2.4287	-19.4170	-0.3031
810	E	A	-0.1921	1.2404	-19.4170	-0.1580
810	E	C	-0.2615	1.2404	-19.4170	-0.2488
810	E	D	-0.0819	1.2404	-4.5443	-0.1131
810	E	F	-0.2391	1.2404	-19.4170	-0.2195
810	E	G	-0.1213	1.2404	-0.4855	-0.1917
810	E	H	-0.2304	1.2404	-19.4170	-0.2081
810	E	I	-0.2444	1.2404	-19.4170	-0.2265
810	E	K	-0.2141	1.2404	-19.4170	-0.1868
810	E	L	-0.2466	1.2404	-19.4170	-0.2293
810	E	M	-0.1954	1.2404	-19.4170	-0.1623
810	E	N	-0.2183	1.2404	-19.4170	-0.1923
810	E	P	-0.3491	1.2404	-19.4170	-0.3635
810	E	Q	-0.1646	1.2404	-19.4170	-0.1220
810	E	R	-0.2068	1.2404	-6.1292	-0.2660
810	E	S	-0.2056	1.2404	-19.4170	-0.1756
810	E	T	-0.2215	1.2404	-19.4170	-0.1964
810	E	V	-0.1324	1.2404	-5.1293	-0.1753
810	E	W	-0.2492	1.2404	-19.4170	-0.2327
810	E	Y	-0.2399	1.2404	-19.4170	-0.2206
811	S	A	-0.0656	2.1789	-19.4170	-0.1054
811	S	C	-0.0483	2.1789	-6.1292	-0.1715
811	S	D	-0.0884	2.1789	-4.5443	-0.2346
811	S	E	-0.0697	2.1789	-6.1292	-0.1995
811	S	F	-0.1437	2.1789	-19.4170	-0.2076
811	S	G	0.0062	2.1789	-3.5443	-0.1174
811	S	H	-0.1449	2.1789	-19.4170	-0.2092
811	S	I	-0.0739	2.1789	-5.1293	-0.2117
811	S	K	-0.0783	2.1789	-4.5443	-0.2214
811	S	L	-0.1430	2.1789	-19.4170	-0.2068
811	S	M	-0.1141	2.1789	-19.4170	-0.1689
811	S	N	-0.0012	2.1789	-2.4289	-0.1346
811	S	P	-0.2190	2.1789	-19.4170	-0.3063
811	S	Q	-0.1075	2.1789	-19.4170	-0.1603
811	S	R	-0.0917	2.1789	-6.1292	-0.2283
811	S	T	0.0166	2.1789	-5.1293	-0.0932
811	S	V	-0.1210	2.1789	-19.4170	-0.1780
811	S	W	-0.1534	2.1789	-19.4170	-0.2203
811	S	Y	-0.1485	2.1789	-19.4170	-0.2139
812	S	A	-0.0777	1.2552	-5.1293	-0.1054
812	S	C	-0.1333	1.2552	-6.1292	-0.1715
812	S	D	-0.2493	1.2552	-19.4170	-0.2346
812	S	E	-0.2225	1.2552	-19.4170	-0.1995
812	S	F	-0.2286	1.2552	-19.4170	-0.2076
812	S	G	-0.0868	1.2552	-5.1293	-0.1174
812	S	H	-0.2299	1.2552	-19.4170	-0.2092
812	S	I	-0.1589	1.2552	-5.1293	-0.2117
812	S	K	-0.2392	1.2552	-19.4170	-0.2214
812	S	L	-0.2280	1.2552	-19.4170	-0.2068
812	S	M	-0.1991	1.2552	-19.4170	-0.1689
812	S	N	-0.1000	1.2552	-5.1293	-0.1346
812	S	P	-0.3040	1.2552	-19.4170	-0.3063
812	S	Q	-0.1925	1.2552	-19.4170	-0.1603
812	S	R	-0.2445	1.2552	-19.4170	-0.2283
812	S	T	-0.0633	1.2552	-4.1293	-0.0932
812	S	V	-0.2060	1.2552	-19.4170	-0.1780
812	S	W	-0.2383	1.2552	-19.4170	-0.2203
812	S	Y	-0.1657	1.2552	-6.1292	-0.2139
813	V	A	-0.0448	2.1881	-1.6903	-0.1977
813	V	C	-0.1632	2.1881	-19.4375	-0.2342
813	V	D	-0.3019	2.1881	-19.4375	-0.4158
813	V	E	-0.1863	2.1881	-5.1497	-0.3599
813	V	F	-0.1447	2.1881	-6.1496	-0.2987
813	V	G	-0.1933	2.1881	-6.1496	-0.3624
813	V	H	-0.3049	2.1881	-19.4375	-0.4197
813	V	I	0.0088	2.1881	-3.8278	-0.1133
813	V	K	-0.2982	2.1881	-19.4375	-0.4109
813	V	L	-0.1360	2.1881	-19.4375	-0.1985
813	V	M	-0.0670	2.1881	-4.1498	-0.2104
813	V	N	-0.2898	2.1881	-19.4375	-0.3999
813	V	P	-0.2617	2.1881	-4.1498	-0.4652
813	V	Q	-0.2699	2.1881	-19.4375	-0.3738
813	V	R	-0.3192	2.1881	-19.4375	-0.4384
813	V	S	-0.2390	2.1881	-19.4375	-0.3334
813	V	T	-0.0866	2.1881	-6.1496	-0.2226
813	V	W	-0.2531	2.1881	-19.4375	-0.3518
813	V	Y	-0.2560	2.1881	-19.4375	-0.3556
814	I	A	-0.1300	2.1991	-3.8278	-0.2963
814	I	C	-0.1896	2.1991	-19.4375	-0.2701
814	I	D	-0.2608	2.1991	-5.1497	-0.4587
814	I	E	-0.3146	2.1991	-19.4375	-0.4337
814	I	F	-0.1706	2.1991	-19.4375	-0.2452
814	I	G	-0.3003	2.1991	-19.4375	-0.4150
814	I	H	-0.3002	2.1991	-19.4375	-0.4149
814	I	K	-0.3071	2.1991	-19.4375	-0.4239
814	I	L	-0.0138	2.1991	-3.5648	-0.1460
814	I	M	-0.1005	2.1991	-19.4375	-0.1534
814	I	N	-0.1739	2.1991	-5.1497	-0.3449
814	I	P	-0.3537	2.1991	-19.4375	-0.4849
814	I	Q	-0.2743	2.1991	-19.4375	-0.3810
814	I	R	-0.3339	2.1991	-19.4375	-0.4590
814	I	S	-0.1824	2.1991	-6.1496	-0.3494
814	I	T	-0.0911	2.1991	-4.5648	-0.2405
814	I	V	0.0362	2.1991	-1.5648	-0.0938
814	I	W	-0.2595	2.1991	-19.4375	-0.3616
814	I	Y	-0.2684	2.1991	-19.4375	-0.3732
815	P	A	-0.1468	1.0738	-6.1496	-0.1672
815	P	C	-0.2473	1.0738	-19.4375	-0.2100
815	P	D	-0.2732	1.0738	-19.4375	-0.2439
815	P	E	-0.2570	1.0738	-19.4375	-0.2227
815	P	F	-0.2757	1.0738	-19.4375	-0.2472
815	P	G	-0.2289	1.0738	-19.4375	-0.1860
815	P	H	-0.2533	1.0738	-19.4375	-0.2179
815	P	I	-0.2587	1.0738	-19.4375	-0.2250
815	P	K	-0.2487	1.0738	-19.4375	-0.2118
815	P	L	-0.1837	1.0738	-3.8278	-0.2310
815	P	M	-0.2143	1.0738	-19.4375	-0.1668
815	P	N	-0.2413	1.0738	-19.4375	-0.2022
815	P	Q	-0.2430	1.0738	-19.4375	-0.2044
815	P	R	-0.2844	1.0738	-19.4375	-0.2586
815	P	S	-0.1288	1.0738	-2.6903	-0.1668
815	P	T	-0.2264	1.0738	-19.4375	-0.1827
815	P	V	-0.2141	1.0738	-19.4375	-0.1666
815	P	W	-0.2882	1.0738	-19.4375	-0.2636
815	P	Y	-0.2767	1.0738	-19.4375	-0.2485
816	C	A	-0.3680	1.1978	-19.4375	-0.3830
816	C	D	-0.4753	1.1978	-19.4375	-0.5234
816	C	E	-0.4629	1.1978	-19.4375	-0.5072
816	C	F	-0.3620	1.1978	-19.4375	-0.3751
816	C	G	-0.3605	1.1978	-19.4375	-0.3731
816	C	H	-0.4059	1.1978	-6.1496	-0.5214
816	C	I	-0.3918	1.1978	-19.4375	-0.4142
816	C	K	-0.4635	1.1978	-19.4375	-0.5080
816	C	L	-0.3571	1.1978	-6.1496	-0.4575
816	C	M	-0.3921	1.1978	-19.4375	-0.4146
816	C	N	-0.4177	1.1978	-19.4375	-0.4480
816	C	P	-0.4863	1.1978	-19.4375	-0.5379
816	C	Q	-0.4416	1.1978	-19.4375	-0.4794
816	C	R	-0.3444	1.1978	-4.5648	-0.4514
816	C	S	-0.2766	1.1978	-3.3424	-0.3709
816	C	T	-0.3934	1.1978	-19.4375	-0.4163
816	C	V	-0.3899	1.1978	-19.4375	-0.4117
816	C	W	-0.2973	1.1978	-6.1496	-0.3792
816	C	Y	-0.2984	1.1978	-5.1497	-0.3873
817	G	A	-0.2042	0.9472	-4.1498	-0.2405
817	G	C	-0.3420	0.9472	-19.4375	-0.3187
817	G	D	-0.3425	0.9472	-19.4375	-0.3194
817	G	E	-0.2689	0.9472	-5.1497	-0.3185
817	G	F	-0.3801	0.9472	-19.4375	-0.3686
817	G	H	-0.3548	0.9472	-19.4375	-0.3355
817	G	I	-0.4257	0.9472	-19.4375	-0.4284
817	G	K	-0.3747	0.9472	-19.4375	-0.3616
817	G	L	-0.3940	0.9472	-19.4375	-0.3868
817	G	M	-0.3322	0.9472	-19.4375	-0.3059
817	G	N	-0.3428	0.9472	-19.4375	-0.3198
817	G	P	-0.4399	0.9472	-19.4375	-0.4469
817	G	Q	-0.3457	0.9472	-19.4375	-0.3236
817	G	R	-0.2766	0.9472	-3.3424	-0.3407
817	G	S	-0.2881	0.9472	-19.4375	-0.2482
817	G	T	-0.3650	0.9472	-19.4375	-0.3489
817	G	V	-0.3690	0.9472	-19.4375	-0.3541
817	G	W	-0.3798	0.9472	-19.4375	-0.3683
817	G	Y	-0.3805	0.9472	-19.4375	-0.3691
818	G	A	-0.2376	1.4326	-19.4375	-0.2405
818	G	C	-0.2295	1.4326	-6.1496	-0.3187
818	G	D	-0.2157	1.4326	-3.3424	-0.3194
818	G	E	-0.2242	1.4326	-5.1497	-0.3185
818	G	F	-0.3354	1.4326	-19.4375	-0.3686
818	G	H	-0.3101	1.4326	-19.4375	-0.3355
818	G	I	-0.3811	1.4326	-19.4375	-0.4284
818	G	K	-0.3301	1.4326	-19.4375	-0.3616
818	G	L	-0.3493	1.4326	-19.4375	-0.3868
818	G	M	-0.2875	1.4326	-19.4375	-0.3059
818	G	N	-0.2303	1.4326	-6.1496	-0.3198
818	G	P	-0.3952	1.4326	-19.4375	-0.4469
818	G	Q	-0.3010	1.4326	-19.4375	-0.3236
818	G	R	-0.3141	1.4326	-19.4375	-0.3407
818	G	S	-0.1603	1.4326	-3.1498	-0.2482
818	G	T	-0.2526	1.4326	-6.1496	-0.3489
818	G	V	-0.3243	1.4326	-19.4375	-0.3541
818	G	W	-0.3352	1.4326	-19.4375	-0.3683
818	G	Y	-0.3358	1.4326	-19.4375	-0.3691
819	T	A	-0.1490	0.9963	-6.1496	-0.1608
819	T	C	-0.2527	0.9963	-19.4375	-0.2077
819	T	D	-0.3324	0.9963	-19.4375	-0.3121
819	T	E	-0.3077	0.9963	-19.4375	-0.2798
819	T	F	-0.3241	0.9963	-19.4375	-0.3012
819	T	G	-0.2903	0.9963	-19.4375	-0.2570
819	T	H	-0.3044	0.9963	-19.4375	-0.2754
819	T	I	-0.1749	0.9963	-6.1496	-0.1947
819	T	K	-0.2240	0.9963	-4.5648	-0.2696
819	T	L	-0.2947	0.9963	-19.4375	-0.2627
819	T	M	-0.2616	0.9963	-19.4375	-0.2194
819	T	N	-0.2046	0.9963	-6.1496	-0.2336
819	T	P	-0.3052	0.9963	-4.5648	-0.3759
819	T	Q	-0.2819	0.9963	-19.4375	-0.2460
819	T	R	-0.3028	0.9963	-19.4375	-0.2733
819	T	S	-0.1076	0.9963	-5.1497	-0.1133
819	T	V	-0.2303	0.9963	-19.4375	-0.1784
819	T	W	-0.3170	0.9963	-19.4375	-0.2919
819	T	Y	-0.3255	0.9963	-19.4375	-0.3031
820	V	A	-0.1317	1.4878	-6.0874	-0.1977
820	V	C	-0.2274	1.4878	-19.3752	-0.2342
820	V	D	-0.2698	1.4878	-0.5025	-0.4158
820	V	E	-0.2556	1.4878	-6.0874	-0.3599
820	V	F	-0.2766	1.4878	-19.3752	-0.2987
820	V	G	-0.2524	1.4878	-5.0874	-0.3624
820	V	H	-0.3690	1.4878	-19.3752	-0.4197
820	V	I	-0.1350	1.4878	-19.3752	-0.1133
820	V	K	-0.3623	1.4878	-19.3752	-0.4109
820	V	L	-0.2001	1.4878	-19.3752	-0.1985
820	V	M	-0.2092	1.4878	-19.3752	-0.2104
820	V	N	-0.2780	1.4878	-4.5025	-0.3999
820	V	P	-0.4038	1.4878	-19.3752	-0.4652
820	V	Q	-0.3340	1.4878	-19.3752	-0.3738
820	V	R	-0.3833	1.4878	-19.3752	-0.4384
820	V	S	-0.3031	1.4878	-19.3752	-0.3334
820	V	T	-0.1426	1.4878	-4.5025	-0.2226
820	V	W	-0.3172	1.4878	-19.3752	-0.3518
820	V	Y	-0.3201	1.4878	-19.3752	-0.3556
821	A	C	-0.1303	2.1274	-19.3963	-0.1841
821	A	D	-0.1341	2.1274	-4.1085	-0.2911
821	A	E	-0.1977	2.1274	-19.3963	-0.2723
821	A	F	-0.1804	2.1274	-19.3963	-0.2497
821	A	G	-0.0407	2.1274	-3.1085	-0.1756
821	A	H	-0.1846	2.1274	-19.3963	-0.2551
821	A	I	-0.1022	2.1274	-6.1084	-0.2360
821	A	K	-0.1295	2.1274	-5.1085	-0.2784
821	A	L	-0.1747	2.1274	-19.3963	-0.2422
821	A	M	-0.1335	2.1274	-19.3963	-0.1882
821	A	N	-0.1824	2.1274	-19.3963	-0.2523
821	A	P	-0.2518	2.1274	-19.3963	-0.3431
821	A	Q	-0.1799	2.1274	-19.3963	-0.2490
821	A	R	-0.2131	2.1274	-19.3963	-0.2924
821	A	S	-0.0221	2.1274	-5.1085	-0.1379
821	A	T	-0.0189	2.1274	-3.3012	-0.1457
821	A	V	-0.0159	2.1274	-3.3012	-0.1418
821	A	W	-0.1914	2.1274	-19.3963	-0.2640
821	A	Y	-0.1996	2.1274	-19.3963	-0.2748
822	A	C	-0.1687	1.7119	-19.4170	-0.1841
822	A	D	-0.2504	1.7119	-19.4170	-0.2911
822	A	E	-0.2360	1.7119	-19.4170	-0.2723
822	A	F	-0.2188	1.7119	-19.4170	-0.2497
822	A	G	-0.1622	1.7119	-19.4170	-0.1756
822	A	H	-0.2229	1.7119	-19.4170	-0.2551
822	A	I	-0.1354	1.7119	-5.1293	-0.2360
822	A	K	-0.2407	1.7119	-19.4170	-0.2784
822	A	L	-0.2131	1.7119	-19.4170	-0.2422
822	A	M	-0.0989	1.7119	-5.1293	-0.1882
822	A	N	-0.2208	1.7119	-19.4170	-0.2523
822	A	P	-0.2091	1.7119	-3.5443	-0.3431
822	A	Q	-0.1504	1.7119	-6.1292	-0.2490
822	A	R	-0.1836	1.7119	-6.1292	-0.2924
822	A	S	-0.0656	1.7119	-6.1292	-0.1379
822	A	T	-0.0430	1.7119	-0.5444	-0.1457
822	A	V	-0.0635	1.7119	-5.1293	-0.1418
822	A	W	-0.2297	1.7119	-19.4170	-0.2640
822	A	Y	-0.2380	1.7119	-19.4170	-0.2748
823	A	C	-0.0858	1.8764	-6.1496	-0.1841
823	A	D	-0.1557	1.8764	-3.8278	-0.2911
823	A	E	-0.1532	1.8764	-6.1496	-0.2723
823	A	F	-0.2037	1.8764	-19.4375	-0.2497
823	A	G	-0.1471	1.8764	-19.4375	-0.1756
823	A	H	-0.2079	1.8764	-19.4375	-0.2551
823	A	I	-0.1933	1.8764	-19.4375	-0.2360
823	A	K	-0.2257	1.8764	-19.4375	-0.2784
823	A	L	-0.1251	1.8764	-5.1497	-0.2422
823	A	M	-0.1568	1.8764	-19.4375	-0.1882
823	A	N	-0.2057	1.8764	-19.4375	-0.2523
823	A	P	-0.1992	1.8764	-4.5648	-0.3431
823	A	Q	-0.2032	1.8764	-19.4375	-0.2490
823	A	R	-0.2364	1.8764	-19.4375	-0.2924
823	A	S	-0.0403	1.8764	-4.1498	-0.1379
823	A	T	-0.0463	1.8764	-4.1498	-0.1457
823	A	V	-0.0433	1.8764	-4.1498	-0.1418
823	A	W	-0.2147	1.8764	-19.4375	-0.2640
823	A	Y	-0.2229	1.8764	-19.4375	-0.2748
824	A	C	-0.1653	1.7483	-19.4170	-0.1841
824	A	D	-0.2471	1.7483	-19.4170	-0.2911
824	A	E	-0.2327	1.7483	-19.4170	-0.2723
824	A	F	-0.2154	1.7483	-19.4170	-0.2497
824	A	G	-0.0859	1.7483	-5.1293	-0.1756
824	A	H	-0.2196	1.7483	-19.4170	-0.2551
824	A	I	-0.1321	1.7483	-5.1293	-0.2360
824	A	K	-0.2374	1.7483	-19.4170	-0.2784
824	A	L	-0.1419	1.7483	-6.1292	-0.2422
824	A	M	-0.1685	1.7483	-19.4170	-0.1882
824	A	N	-0.2174	1.7483	-19.4170	-0.2523
824	A	P	-0.2139	1.7483	-5.1293	-0.3431
824	A	Q	-0.2149	1.7483	-19.4170	-0.2490
824	A	R	-0.2481	1.7483	-19.4170	-0.2924
824	A	S	-0.0622	1.7483	-6.1292	-0.1379
824	A	T	-0.0550	1.7483	-3.5443	-0.1457
824	A	V	-0.0476	1.7483	-2.6699	-0.1418
824	A	W	-0.2264	1.7483	-19.4170	-0.2640
824	A	Y	-0.2346	1.7483	-19.4170	-0.2748
825	L	A	-0.2850	1.3057	-19.4170	-0.2874
825	L	C	-0.2742	1.3057	-19.4170	-0.2733
825	L	D	-0.4065	1.3057	-19.4170	-0.4465
825	L	E	-0.3746	1.3057	-19.4170	-0.4047
825	L	F	-0.2184	1.3057	-19.4170	-0.2003
825	L	G	-0.3598	1.3057	-19.4170	-0.3854
825	L	H	-0.3274	1.3057	-19.4170	-0.3429
825	L	I	-0.0862	1.3057	-5.1293	-0.1226
825	L	K	-0.3736	1.3057	-19.4170	-0.4034
825	L	M	-0.1824	1.3057	-19.4170	-0.1531
825	L	N	-0.3528	1.3057	-19.4170	-0.3762
825	L	P	-0.2862	1.3057	-3.3219	-0.3966
825	L	Q	-0.3057	1.3057	-19.4170	-0.3146
825	L	R	-0.3652	1.3057	-19.4170	-0.3924
825	L	S	-0.2373	1.3057	-4.1293	-0.3272
825	L	T	-0.2881	1.3057	-19.4170	-0.2915
825	L	V	-0.1157	1.3057	-3.8074	-0.1701
825	L	W	-0.3176	1.3057	-19.4170	-0.3301
825	L	Y	-0.3105	1.3057	-19.4170	-0.3208
826	E	A	-0.1008	1.3838	-4.1085	-0.1580
826	E	C	-0.2482	1.3838	-19.3963	-0.2488
826	E	D	-0.1445	1.3838	-19.3963	-0.1131
826	E	F	-0.2258	1.3838	-19.3963	-0.2195
826	E	G	-0.1265	1.3838	-4.1085	-0.1917
826	E	H	-0.1442	1.3838	-5.1085	-0.2081
826	E	I	-0.2311	1.3838	-19.3963	-0.2265
826	E	K	-0.1330	1.3838	-6.1084	-0.1868
826	E	L	-0.2333	1.3838	-19.3963	-0.2293
826	E	M	-0.1821	1.3838	-19.3963	-0.1623
826	E	N	-0.2050	1.3838	-19.3963	-0.1923
826	E	P	-0.3358	1.3838	-19.3963	-0.3635
826	E	Q	-0.0717	1.3838	-3.7866	-0.1220
826	E	R	-0.1935	1.3838	-6.1084	-0.2660
826	E	S	-0.1923	1.3838	-19.3963	-0.1756
826	E	T	-0.2082	1.3838	-19.3963	-0.1964
826	E	V	-0.1920	1.3838	-19.3963	-0.1753
826	E	W	-0.2359	1.3838	-19.3963	-0.2327
826	E	Y	-0.2266	1.3838	-19.3963	-0.2206
827	K	A	-0.2260	0.8912	-19.3963	-0.1604
827	K	C	-0.2962	0.8912	-19.3963	-0.2523
827	K	D	-0.2672	0.8912	-6.1084	-0.3031
827	K	E	-0.1699	0.8912	-3.5236	-0.1930
827	K	F	-0.2971	0.8912	-19.3963	-0.2535
827	K	G	-0.2852	0.8912	-19.3963	-0.2379
827	K	H	-0.2361	0.8912	-19.3963	-0.1736
827	K	I	-0.2643	0.8912	-19.3963	-0.2106
827	K	L	-0.2630	0.8912	-19.3963	-0.2089
827	K	M	-0.1683	0.8912	-6.1084	-0.1736
827	K	N	-0.1683	0.8912	-4.5236	-0.1843
827	K	P	-0.4003	0.8912	-19.3963	-0.3886
827	K	Q	-0.2252	0.8912	-19.3963	-0.1594
827	K	R	-0.1596	0.8912	-19.3963	-0.0735
827	K	S	-0.2361	0.8912	-19.3963	-0.1737
827	K	T	-0.2480	0.8912	-19.3963	-0.1892
827	K	V	-0.2482	0.8912	-19.3963	-0.1895
827	K	W	-0.3061	0.8912	-19.3963	-0.2653
827	K	Y	-0.2820	0.8912	-19.3963	-0.2337
828	R	A	-0.1478	1.8996	-5.1293	-0.2748
828	R	C	-0.2295	1.8996	-19.4170	-0.2864
828	R	D	-0.2439	1.8996	-6.1292	-0.3940
828	R	E	-0.1892	1.8996	-6.1292	-0.3223
828	R	F	-0.2528	1.8996	-19.4170	-0.3169
828	R	G	-0.1739	1.8996	-3.3219	-0.3211
828	R	H	-0.1904	1.8996	-19.4170	-0.2352
828	R	I	-0.1772	1.8996	-5.1293	-0.3133
828	R	K	-0.0380	1.8996	-5.1293	-0.1311
828	R	L	-0.2231	1.8996	-19.4170	-0.2780
828	R	M	-0.1212	1.8996	-6.1292	-0.2333
828	R	N	-0.2356	1.8996	-19.4170	-0.2943
828	R	P	-0.3628	1.8996	-19.4170	-0.4608
828	R	Q	-0.1954	1.8996	-19.4170	-0.2417
828	R	S	-0.1453	1.8996	-4.5443	-0.2755
828	R	T	-0.1459	1.8996	-3.8074	-0.2812
828	R	V	-0.2372	1.8996	-19.4170	-0.2964
828	R	W	-0.2384	1.8996	-19.4170	-0.2980
828	R	Y	-0.2421	1.8996	-19.4170	-0.3029
829	N	A	-0.2348	0.8651	-19.3963	-0.1688
829	N	C	-0.2847	0.8651	-19.3963	-0.2341
829	N	D	-0.1600	0.8651	-4.1085	-0.1730
829	N	E	-0.2651	0.8651	-19.3963	-0.2085
829	N	F	-0.2919	0.8651	-19.3963	-0.2436
829	N	G	-0.2656	0.8651	-19.3963	-0.2091
829	N	H	-0.2398	0.8651	-19.3963	-0.1753
829	N	I	-0.2851	0.8651	-19.3963	-0.2346
829	N	K	-0.1651	0.8651	-5.1085	-0.1730
829	N	L	-0.2915	0.8651	-19.3963	-0.2430
829	N	M	-0.2456	0.8651	-19.3963	-0.1830
829	N	P	-0.4004	0.8651	-19.3963	-0.3856
829	N	Q	-0.2288	0.8651	-19.3963	-0.1609
829	N	R	-0.2702	0.8651	-19.3963	-0.2151
829	N	S	-0.1288	0.8651	-4.5236	-0.1294
829	N	T	-0.1865	0.8651	-6.1084	-0.1943
829	N	V	-0.2784	0.8651	-19.3963	-0.2259
829	N	W	-0.2971	0.8651	-19.3963	-0.2503
829	N	Y	-0.2755	0.8651	-19.3963	-0.2221
830	Y	A	-0.2577	1.9515	-19.3538	-0.3300
830	Y	C	-0.1555	1.9515	-5.0661	-0.2916
830	Y	D	-0.1910	1.9515	-3.4811	-0.3486
830	Y	E	-0.3007	1.9515	-19.3538	-0.3862
830	Y	F	-0.0275	1.9515	-6.0660	-0.1173
830	Y	G	-0.2554	1.9515	-5.0661	-0.4224
830	Y	H	-0.0875	1.9515	-4.0661	-0.2092
830	Y	I	-0.2698	1.9515	-19.3538	-0.3458
830	Y	K	-0.3260	1.9515	-19.3538	-0.4193
830	Y	L	-0.2469	1.9515	-19.3538	-0.3158
830	Y	M	-0.1990	1.9515	-19.3538	-0.2531
830	Y	N	-0.1831	1.9515	-6.0660	-0.3211
830	Y	P	-0.3141	1.9515	-6.0660	-0.4926
830	Y	Q	-0.2755	1.9515	-19.3538	-0.3532
830	Y	R	-0.3213	1.9515	-19.3538	-0.4132
830	Y	S	-0.1785	1.9515	-2.8962	-0.3362
830	Y	T	-0.2811	1.9515	-19.3538	-0.3606
830	Y	V	-0.2594	1.9515	-19.3538	-0.3321
830	Y	W	-0.1753	1.9515	-19.3538	-0.2221
831	C	A	-0.3806	1.0507	-19.2420	-0.3830
831	C	D	-0.4878	1.0507	-19.2420	-0.5234
831	C	E	-0.4754	1.0507	-19.2420	-0.5072
831	C	F	-0.3745	1.0507	-19.2420	-0.3751
831	C	G	-0.3052	1.0507	-5.9541	-0.3731
831	C	H	-0.4185	1.0507	-5.9541	-0.5214
831	C	I	-0.4044	1.0507	-19.2420	-0.4142
831	C	K	-0.4760	1.0507	-19.2420	-0.5080
831	C	L	-0.4375	1.0507	-19.2420	-0.4575
831	C	M	-0.4047	1.0507	-19.2420	-0.4146
831	C	N	-0.4302	1.0507	-19.2420	-0.4480
831	C	P	-0.4989	1.0507	-19.2420	-0.5379
831	C	Q	-0.4542	1.0507	-19.2420	-0.4794
831	C	R	-0.3599	1.0507	-4.9542	-0.4514
831	C	S	-0.2954	1.0507	-4.3692	-0.3709
831	C	T	-0.4060	1.0507	-19.2420	-0.4163
831	C	V	-0.4025	1.0507	-19.2420	-0.4117
831	C	W	-0.3776	1.0507	-19.2420	-0.3792
831	C	Y	-0.3058	1.0507	-3.9542	-0.3873
832	S	A	-0.1890	0.8282	-19.2420	-0.1054
832	S	C	-0.2395	0.8282	-19.2420	-0.1715
832	S	D	-0.2877	0.8282	-19.2420	-0.2346
832	S	E	-0.2609	0.8282	-19.2420	-0.1995
832	S	F	-0.2670	0.8282	-19.2420	-0.2076
832	S	G	-0.1223	0.8282	-4.3692	-0.1174
832	S	H	-0.2683	0.8282	-19.2420	-0.2092
832	S	I	-0.2702	0.8282	-19.2420	-0.2117
832	S	K	-0.2776	0.8282	-19.2420	-0.2214
832	S	L	-0.2664	0.8282	-19.2420	-0.2068
832	S	M	-0.2375	0.8282	-19.2420	-0.1689
832	S	N	-0.1354	0.8282	-4.3692	-0.1346
832	S	P	-0.3424	0.8282	-19.2420	-0.3063
832	S	Q	-0.2309	0.8282	-19.2420	-0.1603
832	S	R	-0.2829	0.8282	-19.2420	-0.2283
832	S	T	-0.1038	0.8282	-4.3692	-0.0932
832	S	V	-0.2444	0.8282	-19.2420	-0.1780
832	S	W	-0.2767	0.8282	-19.2420	-0.2203
832	S	Y	-0.2719	0.8282	-19.2420	-0.2139
833	L	A	-0.3575	0.5093	-19.2650	-0.2874
833	L	C	-0.3467	0.5093	-19.2650	-0.2733
833	L	D	-0.4790	0.5093	-19.2650	-0.4465
833	L	E	-0.4471	0.5093	-19.2650	-0.4047
833	L	F	-0.2909	0.5093	-19.2650	-0.2003
833	L	G	-0.4323	0.5093	-19.2650	-0.3854
833	L	H	-0.3999	0.5093	-19.2650	-0.3429
833	L	I	-0.2316	0.5093	-19.2650	-0.1226
833	L	K	-0.4461	0.5093	-19.2650	-0.4034
833	L	M	-0.2549	0.5093	-19.2650	-0.1531
833	L	N	-0.4253	0.5093	-19.2650	-0.3762
833	L	P	-0.3731	0.5093	-5.9772	-0.3966
833	L	Q	-0.3782	0.5093	-19.2650	-0.3146
833	L	R	-0.4377	0.5093	-19.2650	-0.3924
833	L	S	-0.3120	0.5093	-4.3923	-0.3272
833	L	T	-0.2928	0.5093	-5.9772	-0.2915
833	L	V	-0.2679	0.5093	-19.2650	-0.1701
833	L	W	-0.3901	0.5093	-19.2650	-0.3301
833	L	Y	-0.3830	0.5093	-19.2650	-0.3208
834	P	A	-0.0700	1.8102	-4.3923	-0.1672
834	P	C	-0.1786	1.8102	-19.2650	-0.2100
834	P	D	-0.2045	1.8102	-19.2650	-0.2439
834	P	E	-0.1087	1.8102	-3.6554	-0.2227
834	P	F	-0.2070	1.8102	-19.2650	-0.2472
834	P	G	-0.1603	1.8102	-19.2650	-0.1860
834	P	H	-0.1847	1.8102	-19.2650	-0.2179
834	P	I	-0.1901	1.8102	-19.2650	-0.2250
834	P	K	-0.1800	1.8102	-19.2650	-0.2118
834	P	L	-0.1218	1.8102	-4.9773	-0.2310
834	P	M	-0.0778	1.8102	-5.9772	-0.1668
834	P	N	-0.1727	1.8102	-19.2650	-0.2022
834	P	Q	-0.1065	1.8102	-5.9772	-0.2044
834	P	R	-0.1479	1.8102	-5.9772	-0.2586
834	P	S	-0.0602	1.8102	-2.5179	-0.1668
834	P	T	-0.1578	1.8102	-19.2650	-0.1827
834	P	V	-0.1455	1.8102	-19.2650	-0.1666
834	P	W	-0.2196	1.8102	-19.2650	-0.2636
834	P	Y	-0.2080	1.8102	-19.2650	-0.2485
835	G	A	-0.2540	1.2460	-19.2878	-0.2405
835	G	C	-0.3137	1.2460	-19.2878	-0.3187
835	G	D	-0.3142	1.2460	-19.2878	-0.3194
835	G	E	-0.2288	1.2460	-2.6781	-0.3185
835	G	F	-0.3518	1.2460	-19.2878	-0.3686
835	G	H	-0.3265	1.2460	-19.2878	-0.3355
835	G	I	-0.3975	1.2460	-19.2878	-0.4284
835	G	K	-0.3465	1.2460	-19.2878	-0.3616
835	G	L	-0.3657	1.2460	-19.2878	-0.3868
835	G	M	-0.3039	1.2460	-19.2878	-0.3059
835	G	N	-0.3145	1.2460	-19.2878	-0.3198
835	G	P	-0.3438	1.2460	-5.9999	-0.4469
835	G	Q	-0.3174	1.2460	-19.2878	-0.3236
835	G	R	-0.2525	1.2460	-4.0000	-0.3407
835	G	S	-0.2598	1.2460	-19.2878	-0.2482
835	G	T	-0.3368	1.2460	-19.2878	-0.3489
835	G	V	-0.2678	1.2460	-5.0000	-0.3541
835	G	W	-0.3516	1.2460	-19.2878	-0.3683
835	G	Y	-0.3522	1.2460	-19.2878	-0.3691
836	P	A	-0.1272	1.2771	-5.9772	-0.1672
836	P	C	-0.2277	1.2771	-19.2650	-0.2100
836	P	D	-0.2536	1.2771	-19.2650	-0.2439
836	P	E	-0.2374	1.2771	-19.2650	-0.2227
836	P	F	-0.2561	1.2771	-19.2650	-0.2472
836	P	G	-0.2094	1.2771	-19.2650	-0.1860
836	P	H	-0.1659	1.2771	-5.9772	-0.2179
836	P	I	-0.2391	1.2771	-19.2650	-0.2250
836	P	K	-0.2291	1.2771	-19.2650	-0.2118
836	P	L	-0.1708	1.2771	-4.9773	-0.2310
836	P	M	-0.1947	1.2771	-19.2650	-0.1668
836	P	N	-0.2217	1.2771	-19.2650	-0.2022
836	P	Q	-0.2234	1.2771	-19.2650	-0.2044
836	P	R	-0.2648	1.2771	-19.2650	-0.2586
836	P	S	-0.1092	1.2771	-2.5179	-0.1668
836	P	T	-0.1339	1.2771	-4.9773	-0.1827
836	P	V	-0.1945	1.2771	-19.2650	-0.1666
836	P	W	-0.2686	1.2771	-19.2650	-0.2636
836	P	Y	-0.2571	1.2771	-19.2650	-0.2485
837	L	A	-0.3297	0.8108	-19.2650	-0.2874
837	L	C	-0.3189	0.8108	-19.2650	-0.2733
837	L	D	-0.4512	0.8108	-19.2650	-0.4465
837	L	E	-0.4193	0.8108	-19.2650	-0.4047
837	L	F	-0.2632	0.8108	-19.2650	-0.2003
837	L	G	-0.4046	0.8108	-19.2650	-0.3854
837	L	H	-0.3721	0.8108	-19.2650	-0.3429
837	L	I	-0.2038	0.8108	-19.2650	-0.1226
837	L	K	-0.4183	0.8108	-19.2650	-0.4034
837	L	M	-0.2271	0.8108	-19.2650	-0.1531
837	L	N	-0.3975	0.8108	-19.2650	-0.3762
837	L	P	-0.3372	0.8108	-4.3923	-0.3966
837	L	Q	-0.2725	0.8108	-3.9773	-0.3146
837	L	R	-0.4099	0.8108	-19.2650	-0.3924
837	L	S	-0.3601	0.8108	-19.2650	-0.3272
837	L	T	-0.3328	0.8108	-19.2650	-0.2915
837	L	V	-0.1672	0.8108	-4.9773	-0.1701
837	L	W	-0.3623	0.8108	-19.2650	-0.3301
837	L	Y	-0.3552	0.8108	-19.2650	-0.3208
838	R	A	-0.2116	1.9913	-19.2878	-0.2748
838	R	C	-0.2204	1.9913	-19.2878	-0.2864
838	R	D	-0.3026	1.9913	-19.2878	-0.3940
838	R	E	-0.2479	1.9913	-19.2878	-0.3223
838	R	F	-0.2437	1.9913	-19.2878	-0.3169
838	R	G	-0.1648	1.9913	-3.1927	-0.3211
838	R	H	-0.1813	1.9913	-19.2878	-0.2352
838	R	I	-0.2410	1.9913	-19.2878	-0.3133
838	R	K	-0.0340	1.9913	-5.9999	-0.1311
838	R	L	-0.2140	1.9913	-19.2878	-0.2780
838	R	M	-0.0968	1.9913	-3.0000	-0.2333
838	R	N	-0.2265	1.9913	-19.2878	-0.2943
838	R	P	-0.3537	1.9913	-19.2878	-0.4608
838	R	Q	-0.1104	1.9913	-4.4150	-0.2417
838	R	S	-0.1392	1.9913	-5.0000	-0.2755
838	R	T	-0.1406	1.9913	-4.4150	-0.2812
838	R	V	-0.1552	1.9913	-5.0000	-0.2964
838	R	W	-0.2293	1.9913	-19.2878	-0.2980
838	R	Y	-0.2331	1.9913	-19.2878	-0.3029
839	A	C	-0.2367	0.9649	-19.2878	-0.1841
839	A	D	-0.2507	0.9649	-5.9999	-0.2911
839	A	E	-0.3041	0.9649	-19.2878	-0.2723
839	A	F	-0.2869	0.9649	-19.2878	-0.2497
839	A	G	-0.1544	0.9649	-4.4150	-0.1756
839	A	H	-0.2910	0.9649	-19.2878	-0.2551
839	A	I	-0.2764	0.9649	-19.2878	-0.2360
839	A	K	-0.3088	0.9649	-19.2878	-0.2784
839	A	L	-0.2811	0.9649	-19.2878	-0.2422
839	A	M	-0.2399	0.9649	-19.2878	-0.1882
839	A	N	-0.2888	0.9649	-19.2878	-0.2523
839	A	P	-0.3582	0.9649	-19.2878	-0.3431
839	A	Q	-0.2863	0.9649	-19.2878	-0.2490
839	A	R	-0.3195	0.9649	-19.2878	-0.2924
839	A	S	-0.1336	0.9649	-5.9999	-0.1379
839	A	T	-0.1315	0.9649	-4.4150	-0.1457
839	A	V	-0.1315	0.9649	-5.0000	-0.1418
839	A	W	-0.2978	0.9649	-19.2878	-0.2640
839	A	Y	-0.3060	0.9649	-19.2878	-0.2748
840	N	A	-0.1610	1.6618	-19.3101	-0.1688
840	N	C	-0.2109	1.6618	-19.3101	-0.2341
840	N	D	-0.0862	1.6618	-4.0224	-0.1730
840	N	E	-0.1236	1.6618	-6.0223	-0.2085
840	N	F	-0.2182	1.6618	-19.3101	-0.2436
840	N	G	-0.1918	1.6618	-19.3101	-0.2091
840	N	H	-0.1660	1.6618	-19.3101	-0.1753
840	N	I	-0.2113	1.6618	-19.3101	-0.2346
840	N	K	-0.0913	1.6618	-5.0223	-0.1730
840	N	L	-0.2177	1.6618	-19.3101	-0.2430
840	N	M	-0.1719	1.6618	-19.3101	-0.1830
840	N	P	-0.3266	1.6618	-19.3101	-0.3856
840	N	Q	-0.1550	1.6618	-19.3101	-0.1609
840	N	R	-0.1964	1.6618	-19.3101	-0.2151
840	N	S	-0.0415	1.6618	-1.7745	-0.1294
840	N	T	-0.1127	1.6618	-6.0223	-0.1943
840	N	V	-0.2047	1.6618	-19.3101	-0.2259
840	N	W	-0.2233	1.6618	-19.3101	-0.2503
840	N	Y	-0.1340	1.6618	-6.0223	-0.2221
841	S	A	-0.1768	0.9714	-19.4375	-0.1054
841	S	C	-0.2273	0.9714	-19.4375	-0.1715
841	S	D	-0.2755	0.9714	-19.4375	-0.2346
841	S	E	-0.2487	0.9714	-19.4375	-0.1995
841	S	F	-0.2549	0.9714	-19.4375	-0.2076
841	S	G	-0.1012	0.9714	-2.8278	-0.1174
841	S	H	-0.2561	0.9714	-19.4375	-0.2092
841	S	I	-0.2580	0.9714	-19.4375	-0.2117
841	S	K	-0.1976	0.9714	-6.1496	-0.2214
841	S	L	-0.2543	0.9714	-19.4375	-0.2068
841	S	M	-0.2253	0.9714	-19.4375	-0.1689
841	S	N	-0.1991	0.9714	-19.4375	-0.1346
841	S	P	-0.3303	0.9714	-19.4375	-0.3063
841	S	Q	-0.2187	0.9714	-19.4375	-0.1603
841	S	R	-0.1978	0.9714	-5.1497	-0.2283
841	S	T	-0.0997	0.9714	-6.1496	-0.0932
841	S	V	-0.2323	0.9714	-19.4375	-0.1780
841	S	W	-0.2646	0.9714	-19.4375	-0.2203
841	S	Y	-0.2597	0.9714	-19.4375	-0.2139
842	P	A	-0.1344	1.2079	-6.1496	-0.1672
842	P	C	-0.2349	1.2079	-19.4375	-0.2100
842	P	D	-0.2608	1.2079	-19.4375	-0.2439
842	P	E	-0.2446	1.2079	-19.4375	-0.2227
842	P	F	-0.2634	1.2079	-19.4375	-0.2472
842	P	G	-0.2166	1.2079	-19.4375	-0.1860
842	P	H	-0.2410	1.2079	-19.4375	-0.2179
842	P	I	-0.2464	1.2079	-19.4375	-0.2250
842	P	K	-0.2363	1.2079	-19.4375	-0.2118
842	P	L	-0.1670	1.2079	-2.9798	-0.2310
842	P	M	-0.2019	1.2079	-19.4375	-0.1668
842	P	N	-0.2290	1.2079	-19.4375	-0.2022
842	P	Q	-0.2307	1.2079	-19.4375	-0.2044
842	P	R	-0.2721	1.2079	-19.4375	-0.2586
842	P	S	-0.1223	1.2079	-3.8278	-0.1668
842	P	T	-0.1463	1.2079	-6.1496	-0.1827
842	P	V	-0.2018	1.2079	-19.4375	-0.1666
842	P	W	-0.2081	1.2079	-6.1496	-0.2636
842	P	Y	-0.2643	1.2079	-19.4375	-0.2485
843	P	A	0.0033	2.4148	-0.9199	-0.1672
843	P	C	-0.1238	2.4148	-19.4170	-0.2100
843	P	D	-0.0687	2.4148	-3.5443	-0.2439
843	P	E	-0.0657	2.4148	-6.1292	-0.2227
843	P	F	-0.0844	2.4148	-6.1292	-0.2472
843	P	G	-0.0274	2.4148	-4.1293	-0.1860
843	P	H	-0.1298	2.4148	-19.4170	-0.2179
843	P	I	-0.0674	2.4148	-6.1292	-0.2250
843	P	K	-0.1252	2.4148	-19.4170	-0.2118
843	P	L	-0.1398	2.4148	-19.4170	-0.2310
843	P	M	-0.0908	2.4148	-19.4170	-0.1668
843	P	N	-0.0500	2.4148	-6.1292	-0.2022
843	P	Q	-0.1195	2.4148	-19.4170	-0.2044
843	P	R	-0.1609	2.4148	-19.4170	-0.2586
843	P	S	-0.0098	2.4148	-3.5443	-0.1668
843	P	T	-0.0219	2.4148	-3.5443	-0.1827
843	P	V	-0.0147	2.4148	-4.5443	-0.1666
843	P	W	-0.1647	2.4148	-19.4170	-0.2636
843	P	Y	-0.1532	2.4148	-19.4170	-0.2485
844	L	A	-0.3123	1.0084	-19.4170	-0.2874
844	L	C	-0.3015	1.0084	-19.4170	-0.2733
844	L	D	-0.4338	1.0084	-19.4170	-0.4465
844	L	E	-0.4019	1.0084	-19.4170	-0.4047
844	L	F	-0.1780	1.0084	-6.1292	-0.2003
844	L	G	-0.3872	1.0084	-19.4170	-0.3854
844	L	H	-0.3547	1.0084	-19.4170	-0.3429
844	L	I	-0.1864	1.0084	-19.4170	-0.1226
844	L	K	-0.4009	1.0084	-19.4170	-0.4034
844	L	M	-0.1419	1.0084	-6.1292	-0.1531
844	L	N	-0.3801	1.0084	-19.4170	-0.3762
844	L	P	-0.3957	1.0084	-19.4170	-0.3966
844	L	Q	-0.3331	1.0084	-19.4170	-0.3146
844	L	R	-0.3925	1.0084	-19.4170	-0.3924
844	L	S	-0.2587	1.0084	-2.9594	-0.3272
844	L	T	-0.3154	1.0084	-19.4170	-0.2915
844	L	V	-0.1468	1.0084	-4.5443	-0.1701
844	L	W	-0.3449	1.0084	-19.4170	-0.3301
844	L	Y	-0.3378	1.0084	-19.4170	-0.3208
845	R	A	-0.2193	1.9150	-19.4170	-0.2748
845	R	C	-0.2281	1.9150	-19.4170	-0.2864
845	R	D	-0.3103	1.9150	-19.4170	-0.3940
845	R	E	-0.2556	1.9150	-19.4170	-0.3223
845	R	F	-0.2514	1.9150	-19.4170	-0.3169
845	R	G	-0.1692	1.9150	-2.6699	-0.3211
845	R	H	-0.1890	1.9150	-19.4170	-0.2352
845	R	I	-0.1758	1.9150	-5.1293	-0.3133
845	R	K	-0.0417	1.9150	-6.1292	-0.1311
845	R	L	-0.2217	1.9150	-19.4170	-0.2780
845	R	M	-0.1198	1.9150	-6.1292	-0.2333
845	R	N	-0.1664	1.9150	-6.1292	-0.2943
845	R	P	-0.2935	1.9150	-6.1292	-0.4608
845	R	Q	-0.1211	1.9150	-5.1293	-0.2417
845	R	S	-0.1418	1.9150	-4.1293	-0.2755
845	R	T	-0.2242	1.9150	-19.4170	-0.2812
845	R	V	-0.1599	1.9150	-4.5443	-0.2964
845	R	W	-0.2370	1.9150	-19.4170	-0.2980
845	R	Y	-0.2407	1.9150	-19.4170	-0.3029
846	S	A	-0.0653	2.1837	-19.4375	-0.1054
846	S	C	-0.0377	2.1837	-4.1498	-0.1715
846	S	D	-0.1639	2.1837	-19.4375	-0.2346
846	S	E	-0.1371	2.1837	-19.4375	-0.1995
846	S	F	-0.0755	2.1837	-6.1496	-0.2076
846	S	G	-0.0744	2.1837	-19.4375	-0.1174
846	S	H	-0.0767	2.1837	-6.1496	-0.2092
846	S	I	-0.0706	2.1837	-4.5648	-0.2117
846	S	K	-0.0860	2.1837	-6.1496	-0.2214
846	S	L	-0.0630	2.1837	-3.8278	-0.2068
846	S	M	-0.1138	2.1837	-19.4375	-0.1689
846	S	N	-0.0876	2.1837	-19.4375	-0.1346
846	S	P	-0.1259	2.1837	-1.2429	-0.3063
846	S	Q	-0.1072	2.1837	-19.4375	-0.1603
846	S	R	-0.1591	2.1837	-19.4375	-0.2283
846	S	T	0.0119	2.1837	-6.1496	-0.0932
846	S	V	-0.1207	2.1837	-19.4375	-0.1780
846	S	W	-0.1530	2.1837	-19.4375	-0.2203
846	S	Y	-0.0803	2.1837	-6.1496	-0.2139
847	K	A	-0.1482	1.7386	-19.4375	-0.1604
847	K	C	-0.2184	1.7386	-19.4375	-0.2523
847	K	D	-0.1894	1.7386	-6.1496	-0.3031
847	K	E	-0.0921	1.7386	-3.5648	-0.1930
847	K	F	-0.2193	1.7386	-19.4375	-0.2535
847	K	G	-0.1315	1.7386	-4.5648	-0.2379
847	K	H	-0.1583	1.7386	-19.4375	-0.1736
847	K	I	-0.1188	1.7386	-6.1496	-0.2106
847	K	L	-0.1853	1.7386	-19.4375	-0.2089
847	K	M	-0.1583	1.7386	-19.4375	-0.1736
847	K	N	-0.0906	1.7386	-4.5648	-0.1843
847	K	P	-0.3225	1.7386	-19.4375	-0.3886
847	K	Q	-0.0745	1.7386	-5.1497	-0.1594
847	K	R	-0.0089	1.7386	-5.1497	-0.0735
847	K	S	-0.0906	1.7386	-6.1496	-0.1737
847	K	T	-0.0973	1.7386	-5.1497	-0.1892
847	K	V	-0.1704	1.7386	-19.4375	-0.1895
847	K	W	-0.2283	1.7386	-19.4375	-0.2653
847	K	Y	-0.2042	1.7386	-19.4375	-0.2337
848	E	A	-0.1417	1.7884	-19.4170	-0.1580
848	E	C	-0.2111	1.7884	-19.4170	-0.2488
848	E	D	-0.0345	1.7884	-5.1293	-0.1131
848	E	F	-0.1887	1.7884	-19.4170	-0.2195
848	E	G	-0.0843	1.7884	-3.1293	-0.1917
848	E	H	-0.1800	1.7884	-19.4170	-0.2081
848	E	I	-0.1940	1.7884	-19.4170	-0.2265
848	E	K	-0.0806	1.7884	-3.1293	-0.1868
848	E	L	-0.1233	1.7884	-5.1293	-0.2293
848	E	M	-0.1450	1.7884	-19.4170	-0.1623
848	E	N	-0.1001	1.7884	-6.1292	-0.1923
848	E	P	-0.2987	1.7884	-19.4170	-0.3635
848	E	Q	-0.1142	1.7884	-19.4170	-0.1220
848	E	R	-0.1564	1.7884	-6.1292	-0.2660
848	E	S	-0.1551	1.7884	-19.4170	-0.1756
848	E	T	-0.1710	1.7884	-19.4170	-0.1964
848	E	V	-0.0790	1.7884	-4.5443	-0.1753
848	E	W	-0.1988	1.7884	-19.4170	-0.2327
848	E	Y	-0.1895	1.7884	-19.4170	-0.2206
849	N	A	-0.1114	1.4708	-6.1292	-0.1688
849	N	C	-0.2291	1.4708	-19.4170	-0.2341
849	N	D	-0.1027	1.4708	-3.8074	-0.1730
849	N	E	-0.1417	1.4708	-6.1292	-0.2085
849	N	F	-0.2363	1.4708	-19.4170	-0.2436
849	N	G	-0.2100	1.4708	-19.4170	-0.2091
849	N	H	-0.1045	1.4708	-3.8074	-0.1753
849	N	I	-0.2294	1.4708	-19.4170	-0.2346
849	N	K	-0.1027	1.4708	-3.8074	-0.1730
849	N	L	-0.2359	1.4708	-19.4170	-0.2430
849	N	M	-0.1900	1.4708	-19.4170	-0.1830
849	N	P	-0.3448	1.4708	-19.4170	-0.3856
849	N	Q	-0.1731	1.4708	-19.4170	-0.1609
849	N	R	-0.2145	1.4708	-19.4170	-0.2151
849	N	S	-0.0762	1.4708	-5.1293	-0.1294
849	N	T	-0.1987	1.4708	-19.4170	-0.1943
849	N	V	-0.2228	1.4708	-19.4170	-0.2259
849	N	W	-0.2414	1.4708	-19.4170	-0.2503
849	N	Y	-0.2199	1.4708	-19.4170	-0.2221
850	Q	A	-0.0715	2.3243	-19.3963	-0.1308
850	Q	C	-0.1177	2.3243	-19.3963	-0.1913
850	Q	D	-0.1580	2.3243	-19.3963	-0.2441
850	Q	E	-0.0766	2.3243	-19.3963	-0.1375
850	Q	F	-0.1257	2.3243	-19.3963	-0.2018
850	Q	G	-0.0612	2.3243	-3.5236	-0.2233
850	Q	H	-0.0726	2.3243	-19.3963	-0.1322
850	Q	I	-0.0312	2.3243	-4.5236	-0.1774
850	Q	K	-0.0288	2.3243	-4.5236	-0.1742
850	Q	L	-0.0904	2.3243	-19.3963	-0.1556
850	Q	M	0.0064	2.3243	-6.1084	-0.1176
850	Q	N	-0.0872	2.3243	-19.3963	-0.1513
850	Q	P	-0.1722	2.3243	-5.1085	-0.3581
850	Q	R	-0.0099	2.3243	-1.1086	-0.1723
850	Q	S	-0.0089	2.3243	-3.5236	-0.1549
850	Q	T	-0.0320	2.3243	-6.1084	-0.1679
850	Q	V	-0.1072	2.3243	-19.3963	-0.1775
850	Q	W	-0.1251	2.3243	-19.3963	-0.2010
850	Q	Y	-0.1280	2.3243	-19.3963	-0.2048
851	E	A	-0.1045	1.3442	-4.1085	-0.1580
851	E	C	-0.2518	1.3442	-19.3963	-0.2488
851	E	D	-0.0753	1.3442	-5.1085	-0.1131
851	E	F	-0.1616	1.3442	-6.1084	-0.2195
851	E	G	-0.1302	1.3442	-4.1085	-0.1917
851	E	H	-0.2207	1.3442	-19.3963	-0.2081
851	E	I	-0.2348	1.3442	-19.3963	-0.2265
851	E	K	-0.1367	1.3442	-6.1084	-0.1868
851	E	L	-0.2369	1.3442	-19.3963	-0.2293
851	E	M	-0.1858	1.3442	-19.3963	-0.1623
851	E	N	-0.1409	1.3442	-6.1084	-0.1923
851	E	P	-0.2716	1.3442	-6.1084	-0.3635
851	E	Q	-0.0872	1.3442	-6.1084	-0.1220
851	E	R	-0.2650	1.3442	-19.3963	-0.2660
851	E	S	-0.1959	1.3442	-19.3963	-0.1756
851	E	T	-0.2118	1.3442	-19.3963	-0.1964
851	E	V	-0.1957	1.3442	-19.3963	-0.1753
851	E	W	-0.2395	1.3442	-19.3963	-0.2327
851	E	Y	-0.2303	1.3442	-19.3963	-0.2206
852	Q	A	-0.1542	1.4229	-19.3538	-0.1308
852	Q	C	-0.2004	1.4229	-19.3538	-0.1913
852	Q	D	-0.1730	1.4229	-6.0660	-0.2441
852	Q	E	-0.1593	1.4229	-19.3538	-0.1375
852	Q	F	-0.2085	1.4229	-19.3538	-0.2018
852	Q	G	-0.1520	1.4229	-5.0661	-0.2233
852	Q	H	-0.0773	1.4229	-4.0661	-0.1322
852	Q	I	-0.1898	1.4229	-19.3538	-0.1774
852	Q	K	-0.1874	1.4229	-19.3538	-0.1742
852	Q	L	-0.0901	1.4229	-3.0661	-0.1556
852	Q	M	-0.1441	1.4229	-19.3538	-0.1176
852	Q	N	-0.1699	1.4229	-19.3538	-0.1513
852	Q	P	-0.2549	1.4229	-5.0661	-0.3581
852	Q	R	-0.1181	1.4229	-6.0660	-0.1723
852	Q	S	-0.1726	1.4229	-19.3538	-0.1549
852	Q	T	-0.1826	1.4229	-19.3538	-0.1679
852	Q	V	-0.1899	1.4229	-19.3538	-0.1775
852	Q	W	-0.2079	1.4229	-19.3538	-0.2010
852	Q	Y	-0.2108	1.4229	-19.3538	-0.2048
853	S	A	-0.1696	1.0476	-19.3963	-0.1054
853	S	C	-0.1523	1.0476	-6.1084	-0.1715
853	S	D	-0.2683	1.0476	-19.3963	-0.2346
853	S	E	-0.2415	1.0476	-19.3963	-0.1995
853	S	F	-0.2476	1.0476	-19.3963	-0.2076
853	S	G	-0.0991	1.0476	-3.7866	-0.1174
853	S	H	-0.2489	1.0476	-19.3963	-0.2092
853	S	I	-0.2508	1.0476	-19.3963	-0.2117
853	S	K	-0.2582	1.0476	-19.3963	-0.2214
853	S	L	-0.2470	1.0476	-19.3963	-0.2068
853	S	M	-0.2181	1.0476	-19.3963	-0.1689
853	S	N	-0.1098	1.0476	-3.3012	-0.1346
853	S	P	-0.3230	1.0476	-19.3963	-0.3063
853	S	Q	-0.2115	1.0476	-19.3963	-0.1603
853	S	R	-0.2635	1.0476	-19.3963	-0.2283
853	S	T	-0.0925	1.0476	-6.1084	-0.0932
853	S	V	-0.2250	1.0476	-19.3963	-0.1780
853	S	W	-0.2573	1.0476	-19.3963	-0.2203
853	S	Y	-0.2525	1.0476	-19.3963	-0.2139
854	C	A	-0.2689	1.5356	-6.1084	-0.3830
854	C	D	-0.4440	1.5356	-19.3963	-0.5234
854	C	E	-0.4316	1.5356	-19.3963	-0.5072
854	C	F	-0.3307	1.5356	-19.3963	-0.3751
854	C	G	-0.2562	1.5356	-5.1085	-0.3731
854	C	H	-0.3665	1.5356	-4.5236	-0.5214
854	C	I	-0.3606	1.5356	-19.3963	-0.4142
854	C	K	-0.4322	1.5356	-19.3963	-0.5080
854	C	L	-0.3156	1.5356	-4.1085	-0.4575
854	C	M	-0.3609	1.5356	-19.3963	-0.4146
854	C	N	-0.3864	1.5356	-19.3963	-0.4480
854	C	P	-0.3583	1.5356	-0.4361	-0.5379
854	C	Q	-0.4104	1.5356	-19.3963	-0.4794
854	C	R	-0.3131	1.5356	-4.5236	-0.4514
854	C	S	-0.2546	1.5356	-5.1085	-0.3709
854	C	T	-0.3622	1.5356	-19.3963	-0.4163
854	C	V	-0.3586	1.5356	-19.3963	-0.4117
854	C	W	-0.3338	1.5356	-19.3963	-0.3792
854	C	Y	-0.3400	1.5356	-19.3963	-0.3873
855	E	A	-0.2091	1.0550	-19.3963	-0.1580
855	E	C	-0.2784	1.0550	-19.3963	-0.2488
855	E	D	-0.1748	1.0550	-19.3963	-0.1131
855	E	F	-0.2561	1.0550	-19.3963	-0.2195
855	E	G	-0.1538	1.0550	-3.5236	-0.1917
855	E	H	-0.2473	1.0550	-19.3963	-0.2081
855	E	I	-0.2614	1.0550	-19.3963	-0.2265
855	E	K	-0.1531	1.0550	-4.1085	-0.1868
855	E	L	-0.2635	1.0550	-19.3963	-0.2293
855	E	M	-0.2124	1.0550	-19.3963	-0.1623
855	E	N	-0.2353	1.0550	-19.3963	-0.1923
855	E	P	-0.3660	1.0550	-19.3963	-0.3635
855	E	Q	-0.1138	1.0550	-6.1084	-0.1220
855	E	R	-0.2916	1.0550	-19.3963	-0.2660
855	E	S	-0.2225	1.0550	-19.3963	-0.1756
855	E	T	-0.1706	1.0550	-6.1084	-0.1964
855	E	V	-0.1545	1.0550	-6.1084	-0.1753
855	E	W	-0.2661	1.0550	-19.3963	-0.2327
855	E	Y	-0.2569	1.0550	-19.3963	-0.2206
856	T	A	-0.0795	1.5445	-2.4081	-0.1608
856	T	C	-0.2020	1.5445	-19.3963	-0.2077
856	T	D	-0.2139	1.5445	-6.1084	-0.3121
856	T	E	-0.2571	1.5445	-19.3963	-0.2798
856	T	F	-0.2734	1.5445	-19.3963	-0.3012
856	T	G	-0.2397	1.5445	-19.3963	-0.2570
856	T	H	-0.2537	1.5445	-19.3963	-0.2754
856	T	I	-0.1141	1.5445	-4.1085	-0.1947
856	T	K	-0.2493	1.5445	-19.3963	-0.2696
856	T	L	-0.2440	1.5445	-19.3963	-0.2627
856	T	M	-0.2109	1.5445	-19.3963	-0.2194
856	T	N	-0.1540	1.5445	-6.1084	-0.2336
856	T	P	-0.3305	1.5445	-19.3963	-0.3759
856	T	Q	-0.2313	1.5445	-19.3963	-0.2460
856	T	R	-0.2521	1.5445	-19.3963	-0.2733
856	T	S	-0.0621	1.5445	-6.1084	-0.1133
856	T	V	-0.1037	1.5445	-4.5236	-0.1784
856	T	W	-0.2663	1.5445	-19.3963	-0.2919
856	T	Y	-0.2749	1.5445	-19.3963	-0.3031
857	V	A	-0.0523	2.2226	-3.7866	-0.1977
857	V	C	-0.1598	2.2226	-19.3963	-0.2342
857	V	D	-0.2986	2.2226	-19.3963	-0.4158
857	V	E	-0.2559	2.2226	-19.3963	-0.3599
857	V	F	-0.1413	2.2226	-6.1084	-0.2987
857	V	G	-0.1849	2.2226	-5.1085	-0.3624
857	V	H	-0.3015	2.2226	-19.3963	-0.4197
857	V	I	0.0251	2.2226	-1.2506	-0.1133
857	V	K	-0.2948	2.2226	-19.3963	-0.4109
857	V	L	-0.0471	2.2226	-2.6491	-0.1985
857	V	M	-0.1417	2.2226	-19.3963	-0.2104
857	V	N	-0.2864	2.2226	-19.3963	-0.3999
857	V	P	-0.3363	2.2226	-19.3963	-0.4652
857	V	Q	-0.2665	2.2226	-19.3963	-0.3738
857	V	R	-0.3158	2.2226	-19.3963	-0.4384
857	V	S	-0.2356	2.2226	-19.3963	-0.3334
857	V	T	-0.0628	2.2226	-2.1086	-0.2226
857	V	W	-0.2497	2.2226	-19.3963	-0.3518
857	V	Y	-0.2526	2.2226	-19.3963	-0.3556
858	G	A	-0.1877	1.9712	-19.3752	-0.2405
858	G	C	-0.2474	1.9712	-19.3752	-0.3187
858	G	D	-0.2479	1.9712	-19.3752	-0.3194
858	G	E	-0.1743	1.9712	-5.0874	-0.3185
858	G	F	-0.2855	1.9712	-19.3752	-0.3686
858	G	H	-0.2602	1.9712	-19.3752	-0.3355
858	G	I	-0.3312	1.9712	-19.3752	-0.4284
858	G	K	-0.2802	1.9712	-19.3752	-0.3616
858	G	L	-0.2265	1.9712	-5.0874	-0.3868
858	G	M	-0.2376	1.9712	-19.3752	-0.3059
858	G	N	-0.2483	1.9712	-19.3752	-0.3198
858	G	P	-0.2775	1.9712	-6.0874	-0.4469
858	G	Q	-0.1578	1.9712	-1.0875	-0.3236
858	G	R	-0.1795	1.9712	-2.7656	-0.3407
858	G	S	-0.1936	1.9712	-19.3752	-0.2482
858	G	T	-0.2705	1.9712	-19.3752	-0.3489
858	G	V	-0.2745	1.9712	-19.3752	-0.3541
858	G	W	-0.2124	1.9712	-5.0874	-0.3683
858	G	Y	-0.2859	1.9712	-19.3752	-0.3691
859	H	A	-0.0816	1.4458	-6.0874	-0.1271
859	H	C	-0.2039	1.4458	-19.3752	-0.1985
859	H	D	-0.0999	1.4458	-0.4151	-0.1889
859	H	E	-0.1301	1.4458	-4.0875	-0.2040
859	H	F	-0.1710	1.4458	-19.3752	-0.1554
859	H	G	-0.1591	1.4458	-5.0874	-0.2352
859	H	I	-0.2356	1.4458	-19.3752	-0.2400
859	H	K	-0.1245	1.4458	-6.0874	-0.1833
859	H	L	-0.1992	1.4458	-19.3752	-0.1923
859	H	M	-0.1493	1.4458	-19.3752	-0.1270
859	H	N	-0.0765	1.4458	-3.7655	-0.1359
859	H	P	-0.3126	1.4458	-19.3752	-0.3408
859	H	Q	-0.1176	1.4458	-19.3752	-0.0855
859	H	R	-0.1858	1.4458	-19.3752	-0.1747
859	H	S	-0.0876	1.4458	-6.0874	-0.1349
859	H	T	-0.2002	1.4458	-19.3752	-0.1936
859	H	V	-0.1920	1.4458	-19.3752	-0.1829
859	H	W	-0.1873	1.4458	-19.3752	-0.1767
859	H	Y	-0.1212	1.4458	-19.3752	-0.0902
860	P	A	-0.2509	0.6759	-19.3752	-0.1672
860	P	C	-0.2836	0.6759	-19.3752	-0.2100
860	P	D	-0.3095	0.6759	-19.3752	-0.2439
860	P	E	-0.2933	0.6759	-19.3752	-0.2227
860	P	F	-0.3120	0.6759	-19.3752	-0.2472
860	P	G	-0.2652	0.6759	-19.3752	-0.1860
860	P	H	-0.2896	0.6759	-19.3752	-0.2179
860	P	I	-0.2950	0.6759	-19.3752	-0.2250
860	P	K	-0.2850	0.6759	-19.3752	-0.2118
860	P	L	-0.2200	0.6759	-3.7655	-0.2310
860	P	M	-0.2506	0.6759	-19.3752	-0.1668
860	P	N	-0.2776	0.6759	-19.3752	-0.2022
860	P	Q	-0.2793	0.6759	-19.3752	-0.2044
860	P	R	-0.3207	0.6759	-19.3752	-0.2586
860	P	S	-0.1777	0.6759	-5.0874	-0.1668
860	P	T	-0.1949	0.6759	-6.0874	-0.1827
860	P	V	-0.2504	0.6759	-19.3752	-0.1666
860	P	W	-0.3245	0.6759	-19.3752	-0.2636
860	P	Y	-0.3130	0.6759	-19.3752	-0.2485
861	S	A	-0.1361	1.4134	-19.4375	-0.1054
861	S	C	-0.1188	1.4134	-6.1496	-0.1715
861	S	D	-0.2348	1.4134	-19.4375	-0.2346
861	S	E	-0.2080	1.4134	-19.4375	-0.1995
861	S	F	-0.2142	1.4134	-19.4375	-0.2076
861	S	G	-0.0694	1.4134	-4.5648	-0.1174
861	S	H	-0.2154	1.4134	-19.4375	-0.2092
861	S	I	-0.2173	1.4134	-19.4375	-0.2117
861	S	K	-0.1488	1.4134	-4.5648	-0.2214
861	S	L	-0.2136	1.4134	-19.4375	-0.2068
861	S	M	-0.1846	1.4134	-19.4375	-0.1689
861	S	N	-0.0788	1.4134	-3.8278	-0.1346
861	S	P	-0.2896	1.4134	-19.4375	-0.3063
861	S	Q	-0.1781	1.4134	-19.4375	-0.1603
861	S	R	-0.1504	1.4134	-3.8278	-0.2283
861	S	T	-0.0590	1.4134	-6.1496	-0.0932
861	S	V	-0.1916	1.4134	-19.4375	-0.1780
861	S	W	-0.2239	1.4134	-19.4375	-0.2203
861	S	Y	-0.2190	1.4134	-19.4375	-0.2139
862	D	A	-0.1966	1.4978	-19.4375	-0.1947
862	D	C	-0.2380	1.4978	-19.4375	-0.2490
862	D	E	-0.0686	1.4978	-5.1497	-0.1226
862	D	F	-0.2967	1.4978	-19.4375	-0.3258
862	D	G	-0.1267	1.4978	-3.5648	-0.2093
862	D	H	-0.1279	1.4978	-4.1498	-0.2069
862	D	I	-0.2889	1.4978	-19.4375	-0.3156
862	D	K	-0.2673	1.4978	-19.4375	-0.2873
862	D	L	-0.2826	1.4978	-19.4375	-0.3073
862	D	M	-0.2213	1.4978	-19.4375	-0.2271
862	D	N	-0.0823	1.4978	-3.5648	-0.1511
862	D	P	-0.3335	1.4978	-19.4375	-0.3740
862	D	Q	-0.2235	1.4978	-19.4375	-0.2300
862	D	R	-0.2983	1.4978	-19.4375	-0.3279
862	D	S	-0.1352	1.4978	-6.1496	-0.2031
862	D	T	-0.2330	1.4978	-19.4375	-0.2424
862	D	V	-0.1758	1.4978	-6.1496	-0.2563
862	D	W	-0.2772	1.4978	-19.4375	-0.3002
862	D	Y	-0.2416	1.4978	-19.4375	-0.2536
863	L	A	-0.3518	0.5804	-19.4375	-0.2874
863	L	C	-0.3410	0.5804	-19.4375	-0.2733
863	L	D	-0.4733	0.5804	-19.4375	-0.4465
863	L	E	-0.4414	0.5804	-19.4375	-0.4047
863	L	F	-0.2853	0.5804	-19.4375	-0.2003
863	L	G	-0.4266	0.5804	-19.4375	-0.3854
863	L	H	-0.3942	0.5804	-19.4375	-0.3429
863	L	I	-0.2259	0.5804	-19.4375	-0.1226
863	L	K	-0.4404	0.5804	-19.4375	-0.4034
863	L	M	-0.1814	0.5804	-6.1496	-0.1531
863	L	N	-0.4196	0.5804	-19.4375	-0.3762
863	L	P	-0.3623	0.5804	-5.1497	-0.3966
863	L	Q	-0.3726	0.5804	-19.4375	-0.3146
863	L	R	-0.3642	0.5804	-6.1496	-0.3924
863	L	S	-0.3822	0.5804	-19.4375	-0.3272
863	L	T	-0.3549	0.5804	-19.4375	-0.2915
863	L	V	-0.1893	0.5804	-5.1497	-0.1701
863	L	W	-0.3844	0.5804	-19.4375	-0.3301
863	L	Y	-0.3773	0.5804	-19.4375	-0.3208
864	W	A	-0.5161	0.5029	-19.4375	-0.4931
864	W	C	-0.4519	0.5029	-19.4375	-0.4091
864	W	D	-0.5403	0.5029	-19.4375	-0.5249
864	W	E	-0.5599	0.5029	-19.4375	-0.5505
864	W	F	-0.3686	0.5029	-19.4375	-0.3001
864	W	G	-0.5012	0.5029	-19.4375	-0.4737
864	W	H	-0.5044	0.5029	-19.4375	-0.4778
864	W	I	-0.5019	0.5029	-19.4375	-0.4746
864	W	K	-0.5719	0.5029	-19.4375	-0.5662
864	W	L	-0.4634	0.5029	-19.4375	-0.4242
864	W	M	-0.4756	0.5029	-19.4375	-0.4401
864	W	N	-0.5486	0.5029	-19.4375	-0.5357
864	W	P	-0.5868	0.5029	-19.4375	-0.5857
864	W	Q	-0.5394	0.5029	-19.4375	-0.5237
864	W	R	-0.4240	0.5029	-4.5648	-0.4719
864	W	S	-0.5141	0.5029	-19.4375	-0.4906
864	W	T	-0.5578	0.5029	-19.4375	-0.5477
864	W	V	-0.4936	0.5029	-19.4375	-0.4637
864	W	Y	-0.3407	0.5029	-4.5648	-0.3629
865	A	C	-0.2212	1.1420	-19.4375	-0.1841
865	A	D	-0.3030	1.1420	-19.4375	-0.2911
865	A	E	-0.2886	1.1420	-19.4375	-0.2723
865	A	F	-0.2713	1.1420	-19.4375	-0.2497
865	A	G	-0.1469	1.1420	-6.1496	-0.1756
865	A	H	-0.2755	1.1420	-19.4375	-0.2551
865	A	I	-0.2609	1.1420	-19.4375	-0.2360
865	A	K	-0.2933	1.1420	-19.4375	-0.2784
865	A	L	-0.2656	1.1420	-19.4375	-0.2422
865	A	M	-0.2244	1.1420	-19.4375	-0.1882
865	A	N	-0.2733	1.1420	-19.4375	-0.2523
865	A	P	-0.2596	1.1420	-3.1498	-0.3431
865	A	Q	-0.2708	1.1420	-19.4375	-0.2490
865	A	R	-0.3039	1.1420	-19.4375	-0.2924
865	A	S	-0.1859	1.1420	-19.4375	-0.1379
865	A	T	-0.1190	1.1420	-5.1497	-0.1457
865	A	V	-0.1093	1.1420	-3.8278	-0.1418
865	A	W	-0.2823	1.1420	-19.4375	-0.2640
865	A	Y	-0.2905	1.1420	-19.4375	-0.2748
866	E	A	-0.0773	1.7526	-6.1496	-0.1580
866	E	C	-0.2145	1.7526	-19.4375	-0.2488
866	E	D	-0.0311	1.7526	-3.8278	-0.1131
866	E	F	-0.1921	1.7526	-19.4375	-0.2195
866	E	G	-0.0869	1.7526	-2.9798	-0.1917
866	E	H	-0.1834	1.7526	-19.4375	-0.2081
866	E	I	-0.1974	1.7526	-19.4375	-0.2265
866	E	K	-0.0891	1.7526	-4.1498	-0.1868
866	E	L	-0.1996	1.7526	-19.4375	-0.2293
866	E	M	-0.1484	1.7526	-19.4375	-0.1623
866	E	N	-0.0984	1.7526	-5.1497	-0.1923
866	E	P	-0.3021	1.7526	-19.4375	-0.3635
866	E	Q	-0.0396	1.7526	-4.1498	-0.1220
866	E	R	-0.2276	1.7526	-19.4375	-0.2660
866	E	S	-0.1585	1.7526	-19.4375	-0.1756
866	E	T	-0.1744	1.7526	-19.4375	-0.1964
866	E	V	-0.1583	1.7526	-19.4375	-0.1753
866	E	W	-0.2022	1.7526	-19.4375	-0.2327
866	E	Y	-0.1929	1.7526	-19.4375	-0.2206
867	G	A	-0.1650	1.3553	-3.8278	-0.2405
867	G	C	-0.3044	1.3553	-19.4375	-0.3187
867	G	D	-0.2228	1.3553	-3.3424	-0.3194
867	G	E	-0.3043	1.3553	-19.4375	-0.3185
867	G	F	-0.3425	1.3553	-19.4375	-0.3686
867	G	H	-0.3172	1.3553	-19.4375	-0.3355
867	G	I	-0.3882	1.3553	-19.4375	-0.4284
867	G	K	-0.3372	1.3553	-19.4375	-0.3616
867	G	L	-0.3564	1.3553	-19.4375	-0.3868
867	G	M	-0.2946	1.3553	-19.4375	-0.3059
867	G	N	-0.3052	1.3553	-19.4375	-0.3198
867	G	P	-0.4023	1.3553	-19.4375	-0.4469
867	G	Q	-0.3081	1.3553	-19.4375	-0.3236
867	G	R	-0.3212	1.3553	-19.4375	-0.3407
867	G	S	-0.1725	1.3553	-4.1498	-0.2482
867	G	T	-0.3275	1.3553	-19.4375	-0.3489
867	G	V	-0.2556	1.3553	-4.5648	-0.3541
867	G	W	-0.3423	1.3553	-19.4375	-0.3683
867	G	Y	-0.3429	1.3553	-19.4375	-0.3691
868	C	A	-0.3856	1.0069	-19.4375	-0.3830
868	C	D	-0.4928	1.0069	-19.4375	-0.5234
868	C	E	-0.4804	1.0069	-19.4375	-0.5072
868	C	F	-0.3036	1.0069	-4.5648	-0.3751
868	C	G	-0.3780	1.0069	-19.4375	-0.3731
868	C	H	-0.4235	1.0069	-6.1496	-0.5214
868	C	I	-0.4094	1.0069	-19.4375	-0.4142
868	C	K	-0.4811	1.0069	-19.4375	-0.5080
868	C	L	-0.4425	1.0069	-19.4375	-0.4575
868	C	M	-0.4097	1.0069	-19.4375	-0.4146
868	C	N	-0.3623	1.0069	-5.1497	-0.4480
868	C	P	-0.5039	1.0069	-19.4375	-0.5379
868	C	Q	-0.4592	1.0069	-19.4375	-0.4794
868	C	R	-0.3700	1.0069	-6.1496	-0.4514
868	C	S	-0.3034	1.0069	-5.1497	-0.3709
868	C	T	-0.4110	1.0069	-19.4375	-0.4163
868	C	V	-0.4075	1.0069	-19.4375	-0.4117
868	C	W	-0.3827	1.0069	-19.4375	-0.3792
868	C	Y	-0.3159	1.0069	-5.1497	-0.3873
869	F	A	-0.1752	2.0307	-5.1497	-0.3264
869	F	C	-0.2163	2.0307	-19.4375	-0.2847
869	F	D	-0.3711	2.0307	-19.4375	-0.4874
869	F	E	-0.3405	2.0307	-19.4375	-0.4473
869	F	G	-0.2835	2.0307	-19.4375	-0.3727
869	F	H	-0.2757	2.0307	-19.4375	-0.3625
869	F	I	-0.1921	2.0307	-19.4375	-0.2530
869	F	K	-0.3474	2.0307	-19.4375	-0.4563
869	F	L	-0.0702	2.0307	-2.9798	-0.2034
869	F	M	-0.1852	2.0307	-19.4375	-0.2440
869	F	N	-0.3008	2.0307	-19.4375	-0.3953
869	F	P	-0.2816	2.0307	-1.8279	-0.4879
869	F	Q	-0.3028	2.0307	-19.4375	-0.3980
869	F	R	-0.3487	2.0307	-19.4375	-0.4581
869	F	S	-0.1338	2.0307	-1.1498	-0.2989
869	F	T	-0.2056	2.0307	-6.1496	-0.3595
869	F	V	-0.1864	2.0307	-19.4375	-0.2456
869	F	W	-0.1717	2.0307	-19.4375	-0.2263
869	F	Y	-0.0722	2.0307	-6.1496	-0.1848
870	P	A	-0.1245	1.3156	-6.1496	-0.1672
870	P	C	-0.2250	1.3156	-19.4375	-0.2100
870	P	D	-0.2509	1.3156	-19.4375	-0.2439
870	P	E	-0.2347	1.3156	-19.4375	-0.2227
870	P	F	-0.2534	1.3156	-19.4375	-0.2472
870	P	G	-0.2067	1.3156	-19.4375	-0.1860
870	P	H	-0.1633	1.3156	-6.1496	-0.2179
870	P	I	-0.2365	1.3156	-19.4375	-0.2250
870	P	K	-0.2264	1.3156	-19.4375	-0.2118
870	P	L	-0.1563	1.3156	-2.8278	-0.2310
870	P	M	-0.1920	1.3156	-19.4375	-0.1668
870	P	N	-0.2191	1.3156	-19.4375	-0.2022
870	P	Q	-0.1478	1.3156	-5.1497	-0.2044
870	P	R	-0.2621	1.3156	-19.4375	-0.2586
870	P	S	-0.1124	1.3156	-3.8278	-0.1668
870	P	T	-0.2042	1.3156	-19.4375	-0.1827
870	P	V	-0.1919	1.3156	-19.4375	-0.1666
870	P	W	-0.2660	1.3156	-19.4375	-0.2636
870	P	Y	-0.2544	1.3156	-19.4375	-0.2485
871	L	A	-0.3195	0.9314	-19.4375	-0.2874
871	L	C	-0.3087	0.9314	-19.4375	-0.2733
871	L	D	-0.4410	0.9314	-19.4375	-0.4465
871	L	E	-0.4091	0.9314	-19.4375	-0.4047
871	L	F	-0.1771	0.9314	-4.5648	-0.2003
871	L	G	-0.3944	0.9314	-19.4375	-0.3854
871	L	H	-0.3619	0.9314	-19.4375	-0.3429
871	L	I	-0.1207	0.9314	-5.1497	-0.1226
871	L	K	-0.4081	0.9314	-19.4375	-0.4034
871	L	M	-0.1491	0.9314	-6.1496	-0.1531
871	L	N	-0.3873	0.9314	-19.4375	-0.3762
871	L	P	-0.4029	0.9314	-19.4375	-0.3966
871	L	Q	-0.3403	0.9314	-19.4375	-0.3146
871	L	R	-0.3319	0.9314	-6.1496	-0.3924
871	L	S	-0.2821	0.9314	-6.1496	-0.3272
871	L	T	-0.3226	0.9314	-19.4375	-0.2915
871	L	V	-0.1570	0.9314	-5.1497	-0.1701
871	L	W	-0.3521	0.9314	-19.4375	-0.3301
871	L	Y	-0.3450	0.9314	-19.4375	-0.3208
872	L	A	-0.3265	0.8556	-19.4375	-0.2874
872	L	C	-0.3157	0.8556	-19.4375	-0.2733
872	L	D	-0.4480	0.8556	-19.4375	-0.4465
872	L	E	-0.3483	0.8556	-6.1496	-0.4047
872	L	F	-0.2599	0.8556	-19.4375	-0.2003
872	L	G	-0.4013	0.8556	-19.4375	-0.3854
872	L	H	-0.3689	0.8556	-19.4375	-0.3429
872	L	I	-0.1277	0.8556	-5.1497	-0.1226
872	L	K	-0.4151	0.8556	-19.4375	-0.4034
872	L	M	-0.2239	0.8556	-19.4375	-0.1531
872	L	N	-0.3943	0.8556	-19.4375	-0.3762
872	L	P	-0.3340	0.8556	-4.5648	-0.3966
872	L	Q	-0.2794	0.8556	-6.1496	-0.3146
872	L	R	-0.3389	0.8556	-6.1496	-0.3924
872	L	S	-0.3569	0.8556	-19.4375	-0.3272
872	L	T	-0.3296	0.8556	-19.4375	-0.2915
872	L	V	-0.1691	0.8556	-6.1496	-0.1701
872	L	W	-0.3591	0.8556	-19.4375	-0.3301
872	L	Y	-0.3520	0.8556	-19.4375	-0.3208
873	E	A	-0.2276	0.8556	-19.4375	-0.1580
873	E	C	-0.2970	0.8556	-19.4375	-0.2488
873	E	D	-0.1255	0.8556	-6.1496	-0.1131
873	E	F	-0.2746	0.8556	-19.4375	-0.2195
873	E	G	-0.1805	0.8556	-5.1497	-0.1917
873	E	H	-0.2659	0.8556	-19.4375	-0.2081
873	E	I	-0.2800	0.8556	-19.4375	-0.2265
873	E	K	-0.1818	0.8556	-6.1496	-0.1868
873	E	L	-0.2821	0.8556	-19.4375	-0.2293
873	E	M	-0.2309	0.8556	-19.4375	-0.1623
873	E	N	-0.2538	0.8556	-19.4375	-0.1923
873	E	P	-0.3168	0.8556	-6.1496	-0.3635
873	E	Q	-0.1242	0.8556	-4.5648	-0.1220
873	E	R	-0.3101	0.8556	-19.4375	-0.2660
873	E	S	-0.1733	0.8556	-6.1496	-0.1756
873	E	T	-0.2570	0.8556	-19.4375	-0.1964
873	E	V	-0.2409	0.8556	-19.4375	-0.1753
873	E	W	-0.2847	0.8556	-19.4375	-0.2327
873	E	Y	-0.2755	0.8556	-19.4375	-0.2206
874	S	A	-0.1144	1.6481	-19.4170	-0.1054
874	S	C	-0.1649	1.6481	-19.4170	-0.1715
874	S	D	-0.2131	1.6481	-19.4170	-0.2346
874	S	E	-0.1185	1.6481	-6.1292	-0.1995
874	S	F	-0.1925	1.6481	-19.4170	-0.2076
874	S	G	-0.0415	1.6481	-3.3219	-0.1174
874	S	H	-0.1937	1.6481	-19.4170	-0.2092
874	S	I	-0.1278	1.6481	-6.1292	-0.2117
874	S	K	-0.2030	1.6481	-19.4170	-0.2214
874	S	L	-0.1919	1.6481	-19.4170	-0.2068
874	S	M	-0.1629	1.6481	-19.4170	-0.1689
874	S	N	-0.0608	1.6481	-4.5443	-0.1346
874	S	P	-0.2679	1.6481	-19.4170	-0.3063
874	S	Q	-0.1564	1.6481	-19.4170	-0.1603
874	S	R	-0.1354	1.6481	-5.1293	-0.2283
874	S	T	-0.0204	1.6481	-2.8074	-0.0932
874	S	V	-0.1699	1.6481	-19.4170	-0.1780
874	S	W	-0.2022	1.6481	-19.4170	-0.2203
874	S	Y	-0.1973	1.6481	-19.4170	-0.2139
875	G	A	-0.0351	2.8924	-6.0874	-0.2405
875	G	C	-0.0897	2.8924	-5.0874	-0.3187
875	G	D	-0.0835	2.8924	-3.7655	-0.3194
875	G	E	-0.1625	2.8924	-19.3752	-0.3185
875	G	F	-0.1279	2.8924	-5.0874	-0.3686
875	G	H	-0.1755	2.8924	-19.3752	-0.3355
875	G	I	-0.1705	2.8924	-4.5025	-0.4284
875	G	K	-0.1276	2.8924	-6.0874	-0.3616
875	G	L	-0.1367	2.8924	-4.0875	-0.3868
875	G	M	-0.1529	2.8924	-19.3752	-0.3059
875	G	N	-0.0957	2.8924	-6.0874	-0.3198
875	G	P	-0.1928	2.8924	-6.0874	-0.4469
875	G	Q	-0.1664	2.8924	-19.3752	-0.3236
875	G	R	-0.0985	2.8924	-3.5025	-0.3407
875	G	S	-0.0227	2.8924	-2.5025	-0.2482
875	G	T	-0.1128	2.8924	-5.0874	-0.3489
875	G	V	-0.1219	2.8924	-6.0874	-0.3541
875	G	W	-0.2005	2.8924	-19.3752	-0.3683
875	G	Y	-0.2011	2.8924	-19.3752	-0.3691
876	D	A	0.0114	2.7740	-1.6952	-0.1947
876	D	C	-0.1203	2.7740	-19.3752	-0.2490
876	D	E	0.0441	2.7740	-6.0874	-0.1226
876	D	F	-0.1790	2.7740	-19.3752	-0.3258
876	D	G	-0.0090	2.7740	-3.5025	-0.2093
876	D	H	-0.0881	2.7740	-19.3752	-0.2069
876	D	I	-0.0864	2.7740	-2.7656	-0.3156
876	D	K	-0.1496	2.7740	-19.3752	-0.2873
876	D	L	-0.0919	2.7740	-5.0874	-0.3073
876	D	M	-0.0358	2.7740	-6.0874	-0.2271
876	D	N	-0.0455	2.7740	-19.3752	-0.1511
876	D	P	-0.1480	2.7740	-6.0874	-0.3740
876	D	Q	-0.1058	2.7740	-19.3752	-0.2300
876	D	R	-0.1806	2.7740	-19.3752	-0.3279
876	D	S	-0.0123	2.7740	-5.0874	-0.2031
876	D	T	-0.0356	2.7740	-3.7655	-0.2424
876	D	V	-0.0500	2.7740	-4.5025	-0.2563
876	D	W	-0.1594	2.7740	-19.3752	-0.3002
876	D	Y	-0.1238	2.7740	-19.3752	-0.2536
877	S	A	-0.0340	1.6435	-3.5648	-0.1054
877	S	C	-0.0976	1.6435	-6.1496	-0.1715
877	S	D	-0.1356	1.6435	-4.1498	-0.2346
877	S	E	-0.1868	1.6435	-19.4375	-0.1995
877	S	F	-0.1930	1.6435	-19.4375	-0.2076
877	S	G	-0.0563	1.6435	-6.1496	-0.1174
877	S	H	-0.1942	1.6435	-19.4375	-0.2092
877	S	I	-0.1962	1.6435	-19.4375	-0.2117
877	S	K	-0.2036	1.6435	-19.4375	-0.2214
877	S	L	-0.1924	1.6435	-19.4375	-0.2068
877	S	M	-0.1635	1.6435	-19.4375	-0.1689
877	S	N	-0.1373	1.6435	-19.4375	-0.1346
877	S	P	-0.1925	1.6435	-4.5648	-0.3063
877	S	Q	-0.1569	1.6435	-19.4375	-0.1603
877	S	R	-0.1329	1.6435	-4.5648	-0.2283
877	S	T	-0.0297	1.6435	-4.5648	-0.0932
877	S	V	-0.1704	1.6435	-19.4375	-0.1780
877	S	W	-0.2027	1.6435	-19.4375	-0.2203
877	S	Y	-0.1978	1.6435	-19.4375	-0.2139
878	T	A	-0.0963	1.4587	-4.1498	-0.1608
878	T	C	-0.2101	1.4587	-19.4375	-0.2077
878	T	D	-0.2220	1.4587	-6.1496	-0.3121
878	T	E	-0.2652	1.4587	-19.4375	-0.2798
878	T	F	-0.2815	1.4587	-19.4375	-0.3012
878	T	G	-0.2478	1.4587	-19.4375	-0.2570
878	T	H	-0.2618	1.4587	-19.4375	-0.2754
878	T	I	-0.1273	1.4587	-5.1497	-0.1947
878	T	K	-0.2574	1.4587	-19.4375	-0.2696
878	T	L	-0.2521	1.4587	-19.4375	-0.2627
878	T	M	-0.2190	1.4587	-19.4375	-0.2194
878	T	N	-0.1570	1.4587	-5.1497	-0.2336
878	T	P	-0.3386	1.4587	-19.4375	-0.3759
878	T	Q	-0.2394	1.4587	-19.4375	-0.2460
878	T	R	-0.1924	1.4587	-6.1496	-0.2733
878	T	S	-0.0570	1.4587	-3.5648	-0.1133
878	T	V	-0.1148	1.4587	-5.1497	-0.1784
878	T	W	-0.2744	1.4587	-19.4375	-0.2919
878	T	Y	-0.2830	1.4587	-19.4375	-0.3031
879	L	A	-0.2245	1.2265	-6.1496	-0.2874
879	L	C	-0.2816	1.2265	-19.4375	-0.2733
879	L	D	-0.4139	1.2265	-19.4375	-0.4465
879	L	E	-0.3819	1.2265	-19.4375	-0.4047
879	L	F	-0.2258	1.2265	-19.4375	-0.2003
879	L	G	-0.3672	1.2265	-19.4375	-0.3854
879	L	H	-0.3347	1.2265	-19.4375	-0.3429
879	L	I	-0.1665	1.2265	-19.4375	-0.1226
879	L	K	-0.3809	1.2265	-19.4375	-0.4034
879	L	M	-0.1139	1.2265	-4.5648	-0.1531
879	L	N	-0.3602	1.2265	-19.4375	-0.3762
879	L	P	-0.2961	1.2265	-3.8278	-0.3966
879	L	Q	-0.3131	1.2265	-19.4375	-0.3146
879	L	R	-0.3047	1.2265	-6.1496	-0.3924
879	L	S	-0.3227	1.2265	-19.4375	-0.3272
879	L	T	-0.2175	1.2265	-4.1498	-0.2915
879	L	V	-0.2027	1.2265	-19.4375	-0.1701
879	L	W	-0.2572	1.2265	-6.1496	-0.3301
879	L	Y	-0.3179	1.2265	-19.4375	-0.3208
880	G	A	-0.1856	1.2589	-6.1292	-0.2405
880	G	C	-0.3132	1.2589	-19.4170	-0.3187
880	G	D	-0.3137	1.2589	-19.4170	-0.3194
880	G	E	-0.2276	1.2589	-2.6699	-0.3185
880	G	F	-0.3513	1.2589	-19.4170	-0.3686
880	G	H	-0.3260	1.2589	-19.4170	-0.3355
880	G	I	-0.3970	1.2589	-19.4170	-0.4284
880	G	K	-0.3459	1.2589	-19.4170	-0.3616
880	G	L	-0.2855	1.2589	-3.8074	-0.3868
880	G	M	-0.3034	1.2589	-19.4170	-0.3059
880	G	N	-0.3140	1.2589	-19.4170	-0.3198
880	G	P	-0.4111	1.2589	-19.4170	-0.4469
880	G	Q	-0.3169	1.2589	-19.4170	-0.3236
880	G	R	-0.3300	1.2589	-19.4170	-0.3407
880	G	S	-0.2593	1.2589	-19.4170	-0.2482
880	G	T	-0.3362	1.2589	-19.4170	-0.3489
880	G	V	-0.2673	1.2589	-5.1293	-0.3541
880	G	W	-0.3511	1.2589	-19.4170	-0.3683
880	G	Y	-0.3517	1.2589	-19.4170	-0.3691
881	S	A	-0.0052	1.8879	-2.3424	-0.1054
881	S	C	-0.0751	1.8879	-6.1496	-0.1715
881	S	D	-0.1233	1.8879	-6.1496	-0.2346
881	S	E	-0.1643	1.8879	-19.4375	-0.1995
881	S	F	-0.1027	1.8879	-6.1496	-0.2076
881	S	G	-0.1016	1.8879	-19.4375	-0.1174
881	S	H	-0.1718	1.8879	-19.4375	-0.2092
881	S	I	-0.1008	1.8879	-5.1497	-0.2117
881	S	K	-0.1811	1.8879	-19.4375	-0.2214
881	S	L	-0.1699	1.8879	-19.4375	-0.2068
881	S	M	-0.1410	1.8879	-19.4375	-0.1689
881	S	N	-0.1148	1.8879	-19.4375	-0.1346
881	S	P	-0.1679	1.8879	-4.1498	-0.3063
881	S	Q	-0.1344	1.8879	-19.4375	-0.1603
881	S	R	-0.1863	1.8879	-19.4375	-0.2283
881	S	T	-0.0831	1.8879	-19.4375	-0.0932
881	S	V	-0.0658	1.8879	-3.3424	-0.1780
881	S	W	-0.1802	1.8879	-19.4375	-0.2203
881	S	Y	-0.1753	1.8879	-19.4375	-0.2139
882	S	A	-0.0728	1.2219	-3.5648	-0.1054
882	S	C	-0.2042	1.2219	-19.4375	-0.1715
882	S	D	-0.2524	1.2219	-19.4375	-0.2346
882	S	E	-0.2256	1.2219	-19.4375	-0.1995
882	S	F	-0.1559	1.2219	-4.5648	-0.2076
882	S	G	-0.1629	1.2219	-19.4375	-0.1174
882	S	H	-0.2330	1.2219	-19.4375	-0.2092
882	S	I	-0.2349	1.2219	-19.4375	-0.2117
882	S	K	-0.2424	1.2219	-19.4375	-0.2214
882	S	L	-0.2312	1.2219	-19.4375	-0.2068
882	S	M	-0.2023	1.2219	-19.4375	-0.1689
882	S	N	-0.1761	1.2219	-19.4375	-0.1346
882	S	P	-0.2224	1.2219	-2.8278	-0.3063
882	S	Q	-0.1957	1.2219	-19.4375	-0.1603
882	S	R	-0.2476	1.2219	-19.4375	-0.2283
882	S	T	-0.1444	1.2219	-19.4375	-0.0932
882	S	V	-0.2092	1.2219	-19.4375	-0.1780
882	S	W	-0.2415	1.2219	-19.4375	-0.2203
882	S	Y	-0.2366	1.2219	-19.4375	-0.2139
883	K	A	-0.1023	1.4995	-6.1292	-0.1604
883	K	C	-0.2403	1.4995	-19.4170	-0.2523
883	K	D	-0.2791	1.4995	-19.4170	-0.3031
883	K	E	-0.1140	1.4995	-3.5443	-0.1930
883	K	F	-0.2412	1.4995	-19.4170	-0.2535
883	K	G	-0.2293	1.4995	-19.4170	-0.2379
883	K	H	-0.1802	1.4995	-19.4170	-0.1736
883	K	I	-0.2085	1.4995	-19.4170	-0.2106
883	K	L	-0.2072	1.4995	-19.4170	-0.2089
883	K	M	-0.1802	1.4995	-19.4170	-0.1736
883	K	N	-0.1155	1.4995	-5.1293	-0.1843
883	K	P	-0.2766	1.4995	-6.1292	-0.3886
883	K	Q	-0.0935	1.4995	-4.5443	-0.1594
883	K	R	-0.0216	1.4995	-3.3219	-0.0735
883	K	S	-0.1803	1.4995	-19.4170	-0.1737
883	K	T	-0.1921	1.4995	-19.4170	-0.1892
883	K	V	-0.1923	1.4995	-19.4170	-0.1895
883	K	W	-0.2502	1.4995	-19.4170	-0.2653
883	K	Y	-0.2261	1.4995	-19.4170	-0.2337
884	E	A	-0.1798	1.3741	-19.4170	-0.1580
884	E	C	-0.2492	1.3741	-19.4170	-0.2488
884	E	D	-0.0594	1.3741	-2.5443	-0.1131
884	E	F	-0.2268	1.3741	-19.4170	-0.2195
884	E	G	-0.1327	1.3741	-5.1293	-0.1917
884	E	H	-0.2181	1.3741	-19.4170	-0.2081
884	E	I	-0.2321	1.3741	-19.4170	-0.2265
884	E	K	-0.1259	1.3741	-4.5443	-0.1868
884	E	L	-0.2343	1.3741	-19.4170	-0.2293
884	E	M	-0.1831	1.3741	-19.4170	-0.1623
884	E	N	-0.1280	1.3741	-4.1293	-0.1923
884	E	P	-0.3368	1.3741	-19.4170	-0.3635
884	E	Q	-0.1523	1.3741	-19.4170	-0.1220
884	E	R	-0.2623	1.3741	-19.4170	-0.2660
884	E	S	-0.1933	1.3741	-19.4170	-0.1756
884	E	T	-0.2092	1.3741	-19.4170	-0.1964
884	E	V	-0.1930	1.3741	-19.4170	-0.1753
884	E	W	-0.2369	1.3741	-19.4170	-0.2327
884	E	Y	-0.2276	1.3741	-19.4170	-0.2206
885	T	A	-0.1190	1.2106	-4.1293	-0.1608
885	T	C	-0.2328	1.2106	-19.4170	-0.2077
885	T	D	-0.3126	1.2106	-19.4170	-0.3121
885	T	E	-0.2879	1.2106	-19.4170	-0.2798
885	T	F	-0.3042	1.2106	-19.4170	-0.3012
885	T	G	-0.2705	1.2106	-19.4170	-0.2570
885	T	H	-0.2845	1.2106	-19.4170	-0.2754
885	T	I	-0.1470	1.2106	-4.5443	-0.1947
885	T	K	-0.2801	1.2106	-19.4170	-0.2696
885	T	L	-0.2748	1.2106	-19.4170	-0.2627
885	T	M	-0.2418	1.2106	-19.4170	-0.2194
885	T	N	-0.1797	1.2106	-5.1293	-0.2336
885	T	P	-0.3613	1.2106	-19.4170	-0.3759
885	T	Q	-0.2621	1.2106	-19.4170	-0.2460
885	T	R	-0.2829	1.2106	-19.4170	-0.2733
885	T	S	-0.0811	1.2106	-3.8074	-0.1133
885	T	V	-0.1426	1.2106	-6.1292	-0.1784
885	T	W	-0.2971	1.2106	-19.4170	-0.2919
885	T	Y	-0.3057	1.2106	-19.4170	-0.3031
886	L	A	-0.3152	0.9770	-19.4170	-0.2874
886	L	C	-0.3044	0.9770	-19.4170	-0.2733
886	L	D	-0.4367	0.9770	-19.4170	-0.4465
886	L	E	-0.4048	0.9770	-19.4170	-0.4047
886	L	F	-0.1758	0.9770	-5.1293	-0.2003
886	L	G	-0.3901	0.9770	-19.4170	-0.3854
886	L	H	-0.2898	0.9770	-6.1292	-0.3429
886	L	I	-0.1893	0.9770	-19.4170	-0.1226
886	L	K	-0.4038	0.9770	-19.4170	-0.4034
886	L	M	-0.1448	0.9770	-6.1292	-0.1531
886	L	N	-0.3830	0.9770	-19.4170	-0.3762
886	L	P	-0.3190	0.9770	-3.8074	-0.3966
886	L	Q	-0.2682	0.9770	-6.1292	-0.3146
886	L	R	-0.3954	0.9770	-19.4170	-0.3924
886	L	S	-0.2778	0.9770	-6.1292	-0.3272
886	L	T	-0.3183	0.9770	-19.4170	-0.2915
886	L	V	-0.2256	0.9770	-19.4170	-0.1701
886	L	W	-0.3478	0.9770	-19.4170	-0.3301
886	L	Y	-0.3407	0.9770	-19.4170	-0.3208
887	P	A	-0.1204	2.0966	-19.4170	-0.1672
887	P	C	-0.1531	2.0966	-19.4170	-0.2100
887	P	D	-0.1790	2.0966	-19.4170	-0.2439
887	P	E	-0.1628	2.0966	-19.4170	-0.2227
887	P	F	-0.1137	2.0966	-6.1292	-0.2472
887	P	G	-0.1347	2.0966	-19.4170	-0.1860
887	P	H	-0.1591	2.0966	-19.4170	-0.2179
887	P	I	-0.0849	2.0966	-3.8074	-0.2250
887	P	K	-0.1544	2.0966	-19.4170	-0.2118
887	P	L	-0.0745	2.0966	-0.8814	-0.2310
887	P	M	-0.1201	2.0966	-19.4170	-0.1668
887	P	N	-0.1471	2.0966	-19.4170	-0.2022
887	P	Q	-0.0627	2.0966	-2.5443	-0.2044
887	P	R	-0.1224	2.0966	-6.1292	-0.2586
887	P	S	-0.0421	2.0966	-4.1293	-0.1668
887	P	T	-0.1322	2.0966	-19.4170	-0.1827
887	P	V	-0.0440	2.0966	-4.5443	-0.1666
887	P	W	-0.1940	2.0966	-19.4170	-0.2636
887	P	Y	-0.1825	2.0966	-19.4170	-0.2485
888	P	A	-0.2065	0.4233	-6.1292	-0.1672
888	P	C	-0.3070	0.4233	-19.4170	-0.2100
888	P	D	-0.3329	0.4233	-19.4170	-0.2439
888	P	E	-0.3167	0.4233	-19.4170	-0.2227
888	P	F	-0.3354	0.4233	-19.4170	-0.2472
888	P	G	-0.2887	0.4233	-19.4170	-0.1860
888	P	H	-0.3131	0.4233	-19.4170	-0.2179
888	P	I	-0.3185	0.4233	-19.4170	-0.2250
888	P	K	-0.3084	0.4233	-19.4170	-0.2118
888	P	L	-0.3231	0.4233	-19.4170	-0.2310
888	P	M	-0.2740	0.4233	-19.4170	-0.1668
888	P	N	-0.3011	0.4233	-19.4170	-0.2022
888	P	Q	-0.3027	0.4233	-19.4170	-0.2044
888	P	R	-0.3441	0.4233	-19.4170	-0.2586
888	P	S	-0.1960	0.4233	-4.1293	-0.1668
888	P	T	-0.2862	0.4233	-19.4170	-0.1827
888	P	V	-0.2739	0.4233	-19.4170	-0.1666
888	P	W	-0.3480	0.4233	-19.4170	-0.2636
888	P	Y	-0.3364	0.4233	-19.4170	-0.2485
889	T	A	-0.0578	1.6963	-0.9019	-0.1608
889	T	C	-0.1882	1.6963	-19.4375	-0.2077
889	T	D	-0.2680	1.6963	-19.4375	-0.3121
889	T	E	-0.2433	1.6963	-19.4375	-0.2798
889	T	F	-0.2597	1.6963	-19.4375	-0.3012
889	T	G	-0.2259	1.6963	-19.4375	-0.2570
889	T	H	-0.2399	1.6963	-19.4375	-0.2754
889	T	I	-0.1105	1.6963	-6.1496	-0.1947
889	T	K	-0.2355	1.6963	-19.4375	-0.2696
889	T	L	-0.1624	1.6963	-6.1496	-0.2627
889	T	M	-0.1192	1.6963	-4.1498	-0.2194
889	T	N	-0.2080	1.6963	-19.4375	-0.2336
889	T	P	-0.3167	1.6963	-19.4375	-0.3759
889	T	Q	-0.2175	1.6963	-19.4375	-0.2460
889	T	R	-0.1624	1.6963	-4.5648	-0.2733
889	T	S	-0.0483	1.6963	-6.1496	-0.1133
889	T	V	-0.1659	1.6963	-19.4375	-0.1784
889	T	W	-0.2526	1.6963	-19.4375	-0.2919
889	T	Y	-0.2611	1.6963	-19.4375	-0.3031
890	C	A	-0.3633	1.2495	-19.4375	-0.3830
890	C	D	-0.4705	1.2495	-19.4375	-0.5234
890	C	E	-0.4581	1.2495	-19.4375	-0.5072
890	C	F	-0.3572	1.2495	-19.4375	-0.3751
890	C	G	-0.2760	1.2495	-3.8278	-0.3731
890	C	H	-0.4690	1.2495	-19.4375	-0.5214
890	C	I	-0.3871	1.2495	-19.4375	-0.4142
890	C	K	-0.4587	1.2495	-19.4375	-0.5080
890	C	L	-0.4202	1.2495	-19.4375	-0.4575
890	C	M	-0.3874	1.2495	-19.4375	-0.4146
890	C	N	-0.3400	1.2495	-5.1497	-0.4480
890	C	P	-0.4816	1.2495	-19.4375	-0.5379
890	C	Q	-0.4369	1.2495	-19.4375	-0.4794
890	C	R	-0.4155	1.2495	-19.4375	-0.4514
890	C	S	-0.2744	1.2495	-3.8278	-0.3709
890	C	T	-0.3887	1.2495	-19.4375	-0.4163
890	C	V	-0.3174	1.2495	-6.1496	-0.4117
890	C	W	-0.3604	1.2495	-19.4375	-0.3792
890	C	Y	-0.2906	1.2495	-4.5648	-0.3873
891	Q	A	-0.2088	0.8349	-19.4375	-0.1308
891	Q	C	-0.2550	0.8349	-19.4375	-0.1913
891	Q	D	-0.2953	0.8349	-19.4375	-0.2441
891	Q	E	-0.1410	0.8349	-5.1497	-0.1375
891	Q	F	-0.2630	0.8349	-19.4375	-0.2018
891	Q	G	-0.2794	0.8349	-19.4375	-0.2233
891	Q	H	-0.1420	0.8349	-6.1496	-0.1322
891	Q	I	-0.2444	0.8349	-19.4375	-0.1774
891	Q	K	-0.2419	0.8349	-19.4375	-0.1742
891	Q	L	-0.2277	0.8349	-19.4375	-0.1556
891	Q	M	-0.1987	0.8349	-19.4375	-0.1176
891	Q	N	-0.2244	0.8349	-19.4375	-0.1513
891	Q	P	-0.3027	0.8349	-3.8278	-0.3581
891	Q	R	-0.1675	0.8349	-5.1497	-0.1723
891	Q	S	-0.2272	0.8349	-19.4375	-0.1549
891	Q	T	-0.2371	0.8349	-19.4375	-0.1679
891	Q	V	-0.2444	0.8349	-19.4375	-0.1775
891	Q	W	-0.2624	0.8349	-19.4375	-0.2010
891	Q	Y	-0.2653	0.8349	-19.4375	-0.2048
892	G	A	-0.2737	1.0394	-19.4375	-0.2405
892	G	C	-0.3335	1.0394	-19.4375	-0.3187
892	G	D	-0.2473	1.0394	-2.4493	-0.3194
892	G	E	-0.2604	1.0394	-5.1497	-0.3185
892	G	F	-0.3716	1.0394	-19.4375	-0.3686
892	G	H	-0.3463	1.0394	-19.4375	-0.3355
892	G	I	-0.4173	1.0394	-19.4375	-0.4284
892	G	K	-0.3662	1.0394	-19.4375	-0.3616
892	G	L	-0.3855	1.0394	-19.4375	-0.3868
892	G	M	-0.3237	1.0394	-19.4375	-0.3059
892	G	N	-0.3343	1.0394	-19.4375	-0.3198
892	G	P	-0.4314	1.0394	-19.4375	-0.4469
892	G	Q	-0.3372	1.0394	-19.4375	-0.3236
892	G	R	-0.3503	1.0394	-19.4375	-0.3407
892	G	S	-0.2067	1.0394	-5.1497	-0.2482
892	G	T	-0.3565	1.0394	-19.4375	-0.3489
892	G	V	-0.3605	1.0394	-19.4375	-0.3541
892	G	W	-0.3714	1.0394	-19.4375	-0.3683
892	G	Y	-0.3720	1.0394	-19.4375	-0.3691
893	N	A	-0.1514	1.7733	-19.4375	-0.1688
893	N	C	-0.2013	1.7733	-19.4375	-0.2341
893	N	D	-0.0750	1.7733	-3.8278	-0.1730
893	N	E	-0.1818	1.7733	-19.4375	-0.2085
893	N	F	-0.2086	1.7733	-19.4375	-0.2436
893	N	G	-0.1822	1.7733	-19.4375	-0.2091
893	N	H	-0.0784	1.7733	-4.1498	-0.1753
893	N	I	-0.2017	1.7733	-19.4375	-0.2346
893	N	K	-0.0868	1.7733	-6.1496	-0.1730
893	N	L	-0.2081	1.7733	-19.4375	-0.2430
893	N	M	-0.1623	1.7733	-19.4375	-0.1830
893	N	P	-0.3170	1.7733	-19.4375	-0.3856
893	N	Q	-0.1454	1.7733	-19.4375	-0.1609
893	N	R	-0.1190	1.7733	-6.1496	-0.2151
893	N	S	-0.0327	1.7733	-2.0623	-0.1294
893	N	T	-0.0980	1.7733	-5.1497	-0.1943
893	N	V	-0.1951	1.7733	-19.4375	-0.2259
893	N	W	-0.2137	1.7733	-19.4375	-0.2503
893	N	Y	-0.1922	1.7733	-19.4375	-0.2221
894	L	A	-0.2058	2.1656	-19.4170	-0.2874
894	L	C	-0.1951	2.1656	-19.4170	-0.2733
894	L	D	-0.2515	2.1656	-4.5443	-0.4465
894	L	E	-0.2954	2.1656	-19.4170	-0.4047
894	L	F	-0.0664	2.1656	-5.1293	-0.2003
894	L	G	-0.2807	2.1656	-19.4170	-0.3854
894	L	H	-0.2482	2.1656	-19.4170	-0.3429
894	L	I	0.0095	2.1656	-1.8814	-0.1226
894	L	K	-0.2944	2.1656	-19.4170	-0.4034
894	L	M	-0.1032	2.1656	-19.4170	-0.1531
894	L	N	-0.2059	2.1656	-6.1292	-0.3762
894	L	P	-0.2214	2.1656	-6.1292	-0.3966
894	L	Q	-0.2266	2.1656	-19.4170	-0.3146
894	L	R	-0.2860	2.1656	-19.4170	-0.3924
894	L	S	-0.2362	2.1656	-19.4170	-0.3272
894	L	T	-0.1331	2.1656	-4.5443	-0.2915
894	L	V	-0.0308	2.1656	-2.6699	-0.1701
894	L	W	-0.2384	2.1656	-19.4170	-0.3301
894	L	Y	-0.2313	2.1656	-19.4170	-0.3208
895	L	A	-0.2803	1.3575	-19.4375	-0.2874
895	L	C	-0.1966	1.3575	-5.1497	-0.2733
895	L	D	-0.4018	1.3575	-19.4375	-0.4465
895	L	E	-0.3699	1.3575	-19.4375	-0.4047
895	L	F	-0.1328	1.3575	-3.5648	-0.2003
895	L	G	-0.3551	1.3575	-19.4375	-0.3854
895	L	H	-0.3227	1.3575	-19.4375	-0.3429
895	L	I	-0.0764	1.3575	-4.1498	-0.1226
895	L	K	-0.3689	1.3575	-19.4375	-0.4034
895	L	M	-0.1099	1.3575	-6.1496	-0.1531
895	L	N	-0.3481	1.3575	-19.4375	-0.3762
895	L	P	-0.2908	1.3575	-5.1497	-0.3966
895	L	Q	-0.2282	1.3575	-5.1497	-0.3146
895	L	R	-0.3605	1.3575	-19.4375	-0.3924
895	L	S	-0.3107	1.3575	-19.4375	-0.3272
895	L	T	-0.2834	1.3575	-19.4375	-0.2915
895	L	V	-0.1907	1.3575	-19.4375	-0.1701
895	L	W	-0.3129	1.3575	-19.4375	-0.3301
895	L	Y	-0.3058	1.3575	-19.4375	-0.3208
896	I	A	-0.2802	1.4311	-19.4170	-0.2963
896	I	C	-0.2602	1.4311	-19.4170	-0.2701
896	I	D	-0.4043	1.4311	-19.4170	-0.4587
896	I	E	-0.3852	1.4311	-19.4170	-0.4337
896	I	F	-0.1734	1.4311	-6.1292	-0.2452
896	I	G	-0.3709	1.4311	-19.4170	-0.4150
896	I	H	-0.3708	1.4311	-19.4170	-0.4149
896	I	K	-0.3777	1.4311	-19.4170	-0.4239
896	I	L	-0.0858	1.4311	-3.8074	-0.1460
896	I	M	-0.0982	1.4311	-5.1293	-0.1534
896	I	N	-0.2495	1.4311	-6.1292	-0.3449
896	I	P	-0.4243	1.4311	-19.4170	-0.4849
896	I	Q	-0.3449	1.4311	-19.4170	-0.3810
896	I	R	-0.4045	1.4311	-19.4170	-0.4590
896	I	S	-0.3208	1.4311	-19.4170	-0.3494
896	I	T	-0.1647	1.4311	-5.1293	-0.2405
896	I	V	-0.0424	1.4311	-3.1293	-0.0938
896	I	W	-0.3301	1.4311	-19.4170	-0.3616
896	I	Y	-0.3390	1.4311	-19.4170	-0.3732
897	M	A	-0.2732	1.2405	-19.4170	-0.2641
897	M	C	-0.2787	1.2405	-19.4170	-0.2713
897	M	D	-0.3846	1.2405	-19.4170	-0.4100
897	M	E	-0.3748	1.2405	-19.4170	-0.3972
897	M	F	-0.2782	1.2405	-19.4170	-0.2707
897	M	G	-0.3540	1.2405	-19.4170	-0.3700
897	M	H	-0.2636	1.2405	-6.1292	-0.3404
897	M	I	-0.1145	1.2405	-4.5443	-0.1558
897	M	K	-0.2628	1.2405	-5.1293	-0.3460
897	M	L	-0.0601	1.2405	-0.3480	-0.1126
897	M	N	-0.3262	1.2405	-19.4170	-0.3336
897	M	P	-0.4441	1.2405	-19.4170	-0.4879
897	M	Q	-0.3183	1.2405	-19.4170	-0.3232
897	M	R	-0.3630	1.2405	-19.4170	-0.3817
897	M	S	-0.3045	1.2405	-19.4170	-0.3052
897	M	T	-0.1765	1.2405	-6.1292	-0.2263
897	M	V	-0.1496	1.2405	-5.1293	-0.1978
897	M	W	-0.3410	1.2405	-19.4170	-0.3529
897	M	Y	-0.3205	1.2405	-19.4170	-0.3261
898	G	A	-0.2527	0.5298	-6.1292	-0.2405
898	G	C	-0.3803	0.5298	-19.4170	-0.3187
898	G	D	-0.3808	0.5298	-19.4170	-0.3194
898	G	E	-0.3021	0.5298	-4.1293	-0.3185
898	G	F	-0.4184	0.5298	-19.4170	-0.3686
898	G	H	-0.3931	0.5298	-19.4170	-0.3355
898	G	I	-0.4641	0.5298	-19.4170	-0.4284
898	G	K	-0.4130	0.5298	-19.4170	-0.3616
898	G	L	-0.4323	0.5298	-19.4170	-0.3868
898	G	M	-0.3705	0.5298	-19.4170	-0.3059
898	G	N	-0.3811	0.5298	-19.4170	-0.3198
898	G	P	-0.4782	0.5298	-19.4170	-0.4469
898	G	Q	-0.3840	0.5298	-19.4170	-0.3236
898	G	R	-0.3293	0.5298	-6.1292	-0.3407
898	G	S	-0.3264	0.5298	-19.4170	-0.2482
898	G	T	-0.4033	0.5298	-19.4170	-0.3489
898	G	V	-0.4073	0.5298	-19.4170	-0.3541
898	G	W	-0.4181	0.5298	-19.4170	-0.3683
898	G	Y	-0.4188	0.5298	-19.4170	-0.3691
899	T	A	-0.0924	1.4452	-3.1498	-0.1608
899	T	C	-0.2113	1.4452	-19.4375	-0.2077
899	T	D	-0.2911	1.4452	-19.4375	-0.3121
899	T	E	-0.2664	1.4452	-19.4375	-0.2798
899	T	F	-0.2828	1.4452	-19.4375	-0.3012
899	T	G	-0.1812	1.4452	-6.1496	-0.2570
899	T	H	-0.2631	1.4452	-19.4375	-0.2754
899	T	I	-0.1255	1.4452	-4.5648	-0.1947
899	T	K	-0.2586	1.4452	-19.4375	-0.2696
899	T	L	-0.2534	1.4452	-19.4375	-0.2627
899	T	M	-0.2203	1.4452	-19.4375	-0.2194
899	T	N	-0.2311	1.4452	-19.4375	-0.2336
899	T	P	-0.2618	1.4452	-4.1498	-0.3759
899	T	Q	-0.2406	1.4452	-19.4375	-0.2460
899	T	R	-0.2614	1.4452	-19.4375	-0.2733
899	T	S	-0.0612	1.4452	-4.1498	-0.1133
899	T	V	-0.1890	1.4452	-19.4375	-0.1784
899	T	W	-0.2757	1.4452	-19.4375	-0.2919
899	T	Y	-0.2842	1.4452	-19.4375	-0.3031
900	E	A	-0.1882	1.2824	-19.3963	-0.1580
900	E	C	-0.2575	1.2824	-19.3963	-0.2488
900	E	D	-0.1539	1.2824	-19.3963	-0.1131
900	E	F	-0.2351	1.2824	-19.3963	-0.2195
900	E	G	-0.1461	1.2824	-6.1084	-0.1917
900	E	H	-0.2264	1.2824	-19.3963	-0.2081
900	E	I	-0.2405	1.2824	-19.3963	-0.2265
900	E	K	-0.1423	1.2824	-6.1084	-0.1868
900	E	L	-0.1748	1.2824	-6.1084	-0.2293
900	E	M	-0.1914	1.2824	-19.3963	-0.1623
900	E	N	-0.2144	1.2824	-19.3963	-0.1923
900	E	P	-0.2692	1.2824	-4.5236	-0.3635
900	E	Q	-0.0635	1.2824	-0.3537	-0.1220
900	E	R	-0.2028	1.2824	-6.1084	-0.2660
900	E	S	-0.2016	1.2824	-19.3963	-0.1756
900	E	T	-0.2175	1.2824	-19.3963	-0.1964
900	E	V	-0.1285	1.2824	-5.1085	-0.1753
900	E	W	-0.2452	1.2824	-19.3963	-0.2327
900	E	Y	-0.2360	1.2824	-19.3963	-0.2206
901	D	A	-0.2260	1.1743	-19.3752	-0.1947
901	D	C	-0.2675	1.1743	-19.3752	-0.2490
901	D	E	-0.0913	1.1743	-3.7655	-0.1226
901	D	F	-0.3262	1.1743	-19.3752	-0.3258
901	D	G	-0.1524	1.1743	-2.7656	-0.2093
901	D	H	-0.1675	1.1743	-6.0874	-0.2069
901	D	I	-0.3184	1.1743	-19.3752	-0.3156
901	D	K	-0.2968	1.1743	-19.3752	-0.2873
901	D	L	-0.3120	1.1743	-19.3752	-0.3073
901	D	M	-0.2508	1.1743	-19.3752	-0.2271
901	D	N	-0.1249	1.1743	-6.0874	-0.1511
901	D	P	-0.3630	1.1743	-19.3752	-0.3740
901	D	Q	-0.2530	1.1743	-19.3752	-0.2300
901	D	R	-0.3278	1.1743	-19.3752	-0.3279
901	D	S	-0.2324	1.1743	-19.3752	-0.2031
901	D	T	-0.2625	1.1743	-19.3752	-0.2424
901	D	V	-0.2731	1.1743	-19.3752	-0.2563
901	D	W	-0.3066	1.1743	-19.3752	-0.3002
901	D	Y	-0.2710	1.1743	-19.3752	-0.2536
902	A	C	-0.1280	2.1443	-19.2420	-0.1841
902	A	D	-0.1368	2.1443	-4.9542	-0.2911
902	A	E	-0.1954	2.1443	-19.2420	-0.2723
902	A	F	-0.1781	2.1443	-19.2420	-0.2497
902	A	G	-0.0418	2.1443	-3.6323	-0.1756
902	A	H	-0.1822	2.1443	-19.2420	-0.2551
902	A	I	-0.0896	2.1443	-3.9542	-0.2360
902	A	K	-0.2000	2.1443	-19.2420	-0.2784
902	A	L	-0.1724	2.1443	-19.2420	-0.2422
902	A	M	-0.0633	2.1443	-5.9541	-0.1882
902	A	N	-0.1801	2.1443	-19.2420	-0.2523
902	A	P	-0.2494	2.1443	-19.2420	-0.3431
902	A	Q	-0.1776	2.1443	-19.2420	-0.2490
902	A	R	-0.2107	2.1443	-19.2420	-0.2924
902	A	S	-0.0249	2.1443	-5.9541	-0.1379
902	A	T	-0.0126	2.1443	-2.3693	-0.1457
902	A	V	-0.0160	2.1443	-3.6323	-0.1418
902	A	W	-0.1890	2.1443	-19.2420	-0.2640
902	A	Y	-0.1973	2.1443	-19.2420	-0.2748
903	S	A	-0.0509	1.5352	-4.9307	-0.1054
903	S	C	-0.1743	1.5352	-19.2185	-0.1715
903	S	D	-0.1466	1.5352	-4.3458	-0.2346
903	S	E	-0.1957	1.5352	-19.2185	-0.1995
903	S	F	-0.2019	1.5352	-19.2185	-0.2076
903	S	G	-0.1330	1.5352	-19.2185	-0.1174
903	S	H	-0.2031	1.5352	-19.2185	-0.2092
903	S	I	-0.1372	1.5352	-5.9306	-0.2117
903	S	K	-0.2124	1.5352	-19.2185	-0.2214
903	S	L	-0.1335	1.5352	-5.9306	-0.2068
903	S	M	-0.1723	1.5352	-19.2185	-0.1689
903	S	N	-0.0702	1.5352	-4.3458	-0.1346
903	S	P	-0.2014	1.5352	-4.3458	-0.3063
903	S	Q	-0.1657	1.5352	-19.2185	-0.1603
903	S	R	-0.2177	1.5352	-19.2185	-0.2283
903	S	T	-0.0386	1.5352	-4.3458	-0.0932
903	S	V	-0.1793	1.5352	-19.2185	-0.1780
903	S	W	-0.2116	1.5352	-19.2185	-0.2203
903	S	Y	-0.2067	1.5352	-19.2185	-0.2139
904	S	A	-0.1131	0.9240	-6.1084	-0.1054
904	S	C	-0.2314	0.9240	-19.3963	-0.1715
904	S	D	-0.2796	0.9240	-19.3963	-0.2346
904	S	E	-0.2528	0.9240	-19.3963	-0.1995
904	S	F	-0.1810	0.9240	-4.1085	-0.2076
904	S	G	-0.1901	0.9240	-19.3963	-0.1174
904	S	H	-0.2602	0.9240	-19.3963	-0.2092
904	S	I	-0.2621	0.9240	-19.3963	-0.2117
904	S	K	-0.2696	0.9240	-19.3963	-0.2214
904	S	L	-0.2584	0.9240	-19.3963	-0.2068
904	S	M	-0.2295	0.9240	-19.3963	-0.1689
904	S	N	-0.2033	0.9240	-19.3963	-0.1346
904	S	P	-0.2615	0.9240	-5.1085	-0.3063
904	S	Q	-0.2229	0.9240	-19.3963	-0.1603
904	S	R	-0.2748	0.9240	-19.3963	-0.2283
904	S	T	-0.0936	0.9240	-4.1085	-0.0932
904	S	V	-0.2364	0.9240	-19.3963	-0.1780
904	S	W	-0.2687	0.9240	-19.3963	-0.2203
904	S	Y	-0.2638	0.9240	-19.3963	-0.2139
905	L	A	-0.3243	0.8741	-19.3538	-0.2874
905	L	C	-0.3136	0.8741	-19.3538	-0.2733
905	L	D	-0.4459	0.8741	-19.3538	-0.4465
905	L	E	-0.4139	0.8741	-19.3538	-0.4047
905	L	F	-0.1611	0.8741	-0.3937	-0.2003
905	L	G	-0.3992	0.8741	-19.3538	-0.3854
905	L	H	-0.3667	0.8741	-19.3538	-0.3429
905	L	I	-0.1985	0.8741	-19.3538	-0.1226
905	L	K	-0.4129	0.8741	-19.3538	-0.4034
905	L	M	-0.2218	0.8741	-19.3538	-0.1531
905	L	N	-0.3922	0.8741	-19.3538	-0.3762
905	L	P	-0.4078	0.8741	-19.3538	-0.3966
905	L	Q	-0.3451	0.8741	-19.3538	-0.3146
905	L	R	-0.4045	0.8741	-19.3538	-0.3924
905	L	S	-0.3547	0.8741	-19.3538	-0.3272
905	L	T	-0.3275	0.8741	-19.3538	-0.2915
905	L	V	-0.2347	0.8741	-19.3538	-0.1701
905	L	W	-0.3570	0.8741	-19.3538	-0.3301
905	L	Y	-0.2820	0.8741	-6.0660	-0.3208
906	P	A	-0.1793	0.7141	-6.0443	-0.1672
906	P	C	-0.2120	0.7141	-6.0443	-0.2100
906	P	D	-0.3057	0.7141	-19.3322	-0.2439
906	P	E	-0.2895	0.7141	-19.3322	-0.2227
906	P	F	-0.3083	0.7141	-19.3322	-0.2472
906	P	G	-0.2615	0.7141	-19.3322	-0.1860
906	P	H	-0.2859	0.7141	-19.3322	-0.2179
906	P	I	-0.2913	0.7141	-19.3322	-0.2250
906	P	K	-0.2812	0.7141	-19.3322	-0.2118
906	P	L	-0.2281	0.7141	-6.0443	-0.2310
906	P	M	-0.2468	0.7141	-19.3322	-0.1668
906	P	N	-0.2739	0.7141	-19.3322	-0.2022
906	P	Q	-0.2756	0.7141	-19.3322	-0.2044
906	P	R	-0.3170	0.7141	-19.3322	-0.2586
906	P	S	-0.1709	0.7141	-4.4594	-0.1668
906	P	T	-0.1912	0.7141	-6.0443	-0.1827
906	P	V	-0.2467	0.7141	-19.3322	-0.1666
906	P	W	-0.3208	0.7141	-19.3322	-0.2636
906	P	Y	-0.3092	0.7141	-19.3322	-0.2485
907	E	A	-0.1675	1.5055	-19.3752	-0.1580
907	E	C	-0.2369	1.5055	-19.3752	-0.2488
907	E	D	-0.0654	1.5055	-6.0874	-0.1131
907	E	F	-0.2145	1.5055	-19.3752	-0.2195
907	E	G	-0.1174	1.5055	-4.5025	-0.1917
907	E	H	-0.2058	1.5055	-19.3752	-0.2081
907	E	I	-0.2198	1.5055	-19.3752	-0.2265
907	E	K	-0.1099	1.5055	-3.7655	-0.1868
907	E	L	-0.2220	1.5055	-19.3752	-0.2293
907	E	M	-0.1708	1.5055	-19.3752	-0.1623
907	E	N	-0.1937	1.5055	-19.3752	-0.1923
907	E	P	-0.3245	1.5055	-19.3752	-0.3635
907	E	Q	-0.0533	1.5055	-2.3871	-0.1220
907	E	R	-0.2500	1.5055	-19.3752	-0.2660
907	E	S	-0.1810	1.5055	-19.3752	-0.1756
907	E	T	-0.1968	1.5055	-19.3752	-0.1964
907	E	V	-0.1129	1.5055	-6.0874	-0.1753
907	E	W	-0.2246	1.5055	-19.3752	-0.2327
907	E	Y	-0.2153	1.5055	-19.3752	-0.2206
908	A	C	-0.2242	1.1066	-19.3752	-0.1841
908	A	D	-0.3059	1.1066	-19.3752	-0.2911
908	A	E	-0.2915	1.1066	-19.3752	-0.2723
908	A	F	-0.2743	1.1066	-19.3752	-0.2497
908	A	G	-0.1499	1.1066	-6.0874	-0.1756
908	A	H	-0.2784	1.1066	-19.3752	-0.2551
908	A	I	-0.2638	1.1066	-19.3752	-0.2360
908	A	K	-0.2962	1.1066	-19.3752	-0.2784
908	A	L	-0.2685	1.1066	-19.3752	-0.2422
908	A	M	-0.1493	1.1066	-4.0875	-0.1882
908	A	N	-0.2763	1.1066	-19.3752	-0.2523
908	A	P	-0.2778	1.1066	-6.0874	-0.3431
908	A	Q	-0.2737	1.1066	-19.3752	-0.2490
908	A	R	-0.3069	1.1066	-19.3752	-0.2924
908	A	S	-0.1889	1.1066	-19.3752	-0.1379
908	A	T	-0.1168	1.1066	-4.0875	-0.1457
908	A	V	-0.1160	1.1066	-4.5025	-0.1418
908	A	W	-0.2852	1.1066	-19.3752	-0.2640
908	A	Y	-0.2934	1.1066	-19.3752	-0.2748
909	S	A	-0.1159	0.8057	-4.5236	-0.1054
909	S	C	-0.2423	0.8057	-19.3963	-0.1715
909	S	D	-0.2905	0.8057	-19.3963	-0.2346
909	S	E	-0.2637	0.8057	-19.3963	-0.1995
909	S	F	-0.2699	0.8057	-19.3963	-0.2076
909	S	G	-0.1332	0.8057	-6.1084	-0.1174
909	S	H	-0.2711	0.8057	-19.3963	-0.2092
909	S	I	-0.2730	0.8057	-19.3963	-0.2117
909	S	K	-0.2804	0.8057	-19.3963	-0.2214
909	S	L	-0.2693	0.8057	-19.3963	-0.2068
909	S	M	-0.2403	0.8057	-19.3963	-0.1689
909	S	N	-0.1412	0.8057	-5.1085	-0.1346
909	S	P	-0.3453	0.8057	-19.3963	-0.3063
909	S	Q	-0.2338	0.8057	-19.3963	-0.1603
909	S	R	-0.2098	0.8057	-4.5236	-0.2283
909	S	T	-0.1825	0.8057	-19.3963	-0.0932
909	S	V	-0.2473	0.8057	-19.3963	-0.1780
909	S	W	-0.2796	0.8057	-19.3963	-0.2203
909	S	Y	-0.2747	0.8057	-19.3963	-0.2139
910	Q	A	-0.1111	1.8938	-19.3963	-0.1308
910	Q	C	-0.0895	1.8938	-6.1084	-0.1913
910	Q	D	-0.1977	1.8938	-19.3963	-0.2441
910	Q	E	-0.1162	1.8938	-19.3963	-0.1375
910	Q	F	-0.1654	1.8938	-19.3963	-0.2018
910	Q	G	-0.1818	1.8938	-19.3963	-0.2233
910	Q	H	-0.0325	1.8938	-3.7866	-0.1322
910	Q	I	-0.1467	1.8938	-19.3963	-0.1774
910	Q	K	-0.0684	1.8938	-4.5236	-0.1742
910	Q	L	-0.0469	1.8938	-3.1085	-0.1556
910	Q	M	-0.1010	1.8938	-19.3963	-0.1176
910	Q	N	-0.1268	1.8938	-19.3963	-0.1513
910	Q	P	-0.2016	1.8938	-3.1085	-0.3581
910	Q	R	-0.0750	1.8938	-6.1084	-0.1723
910	Q	S	-0.1295	1.8938	-19.3963	-0.1549
910	Q	T	-0.1395	1.8938	-19.3963	-0.1679
910	Q	V	-0.1468	1.8938	-19.3963	-0.1775
910	Q	W	-0.1647	1.8938	-19.3963	-0.2010
910	Q	Y	-0.0998	1.8938	-6.1084	-0.2048
911	E	A	-0.1622	1.5663	-19.4375	-0.1580
911	E	C	-0.2316	1.5663	-19.4375	-0.2488
911	E	D	-0.0407	1.5663	-2.3424	-0.1131
911	E	F	-0.2092	1.5663	-19.4375	-0.2195
911	E	G	-0.1121	1.5663	-4.5648	-0.1917
911	E	H	-0.2005	1.5663	-19.4375	-0.2081
911	E	I	-0.2146	1.5663	-19.4375	-0.2265
911	E	K	-0.1032	1.5663	-3.5648	-0.1868
911	E	L	-0.2167	1.5663	-19.4375	-0.2293
911	E	M	-0.1655	1.5663	-19.4375	-0.1623
911	E	N	-0.1884	1.5663	-19.4375	-0.1923
911	E	P	-0.3192	1.5663	-19.4375	-0.3635
911	E	Q	-0.1347	1.5663	-19.4375	-0.1220
911	E	R	-0.2447	1.5663	-19.4375	-0.2660
911	E	S	-0.1757	1.5663	-19.4375	-0.1756
911	E	T	-0.1916	1.5663	-19.4375	-0.1964
911	E	V	-0.0996	1.5663	-4.5648	-0.1753
911	E	W	-0.2193	1.5663	-19.4375	-0.2327
911	E	Y	-0.2101	1.5663	-19.4375	-0.2206
912	A	C	-0.1978	1.3968	-19.4375	-0.1841
912	A	D	-0.2117	1.3968	-6.1496	-0.2911
912	A	E	-0.2651	1.3968	-19.4375	-0.2723
912	A	F	-0.2479	1.3968	-19.4375	-0.2497
912	A	G	-0.1184	1.3968	-5.1497	-0.1756
912	A	H	-0.2520	1.3968	-19.4375	-0.2551
912	A	I	-0.2374	1.3968	-19.4375	-0.2360
912	A	K	-0.2020	1.3968	-6.1496	-0.2784
912	A	L	-0.1743	1.3968	-6.1496	-0.2422
912	A	M	-0.2009	1.3968	-19.4375	-0.1882
912	A	N	-0.2499	1.3968	-19.4375	-0.2523
912	A	P	-0.2514	1.3968	-6.1496	-0.3431
912	A	Q	-0.2473	1.3968	-19.4375	-0.2490
912	A	R	-0.2805	1.3968	-19.4375	-0.2924
912	A	S	-0.0866	1.3968	-4.5648	-0.1379
912	A	T	-0.0904	1.3968	-4.1498	-0.1457
912	A	V	-0.0896	1.3968	-4.5648	-0.1418
912	A	W	-0.2588	1.3968	-19.4375	-0.2640
912	A	Y	-0.2671	1.3968	-19.4375	-0.2748
913	G	A	-0.2526	1.2695	-19.4375	-0.2405
913	G	C	-0.3123	1.2695	-19.4375	-0.3187
913	G	D	-0.2450	1.2695	-6.1496	-0.3194
913	G	E	-0.2255	1.2695	-2.4493	-0.3185
913	G	F	-0.3504	1.2695	-19.4375	-0.3686
913	G	H	-0.3251	1.2695	-19.4375	-0.3355
913	G	I	-0.3961	1.2695	-19.4375	-0.4284
913	G	K	-0.3451	1.2695	-19.4375	-0.3616
913	G	L	-0.3643	1.2695	-19.4375	-0.3868
913	G	M	-0.3025	1.2695	-19.4375	-0.3059
913	G	N	-0.3131	1.2695	-19.4375	-0.3198
913	G	P	-0.4102	1.2695	-19.4375	-0.4469
913	G	Q	-0.2482	1.2695	-6.1496	-0.3236
913	G	R	-0.2613	1.2695	-6.1496	-0.3407
913	G	S	-0.1906	1.2695	-6.1496	-0.2482
913	G	T	-0.3354	1.2695	-19.4375	-0.3489
913	G	V	-0.2664	1.2695	-5.1497	-0.3541
913	G	W	-0.3502	1.2695	-19.4375	-0.3683
913	G	Y	-0.3508	1.2695	-19.4375	-0.3691
914	S	A	-0.1544	1.2151	-19.4375	-0.1054
914	S	C	-0.2049	1.2151	-19.4375	-0.1715
914	S	D	-0.1802	1.2151	-5.1497	-0.2346
914	S	E	-0.2263	1.2151	-19.4375	-0.1995
914	S	F	-0.2324	1.2151	-19.4375	-0.2076
914	S	G	-0.0876	1.2151	-4.5648	-0.1174
914	S	H	-0.2337	1.2151	-19.4375	-0.2092
914	S	I	-0.1627	1.2151	-5.1497	-0.2117
914	S	K	-0.2430	1.2151	-19.4375	-0.2214
914	S	L	-0.2318	1.2151	-19.4375	-0.2068
914	S	M	-0.2029	1.2151	-19.4375	-0.1689
914	S	N	-0.0912	1.2151	-2.6903	-0.1346
914	S	P	-0.3078	1.2151	-19.4375	-0.3063
914	S	Q	-0.1963	1.2151	-19.4375	-0.1603
914	S	R	-0.2482	1.2151	-19.4375	-0.2283
914	S	T	-0.1451	1.2151	-19.4375	-0.0932
914	S	V	-0.2098	1.2151	-19.4375	-0.1780
914	S	W	-0.2421	1.2151	-19.4375	-0.2203
914	S	Y	-0.2373	1.2151	-19.4375	-0.2139
915	R	A	-0.2736	1.3249	-19.4170	-0.2748
915	R	C	-0.2824	1.3249	-19.4170	-0.2864
915	R	D	-0.3646	1.3249	-19.4170	-0.3940
915	R	E	-0.2420	1.3249	-6.1292	-0.3223
915	R	F	-0.3057	1.3249	-19.4170	-0.3169
915	R	G	-0.2268	1.3249	-3.3219	-0.3211
915	R	H	-0.2433	1.3249	-19.4170	-0.2352
915	R	I	-0.3030	1.3249	-19.4170	-0.3133
915	R	K	-0.0828	1.3249	-3.5443	-0.1311
915	R	L	-0.2760	1.3249	-19.4170	-0.2780
915	R	M	-0.2419	1.3249	-19.4170	-0.2333
915	R	N	-0.2885	1.3249	-19.4170	-0.2943
915	R	P	-0.4156	1.3249	-19.4170	-0.4608
915	R	Q	-0.2483	1.3249	-19.4170	-0.2417
915	R	S	-0.1982	1.3249	-4.5443	-0.2755
915	R	T	-0.2106	1.3249	-6.1292	-0.2812
915	R	V	-0.2901	1.3249	-19.4170	-0.2964
915	R	W	-0.2913	1.3249	-19.4170	-0.2980
915	R	Y	-0.2950	1.3249	-19.4170	-0.3029
916	G	A	-0.2054	1.0442	-6.1292	-0.2405
916	G	C	-0.3329	1.0442	-19.4170	-0.3187
916	G	D	-0.2525	1.0442	-3.5443	-0.3194
916	G	E	-0.2650	1.0442	-6.1292	-0.3185
916	G	F	-0.3710	1.0442	-19.4170	-0.3686
916	G	H	-0.3458	1.0442	-19.4170	-0.3355
916	G	I	-0.4167	1.0442	-19.4170	-0.4284
916	G	K	-0.3657	1.0442	-19.4170	-0.3616
916	G	L	-0.3849	1.0442	-19.4170	-0.3868
916	G	M	-0.3231	1.0442	-19.4170	-0.3059
916	G	N	-0.2660	1.0442	-6.1292	-0.3198
916	G	P	-0.4308	1.0442	-19.4170	-0.4469
916	G	Q	-0.3367	1.0442	-19.4170	-0.3236
916	G	R	-0.3497	1.0442	-19.4170	-0.3407
916	G	S	-0.2011	1.0442	-4.1293	-0.2482
916	G	T	-0.3560	1.0442	-19.4170	-0.3489
916	G	V	-0.3600	1.0442	-19.4170	-0.3541
916	G	W	-0.3708	1.0442	-19.4170	-0.3683
916	G	Y	-0.3714	1.0442	-19.4170	-0.3691
917	N	A	-0.1671	1.6011	-19.3963	-0.1688
917	N	C	-0.2170	1.6011	-19.3963	-0.2341
917	N	D	-0.0974	1.6011	-5.1085	-0.1730
917	N	E	-0.1974	1.6011	-19.3963	-0.2085
917	N	F	-0.2242	1.6011	-19.3963	-0.2436
917	N	G	-0.1979	1.6011	-19.3963	-0.2091
917	N	H	-0.0961	1.6011	-4.5236	-0.1753
917	N	I	-0.2173	1.6011	-19.3963	-0.2346
917	N	K	-0.1703	1.6011	-19.3963	-0.1730
917	N	L	-0.2238	1.6011	-19.3963	-0.2430
917	N	M	-0.1779	1.6011	-19.3963	-0.1830
917	N	P	-0.3327	1.6011	-19.3963	-0.3856
917	N	Q	-0.0932	1.6011	-6.1084	-0.1609
917	N	R	-0.1265	1.6011	-4.5236	-0.2151
917	N	S	-0.0548	1.6011	-3.3012	-0.1294
917	N	T	-0.1107	1.6011	-4.5236	-0.1943
917	N	V	-0.2107	1.6011	-19.3963	-0.2259
917	N	W	-0.2293	1.6011	-19.3963	-0.2503
917	N	Y	-0.1400	1.6011	-6.1084	-0.2221
918	S	A	-0.0781	1.3041	-6.0874	-0.1054
918	S	C	-0.1964	1.3041	-19.3752	-0.1715
918	S	D	-0.2446	1.3041	-19.3752	-0.2346
918	S	E	-0.2177	1.3041	-19.3752	-0.1995
918	S	F	-0.2239	1.3041	-19.3752	-0.2076
918	S	G	-0.1550	1.3041	-19.3752	-0.1174
918	S	H	-0.2252	1.3041	-19.3752	-0.2092
918	S	I	-0.2271	1.3041	-19.3752	-0.2117
918	S	K	-0.2345	1.3041	-19.3752	-0.2214
918	S	L	-0.1386	1.3041	-2.7656	-0.2068
918	S	M	-0.1944	1.3041	-19.3752	-0.1689
918	S	N	-0.1682	1.3041	-19.3752	-0.1346
918	S	P	-0.2162	1.3041	-3.0875	-0.3063
918	S	Q	-0.1878	1.3041	-19.3752	-0.1603
918	S	R	-0.1719	1.3041	-6.0874	-0.2283
918	S	T	-0.1365	1.3041	-19.3752	-0.0932
918	S	V	-0.2013	1.3041	-19.3752	-0.1780
918	S	W	-0.2336	1.3041	-19.3752	-0.2203
918	S	Y	-0.2287	1.3041	-19.3752	-0.2139
919	F	A	-0.2260	2.2691	-19.3963	-0.3264
919	F	C	-0.1263	2.2691	-6.1084	-0.2847
919	F	D	-0.3490	2.2691	-19.3963	-0.4874
919	F	E	-0.3183	2.2691	-19.3963	-0.4473
919	F	G	-0.1855	2.2691	-4.5236	-0.3727
919	F	H	-0.2536	2.2691	-19.3963	-0.3625
919	F	I	-0.0790	2.2691	-1.5850	-0.2530
919	F	K	-0.3252	2.2691	-19.3963	-0.4563
919	F	L	-0.0454	2.2691	-2.4081	-0.2034
919	F	M	-0.1631	2.2691	-19.3963	-0.2440
919	F	N	-0.2786	2.2691	-19.3963	-0.3953
919	F	P	-0.3494	2.2691	-19.3963	-0.4879
919	F	Q	-0.2807	2.2691	-19.3963	-0.3980
919	F	R	-0.2537	2.2691	-5.1085	-0.4581
919	F	S	-0.2050	2.2691	-19.3963	-0.2989
919	F	T	-0.1835	2.2691	-6.1084	-0.3595
919	F	V	-0.0914	2.2691	-5.1085	-0.2456
919	F	W	-0.1495	2.2691	-19.3963	-0.2263
919	F	Y	-0.0500	2.2691	-6.1084	-0.1848
920	S	A	-0.1080	0.9807	-6.1292	-0.1054
920	S	C	-0.2263	0.9807	-19.4170	-0.1715
920	S	D	-0.2745	0.9807	-19.4170	-0.2346
920	S	E	-0.2477	0.9807	-19.4170	-0.1995
920	S	F	-0.1691	0.9807	-2.8074	-0.2076
920	S	G	-0.1850	0.9807	-19.4170	-0.1174
920	S	H	-0.2551	0.9807	-19.4170	-0.2092
920	S	I	-0.2570	0.9807	-19.4170	-0.2117
920	S	K	-0.2644	0.9807	-19.4170	-0.2214
920	S	L	-0.2533	0.9807	-19.4170	-0.2068
920	S	M	-0.2243	0.9807	-19.4170	-0.1689
920	S	N	-0.1981	0.9807	-19.4170	-0.1346
920	S	P	-0.2564	0.9807	-5.1293	-0.3063
920	S	Q	-0.2178	0.9807	-19.4170	-0.1603
920	S	R	-0.2697	0.9807	-19.4170	-0.2283
920	S	T	-0.0987	0.9807	-6.1292	-0.0932
920	S	V	-0.2313	0.9807	-19.4170	-0.1780
920	S	W	-0.2636	0.9807	-19.4170	-0.2203
920	S	Y	-0.2587	0.9807	-19.4170	-0.2139
921	P	A	-0.1492	1.0406	-6.0223	-0.1672
921	P	C	-0.2497	1.0406	-19.3101	-0.2100
921	P	D	-0.2756	1.0406	-19.3101	-0.2439
921	P	E	-0.2594	1.0406	-19.3101	-0.2227
921	P	F	-0.1971	1.0406	-3.4374	-0.2472
921	P	G	-0.1635	1.0406	-6.0223	-0.1860
921	P	H	-0.2557	1.0406	-19.3101	-0.2179
921	P	I	-0.2611	1.0406	-19.3101	-0.2250
921	P	K	-0.2511	1.0406	-19.3101	-0.2118
921	P	L	-0.1979	1.0406	-6.0223	-0.2310
921	P	M	-0.2167	1.0406	-19.3101	-0.1668
921	P	N	-0.2437	1.0406	-19.3101	-0.2022
921	P	Q	-0.2454	1.0406	-19.3101	-0.2044
921	P	R	-0.2868	1.0406	-19.3101	-0.2586
921	P	S	-0.1408	1.0406	-4.4374	-0.1668
921	P	T	-0.2288	1.0406	-19.3101	-0.1827
921	P	V	-0.2165	1.0406	-19.3101	-0.1666
921	P	W	-0.2906	1.0406	-19.3101	-0.2636
921	P	Y	-0.2791	1.0406	-19.3101	-0.2485
922	L	A	-0.3074	1.0620	-19.4170	-0.2874
922	L	C	-0.2966	1.0620	-19.4170	-0.2733
922	L	D	-0.4289	1.0620	-19.4170	-0.4465
922	L	E	-0.3970	1.0620	-19.4170	-0.4047
922	L	F	-0.2408	1.0620	-19.4170	-0.2003
922	L	G	-0.3822	1.0620	-19.4170	-0.3854
922	L	H	-0.3498	1.0620	-19.4170	-0.3429
922	L	I	-0.1815	1.0620	-19.4170	-0.1226
922	L	K	-0.3960	1.0620	-19.4170	-0.4034
922	L	M	-0.1319	1.0620	-5.1293	-0.1531
922	L	N	-0.3752	1.0620	-19.4170	-0.3762
922	L	P	-0.3098	1.0620	-3.5443	-0.3966
922	L	Q	-0.2603	1.0620	-6.1292	-0.3146
922	L	R	-0.3198	1.0620	-6.1292	-0.3924
922	L	S	-0.3378	1.0620	-19.4170	-0.3272
922	L	T	-0.3105	1.0620	-19.4170	-0.2915
922	L	V	-0.1419	1.0620	-4.5443	-0.1701
922	L	W	-0.3400	1.0620	-19.4170	-0.3301
922	L	Y	-0.3329	1.0620	-19.4170	-0.3208
923	L	A	-0.2796	0.6280	-6.1496	-0.2874
923	L	C	-0.3366	0.6280	-19.4375	-0.2733
923	L	D	-0.4689	0.6280	-19.4375	-0.4465
923	L	E	-0.4370	0.6280	-19.4375	-0.4047
923	L	F	-0.2809	0.6280	-19.4375	-0.2003
923	L	G	-0.4223	0.6280	-19.4375	-0.3854
923	L	H	-0.3898	0.6280	-19.4375	-0.3429
923	L	I	-0.2215	0.6280	-19.4375	-0.1226
923	L	K	-0.4360	0.6280	-19.4375	-0.4034
923	L	M	-0.2448	0.6280	-19.4375	-0.1531
923	L	N	-0.4152	0.6280	-19.4375	-0.3762
923	L	P	-0.4308	0.6280	-19.4375	-0.3966
923	L	Q	-0.3682	0.6280	-19.4375	-0.3146
923	L	R	-0.4276	0.6280	-19.4375	-0.3924
923	L	S	-0.3778	0.6280	-19.4375	-0.3272
923	L	T	-0.3505	0.6280	-19.4375	-0.2915
923	L	V	-0.1768	0.6280	-3.5648	-0.1701
923	L	W	-0.3122	0.6280	-6.1496	-0.3301
923	L	Y	-0.3729	0.6280	-19.4375	-0.3208
924	E	A	-0.1409	0.9506	-4.1498	-0.1580
924	E	C	-0.2882	0.9506	-19.4375	-0.2488
924	E	D	-0.1168	0.9506	-6.1496	-0.1131
924	E	F	-0.2659	0.9506	-19.4375	-0.2195
924	E	G	-0.1687	0.9506	-4.5648	-0.1917
924	E	H	-0.2572	0.9506	-19.4375	-0.2081
924	E	I	-0.2712	0.9506	-19.4375	-0.2265
924	E	K	-0.1680	0.9506	-5.1497	-0.1868
924	E	L	-0.2734	0.9506	-19.4375	-0.2293
924	E	M	-0.2222	0.9506	-19.4375	-0.1623
924	E	N	-0.2451	0.9506	-19.4375	-0.1923
924	E	P	-0.3759	0.9506	-19.4375	-0.3635
924	E	Q	-0.1914	0.9506	-19.4375	-0.1220
924	E	R	-0.2336	0.9506	-6.1496	-0.2660
924	E	S	-0.2323	0.9506	-19.4375	-0.1756
924	E	T	-0.2482	0.9506	-19.4375	-0.1964
924	E	V	-0.2321	0.9506	-19.4375	-0.1753
924	E	W	-0.2759	0.9506	-19.4375	-0.2327
924	E	Y	-0.2667	0.9506	-19.4375	-0.2206
925	T	A	-0.0981	1.3938	-3.3424	-0.1608
925	T	C	-0.2161	1.3938	-19.4375	-0.2077
925	T	D	-0.2958	1.3938	-19.4375	-0.3121
925	T	E	-0.2711	1.3938	-19.4375	-0.2798
925	T	F	-0.2875	1.3938	-19.4375	-0.3012
925	T	G	-0.2537	1.3938	-19.4375	-0.2570
925	T	H	-0.2678	1.3938	-19.4375	-0.2754
925	T	I	-0.1383	1.3938	-6.1496	-0.1947
925	T	K	-0.2634	1.3938	-19.4375	-0.2696
925	T	L	-0.2581	1.3938	-19.4375	-0.2627
925	T	M	-0.2250	1.3938	-19.4375	-0.2194
925	T	N	-0.1527	1.3938	-3.1498	-0.2336
925	T	P	-0.2767	1.3938	-6.1496	-0.3759
925	T	Q	-0.2453	1.3938	-19.4375	-0.2460
925	T	R	-0.2662	1.3938	-19.4375	-0.2733
925	T	S	-0.0681	1.3938	-4.5648	-0.1133
925	T	V	-0.1937	1.3938	-19.4375	-0.1784
925	T	W	-0.2804	1.3938	-19.4375	-0.2919
925	T	Y	-0.2889	1.3938	-19.4375	-0.3031
926	I	A	-0.1865	1.6015	-4.1293	-0.2963
926	I	C	-0.2445	1.6015	-19.4170	-0.2701
926	I	D	-0.3886	1.6015	-19.4170	-0.4587
926	I	E	-0.3695	1.6015	-19.4170	-0.4337
926	I	F	-0.2255	1.6015	-19.4170	-0.2452
926	I	G	-0.3552	1.6015	-19.4170	-0.4150
926	I	H	-0.3551	1.6015	-19.4170	-0.4149
926	I	K	-0.2942	1.6015	-6.1292	-0.4239
926	I	L	-0.1497	1.6015	-19.4170	-0.1460
926	I	M	-0.1554	1.6015	-19.4170	-0.1534
926	I	N	-0.3017	1.6015	-19.4170	-0.3449
926	I	P	-0.3327	1.6015	-4.5443	-0.4849
926	I	Q	-0.3292	1.6015	-19.4170	-0.3810
926	I	R	-0.3210	1.6015	-6.1292	-0.4590
926	I	S	-0.3051	1.6015	-19.4170	-0.3494
926	I	T	-0.1262	1.6015	-0.6699	-0.2405
926	I	V	-0.0420	1.6015	-6.1292	-0.0938
926	I	W	-0.3144	1.6015	-19.4170	-0.3616
926	I	Y	-0.3233	1.6015	-19.4170	-0.3732
927	E	A	-0.1743	1.4354	-19.4375	-0.1580
927	E	C	-0.2436	1.4354	-19.4375	-0.2488
927	E	D	-0.0579	1.4354	-3.3424	-0.1131
927	E	F	-0.2213	1.4354	-19.4375	-0.2195
927	E	G	-0.1322	1.4354	-6.1496	-0.1917
927	E	H	-0.2125	1.4354	-19.4375	-0.2081
927	E	I	-0.2266	1.4354	-19.4375	-0.2265
927	E	K	-0.1204	1.4354	-4.5648	-0.1868
927	E	L	-0.2287	1.4354	-19.4375	-0.2293
927	E	M	-0.1776	1.4354	-19.4375	-0.1623
927	E	N	-0.1327	1.4354	-6.1496	-0.1923
927	E	P	-0.3312	1.4354	-19.4375	-0.3635
927	E	Q	-0.1468	1.4354	-19.4375	-0.1220
927	E	R	-0.2568	1.4354	-19.4375	-0.2660
927	E	S	-0.1199	1.4354	-6.1496	-0.1756
927	E	T	-0.2036	1.4354	-19.4375	-0.1964
927	E	V	-0.1116	1.4354	-4.5648	-0.1753
927	E	W	-0.2313	1.4354	-19.4375	-0.2327
927	E	Y	-0.1492	1.4354	-5.1497	-0.2206
928	P	A	-0.1003	2.3110	-19.3538	-0.1672
928	P	C	-0.0601	2.3110	-5.0661	-0.2100
928	P	D	-0.0793	2.3110	-3.7442	-0.2439
928	P	E	-0.1427	2.3110	-19.3538	-0.2227
928	P	F	-0.1614	2.3110	-19.3538	-0.2472
928	P	G	-0.1147	2.3110	-19.3538	-0.1860
928	P	H	-0.0470	2.3110	-1.3112	-0.2179
928	P	I	-0.1445	2.3110	-19.3538	-0.2250
928	P	K	-0.1344	2.3110	-19.3538	-0.2118
928	P	L	-0.1491	2.3110	-19.3538	-0.2310
928	P	M	-0.1000	2.3110	-19.3538	-0.1668
928	P	N	-0.0474	2.3110	-3.7442	-0.2022
928	P	Q	-0.0401	2.3110	-1.9787	-0.2044
928	P	R	-0.1023	2.3110	-6.0660	-0.2586
928	P	S	-0.1000	2.3110	-19.3538	-0.1668
928	P	T	-0.1122	2.3110	-19.3538	-0.1827
928	P	V	-0.0999	2.3110	-19.3538	-0.1666
928	P	W	-0.1740	2.3110	-19.3538	-0.2636
928	P	Y	-0.0946	2.3110	-6.0660	-0.2485
929	V	A	-0.1003	1.7756	-5.1293	-0.1977
929	V	C	-0.2011	1.7756	-19.4170	-0.2342
929	V	D	-0.3398	1.7756	-19.4170	-0.4158
929	V	E	-0.2293	1.7756	-6.1292	-0.3599
929	V	F	-0.1825	1.7756	-6.1292	-0.2987
929	V	G	-0.2193	1.7756	-3.8074	-0.3624
929	V	H	-0.3428	1.7756	-19.4170	-0.4197
929	V	I	-0.0277	1.7756	-3.5443	-0.1133
929	V	K	-0.3360	1.7756	-19.4170	-0.4109
929	V	L	-0.1738	1.7756	-19.4170	-0.1985
929	V	M	-0.1829	1.7756	-19.4170	-0.2104
929	V	N	-0.2598	1.7756	-6.1292	-0.3999
929	V	P	-0.3775	1.7756	-19.4170	-0.4652
929	V	Q	-0.3077	1.7756	-19.4170	-0.3738
929	V	R	-0.3571	1.7756	-19.4170	-0.4384
929	V	S	-0.1929	1.7756	-2.9594	-0.3334
929	V	T	-0.1922	1.7756	-19.4170	-0.2226
929	V	W	-0.2909	1.7756	-19.4170	-0.3518
929	V	Y	-0.2938	1.7756	-19.4170	-0.3556
930	N	A	-0.1803	1.4575	-19.3963	-0.1688
930	N	C	-0.2302	1.4575	-19.3963	-0.2341
930	N	D	-0.1055	1.4575	-4.1085	-0.1730
930	N	E	-0.2106	1.4575	-19.3963	-0.2085
930	N	F	-0.2374	1.4575	-19.3963	-0.2436
930	N	G	-0.2111	1.4575	-19.3963	-0.2091
930	N	H	-0.1094	1.4575	-4.5236	-0.1753
930	N	I	-0.2306	1.4575	-19.3963	-0.2346
930	N	K	-0.1157	1.4575	-6.1084	-0.1730
930	N	L	-0.2370	1.4575	-19.3963	-0.2430
930	N	M	-0.1911	1.4575	-19.3963	-0.1830
930	N	P	-0.3459	1.4575	-19.3963	-0.3856
930	N	Q	-0.1743	1.4575	-19.3963	-0.1609
930	N	R	-0.2157	1.4575	-19.3963	-0.2151
930	N	S	-0.0671	1.4575	-3.1085	-0.1294
930	N	T	-0.1269	1.4575	-5.1085	-0.1943
930	N	V	-0.1561	1.4575	-6.1084	-0.2259
930	N	W	-0.2425	1.4575	-19.3963	-0.2503
930	N	Y	-0.2210	1.4575	-19.3963	-0.2221
931	I	A	-0.2695	1.5475	-19.4170	-0.2963
931	I	C	-0.2495	1.5475	-19.4170	-0.2701
931	I	D	-0.3936	1.5475	-19.4170	-0.4587
931	I	E	-0.3745	1.5475	-19.4170	-0.4337
931	I	F	-0.2305	1.5475	-19.4170	-0.2452
931	I	G	-0.3602	1.5475	-19.4170	-0.4150
931	I	H	-0.3601	1.5475	-19.4170	-0.4149
931	I	K	-0.2941	1.5475	-5.1293	-0.4239
931	I	L	-0.0686	1.5475	-2.5443	-0.1460
931	I	M	-0.0925	1.5475	-6.1292	-0.1534
931	I	N	-0.3066	1.5475	-19.4170	-0.3449
931	I	P	-0.4136	1.5475	-19.4170	-0.4849
931	I	Q	-0.3342	1.5475	-19.4170	-0.3810
931	I	R	-0.3938	1.5475	-19.4170	-0.4590
931	I	S	-0.3101	1.5475	-19.4170	-0.3494
931	I	T	-0.1448	1.5475	-3.3219	-0.2405
931	I	V	-0.0419	1.5475	-5.1293	-0.0938
931	I	W	-0.3194	1.5475	-19.4170	-0.3616
931	I	Y	-0.3282	1.5475	-19.4170	-0.3732
932	L	A	-0.3564	0.5298	-19.4170	-0.2874
932	L	C	-0.3456	0.5298	-19.4170	-0.2733
932	L	D	-0.4779	0.5298	-19.4170	-0.4465
932	L	E	-0.4459	0.5298	-19.4170	-0.4047
932	L	F	-0.2898	0.5298	-19.4170	-0.2003
932	L	G	-0.4312	0.5298	-19.4170	-0.3854
932	L	H	-0.3987	0.5298	-19.4170	-0.3429
932	L	I	-0.1627	0.5298	-6.1292	-0.1226
932	L	K	-0.4450	0.5298	-19.4170	-0.4034
932	L	M	-0.2538	0.5298	-19.4170	-0.1531
932	L	N	-0.4242	0.5298	-19.4170	-0.3762
932	L	P	-0.3617	0.5298	-4.1293	-0.3966
932	L	Q	-0.3771	0.5298	-19.4170	-0.3146
932	L	R	-0.4366	0.5298	-19.4170	-0.3924
932	L	S	-0.3868	0.5298	-19.4170	-0.3272
932	L	T	-0.3595	0.5298	-19.4170	-0.2915
932	L	V	-0.1989	0.5298	-6.1292	-0.1701
932	L	W	-0.3890	0.5298	-19.4170	-0.3301
932	L	Y	-0.3819	0.5298	-19.4170	-0.3208
933	D	A	-0.1347	1.3460	-4.5648	-0.1947
933	D	C	-0.2520	1.3460	-19.4375	-0.2490
933	D	E	-0.0796	1.3460	-4.5648	-0.1226
933	D	F	-0.3107	1.3460	-19.4375	-0.3258
933	D	G	-0.1420	1.3460	-3.8278	-0.2093
933	D	H	-0.1521	1.3460	-6.1496	-0.2069
933	D	I	-0.3029	1.3460	-19.4375	-0.3156
933	D	K	-0.2813	1.3460	-19.4375	-0.2873
933	D	L	-0.2966	1.3460	-19.4375	-0.3073
933	D	M	-0.2353	1.3460	-19.4375	-0.2271
933	D	N	-0.1094	1.3460	-6.1496	-0.1511
933	D	P	-0.3475	1.3460	-19.4375	-0.3740
933	D	Q	-0.2375	1.3460	-19.4375	-0.2300
933	D	R	-0.3123	1.3460	-19.4375	-0.3279
933	D	S	-0.1441	1.3460	-5.1497	-0.2031
933	D	T	-0.2470	1.3460	-19.4375	-0.2424
933	D	V	-0.2576	1.3460	-19.4375	-0.2563
933	D	W	-0.2911	1.3460	-19.4375	-0.3002
933	D	Y	-0.1877	1.3460	-6.1496	-0.2536
934	V	A	-0.1243	1.5717	-6.1496	-0.1977
934	V	C	-0.2199	1.5717	-19.4375	-0.2342
934	V	D	-0.2909	1.5717	-6.1496	-0.4158
934	V	E	-0.3160	1.5717	-19.4375	-0.3599
934	V	F	-0.2692	1.5717	-19.4375	-0.2987
934	V	G	-0.2501	1.5717	-6.1496	-0.3624
934	V	H	-0.3616	1.5717	-19.4375	-0.4197
934	V	I	-0.0394	1.5717	-2.1498	-0.1133
934	V	K	-0.3549	1.5717	-19.4375	-0.4109
934	V	L	-0.1927	1.5717	-19.4375	-0.1985
934	V	M	-0.1340	1.5717	-6.1496	-0.2104
934	V	N	-0.2787	1.5717	-6.1496	-0.3999
934	V	P	-0.3964	1.5717	-19.4375	-0.4652
934	V	Q	-0.3266	1.5717	-19.4375	-0.3738
934	V	R	-0.3081	1.5717	-6.1496	-0.4384
934	V	S	-0.2279	1.5717	-6.1496	-0.3334
934	V	T	-0.1433	1.5717	-6.1496	-0.2226
934	V	W	-0.3098	1.5717	-19.4375	-0.3518
934	V	Y	-0.3127	1.5717	-19.4375	-0.3556
935	K	A	-0.0586	1.9217	-5.1699	-0.1604
935	K	C	-0.2017	1.9217	-19.4577	-0.2523
935	K	D	-0.2405	1.9217	-19.4577	-0.3031
935	K	E	-0.1564	1.9217	-19.4577	-0.1930
935	K	F	-0.2026	1.9217	-19.4577	-0.2535
935	K	G	-0.1052	1.9217	-2.7105	-0.2379
935	K	H	-0.1416	1.9217	-19.4577	-0.1736
935	K	I	-0.1698	1.9217	-19.4577	-0.2106
935	K	L	-0.1007	1.9217	-6.1698	-0.2089
935	K	M	-0.1416	1.9217	-19.4577	-0.1736
935	K	N	-0.1497	1.9217	-19.4577	-0.1843
935	K	P	-0.3058	1.9217	-19.4577	-0.3886
935	K	Q	-0.1307	1.9217	-19.4577	-0.1594
935	K	R	0.0297	1.9217	-0.8846	-0.0735
935	K	S	-0.0738	1.9217	-6.1698	-0.1737
935	K	T	-0.0738	1.9217	-3.8480	-0.1892
935	K	V	-0.1537	1.9217	-19.4577	-0.1895
935	K	W	-0.2116	1.9217	-19.4577	-0.2653
935	K	Y	-0.1875	1.9217	-19.4577	-0.2337
936	D	A	-0.2090	1.3641	-19.4577	-0.1947
936	D	C	-0.2505	1.3641	-19.4577	-0.2490
936	D	E	-0.0780	1.3641	-4.5850	-0.1226
936	D	F	-0.3091	1.3641	-19.4577	-0.3258
936	D	G	-0.1472	1.3641	-5.1699	-0.2093
936	D	H	-0.1505	1.3641	-6.1698	-0.2069
936	D	I	-0.3013	1.3641	-19.4577	-0.3156
936	D	K	-0.2119	1.3641	-6.1698	-0.2873
936	D	L	-0.2950	1.3641	-19.4577	-0.3073
936	D	M	-0.2337	1.3641	-19.4577	-0.2271
936	D	N	-0.0917	1.3641	-3.0000	-0.1511
936	D	P	-0.3459	1.3641	-19.4577	-0.3740
936	D	Q	-0.2359	1.3641	-19.4577	-0.2300
936	D	R	-0.3107	1.3641	-19.4577	-0.3279
936	D	S	-0.1476	1.3641	-6.1698	-0.2031
936	D	T	-0.2454	1.3641	-19.4577	-0.2424
936	D	V	-0.2560	1.3641	-19.4577	-0.2563
936	D	W	-0.2896	1.3641	-19.4577	-0.3002
936	D	Y	-0.1862	1.3641	-6.1698	-0.2536
937	D	A	-0.0413	2.2143	-1.9220	-0.1947
937	D	C	-0.1722	2.2143	-19.4577	-0.2490
937	D	E	0.0023	2.2143	-4.1699	-0.1226
937	D	F	-0.2309	2.2143	-19.4577	-0.3258
937	D	G	-0.0598	2.2143	-3.3626	-0.2093
937	D	H	-0.1401	2.2143	-19.4577	-0.2069
937	D	I	-0.2231	2.2143	-19.4577	-0.3156
937	D	K	-0.1337	2.2143	-6.1698	-0.2873
937	D	L	-0.2168	2.2143	-19.4577	-0.3073
937	D	M	-0.1555	2.2143	-19.4577	-0.2271
937	D	N	-0.0296	2.2143	-6.1698	-0.1511
937	D	P	-0.2677	2.2143	-19.4577	-0.3740
937	D	Q	-0.1577	2.2143	-19.4577	-0.2300
937	D	R	-0.2325	2.2143	-19.4577	-0.3279
937	D	S	-0.0643	2.2143	-5.1699	-0.2031
937	D	T	-0.1672	2.2143	-19.4577	-0.2424
937	D	V	-0.0998	2.2143	-4.1699	-0.2563
937	D	W	-0.2113	2.2143	-19.4577	-0.3002
937	D	Y	-0.1079	2.2143	-6.1698	-0.2536
938	C	A	-0.2416	2.5714	-19.4375	-0.3830
938	C	D	-0.2811	2.5714	-6.1496	-0.5234
938	C	E	-0.3365	2.5714	-19.4375	-0.5072
938	C	F	-0.1678	2.5714	-6.1496	-0.3751
938	C	G	-0.1582	2.5714	-4.5648	-0.3731
938	C	H	-0.2642	2.5714	-3.1498	-0.5214
938	C	I	-0.2655	2.5714	-19.4375	-0.4142
938	C	K	-0.3371	2.5714	-19.4375	-0.5080
938	C	L	-0.2307	2.5714	-6.1496	-0.4575
938	C	M	-0.2658	2.5714	-19.4375	-0.4146
938	C	N	-0.2913	2.5714	-19.4375	-0.4480
938	C	P	-0.2870	2.5714	-5.1497	-0.5379
938	C	Q	-0.2474	2.5714	-6.1496	-0.4794
938	C	R	-0.2159	2.5714	-4.1498	-0.4514
938	C	S	-0.1484	2.5714	-2.9798	-0.3709
938	C	T	-0.2671	2.5714	-19.4375	-0.4163
938	C	V	-0.2635	2.5714	-19.4375	-0.4117
938	C	W	-0.2387	2.5714	-19.4375	-0.3792
938	C	Y	-0.1601	2.5714	-2.8278	-0.3873
939	G	A	-0.2063	1.0349	-6.1496	-0.2405
939	G	C	-0.2661	1.0349	-6.1496	-0.3187
939	G	D	-0.2497	1.0349	-2.8278	-0.3194
939	G	E	-0.3337	1.0349	-19.4375	-0.3185
939	G	F	-0.3720	1.0349	-19.4375	-0.3686
939	G	H	-0.3467	1.0349	-19.4375	-0.3355
939	G	I	-0.4177	1.0349	-19.4375	-0.4284
939	G	K	-0.3667	1.0349	-19.4375	-0.3616
939	G	L	-0.3859	1.0349	-19.4375	-0.3868
939	G	M	-0.3241	1.0349	-19.4375	-0.3059
939	G	N	-0.3347	1.0349	-19.4375	-0.3198
939	G	P	-0.4318	1.0349	-19.4375	-0.4469
939	G	Q	-0.3376	1.0349	-19.4375	-0.3236
939	G	R	-0.3507	1.0349	-19.4375	-0.3407
939	G	S	-0.2041	1.0349	-4.5648	-0.2482
939	G	T	-0.3570	1.0349	-19.4375	-0.3489
939	G	V	-0.3609	1.0349	-19.4375	-0.3541
939	G	W	-0.3718	1.0349	-19.4375	-0.3683
939	G	Y	-0.3724	1.0349	-19.4375	-0.3691
940	L	A	-0.3120	1.0139	-19.4577	-0.2874
940	L	C	-0.3012	1.0139	-19.4577	-0.2733
940	L	D	-0.4335	1.0139	-19.4577	-0.4465
940	L	E	-0.4016	1.0139	-19.4577	-0.4047
940	L	F	-0.1675	1.0139	-4.1699	-0.2003
940	L	G	-0.3869	1.0139	-19.4577	-0.3854
940	L	H	-0.3544	1.0139	-19.4577	-0.3429
940	L	I	-0.1861	1.0139	-19.4577	-0.1226
940	L	K	-0.4006	1.0139	-19.4577	-0.4034
940	L	M	-0.2094	1.0139	-19.4577	-0.1531
940	L	N	-0.3798	1.0139	-19.4577	-0.3762
940	L	P	-0.3100	1.0139	-2.7105	-0.3966
940	L	Q	-0.3328	1.0139	-19.4577	-0.3146
940	L	R	-0.3244	1.0139	-6.1698	-0.3924
940	L	S	-0.3424	1.0139	-19.4577	-0.3272
940	L	T	-0.3151	1.0139	-19.4577	-0.2915
940	L	V	-0.2224	1.0139	-19.4577	-0.1701
940	L	W	-0.3446	1.0139	-19.4577	-0.3301
940	L	Y	-0.3375	1.0139	-19.4577	-0.3208
941	Q	A	-0.1943	0.9929	-19.4577	-0.1308
941	Q	C	-0.2405	0.9929	-19.4577	-0.1913
941	Q	D	-0.2809	0.9929	-19.4577	-0.2441
941	Q	E	-0.1316	0.9929	-6.1698	-0.1375
941	Q	F	-0.2486	0.9929	-19.4577	-0.2018
941	Q	G	-0.2650	0.9929	-19.4577	-0.2233
941	Q	H	-0.1195	0.9929	-4.5850	-0.1322
941	Q	I	-0.2299	0.9929	-19.4577	-0.1774
941	Q	K	-0.2275	0.9929	-19.4577	-0.1742
941	Q	L	-0.2133	0.9929	-19.4577	-0.1556
941	Q	M	-0.1842	0.9929	-19.4577	-0.1176
941	Q	N	-0.2100	0.9929	-19.4577	-0.1513
941	Q	P	-0.2883	0.9929	-3.8480	-0.3581
941	Q	R	-0.1531	0.9929	-5.1699	-0.1723
941	Q	S	-0.2127	0.9929	-19.4577	-0.1549
941	Q	T	-0.1549	0.9929	-6.1698	-0.1679
941	Q	V	-0.2300	0.9929	-19.4577	-0.1775
941	Q	W	-0.2480	0.9929	-19.4577	-0.2010
941	Q	Y	-0.2509	0.9929	-19.4577	-0.2048
942	L	A	-0.2077	1.4121	-6.1897	-0.2874
942	L	C	-0.2647	1.4121	-19.4776	-0.2733
942	L	D	-0.3970	1.4121	-19.4776	-0.4465
942	L	E	-0.3651	1.4121	-19.4776	-0.4047
942	L	F	-0.2089	1.4121	-19.4776	-0.2003
942	L	G	-0.3503	1.4121	-19.4776	-0.3854
942	L	H	-0.3179	1.4121	-19.4776	-0.3429
942	L	I	-0.0818	1.4121	-6.1897	-0.1226
942	L	K	-0.3641	1.4121	-19.4776	-0.4034
942	L	M	-0.1729	1.4121	-19.4776	-0.1531
942	L	N	-0.3433	1.4121	-19.4776	-0.3762
942	L	P	-0.2749	1.4121	-3.0199	-0.3966
942	L	Q	-0.2204	1.4121	-4.6049	-0.3146
942	L	R	-0.2798	1.4121	-4.6049	-0.3924
942	L	S	-0.3059	1.4121	-19.4776	-0.3272
942	L	T	-0.2108	1.4121	-6.1897	-0.2915
942	L	V	-0.1181	1.4121	-6.1897	-0.1701
942	L	W	-0.3081	1.4121	-19.4776	-0.3301
942	L	Y	-0.3010	1.4121	-19.4776	-0.3208
943	R	A	-0.1685	1.6767	-5.1699	-0.2748
943	R	C	-0.2503	1.6767	-19.4577	-0.2864
943	R	D	-0.3325	1.6767	-19.4577	-0.3940
943	R	E	-0.1929	1.6767	-2.8480	-0.3223
943	R	F	-0.2736	1.6767	-19.4577	-0.3169
943	R	G	-0.1811	1.6767	-0.7105	-0.3211
943	R	H	-0.2112	1.6767	-19.4577	-0.2352
943	R	I	-0.2030	1.6767	-6.1698	-0.3133
943	R	K	-0.1316	1.6767	-19.4577	-0.1311
943	R	L	-0.1760	1.6767	-6.1698	-0.2780
943	R	M	-0.2097	1.6767	-19.4577	-0.2333
943	R	N	-0.2563	1.6767	-19.4577	-0.2943
943	R	P	-0.3835	1.6767	-19.4577	-0.4608
943	R	Q	-0.2161	1.6767	-19.4577	-0.2417
943	R	S	-0.2419	1.6767	-19.4577	-0.2755
943	R	T	-0.2463	1.6767	-19.4577	-0.2812
943	R	V	-0.1901	1.6767	-6.1698	-0.2964
943	R	W	-0.2591	1.6767	-19.4577	-0.2980
943	R	Y	-0.2629	1.6767	-19.4577	-0.3029
944	V	A	-0.1347	1.3169	-3.6049	-0.1977
944	V	C	-0.2436	1.3169	-19.4776	-0.2342
944	V	D	-0.3823	1.3169	-19.4776	-0.4158
944	V	E	-0.2718	1.3169	-6.1897	-0.3599
944	V	F	-0.2929	1.3169	-19.4776	-0.2987
944	V	G	-0.2656	1.3169	-4.6049	-0.3624
944	V	H	-0.3853	1.3169	-19.4776	-0.4197
944	V	I	-0.0702	1.3169	-3.6049	-0.1133
944	V	K	-0.3786	1.3169	-19.4776	-0.4109
944	V	L	-0.1434	1.3169	-5.1898	-0.1985
944	V	M	-0.2254	1.3169	-19.4776	-0.2104
944	V	N	-0.3702	1.3169	-19.4776	-0.3999
944	V	P	-0.4200	1.3169	-19.4776	-0.4652
944	V	Q	-0.3502	1.3169	-19.4776	-0.3738
944	V	R	-0.3996	1.3169	-19.4776	-0.4384
944	V	S	-0.3194	1.3169	-19.4776	-0.3334
944	V	T	-0.2347	1.3169	-19.4776	-0.2226
944	V	W	-0.3334	1.3169	-19.4776	-0.3518
944	V	Y	-0.3363	1.3169	-19.4776	-0.3556
945	S	A	-0.0278	1.7683	-4.6049	-0.1054
945	S	C	-0.0864	1.7683	-6.1897	-0.1715
945	S	D	-0.2024	1.7683	-19.4776	-0.2346
945	S	E	-0.1077	1.7683	-6.1897	-0.1995
945	S	F	-0.1139	1.7683	-6.1897	-0.2076
945	S	G	-0.0348	1.7683	-4.1898	-0.1174
945	S	H	-0.1152	1.7683	-6.1897	-0.2092
945	S	I	-0.1120	1.7683	-5.1898	-0.2117
945	S	K	-0.1923	1.7683	-19.4776	-0.2214
945	S	L	-0.1133	1.7683	-6.1897	-0.2068
945	S	M	-0.1522	1.7683	-19.4776	-0.1689
945	S	N	-0.0582	1.7683	-6.1897	-0.1346
945	S	P	-0.2571	1.7683	-19.4776	-0.3063
945	S	Q	-0.1456	1.7683	-19.4776	-0.1603
945	S	R	-0.1179	1.7683	-3.8679	-0.2283
945	S	T	-0.0944	1.7683	-19.4776	-0.0932
945	S	V	-0.0913	1.7683	-6.1897	-0.1780
945	S	W	-0.1914	1.7683	-19.4776	-0.2203
945	S	Y	-0.1866	1.7683	-19.4776	-0.2139
946	E	A	-0.1388	1.8219	-19.4577	-0.1580
946	E	C	-0.2082	1.8219	-19.4577	-0.2488
946	E	D	-0.0286	1.8219	-4.5850	-0.1131
946	E	F	-0.1858	1.8219	-19.4577	-0.2195
946	E	G	-0.0968	1.8219	-6.1698	-0.1917
946	E	H	-0.1771	1.8219	-19.4577	-0.2081
946	E	I	-0.1911	1.8219	-19.4577	-0.2265
946	E	K	-0.0731	1.8219	-2.2631	-0.1868
946	E	L	-0.1933	1.8219	-19.4577	-0.2293
946	E	M	-0.0743	1.8219	-6.1698	-0.1623
946	E	N	-0.0972	1.8219	-6.1698	-0.1923
946	E	P	-0.2958	1.8219	-19.4577	-0.3635
946	E	Q	-0.0435	1.8219	-6.1698	-0.1220
946	E	R	-0.1454	1.8219	-4.5850	-0.2660
946	E	S	-0.1523	1.8219	-19.4577	-0.1756
946	E	T	-0.1682	1.8219	-19.4577	-0.1964
946	E	V	-0.0761	1.8219	-4.5850	-0.1753
946	E	W	-0.1959	1.8219	-19.4577	-0.2327
946	E	Y	-0.1866	1.8219	-19.4577	-0.2206
947	D	A	-0.1314	1.4145	-5.1699	-0.1947
947	D	C	-0.2458	1.4145	-19.4577	-0.2490
947	D	E	-0.0671	1.4145	-3.3626	-0.1226
947	D	F	-0.3045	1.4145	-19.4577	-0.3258
947	D	G	-0.1426	1.4145	-5.1699	-0.2093
947	D	H	-0.2137	1.4145	-19.4577	-0.2069
947	D	I	-0.2967	1.4145	-19.4577	-0.3156
947	D	K	-0.2751	1.4145	-19.4577	-0.2873
947	D	L	-0.2903	1.4145	-19.4577	-0.3073
947	D	M	-0.2291	1.4145	-19.4577	-0.2271
947	D	N	-0.0930	1.4145	-4.1699	-0.1511
947	D	P	-0.2735	1.4145	-6.1698	-0.3740
947	D	Q	-0.2313	1.4145	-19.4577	-0.2300
947	D	R	-0.2383	1.4145	-6.1698	-0.3279
947	D	S	-0.2108	1.4145	-19.4577	-0.2031
947	D	T	-0.2408	1.4145	-19.4577	-0.2424
947	D	V	-0.1836	1.4145	-6.1698	-0.2563
947	D	W	-0.2849	1.4145	-19.4577	-0.3002
947	D	Y	-0.2493	1.4145	-19.4577	-0.2536
948	T	A	-0.0788	1.7036	-5.1497	-0.1608
948	T	C	-0.1147	1.7036	-5.1497	-0.2077
948	T	D	-0.2673	1.7036	-19.4375	-0.3121
948	T	E	-0.2426	1.7036	-19.4375	-0.2798
948	T	F	-0.2590	1.7036	-19.4375	-0.3012
948	T	G	-0.2252	1.7036	-19.4375	-0.2570
948	T	H	-0.2393	1.7036	-19.4375	-0.2754
948	T	I	-0.1017	1.7036	-4.5648	-0.1947
948	T	K	-0.2348	1.7036	-19.4375	-0.2696
948	T	L	-0.2296	1.7036	-19.4375	-0.2627
948	T	M	-0.1965	1.7036	-19.4375	-0.2194
948	T	N	-0.1315	1.7036	-4.5648	-0.2336
948	T	P	-0.2482	1.7036	-6.1496	-0.3759
948	T	Q	-0.2168	1.7036	-19.4375	-0.2460
948	T	R	-0.2377	1.7036	-19.4375	-0.2733
948	T	S	-0.0288	1.7036	-2.4493	-0.1133
948	T	V	-0.1652	1.7036	-19.4375	-0.1784
948	T	W	-0.2519	1.7036	-19.4375	-0.2919
948	T	Y	-0.1926	1.7036	-6.1496	-0.3031
949	C	A	-0.3347	1.5596	-19.4375	-0.3830
949	C	D	-0.3741	1.5596	-6.1496	-0.5234
949	C	E	-0.4296	1.5596	-19.4375	-0.5072
949	C	F	-0.2609	1.5596	-6.1496	-0.3751
949	C	G	-0.2475	1.5596	-3.8278	-0.3731
949	C	H	-0.3645	1.5596	-4.5648	-0.5214
949	C	I	-0.3585	1.5596	-19.4375	-0.4142
949	C	K	-0.4302	1.5596	-19.4375	-0.5080
949	C	L	-0.3916	1.5596	-19.4375	-0.4575
949	C	M	-0.3589	1.5596	-19.4375	-0.4146
949	C	N	-0.3844	1.5596	-19.4375	-0.4480
949	C	P	-0.4530	1.5596	-19.4375	-0.5379
949	C	Q	-0.4083	1.5596	-19.4375	-0.4794
949	C	R	-0.3192	1.5596	-6.1496	-0.4514
949	C	S	-0.2445	1.5596	-3.5648	-0.3709
949	C	T	-0.3602	1.5596	-19.4375	-0.4163
949	C	V	-0.3566	1.5596	-19.4375	-0.4117
949	C	W	-0.3318	1.5596	-19.4375	-0.3792
949	C	Y	-0.2621	1.5596	-4.5648	-0.3873
950	P	A	-0.1162	1.4047	-6.1292	-0.1672
950	P	C	-0.2167	1.4047	-19.4170	-0.2100
950	P	D	-0.2426	1.4047	-19.4170	-0.2439
950	P	E	-0.2264	1.4047	-19.4170	-0.2227
950	P	F	-0.2451	1.4047	-19.4170	-0.2472
950	P	G	-0.1984	1.4047	-19.4170	-0.1860
950	P	H	-0.2228	1.4047	-19.4170	-0.2179
950	P	I	-0.2282	1.4047	-19.4170	-0.2250
950	P	K	-0.2181	1.4047	-19.4170	-0.2118
950	P	L	-0.1506	1.4047	-3.3219	-0.2310
950	P	M	-0.1837	1.4047	-19.4170	-0.1668
950	P	N	-0.2108	1.4047	-19.4170	-0.2022
950	P	Q	-0.2124	1.4047	-19.4170	-0.2044
950	P	R	-0.1860	1.4047	-6.1292	-0.2586
950	P	S	-0.0976	1.4047	-2.5443	-0.1668
950	P	T	-0.1281	1.4047	-6.1292	-0.1827
950	P	V	-0.1836	1.4047	-19.4170	-0.1666
950	P	W	-0.2577	1.4047	-19.4170	-0.2636
950	P	Y	-0.2461	1.4047	-19.4170	-0.2485
951	L	A	-0.1515	1.9606	-5.0661	-0.2874
951	L	C	-0.2136	1.9606	-19.3538	-0.2733
951	L	D	-0.3459	1.9606	-19.3538	-0.4465
951	L	E	-0.3140	1.9606	-19.3538	-0.4047
951	L	F	-0.1578	1.9606	-19.3538	-0.2003
951	L	G	-0.2992	1.9606	-19.3538	-0.3854
951	L	H	-0.2668	1.9606	-19.3538	-0.3429
951	L	I	-0.0985	1.9606	-19.3538	-0.1226
951	L	K	-0.3130	1.9606	-19.3538	-0.4034
951	L	M	-0.1218	1.9606	-19.3538	-0.1531
951	L	N	-0.2922	1.9606	-19.3538	-0.3762
951	L	P	-0.2152	1.9606	-1.2081	-0.3966
951	L	Q	-0.2451	1.9606	-19.3538	-0.3146
951	L	R	-0.2317	1.9606	-5.0661	-0.3924
951	L	S	-0.1700	1.9606	-2.7442	-0.3272
951	L	T	-0.1516	1.9606	-4.4811	-0.2915
951	L	V	-0.1348	1.9606	-19.3538	-0.1701
951	L	W	-0.2570	1.9606	-19.3538	-0.3301
951	L	Y	-0.2499	1.9606	-19.3538	-0.3208
952	N	A	-0.0899	2.4399	-19.3963	-0.1688
952	N	C	-0.0720	2.4399	-6.1084	-0.2341
952	N	D	-0.0172	2.4399	-4.5236	-0.1730
952	N	E	-0.0443	2.4399	-4.5236	-0.2085
952	N	F	-0.1470	2.4399	-19.3963	-0.2436
952	N	G	-0.0478	2.4399	-5.1085	-0.2091
952	N	H	-0.0168	2.4399	-4.1085	-0.1753
952	N	I	-0.0723	2.4399	-6.1084	-0.2346
952	N	K	-0.0151	2.4399	-4.1085	-0.1730
952	N	L	-0.1466	2.4399	-19.3963	-0.2430
952	N	M	-0.0278	2.4399	-5.1085	-0.1830
952	N	P	-0.1877	2.4399	-6.1084	-0.3856
952	N	Q	-0.0109	2.4399	-5.1085	-0.1609
952	N	R	-0.1253	2.4399	-19.3963	-0.2151
952	N	S	0.0212	2.4399	-3.5236	-0.1294
952	N	T	-0.1094	2.4399	-19.3963	-0.1943
952	N	V	-0.0657	2.4399	-6.1084	-0.2259
952	N	W	-0.1521	2.4399	-19.3963	-0.2503
952	N	Y	-0.1306	2.4399	-19.3963	-0.2221
953	V	A	-0.1497	2.0314	-19.4170	-0.1977
953	V	C	-0.1097	2.0314	-6.1292	-0.2342
953	V	D	-0.2484	2.0314	-6.1292	-0.4158
953	V	E	-0.2736	2.0314	-19.4170	-0.3599
953	V	F	-0.1317	2.0314	-0.7718	-0.2987
953	V	G	-0.1996	2.0314	-4.5443	-0.3624
953	V	H	-0.3192	2.0314	-19.4170	-0.4197
953	V	I	-0.0174	2.0314	-6.1292	-0.1133
953	V	K	-0.3125	2.0314	-19.4170	-0.4109
953	V	L	-0.0681	2.0314	-3.3219	-0.1985
953	V	M	-0.0916	2.0314	-6.1292	-0.2104
953	V	N	-0.3041	2.0314	-19.4170	-0.3999
953	V	P	-0.3540	2.0314	-19.4170	-0.4652
953	V	Q	-0.2842	2.0314	-19.4170	-0.3738
953	V	R	-0.3335	2.0314	-19.4170	-0.4384
953	V	S	-0.1774	2.0314	-4.5443	-0.3334
953	V	T	-0.1009	2.0314	-6.1292	-0.2226
953	V	W	-0.2674	2.0314	-19.4170	-0.3518
953	V	Y	-0.2703	2.0314	-19.4170	-0.3556
954	H	A	-0.0209	2.0484	-5.0661	-0.1271
954	H	C	-0.1484	2.0484	-19.3538	-0.1985
954	H	D	-0.0652	2.0484	-4.4811	-0.1889
954	H	E	-0.0848	2.0484	-6.0660	-0.2040
954	H	F	-0.1155	2.0484	-19.3538	-0.1554
954	H	G	-0.1764	2.0484	-19.3538	-0.2352
954	H	I	-0.1042	2.0484	-4.4811	-0.2400
954	H	K	-0.0609	2.0484	-4.4811	-0.1833
954	H	L	-0.0758	2.0484	-6.0660	-0.1923
954	H	M	-0.0938	2.0484	-19.3538	-0.1270
954	H	N	-0.0054	2.0484	-0.7086	-0.1359
954	H	P	-0.2571	2.0484	-19.3538	-0.3408
954	H	Q	-0.0621	2.0484	-19.3538	-0.0855
954	H	R	-0.1302	2.0484	-19.3538	-0.1747
954	H	S	-0.0320	2.0484	-6.0660	-0.1349
954	H	T	-0.0688	2.0484	-4.4811	-0.1936
954	H	V	-0.1365	2.0484	-19.3538	-0.1829
954	H	W	-0.1317	2.0484	-19.3538	-0.1767
954	H	Y	-0.0657	2.0484	-19.3538	-0.0902
955	S	A	-0.1042	0.9673	-5.1293	-0.1054
955	S	C	-0.1496	0.9673	-4.1293	-0.1715
955	S	D	-0.2758	0.9673	-19.4170	-0.2346
955	S	E	-0.2490	0.9673	-19.4170	-0.1995
955	S	F	-0.2551	0.9673	-19.4170	-0.2076
955	S	G	-0.1862	0.9673	-19.4170	-0.1174
955	S	H	-0.2564	0.9673	-19.4170	-0.2092
955	S	I	-0.2583	0.9673	-19.4170	-0.2117
955	S	K	-0.2657	0.9673	-19.4170	-0.2214
955	S	L	-0.2545	0.9673	-19.4170	-0.2068
955	S	M	-0.2256	0.9673	-19.4170	-0.1689
955	S	N	-0.1994	0.9673	-19.4170	-0.1346
955	S	P	-0.2509	0.9673	-3.8074	-0.3063
955	S	Q	-0.2190	0.9673	-19.4170	-0.1603
955	S	R	-0.2710	0.9673	-19.4170	-0.2283
955	S	T	-0.1000	0.9673	-6.1292	-0.0932
955	S	V	-0.2325	0.9673	-19.4170	-0.1780
955	S	W	-0.2648	0.9673	-19.4170	-0.2203
955	S	Y	-0.2600	0.9673	-19.4170	-0.2139
956	Y	A	-0.2881	1.6264	-19.4375	-0.3300
956	Y	C	-0.1807	1.6264	-4.1498	-0.2916
956	Y	D	-0.2345	1.6264	-6.1496	-0.3486
956	Y	E	-0.2632	1.6264	-6.1496	-0.3862
956	Y	F	-0.0497	1.6264	-4.5648	-0.1173
956	Y	G	-0.3587	1.6264	-19.4375	-0.4224
956	Y	H	-0.1280	1.6264	-6.1496	-0.2092
956	Y	I	-0.3002	1.6264	-19.4375	-0.3458
956	Y	K	-0.2885	1.6264	-6.1496	-0.4193
956	Y	L	-0.2772	1.6264	-19.4375	-0.3158
956	Y	M	-0.2293	1.6264	-19.4375	-0.2531
956	Y	N	-0.2813	1.6264	-19.4375	-0.3211
956	Y	P	-0.4123	1.6264	-19.4375	-0.4926
956	Y	Q	-0.2329	1.6264	-5.1497	-0.3532
956	Y	R	-0.2787	1.6264	-5.1497	-0.4132
956	Y	S	-0.2148	1.6264	-4.1498	-0.3362
956	Y	T	-0.3115	1.6264	-19.4375	-0.3606
956	Y	V	-0.2897	1.6264	-19.4375	-0.3321
956	Y	W	-0.2057	1.6264	-19.4375	-0.2221
957	D	A	-0.1054	1.6644	-4.5648	-0.1947
957	D	C	-0.2227	1.6644	-19.4375	-0.2490
957	D	E	-0.0440	1.6644	-3.3424	-0.1226
957	D	F	-0.2814	1.6644	-19.4375	-0.3258
957	D	G	-0.1924	1.6644	-19.4375	-0.2093
957	D	H	-0.1177	1.6644	-5.1497	-0.2069
957	D	I	-0.2736	1.6644	-19.4375	-0.3156
957	D	K	-0.2520	1.6644	-19.4375	-0.2873
957	D	L	-0.2673	1.6644	-19.4375	-0.3073
957	D	M	-0.2060	1.6644	-19.4375	-0.2271
957	D	N	-0.0648	1.6644	-3.1498	-0.1511
957	D	P	-0.3182	1.6644	-19.4375	-0.3740
957	D	Q	-0.1404	1.6644	-6.1496	-0.2300
957	D	R	-0.2830	1.6644	-19.4375	-0.3279
957	D	S	-0.1877	1.6644	-19.4375	-0.2031
957	D	T	-0.2177	1.6644	-19.4375	-0.2424
957	D	V	-0.1605	1.6644	-6.1496	-0.2563
957	D	W	-0.2618	1.6644	-19.4375	-0.3002
957	D	Y	-0.1584	1.6644	-6.1496	-0.2536
958	P	A	-0.0832	1.6773	-4.5648	-0.1672
958	P	C	-0.1137	1.6773	-4.1498	-0.2100
958	P	D	-0.2176	1.6773	-19.4375	-0.2439
958	P	E	-0.2014	1.6773	-19.4375	-0.2227
958	P	F	-0.1473	1.6773	-5.1497	-0.2472
958	P	G	-0.1734	1.6773	-19.4375	-0.1860
958	P	H	-0.1978	1.6773	-19.4375	-0.2179
958	P	I	-0.2032	1.6773	-19.4375	-0.2250
958	P	K	-0.1931	1.6773	-19.4375	-0.2118
958	P	L	-0.1191	1.6773	-2.0623	-0.2310
958	P	M	-0.1587	1.6773	-19.4375	-0.1668
958	P	N	-0.1858	1.6773	-19.4375	-0.2022
958	P	Q	-0.1875	1.6773	-19.4375	-0.2044
958	P	R	-0.2289	1.6773	-19.4375	-0.2586
958	P	S	-0.0909	1.6773	-6.1496	-0.1668
958	P	T	-0.1031	1.6773	-6.1496	-0.1827
958	P	V	-0.1586	1.6773	-19.4375	-0.1666
958	P	W	-0.2327	1.6773	-19.4375	-0.2636
958	P	Y	-0.2212	1.6773	-19.4375	-0.2485
959	Q	A	-0.1596	1.3705	-19.4577	-0.1308
959	Q	C	-0.2058	1.3705	-19.4577	-0.1913
959	Q	D	-0.2461	1.3705	-19.4577	-0.2441
959	Q	E	-0.0867	1.3705	-4.1699	-0.1375
959	Q	F	-0.2138	1.3705	-19.4577	-0.2018
959	Q	G	-0.2302	1.3705	-19.4577	-0.2233
959	Q	H	-0.0928	1.3705	-6.1698	-0.1322
959	Q	I	-0.1952	1.3705	-19.4577	-0.1774
959	Q	K	-0.1249	1.3705	-6.1698	-0.1742
959	Q	L	-0.1785	1.3705	-19.4577	-0.1556
959	Q	M	-0.1495	1.3705	-19.4577	-0.1176
959	Q	N	-0.1752	1.3705	-19.4577	-0.1513
959	Q	P	-0.2552	1.3705	-4.1699	-0.3581
959	Q	R	-0.1116	1.3705	-3.8480	-0.1723
959	Q	S	-0.1102	1.3705	-6.1698	-0.1549
959	Q	T	-0.1879	1.3705	-19.4577	-0.1679
959	Q	V	-0.1953	1.3705	-19.4577	-0.1775
959	Q	W	-0.1454	1.3705	-6.1698	-0.2010
959	Q	Y	-0.2161	1.3705	-19.4577	-0.2048
960	G	A	-0.2045	1.0552	-6.1496	-0.2405
960	G	C	-0.3320	1.0552	-19.4375	-0.3187
960	G	D	-0.3325	1.0552	-19.4375	-0.3194
960	G	E	-0.2538	1.0552	-4.1498	-0.3185
960	G	F	-0.3701	1.0552	-19.4375	-0.3686
960	G	H	-0.3448	1.0552	-19.4375	-0.3355
960	G	I	-0.4158	1.0552	-19.4375	-0.4284
960	G	K	-0.3648	1.0552	-19.4375	-0.3616
960	G	L	-0.3840	1.0552	-19.4375	-0.3868
960	G	M	-0.3222	1.0552	-19.4375	-0.3059
960	G	N	-0.3329	1.0552	-19.4375	-0.3198
960	G	P	-0.4299	1.0552	-19.4375	-0.4469
960	G	Q	-0.3358	1.0552	-19.4375	-0.3236
960	G	R	-0.2648	1.0552	-2.9798	-0.3407
960	G	S	-0.2104	1.0552	-6.1496	-0.2482
960	G	T	-0.3551	1.0552	-19.4375	-0.3489
960	G	V	-0.3591	1.0552	-19.4375	-0.3541
960	G	W	-0.3699	1.0552	-19.4375	-0.3683
960	G	Y	-0.3705	1.0552	-19.4375	-0.3691
961	E	A	-0.2002	1.1554	-19.4577	-0.1580
961	E	C	-0.2695	1.1554	-19.4577	-0.2488
961	E	D	-0.1659	1.1554	-19.4577	-0.1131
961	E	F	-0.2471	1.1554	-19.4577	-0.2195
961	E	G	-0.1530	1.1554	-5.1699	-0.1917
961	E	H	-0.1706	1.1554	-6.1698	-0.2081
961	E	I	-0.2525	1.1554	-19.4577	-0.2265
961	E	K	-0.1492	1.1554	-5.1699	-0.1868
961	E	L	-0.1868	1.1554	-6.1698	-0.2293
961	E	M	-0.2034	1.1554	-19.4577	-0.1623
961	E	N	-0.2264	1.1554	-19.4577	-0.1923
961	E	P	-0.3571	1.1554	-19.4577	-0.3635
961	E	Q	-0.1048	1.1554	-6.1698	-0.1220
961	E	R	-0.2046	1.1554	-4.1699	-0.2660
961	E	S	-0.2136	1.1554	-19.4577	-0.1756
961	E	T	-0.2295	1.1554	-19.4577	-0.1964
961	E	V	-0.1405	1.1554	-5.1699	-0.1753
961	E	W	-0.2572	1.1554	-19.4577	-0.2327
961	E	Y	-0.2480	1.1554	-19.4577	-0.2206
962	G	A	-0.1553	1.5354	-5.1699	-0.2405
962	G	C	-0.2201	1.5354	-6.1698	-0.3187
962	G	D	-0.2207	1.5354	-6.1698	-0.3194
962	G	E	-0.2878	1.5354	-19.4577	-0.3185
962	G	F	-0.3260	1.5354	-19.4577	-0.3686
962	G	H	-0.2330	1.5354	-6.1698	-0.3355
962	G	I	-0.3039	1.5354	-6.1698	-0.4284
962	G	K	-0.3207	1.5354	-19.4577	-0.3616
962	G	L	-0.3399	1.5354	-19.4577	-0.3868
962	G	M	-0.2782	1.5354	-19.4577	-0.3059
962	G	N	-0.2888	1.5354	-19.4577	-0.3198
962	G	P	-0.3859	1.5354	-19.4577	-0.4469
962	G	Q	-0.2917	1.5354	-19.4577	-0.3236
962	G	R	-0.2318	1.5354	-5.1699	-0.3407
962	G	S	-0.1501	1.5354	-3.0000	-0.2482
962	G	T	-0.3110	1.5354	-19.4577	-0.3489
962	G	V	-0.2391	1.5354	-4.5850	-0.3541
962	G	W	-0.3258	1.5354	-19.4577	-0.3683
962	G	Y	-0.3264	1.5354	-19.4577	-0.3691
963	R	A	-0.3114	0.9157	-19.4577	-0.2748
963	R	C	-0.3203	0.9157	-19.4577	-0.2864
963	R	D	-0.4025	0.9157	-19.4577	-0.3940
963	R	E	-0.3477	0.9157	-19.4577	-0.3223
963	R	F	-0.3436	0.9157	-19.4577	-0.3169
963	R	G	-0.2647	0.9157	-3.3626	-0.3211
963	R	H	-0.2812	0.9157	-19.4577	-0.2352
963	R	I	-0.3408	0.9157	-19.4577	-0.3133
963	R	K	-0.1220	0.9157	-3.8480	-0.1311
963	R	L	-0.3139	0.9157	-19.4577	-0.2780
963	R	M	-0.2797	0.9157	-19.4577	-0.2333
963	R	N	-0.3263	0.9157	-19.4577	-0.2943
963	R	P	-0.4535	0.9157	-19.4577	-0.4608
963	R	Q	-0.2183	0.9157	-6.1698	-0.2417
963	R	S	-0.3120	0.9157	-19.4577	-0.2755
963	R	T	-0.3163	0.9157	-19.4577	-0.2812
963	R	V	-0.3279	0.9157	-19.4577	-0.2964
963	R	W	-0.3291	0.9157	-19.4577	-0.2980
963	R	Y	-0.3329	0.9157	-19.4577	-0.3029
964	V	A	-0.1241	1.5186	-5.1699	-0.1977
964	V	C	-0.1571	1.5186	-6.1698	-0.2342
964	V	D	-0.2907	1.5186	-5.1699	-0.4158
964	V	E	-0.2243	1.5186	-0.5261	-0.3599
964	V	F	-0.2742	1.5186	-19.4577	-0.2987
964	V	G	-0.3229	1.5186	-19.4577	-0.3624
964	V	H	-0.3666	1.5186	-19.4577	-0.4197
964	V	I	-0.1326	1.5186	-19.4577	-0.1133
964	V	K	-0.2789	1.5186	-3.5850	-0.4109
964	V	L	-0.1977	1.5186	-19.4577	-0.1985
964	V	M	-0.2068	1.5186	-19.4577	-0.2104
964	V	N	-0.3515	1.5186	-19.4577	-0.3999
964	V	P	-0.4014	1.5186	-19.4577	-0.4652
964	V	Q	-0.3316	1.5186	-19.4577	-0.3738
964	V	R	-0.3131	1.5186	-6.1698	-0.4384
964	V	S	-0.3007	1.5186	-19.4577	-0.3334
964	V	T	-0.2161	1.5186	-19.4577	-0.2226
964	V	W	-0.3148	1.5186	-19.4577	-0.3518
964	V	Y	-0.3177	1.5186	-19.4577	-0.3556
965	D	A	-0.1329	1.4538	-6.1698	-0.1947
965	D	C	-0.1744	1.4538	-6.1698	-0.2490
965	D	E	-0.0660	1.4538	-3.8480	-0.1226
965	D	F	-0.3009	1.4538	-19.4577	-0.3258
965	D	G	-0.1339	1.4538	-4.1699	-0.2093
965	D	H	-0.1371	1.4538	-5.1699	-0.2069
965	D	I	-0.2931	1.4538	-19.4577	-0.3156
965	D	K	-0.2037	1.4538	-6.1698	-0.2873
965	D	L	-0.2867	1.4538	-19.4577	-0.3073
965	D	M	-0.2255	1.4538	-19.4577	-0.2271
965	D	N	-0.0996	1.4538	-6.1698	-0.1511
965	D	P	-0.3377	1.4538	-19.4577	-0.3740
965	D	Q	-0.1599	1.4538	-6.1698	-0.2300
965	D	R	-0.2347	1.4538	-6.1698	-0.3279
965	D	S	-0.2071	1.4538	-19.4577	-0.2031
965	D	T	-0.2372	1.4538	-19.4577	-0.2424
965	D	V	-0.2478	1.4538	-19.4577	-0.2563
965	D	W	-0.2813	1.4538	-19.4577	-0.3002
965	D	Y	-0.2457	1.4538	-19.4577	-0.2536
966	P	A	-0.0624	1.8473	-3.5648	-0.1672
966	P	C	-0.1761	1.8473	-19.4375	-0.2100
966	P	D	-0.2020	1.8473	-19.4375	-0.2439
966	P	E	-0.1858	1.8473	-19.4375	-0.2227
966	P	F	-0.1316	1.8473	-5.1497	-0.2472
966	P	G	-0.1578	1.8473	-19.4375	-0.1860
966	P	H	-0.1821	1.8473	-19.4375	-0.2179
966	P	I	-0.1198	1.8473	-6.1496	-0.2250
966	P	K	-0.1097	1.8473	-6.1496	-0.2118
966	P	L	-0.1243	1.8473	-6.1496	-0.2310
966	P	M	-0.1431	1.8473	-19.4375	-0.1668
966	P	N	-0.1023	1.8473	-6.1496	-0.2022
966	P	Q	-0.1718	1.8473	-19.4375	-0.2044
966	P	R	-0.2132	1.8473	-19.4375	-0.2586
966	P	S	-0.0672	1.8473	-4.5648	-0.1668
966	P	T	-0.0596	1.8473	-0.6904	-0.1827
966	P	V	-0.1430	1.8473	-19.4375	-0.1666
966	P	W	-0.2170	1.8473	-19.4375	-0.2636
966	P	Y	-0.2055	1.8473	-19.4375	-0.2485
967	D	A	-0.0688	2.1506	-6.1698	-0.1947
967	D	C	-0.1103	2.1506	-6.1698	-0.2490
967	D	E	-0.0815	2.1506	-19.4577	-0.1226
967	D	F	-0.2368	2.1506	-19.4577	-0.3258
967	D	G	-0.0638	2.1506	-3.0000	-0.2093
967	D	H	-0.0679	2.1506	-4.1699	-0.2069
967	D	I	-0.1612	2.1506	-6.1698	-0.3156
967	D	K	-0.2073	2.1506	-19.4577	-0.2873
967	D	L	-0.2226	2.1506	-19.4577	-0.3073
967	D	M	-0.1614	2.1506	-19.4577	-0.2271
967	D	N	-0.0304	2.1506	-5.1699	-0.1511
967	D	P	-0.2736	2.1506	-19.4577	-0.3740
967	D	Q	-0.1636	2.1506	-19.4577	-0.2300
967	D	R	-0.1705	2.1506	-6.1698	-0.3279
967	D	S	-0.0671	2.1506	-4.5850	-0.2031
967	D	T	-0.1052	2.1506	-6.1698	-0.2424
967	D	V	-0.1015	2.1506	-3.3626	-0.2563
967	D	W	-0.2172	2.1506	-19.4577	-0.3002
967	D	Y	-0.1816	2.1506	-19.4577	-0.2536
968	L	A	-0.2936	1.2145	-19.4577	-0.2874
968	L	C	-0.2828	1.2145	-19.4577	-0.2733
968	L	D	-0.4151	1.2145	-19.4577	-0.4465
968	L	E	-0.3831	1.2145	-19.4577	-0.4047
968	L	F	-0.2270	1.2145	-19.4577	-0.2003
968	L	G	-0.3684	1.2145	-19.4577	-0.3854
968	L	H	-0.3359	1.2145	-19.4577	-0.3429
968	L	I	-0.0999	1.2145	-6.1698	-0.1226
968	L	K	-0.3822	1.2145	-19.4577	-0.4034
968	L	M	-0.1232	1.2145	-6.1698	-0.1531
968	L	N	-0.3614	1.2145	-19.4577	-0.3762
968	L	P	-0.3092	1.2145	-6.1698	-0.3966
968	L	Q	-0.3143	1.2145	-19.4577	-0.3146
968	L	R	-0.3738	1.2145	-19.4577	-0.3924
968	L	S	-0.2385	1.2145	-2.7105	-0.3272
968	L	T	-0.2967	1.2145	-19.4577	-0.2915
968	L	V	-0.1259	1.2145	-4.1699	-0.1701
968	L	W	-0.3262	1.2145	-19.4577	-0.3301
968	L	Y	-0.3191	1.2145	-19.4577	-0.3208
969	S	A	-0.0411	1.6224	-4.5850	-0.1054
969	S	C	-0.0946	1.6224	-5.1699	-0.1715
969	S	D	-0.2157	1.6224	-19.4577	-0.2346
969	S	E	-0.1889	1.6224	-19.4577	-0.1995
969	S	F	-0.1222	1.6224	-5.1699	-0.2076
969	S	G	-0.1262	1.6224	-19.4577	-0.1174
969	S	H	-0.1963	1.6224	-19.4577	-0.2092
969	S	I	-0.1982	1.6224	-19.4577	-0.2117
969	S	K	-0.2056	1.6224	-19.4577	-0.2214
969	S	L	-0.1135	1.6224	-3.5850	-0.2068
969	S	M	-0.1655	1.6224	-19.4577	-0.1689
969	S	N	-0.1393	1.6224	-19.4577	-0.1346
969	S	P	-0.1946	1.6224	-4.5850	-0.3063
969	S	Q	-0.1589	1.6224	-19.4577	-0.1603
969	S	R	-0.1380	1.6224	-5.1699	-0.2283
969	S	T	-0.0399	1.6224	-6.1698	-0.0932
969	S	V	-0.1725	1.6224	-19.4577	-0.1780
969	S	W	-0.2048	1.6224	-19.4577	-0.2203
969	S	Y	-0.1321	1.6224	-6.1698	-0.2139
970	K	A	-0.1703	1.4995	-19.4577	-0.1604
970	K	C	-0.2405	1.4995	-19.4577	-0.2523
970	K	D	-0.2793	1.4995	-19.4577	-0.3031
970	K	E	-0.1142	1.4995	-3.5850	-0.1930
970	K	F	-0.2414	1.4995	-19.4577	-0.2535
970	K	G	-0.2295	1.4995	-19.4577	-0.2379
970	K	H	-0.1804	1.4995	-19.4577	-0.1736
970	K	I	-0.2087	1.4995	-19.4577	-0.2106
970	K	L	-0.2074	1.4995	-19.4577	-0.2089
970	K	M	-0.1126	1.4995	-6.1698	-0.1736
970	K	N	-0.1089	1.4995	-3.8480	-0.1843
970	K	P	-0.3446	1.4995	-19.4577	-0.3886
970	K	Q	-0.0937	1.4995	-4.5850	-0.1594
970	K	R	-0.0259	1.4995	-4.1699	-0.0735
970	K	S	-0.1805	1.4995	-19.4577	-0.1737
970	K	T	-0.1245	1.4995	-6.1698	-0.1892
970	K	V	-0.1925	1.4995	-19.4577	-0.1895
970	K	W	-0.2504	1.4995	-19.4577	-0.2653
970	K	Y	-0.2263	1.4995	-19.4577	-0.2337
971	P	A	-0.2007	1.2263	-19.4577	-0.1672
971	P	C	-0.1604	1.2263	-5.1699	-0.2100
971	P	D	-0.2592	1.2263	-19.4577	-0.2439
971	P	E	-0.2430	1.2263	-19.4577	-0.2227
971	P	F	-0.1859	1.2263	-4.5850	-0.2472
971	P	G	-0.2150	1.2263	-19.4577	-0.1860
971	P	H	-0.1716	1.2263	-6.1698	-0.2179
971	P	I	-0.2448	1.2263	-19.4577	-0.2250
971	P	K	-0.2347	1.2263	-19.4577	-0.2118
971	P	L	-0.2494	1.2263	-19.4577	-0.2310
971	P	M	-0.2003	1.2263	-19.4577	-0.1668
971	P	N	-0.2274	1.2263	-19.4577	-0.2022
971	P	Q	-0.1613	1.2263	-6.1698	-0.2044
971	P	R	-0.2027	1.2263	-6.1698	-0.2586
971	P	S	-0.1172	1.2263	-3.1699	-0.1668
971	P	T	-0.2125	1.2263	-19.4577	-0.1827
971	P	V	-0.2002	1.2263	-19.4577	-0.1666
971	P	W	-0.2743	1.2263	-19.4577	-0.2636
971	P	Y	-0.2628	1.2263	-19.4577	-0.2485
972	K	A	-0.1247	1.9949	-19.4577	-0.1604
972	K	C	-0.1949	1.9949	-19.4577	-0.2523
972	K	D	-0.1659	1.9949	-6.1698	-0.3031
972	K	E	-0.0716	1.9949	-4.1699	-0.1930
972	K	F	-0.1958	1.9949	-19.4577	-0.2535
972	K	G	-0.1839	1.9949	-19.4577	-0.2379
972	K	H	-0.1348	1.9949	-19.4577	-0.1736
972	K	I	-0.1631	1.9949	-19.4577	-0.2106
972	K	L	-0.1618	1.9949	-19.4577	-0.2089
972	K	M	-0.1348	1.9949	-19.4577	-0.1736
972	K	N	-0.0609	1.9949	-3.3626	-0.1843
972	K	P	-0.2990	1.9949	-19.4577	-0.3886
972	K	Q	-0.0481	1.9949	-4.5850	-0.1594
972	K	R	0.0146	1.9949	-5.1699	-0.0735
972	K	S	-0.0620	1.9949	-5.1699	-0.1737
972	K	T	-0.0636	1.9949	-3.1699	-0.1892
972	K	V	-0.0792	1.9949	-6.1698	-0.1895
972	K	W	-0.2049	1.9949	-19.4577	-0.2653
972	K	Y	-0.1807	1.9949	-19.4577	-0.2337
973	N	A	-0.1402	1.8962	-19.4577	-0.1688
973	N	C	-0.1901	1.8962	-19.4577	-0.2341
973	N	D	-0.0475	1.8962	-0.6464	-0.1730
973	N	E	-0.0947	1.8962	-4.5850	-0.2085
973	N	F	-0.1974	1.8962	-19.4577	-0.2436
973	N	G	-0.0951	1.8962	-4.5850	-0.2091
973	N	H	-0.0655	1.8962	-3.8480	-0.1753
973	N	I	-0.1227	1.8962	-6.1698	-0.2346
973	N	K	-0.0756	1.8962	-6.1698	-0.1730
973	N	L	-0.1969	1.8962	-19.4577	-0.2430
973	N	M	-0.1511	1.8962	-19.4577	-0.1830
973	N	P	-0.3058	1.8962	-19.4577	-0.3856
973	N	Q	-0.1342	1.8962	-19.4577	-0.1609
973	N	R	-0.1756	1.8962	-19.4577	-0.2151
973	N	S	-0.0372	1.8962	-5.1699	-0.1294
973	N	T	-0.0868	1.8962	-5.1699	-0.1943
973	N	V	-0.1839	1.8962	-19.4577	-0.2259
973	N	W	-0.2025	1.8962	-19.4577	-0.2503
973	N	Y	-0.1810	1.8962	-19.4577	-0.2221
974	L	A	-0.3092	1.0459	-19.4776	-0.2874
974	L	C	-0.2984	1.0459	-19.4776	-0.2733
974	L	D	-0.4307	1.0459	-19.4776	-0.4465
974	L	E	-0.3988	1.0459	-19.4776	-0.4047
974	L	F	-0.1667	1.0459	-4.6049	-0.2003
974	L	G	-0.3840	1.0459	-19.4776	-0.3854
974	L	H	-0.2837	1.0459	-6.1897	-0.3429
974	L	I	-0.1833	1.0459	-19.4776	-0.1226
974	L	K	-0.3978	1.0459	-19.4776	-0.4034
974	L	M	-0.2066	1.0459	-19.4776	-0.1531
974	L	N	-0.3092	1.0459	-6.1897	-0.3762
974	L	P	-0.3129	1.0459	-3.8679	-0.3966
974	L	Q	-0.3299	1.0459	-19.4776	-0.3146
974	L	R	-0.3894	1.0459	-19.4776	-0.3924
974	L	S	-0.3396	1.0459	-19.4776	-0.3272
974	L	T	-0.2364	1.0459	-4.6049	-0.2915
974	L	V	-0.2196	1.0459	-19.4776	-0.1701
974	L	W	-0.3418	1.0459	-19.4776	-0.3301
974	L	Y	-0.3347	1.0459	-19.4776	-0.3208
975	A	C	-0.1835	1.5539	-19.4776	-0.1841
975	A	D	-0.1974	1.5539	-6.1897	-0.2911
975	A	E	-0.1780	1.5539	-5.1898	-0.2723
975	A	F	-0.2336	1.5539	-19.4776	-0.2497
975	A	G	-0.1770	1.5539	-19.4776	-0.1756
975	A	H	-0.2378	1.5539	-19.4776	-0.2551
975	A	I	-0.2232	1.5539	-19.4776	-0.2360
975	A	K	-0.2556	1.5539	-19.4776	-0.2784
975	A	L	-0.2279	1.5539	-19.4776	-0.2422
975	A	M	-0.1867	1.5539	-19.4776	-0.1882
975	A	N	-0.2356	1.5539	-19.4776	-0.2523
975	A	P	-0.3050	1.5539	-19.4776	-0.3431
975	A	Q	-0.2331	1.5539	-19.4776	-0.2490
975	A	R	-0.2662	1.5539	-19.4776	-0.2924
975	A	S	-0.0723	1.5539	-4.6049	-0.1379
975	A	T	-0.0813	1.5539	-5.1898	-0.1457
975	A	V	-0.0600	1.5539	-1.6049	-0.1418
975	A	W	-0.2446	1.5539	-19.4776	-0.2640
975	A	Y	-0.2528	1.5539	-19.4776	-0.2748
976	P	A	-0.1454	1.0903	-6.1698	-0.1672
976	P	C	-0.2459	1.0903	-19.4577	-0.2100
976	P	D	-0.2718	1.0903	-19.4577	-0.2439
976	P	E	-0.2556	1.0903	-19.4577	-0.2227
976	P	F	-0.2065	1.0903	-6.1698	-0.2472
976	P	G	-0.2275	1.0903	-19.4577	-0.1860
976	P	H	-0.2519	1.0903	-19.4577	-0.2179
976	P	I	-0.2573	1.0903	-19.4577	-0.2250
976	P	K	-0.2472	1.0903	-19.4577	-0.2118
976	P	L	-0.1890	1.0903	-5.1699	-0.2310
976	P	M	-0.1451	1.0903	-6.1698	-0.1668
976	P	N	-0.2399	1.0903	-19.4577	-0.2022
976	P	Q	-0.2416	1.0903	-19.4577	-0.2044
976	P	R	-0.2830	1.0903	-19.4577	-0.2586
976	P	S	-0.1297	1.0903	-3.1699	-0.1668
976	P	T	-0.2250	1.0903	-19.4577	-0.1827
976	P	V	-0.1449	1.0903	-6.1698	-0.1666
976	P	W	-0.2868	1.0903	-19.4577	-0.2636
976	P	Y	-0.2753	1.0903	-19.4577	-0.2485
977	L	A	-0.3063	1.0745	-19.4375	-0.2874
977	L	C	-0.2956	1.0745	-19.4375	-0.2733
977	L	D	-0.4279	1.0745	-19.4375	-0.4465
977	L	E	-0.3959	1.0745	-19.4375	-0.4047
977	L	F	-0.1588	1.0745	-3.5648	-0.2003
977	L	G	-0.3812	1.0745	-19.4375	-0.3854
977	L	H	-0.3487	1.0745	-19.4375	-0.3429
977	L	I	-0.1126	1.0745	-6.1496	-0.1226
977	L	K	-0.3949	1.0745	-19.4375	-0.4034
977	L	M	-0.2037	1.0745	-19.4375	-0.1531
977	L	N	-0.3742	1.0745	-19.4375	-0.3762
977	L	P	-0.3897	1.0745	-19.4375	-0.3966
977	L	Q	-0.3271	1.0745	-19.4375	-0.3146
977	L	R	-0.3865	1.0745	-19.4375	-0.3924
977	L	S	-0.2546	1.0745	-3.3424	-0.3272
977	L	T	-0.2417	1.0745	-6.1496	-0.2915
977	L	V	-0.2167	1.0745	-19.4375	-0.1701
977	L	W	-0.3389	1.0745	-19.4375	-0.3301
977	L	Y	-0.3318	1.0745	-19.4375	-0.3208
978	Q	A	-0.0418	1.8236	-4.5443	-0.1308
978	Q	C	-0.1639	1.8236	-19.4170	-0.1913
978	Q	D	-0.1364	1.8236	-6.1292	-0.2441
978	Q	E	-0.1228	1.8236	-19.4170	-0.1375
978	Q	F	-0.1719	1.8236	-19.4170	-0.2018
978	Q	G	-0.1883	1.8236	-19.4170	-0.2233
978	Q	H	-0.1188	1.8236	-19.4170	-0.1322
978	Q	I	-0.1533	1.8236	-19.4170	-0.1774
978	Q	K	-0.0830	1.8236	-6.1292	-0.1742
978	Q	L	-0.0545	1.8236	-3.3219	-0.1556
978	Q	M	-0.1076	1.8236	-19.4170	-0.1176
978	Q	N	-0.1333	1.8236	-19.4170	-0.1513
978	Q	P	-0.2004	1.8236	-1.6058	-0.3581
978	Q	R	-0.0816	1.8236	-6.1292	-0.1723
978	Q	S	-0.1361	1.8236	-19.4170	-0.1549
978	Q	T	-0.1460	1.8236	-19.4170	-0.1679
978	Q	V	-0.1534	1.8236	-19.4170	-0.1775
978	Q	W	-0.1713	1.8236	-19.4170	-0.2010
978	Q	Y	-0.1742	1.8236	-19.4170	-0.2048
979	E	A	-0.0761	1.7086	-5.1293	-0.1580
979	E	C	-0.2184	1.7086	-19.4170	-0.2488
979	E	D	-0.0388	1.7086	-4.5443	-0.1131
979	E	F	-0.1960	1.7086	-19.4170	-0.2195
979	E	G	-0.0795	1.7086	-0.7370	-0.1917
979	E	H	-0.1873	1.7086	-19.4170	-0.2081
979	E	I	-0.2014	1.7086	-19.4170	-0.2265
979	E	K	-0.1710	1.7086	-19.4170	-0.1868
979	E	L	-0.2035	1.7086	-19.4170	-0.2293
979	E	M	-0.1523	1.7086	-19.4170	-0.1623
979	E	N	-0.1752	1.7086	-19.4170	-0.1923
979	E	P	-0.3060	1.7086	-19.4170	-0.3635
979	E	Q	-0.1215	1.7086	-19.4170	-0.1220
979	E	R	-0.1586	1.7086	-5.1293	-0.2660
979	E	S	-0.0866	1.7086	-4.5443	-0.1756
979	E	T	-0.1784	1.7086	-19.4170	-0.1964
979	E	V	-0.0944	1.7086	-6.1292	-0.1753
979	E	W	-0.2061	1.7086	-19.4170	-0.2327
979	E	Y	-0.1969	1.7086	-19.4170	-0.2206
980	S	A	-0.0637	2.1975	-19.3752	-0.1054
980	S	C	-0.0412	2.1975	-5.0874	-0.1715
980	S	D	-0.0827	2.1975	-3.7655	-0.2346
980	S	E	-0.1355	2.1975	-19.3752	-0.1995
980	S	F	-0.1417	2.1975	-19.3752	-0.2076
980	S	G	-0.0050	2.1975	-6.0874	-0.1174
980	S	H	-0.0700	2.1975	-5.0874	-0.2092
980	S	I	-0.1449	2.1975	-19.3752	-0.2117
980	S	K	-0.0845	2.1975	-6.0874	-0.2214
980	S	L	-0.1411	2.1975	-19.3752	-0.2068
980	S	M	-0.1122	2.1975	-19.3752	-0.1689
980	S	N	0.0082	2.1975	-0.9176	-0.1346
980	S	P	-0.2171	2.1975	-19.3752	-0.3063
980	S	Q	-0.0378	2.1975	-6.0874	-0.1603
980	S	R	-0.0816	2.1975	-4.5025	-0.2283
980	S	T	0.0215	2.1975	-4.5025	-0.0932
980	S	V	-0.1191	2.1975	-19.3752	-0.1780
980	S	W	-0.1514	2.1975	-19.3752	-0.2203
980	S	Y	-0.1465	2.1975	-19.3752	-0.2139
981	Q	A	-0.1344	1.6401	-19.3752	-0.1308
981	Q	C	-0.1806	1.6401	-19.3752	-0.1913
981	Q	D	-0.2209	1.6401	-19.3752	-0.2441
981	Q	E	-0.0717	1.6401	-6.0874	-0.1375
981	Q	F	-0.1886	1.6401	-19.3752	-0.2018
981	Q	G	-0.2050	1.6401	-19.3752	-0.2233
981	Q	H	-0.0676	1.6401	-6.0874	-0.1322
981	Q	I	-0.1700	1.6401	-19.3752	-0.1774
981	Q	K	-0.0916	1.6401	-4.5025	-0.1742
981	Q	L	-0.0736	1.6401	-3.7655	-0.1556
981	Q	M	-0.1243	1.6401	-19.3752	-0.1176
981	Q	N	-0.1500	1.6401	-19.3752	-0.1513
981	Q	P	-0.2300	1.6401	-4.0875	-0.3581
981	Q	R	-0.0829	1.6401	-3.0875	-0.1723
981	Q	S	-0.1528	1.6401	-19.3752	-0.1549
981	Q	T	-0.1627	1.6401	-19.3752	-0.1679
981	Q	V	-0.1700	1.6401	-19.3752	-0.1775
981	Q	W	-0.1880	1.6401	-19.3752	-0.2010
981	Q	Y	-0.1909	1.6401	-19.3752	-0.2048
982	E	A	-0.1839	1.3276	-19.3752	-0.1580
982	E	C	-0.2532	1.3276	-19.3752	-0.2488
982	E	D	-0.0675	1.3276	-3.2801	-0.1131
982	E	F	-0.2309	1.3276	-19.3752	-0.2195
982	E	G	-0.1367	1.3276	-5.0874	-0.1917
982	E	H	-0.2222	1.3276	-19.3752	-0.2081
982	E	I	-0.2362	1.3276	-19.3752	-0.2265
982	E	K	-0.1300	1.3276	-4.5025	-0.1868
982	E	L	-0.2383	1.3276	-19.3752	-0.2293
982	E	M	-0.1872	1.3276	-19.3752	-0.1623
982	E	N	-0.2101	1.3276	-19.3752	-0.1923
982	E	P	-0.3409	1.3276	-19.3752	-0.3635
982	E	Q	-0.0784	1.3276	-4.0875	-0.1220
982	E	R	-0.2664	1.3276	-19.3752	-0.2660
982	E	S	-0.1973	1.3276	-19.3752	-0.1756
982	E	T	-0.2132	1.3276	-19.3752	-0.1964
982	E	V	-0.1293	1.3276	-6.0874	-0.1753
982	E	W	-0.2409	1.3276	-19.3752	-0.2327
982	E	Y	-0.2317	1.3276	-19.3752	-0.2206
983	S	A	-0.1088	0.8816	-4.5025	-0.1054
983	S	C	-0.2352	0.8816	-19.3752	-0.1715
983	S	D	-0.2834	0.8816	-19.3752	-0.2346
983	S	E	-0.2566	0.8816	-19.3752	-0.1995
983	S	F	-0.2628	0.8816	-19.3752	-0.2076
983	S	G	-0.1939	0.8816	-19.3752	-0.1174
983	S	H	-0.2640	0.8816	-19.3752	-0.2092
983	S	I	-0.2659	0.8816	-19.3752	-0.2117
983	S	K	-0.2733	0.8816	-19.3752	-0.2214
983	S	L	-0.1863	0.8816	-4.5025	-0.2068
983	S	M	-0.2332	0.8816	-19.3752	-0.1689
983	S	N	-0.2070	0.8816	-19.3752	-0.1346
983	S	P	-0.2623	0.8816	-4.5025	-0.3063
983	S	Q	-0.2267	0.8816	-19.3752	-0.1603
983	S	R	-0.2786	0.8816	-19.3752	-0.2283
983	S	T	-0.1076	0.8816	-6.0874	-0.0932
983	S	V	-0.2402	0.8816	-19.3752	-0.1780
983	S	W	-0.2725	0.8816	-19.3752	-0.2203
983	S	Y	-0.2676	0.8816	-19.3752	-0.2139
984	Y	A	-0.2685	1.8363	-19.3752	-0.3300
984	Y	C	-0.2391	1.8363	-19.3752	-0.2916
984	Y	D	-0.2827	1.8363	-19.3752	-0.3486
984	Y	E	-0.3114	1.8363	-19.3752	-0.3862
984	Y	F	-0.0301	1.8363	-4.5025	-0.1173
984	Y	G	-0.3390	1.8363	-19.3752	-0.4224
984	Y	H	-0.0952	1.8363	-3.5025	-0.2092
984	Y	I	-0.2127	1.8363	-6.0874	-0.3458
984	Y	K	-0.3367	1.8363	-19.3752	-0.4193
984	Y	L	-0.1898	1.8363	-6.0874	-0.3158
984	Y	M	-0.2097	1.8363	-19.3752	-0.2531
984	Y	N	-0.1888	1.8363	-5.0874	-0.3211
984	Y	P	-0.3249	1.8363	-6.0874	-0.4926
984	Y	Q	-0.2103	1.8363	-4.5025	-0.3532
984	Y	R	-0.2642	1.8363	-6.0874	-0.4132
984	Y	S	-0.1952	1.8363	-4.0875	-0.3362
984	Y	T	-0.2918	1.8363	-19.3752	-0.3606
984	Y	V	-0.2701	1.8363	-19.3752	-0.3321
984	Y	W	-0.1860	1.8363	-19.3752	-0.2221
985	T	A	-0.0365	1.9560	-1.4081	-0.1608
985	T	C	-0.1641	1.9560	-19.3963	-0.2077
985	T	D	-0.2439	1.9560	-19.3963	-0.3121
985	T	E	-0.2192	1.9560	-19.3963	-0.2798
985	T	F	-0.2356	1.9560	-19.3963	-0.3012
985	T	G	-0.1289	1.9560	-5.1085	-0.2570
985	T	H	-0.2158	1.9560	-19.3963	-0.2754
985	T	I	-0.0864	1.9560	-6.1084	-0.1947
985	T	K	-0.2114	1.9560	-19.3963	-0.2696
985	T	L	-0.2061	1.9560	-19.3963	-0.2627
985	T	M	-0.1731	1.9560	-19.3963	-0.2194
985	T	N	-0.1839	1.9560	-19.3963	-0.2336
985	T	P	-0.2197	1.9560	-5.1085	-0.3759
985	T	Q	-0.1934	1.9560	-19.3963	-0.2460
985	T	R	-0.1464	1.9560	-6.1084	-0.2733
985	T	S	-0.0191	1.9560	-5.1085	-0.1133
985	T	V	-0.0659	1.9560	-4.5236	-0.1784
985	T	W	-0.1606	1.9560	-6.1084	-0.2919
985	T	Y	-0.2370	1.9560	-19.3963	-0.3031
986	T	A	0.0081	2.6483	-5.1497	-0.1608
986	T	C	-0.1006	2.6483	-19.4375	-0.2077
986	T	D	-0.1804	2.6483	-19.4375	-0.3121
986	T	E	-0.0879	2.6483	-6.1496	-0.2798
986	T	F	-0.1043	2.6483	-6.1496	-0.3012
986	T	G	-0.1383	2.6483	-19.4375	-0.2570
986	T	H	-0.0615	2.6483	-1.6262	-0.2754
986	T	I	-0.0907	2.6483	-19.4375	-0.1947
986	T	K	-0.1479	2.6483	-19.4375	-0.2696
986	T	L	-0.0528	2.6483	-1.8279	-0.2627
986	T	M	-0.1096	2.6483	-19.4375	-0.2194
986	T	N	-0.1204	2.6483	-19.4375	-0.2336
986	T	P	-0.1495	2.6483	-3.8278	-0.3759
986	T	Q	-0.0519	2.6483	-4.1498	-0.2460
986	T	R	-0.0727	2.6483	-4.1498	-0.2733
986	T	S	0.0393	2.6483	-6.1496	-0.1133
986	T	V	-0.0105	2.6483	-6.1496	-0.1784
986	T	W	-0.1650	2.6483	-19.4375	-0.2919
986	T	Y	-0.1735	2.6483	-19.4375	-0.3031
987	G	A	-0.2246	1.5729	-19.4375	-0.2405
987	G	C	-0.2844	1.5729	-19.4375	-0.3187
987	G	D	-0.2849	1.5729	-19.4375	-0.3194
987	G	E	-0.1960	1.5729	-2.1498	-0.3185
987	G	F	-0.3225	1.5729	-19.4375	-0.3686
987	G	H	-0.2972	1.5729	-19.4375	-0.3355
987	G	I	-0.3682	1.5729	-19.4375	-0.4284
987	G	K	-0.2493	1.5729	-6.1496	-0.3616
987	G	L	-0.3364	1.5729	-19.4375	-0.3868
987	G	M	-0.2746	1.5729	-19.4375	-0.3059
987	G	N	-0.2852	1.5729	-19.4375	-0.3198
987	G	P	-0.3823	1.5729	-19.4375	-0.4469
987	G	Q	-0.2203	1.5729	-6.1496	-0.3236
987	G	R	-0.2145	1.5729	-2.4493	-0.3407
987	G	S	-0.2305	1.5729	-19.4375	-0.2482
987	G	T	-0.3074	1.5729	-19.4375	-0.3489
987	G	V	-0.3114	1.5729	-19.4375	-0.3541
987	G	W	-0.3223	1.5729	-19.4375	-0.3683
987	G	Y	-0.3229	1.5729	-19.4375	-0.3691
988	T	A	-0.0653	1.7034	-2.4894	-0.1608
988	T	C	-0.1878	1.7034	-19.4776	-0.2077
988	T	D	-0.2675	1.7034	-19.4776	-0.3121
988	T	E	-0.2429	1.7034	-19.4776	-0.2798
988	T	F	-0.2592	1.7034	-19.4776	-0.3012
988	T	G	-0.1576	1.7034	-6.1897	-0.2570
988	T	H	-0.2395	1.7034	-19.4776	-0.2754
988	T	I	-0.1101	1.7034	-6.1897	-0.1947
988	T	K	-0.2351	1.7034	-19.4776	-0.2696
988	T	L	-0.2298	1.7034	-19.4776	-0.2627
988	T	M	-0.1967	1.7034	-19.4776	-0.2194
988	T	N	-0.1317	1.7034	-4.6049	-0.2336
988	T	P	-0.2434	1.7034	-5.1898	-0.3759
988	T	Q	-0.2170	1.7034	-19.4776	-0.2460
988	T	R	-0.1701	1.7034	-6.1897	-0.2733
988	T	S	-0.0360	1.7034	-3.8679	-0.1133
988	T	V	-0.1654	1.7034	-19.4776	-0.1784
988	T	W	-0.2521	1.7034	-19.4776	-0.2919
988	T	Y	-0.2607	1.7034	-19.4776	-0.3031
989	P	A	-0.0858	1.6817	-5.1699	-0.1672
989	P	C	-0.1914	1.6817	-19.4577	-0.2100
989	P	D	-0.2173	1.6817	-19.4577	-0.2439
989	P	E	-0.2011	1.6817	-19.4577	-0.2227
989	P	F	-0.2199	1.6817	-19.4577	-0.2472
989	P	G	-0.1053	1.6817	-6.1698	-0.1860
989	P	H	-0.1297	1.6817	-6.1698	-0.2179
989	P	I	-0.2029	1.6817	-19.4577	-0.2250
989	P	K	-0.1928	1.6817	-19.4577	-0.2118
989	P	L	-0.1254	1.6817	-3.3626	-0.2310
989	P	M	-0.1584	1.6817	-19.4577	-0.1668
989	P	N	-0.1855	1.6817	-19.4577	-0.2022
989	P	Q	-0.1143	1.6817	-5.1699	-0.2044
989	P	R	-0.2286	1.6817	-19.4577	-0.2586
989	P	S	-0.0826	1.6817	-4.5850	-0.1668
989	P	T	-0.0885	1.6817	-3.3626	-0.1827
989	P	V	-0.1583	1.6817	-19.4577	-0.1666
989	P	W	-0.2324	1.6817	-19.4577	-0.2636
989	P	Y	-0.2209	1.6817	-19.4577	-0.2485
990	K	A	-0.1265	1.1831	-5.1699	-0.1604
990	K	C	-0.2696	1.1831	-19.4577	-0.2523
990	K	D	-0.3084	1.1831	-19.4577	-0.3031
990	K	E	-0.1565	1.1831	-6.1698	-0.1930
990	K	F	-0.2705	1.1831	-19.4577	-0.2535
990	K	G	-0.1908	1.1831	-6.1698	-0.2379
990	K	H	-0.2095	1.1831	-19.4577	-0.1736
990	K	I	-0.2378	1.1831	-19.4577	-0.2106
990	K	L	-0.2365	1.1831	-19.4577	-0.2089
990	K	M	-0.2095	1.1831	-19.4577	-0.1736
990	K	N	-0.1499	1.1831	-6.1698	-0.1843
990	K	P	-0.3737	1.1831	-19.4577	-0.3886
990	K	Q	-0.1207	1.1831	-4.1699	-0.1594
990	K	R	-0.0652	1.1831	-6.1698	-0.0735
990	K	S	-0.1367	1.1831	-5.1699	-0.1737
990	K	T	-0.1536	1.1831	-6.1698	-0.1892
990	K	V	-0.2217	1.1831	-19.4577	-0.1895
990	K	W	-0.2796	1.1831	-19.4577	-0.2653
990	K	Y	-0.2554	1.1831	-19.4577	-0.2337
991	A	C	-0.1830	1.5543	-19.3752	-0.1841
991	A	D	-0.2647	1.5543	-19.3752	-0.2911
991	A	E	-0.2503	1.5543	-19.3752	-0.2723
991	A	F	-0.2331	1.5543	-19.3752	-0.2497
991	A	G	-0.1765	1.5543	-19.3752	-0.1756
991	A	H	-0.2372	1.5543	-19.3752	-0.2551
991	A	I	-0.2226	1.5543	-19.3752	-0.2360
991	A	K	-0.1872	1.5543	-6.0874	-0.2784
991	A	L	-0.1544	1.5543	-5.0874	-0.2422
991	A	M	-0.1861	1.5543	-19.3752	-0.1882
991	A	N	-0.2351	1.5543	-19.3752	-0.2523
991	A	P	-0.2223	1.5543	-3.2801	-0.3431
991	A	Q	-0.2325	1.5543	-19.3752	-0.2490
991	A	R	-0.2657	1.5543	-19.3752	-0.2924
991	A	S	-0.0522	1.5543	-0.6612	-0.1379
991	A	T	-0.0858	1.5543	-6.0874	-0.1457
991	A	V	-0.1507	1.5543	-19.3752	-0.1418
991	A	W	-0.2440	1.5543	-19.3752	-0.2640
991	A	Y	-0.2522	1.5543	-19.3752	-0.2748
992	T	A	-0.0680	1.7352	-3.6049	-0.1608
992	T	C	-0.1849	1.7352	-19.4776	-0.2077
992	T	D	-0.2646	1.7352	-19.4776	-0.3121
992	T	E	-0.2399	1.7352	-19.4776	-0.2798
992	T	F	-0.2563	1.7352	-19.4776	-0.3012
992	T	G	-0.2225	1.7352	-19.4776	-0.2570
992	T	H	-0.1688	1.7352	-6.1897	-0.2754
992	T	I	-0.0969	1.7352	-4.1898	-0.1947
992	T	K	-0.2321	1.7352	-19.4776	-0.2696
992	T	L	-0.2269	1.7352	-19.4776	-0.2627
992	T	M	-0.1179	1.7352	-4.6049	-0.2194
992	T	N	-0.2046	1.7352	-19.4776	-0.2336
992	T	P	-0.2353	1.7352	-4.1898	-0.3759
992	T	Q	-0.2141	1.7352	-19.4776	-0.2460
992	T	R	-0.2350	1.7352	-19.4776	-0.2733
992	T	S	-0.0369	1.7352	-4.6049	-0.1133
992	T	V	-0.1625	1.7352	-19.4776	-0.1784
992	T	W	-0.2492	1.7352	-19.4776	-0.2919
992	T	Y	-0.1848	1.7352	-5.1898	-0.3031
993	S	A	-0.0579	1.3868	-3.6323	-0.1054
993	S	C	-0.1203	1.3868	-5.9541	-0.1715
993	S	D	-0.2363	1.3868	-19.2420	-0.2346
993	S	E	-0.2095	1.3868	-19.2420	-0.1995
993	S	F	-0.2156	1.3868	-19.2420	-0.2076
993	S	G	-0.1467	1.3868	-19.2420	-0.1174
993	S	H	-0.2169	1.3868	-19.2420	-0.2092
993	S	I	-0.2188	1.3868	-19.2420	-0.2117
993	S	K	-0.1584	1.3868	-5.9541	-0.2214
993	S	L	-0.2150	1.3868	-19.2420	-0.2068
993	S	M	-0.1861	1.3868	-19.2420	-0.1689
993	S	N	-0.0921	1.3868	-5.9541	-0.1346
993	S	P	-0.2100	1.3868	-3.3693	-0.3063
993	S	Q	-0.1795	1.3868	-19.2420	-0.1603
993	S	R	-0.2315	1.3868	-19.2420	-0.2283
993	S	T	-0.1283	1.3868	-19.2420	-0.0932
993	S	V	-0.1930	1.3868	-19.2420	-0.1780
993	S	W	-0.2253	1.3868	-19.2420	-0.2203
993	S	Y	-0.1475	1.3868	-4.9542	-0.2139
994	S	A	-0.0099	2.0501	-6.1897	-0.1054
994	S	C	-0.0523	2.0501	-4.6049	-0.1715
994	S	D	-0.1764	2.0501	-19.4776	-0.2346
994	S	E	-0.1496	2.0501	-19.4776	-0.1995
994	S	F	-0.0778	2.0501	-4.1898	-0.2076
994	S	G	-0.0059	2.0501	-3.6049	-0.1174
994	S	H	-0.1570	2.0501	-19.4776	-0.2092
994	S	I	-0.1589	2.0501	-19.4776	-0.2117
994	S	K	-0.1664	2.0501	-19.4776	-0.2214
994	S	L	-0.0772	2.0501	-4.1898	-0.2068
994	S	M	-0.1263	2.0501	-19.4776	-0.1689
994	S	N	-0.1001	2.0501	-19.4776	-0.1346
994	S	P	-0.1372	2.0501	-1.0606	-0.3063
994	S	Q	-0.1197	2.0501	-19.4776	-0.1603
994	S	R	-0.1716	2.0501	-19.4776	-0.2283
994	S	T	-0.0684	2.0501	-19.4776	-0.0932
994	S	V	-0.1332	2.0501	-19.4776	-0.1780
994	S	W	-0.1655	2.0501	-19.4776	-0.2203
994	S	Y	-0.1606	2.0501	-19.4776	-0.2139
995	H	A	-0.1181	1.7734	-19.1457	-0.1271
995	H	C	-0.0997	1.7734	-4.8580	-0.1985
995	H	D	-0.1653	1.7734	-19.1457	-0.1889
995	H	E	-0.1768	1.7734	-19.1457	-0.2040
995	H	F	-0.1397	1.7734	-19.1457	-0.1554
995	H	G	-0.2007	1.7734	-19.1457	-0.2352
995	H	I	-0.2043	1.7734	-19.1457	-0.2400
995	H	K	-0.1610	1.7734	-19.1457	-0.1833
995	H	L	-0.0920	1.7734	-4.2730	-0.1923
995	H	M	-0.1180	1.7734	-19.1457	-0.1270
995	H	N	-0.0489	1.7734	-4.2730	-0.1359
995	H	P	-0.1982	1.7734	-2.8580	-0.3408
995	H	Q	-0.0185	1.7734	-5.8579	-0.0855
995	H	R	-0.0866	1.7734	-5.8579	-0.1747
995	H	S	-0.1241	1.7734	-19.1457	-0.1349
995	H	T	-0.1689	1.7734	-19.1457	-0.1936
995	H	V	-0.1607	1.7734	-19.1457	-0.1829
995	H	W	-0.1560	1.7734	-19.1457	-0.1767
995	H	Y	-0.0170	1.7734	-4.8580	-0.0902
996	Q	A	-0.1977	0.9568	-19.4776	-0.1308
996	Q	C	-0.2440	0.9568	-19.4776	-0.1913
996	Q	D	-0.2843	0.9568	-19.4776	-0.2441
996	Q	E	-0.1351	0.9568	-6.1897	-0.1375
996	Q	F	-0.2520	0.9568	-19.4776	-0.2018
996	Q	G	-0.2684	0.9568	-19.4776	-0.2233
996	Q	H	-0.1988	0.9568	-19.4776	-0.1322
996	Q	I	-0.2333	0.9568	-19.4776	-0.1774
996	Q	K	-0.1550	0.9568	-4.6049	-0.1742
996	Q	L	-0.1489	0.9568	-6.1897	-0.1556
996	Q	M	-0.1877	0.9568	-19.4776	-0.1176
996	Q	N	-0.2134	0.9568	-19.4776	-0.1513
996	Q	P	-0.3714	0.9568	-19.4776	-0.3581
996	Q	R	-0.1484	0.9568	-3.6049	-0.1723
996	Q	S	-0.1483	0.9568	-6.1897	-0.1549
996	Q	T	-0.2261	0.9568	-19.4776	-0.1679
996	Q	V	-0.2334	0.9568	-19.4776	-0.1775
996	Q	W	-0.2514	0.9568	-19.4776	-0.2010
996	Q	Y	-0.2543	0.9568	-19.4776	-0.2048
997	G	A	-0.1839	1.2815	-6.1897	-0.2405
997	G	C	-0.2355	1.2815	-4.6049	-0.3187
997	G	D	-0.2323	1.2815	-3.8679	-0.3194
997	G	E	-0.3112	1.2815	-19.4776	-0.3185
997	G	F	-0.3495	1.2815	-19.4776	-0.3686
997	G	H	-0.3242	1.2815	-19.4776	-0.3355
997	G	I	-0.3952	1.2815	-19.4776	-0.4284
997	G	K	-0.3442	1.2815	-19.4776	-0.3616
997	G	L	-0.3634	1.2815	-19.4776	-0.3868
997	G	M	-0.3016	1.2815	-19.4776	-0.3059
997	G	N	-0.3122	1.2815	-19.4776	-0.3198
997	G	P	-0.3415	1.2815	-6.1897	-0.4469
997	G	Q	-0.3151	1.2815	-19.4776	-0.3236
997	G	R	-0.3282	1.2815	-19.4776	-0.3407
997	G	S	-0.1744	1.2815	-3.1898	-0.2482
997	G	T	-0.3345	1.2815	-19.4776	-0.3489
997	G	V	-0.3384	1.2815	-19.4776	-0.3541
997	G	W	-0.3493	1.2815	-19.4776	-0.3683
997	G	Y	-0.3499	1.2815	-19.4776	-0.3691
998	L	A	-0.2717	1.4534	-19.4776	-0.2874
998	L	C	-0.2609	1.4534	-19.4776	-0.2733
998	L	D	-0.3932	1.4534	-19.4776	-0.4465
998	L	E	-0.3613	1.4534	-19.4776	-0.4047
998	L	F	-0.1271	1.4534	-4.1898	-0.2003
998	L	G	-0.2787	1.4534	-6.1897	-0.3854
998	L	H	-0.2382	1.4534	-4.6049	-0.3429
998	L	I	-0.1458	1.4534	-19.4776	-0.1226
998	L	K	-0.3603	1.4534	-19.4776	-0.4034
998	L	M	-0.1691	1.4534	-19.4776	-0.1531
998	L	N	-0.3395	1.4534	-19.4776	-0.3762
998	L	P	-0.2792	1.4534	-4.6049	-0.3966
998	L	Q	-0.2114	1.4534	-3.6049	-0.3146
998	L	R	-0.2790	1.4534	-5.1898	-0.3924
998	L	S	-0.3021	1.4534	-19.4776	-0.3272
998	L	T	-0.2748	1.4534	-19.4776	-0.2915
998	L	V	-0.1821	1.4534	-19.4776	-0.1701
998	L	W	-0.3043	1.4534	-19.4776	-0.3301
998	L	Y	-0.2972	1.4534	-19.4776	-0.3208
999	G	A	-0.1568	1.5757	-6.1897	-0.2405
999	G	C	-0.2843	1.5757	-19.4776	-0.3187
999	G	D	-0.2849	1.5757	-19.4776	-0.3194
999	G	E	-0.2083	1.5757	-4.6049	-0.3185
999	G	F	-0.3224	1.5757	-19.4776	-0.3686
999	G	H	-0.2972	1.5757	-19.4776	-0.3355
999	G	I	-0.3681	1.5757	-19.4776	-0.4284
999	G	K	-0.2493	1.5757	-6.1897	-0.3616
999	G	L	-0.2685	1.5757	-6.1897	-0.3868
999	G	M	-0.2746	1.5757	-19.4776	-0.3059
999	G	N	-0.2852	1.5757	-19.4776	-0.3198
999	G	P	-0.3823	1.5757	-19.4776	-0.4469
999	G	Q	-0.2203	1.5757	-6.1897	-0.3236
999	G	R	-0.2157	1.5757	-2.7304	-0.3407
999	G	S	-0.1546	1.5757	-4.6049	-0.2482
999	G	T	-0.3074	1.5757	-19.4776	-0.3489
999	G	V	-0.2436	1.5757	-6.1897	-0.3541
999	G	W	-0.3222	1.5757	-19.4776	-0.3683
999	G	Y	-0.3228	1.5757	-19.4776	-0.3691
1000	S	A	-0.0895	1.9223	-19.4776	-0.1054
1000	S	C	-0.1400	1.9223	-19.4776	-0.1715
1000	S	D	-0.1085	1.9223	-3.8679	-0.2346
1000	S	E	-0.1614	1.9223	-19.4776	-0.1995
1000	S	F	-0.1676	1.9223	-19.4776	-0.2076
1000	S	G	-0.0207	1.9223	-4.1898	-0.1174
1000	S	H	-0.1010	1.9223	-6.1897	-0.2092
1000	S	I	-0.1707	1.9223	-19.4776	-0.2117
1000	S	K	-0.1781	1.9223	-19.4776	-0.2214
1000	S	L	-0.1670	1.9223	-19.4776	-0.2068
1000	S	M	-0.1380	1.9223	-19.4776	-0.1689
1000	S	N	-0.0359	1.9223	-4.6049	-0.1346
1000	S	P	-0.1701	1.9223	-5.1898	-0.3063
1000	S	Q	-0.0636	1.9223	-6.1897	-0.1603
1000	S	R	-0.0979	1.9223	-2.7304	-0.2283
1000	S	T	-0.0124	1.9223	-6.1897	-0.0932
1000	S	V	-0.1450	1.9223	-19.4776	-0.1780
1000	S	W	-0.1773	1.9223	-19.4776	-0.2203
1000	S	Y	-0.1724	1.9223	-19.4776	-0.2139
1001	T	A	-0.1218	1.2062	-4.6049	-0.1608
1001	T	C	-0.2335	1.2062	-19.4776	-0.2077
1001	T	D	-0.3133	1.2062	-19.4776	-0.3121
1001	T	E	-0.2886	1.2062	-19.4776	-0.2798
1001	T	F	-0.3050	1.2062	-19.4776	-0.3012
1001	T	G	-0.2712	1.2062	-19.4776	-0.2570
1001	T	H	-0.2853	1.2062	-19.4776	-0.2754
1001	T	I	-0.1507	1.2062	-5.1898	-0.1947
1001	T	K	-0.2808	1.2062	-19.4776	-0.2696
1001	T	L	-0.2756	1.2062	-19.4776	-0.2627
1001	T	M	-0.1747	1.2062	-6.1897	-0.2194
1001	T	N	-0.1855	1.2062	-6.1897	-0.2336
1001	T	P	-0.2891	1.2062	-5.1898	-0.3759
1001	T	Q	-0.2628	1.2062	-19.4776	-0.2460
1001	T	R	-0.2836	1.2062	-19.4776	-0.2733
1001	T	S	-0.0834	1.2062	-4.1898	-0.1133
1001	T	V	-0.1434	1.2062	-6.1897	-0.1784
1001	T	W	-0.2979	1.2062	-19.4776	-0.2919
1001	T	Y	-0.3064	1.2062	-19.4776	-0.3031
1002	L	A	-0.1777	1.7364	-6.1698	-0.2874
1002	L	C	-0.1567	1.7364	-4.1699	-0.2733
1002	L	D	-0.3671	1.7364	-19.4577	-0.4465
1002	L	E	-0.3351	1.7364	-19.4577	-0.4047
1002	L	F	-0.0969	1.7364	-3.3626	-0.2003
1002	L	G	-0.2526	1.7364	-6.1698	-0.3854
1002	L	H	-0.2201	1.7364	-6.1698	-0.3429
1002	L	I	-0.1197	1.7364	-19.4577	-0.1226
1002	L	K	-0.3341	1.7364	-19.4577	-0.4034
1002	L	M	-0.1429	1.7364	-19.4577	-0.1531
1002	L	N	-0.3134	1.7364	-19.4577	-0.3762
1002	L	P	-0.2479	1.7364	-3.5850	-0.3966
1002	L	Q	-0.2663	1.7364	-19.4577	-0.3146
1002	L	R	-0.3257	1.7364	-19.4577	-0.3924
1002	L	S	-0.1796	1.7364	-0.5850	-0.3272
1002	L	T	-0.2487	1.7364	-19.4577	-0.2915
1002	L	V	-0.1559	1.7364	-19.4577	-0.1701
1002	L	W	-0.2781	1.7364	-19.4577	-0.3301
1002	L	Y	-0.2710	1.7364	-19.4577	-0.3208
1003	P	A	-0.1213	1.2971	-5.1898	-0.1672
1003	P	C	-0.2269	1.2971	-19.4776	-0.2100
1003	P	D	-0.2528	1.2971	-19.4776	-0.2439
1003	P	E	-0.2366	1.2971	-19.4776	-0.2227
1003	P	F	-0.1875	1.2971	-6.1897	-0.2472
1003	P	G	-0.2086	1.2971	-19.4776	-0.1860
1003	P	H	-0.2330	1.2971	-19.4776	-0.2179
1003	P	I	-0.2384	1.2971	-19.4776	-0.2250
1003	P	K	-0.2283	1.2971	-19.4776	-0.2118
1003	P	L	-0.1701	1.2971	-5.1898	-0.2310
1003	P	M	-0.1939	1.2971	-19.4776	-0.1668
1003	P	N	-0.2210	1.2971	-19.4776	-0.2022
1003	P	Q	-0.2227	1.2971	-19.4776	-0.2044
1003	P	R	-0.1911	1.2971	-5.1898	-0.2586
1003	P	S	-0.1092	1.2971	-2.8679	-0.1668
1003	P	T	-0.1383	1.2971	-6.1897	-0.1827
1003	P	V	-0.1938	1.2971	-19.4776	-0.1666
1003	P	W	-0.2679	1.2971	-19.4776	-0.2636
1003	P	Y	-0.2563	1.2971	-19.4776	-0.2485
1004	R	A	-0.1395	2.0472	-6.1698	-0.2748
1004	R	C	-0.2162	2.0472	-19.4577	-0.2864
1004	R	D	-0.2984	2.0472	-19.4577	-0.3940
1004	R	E	-0.2436	2.0472	-19.4577	-0.3223
1004	R	F	-0.2395	2.0472	-19.4577	-0.3169
1004	R	G	-0.1668	2.0472	-4.5850	-0.3211
1004	R	H	-0.1093	2.0472	-6.1698	-0.2352
1004	R	I	-0.2367	2.0472	-19.4577	-0.3133
1004	R	K	-0.0246	2.0472	-5.1699	-0.1311
1004	R	L	-0.1419	2.0472	-6.1698	-0.2780
1004	R	M	-0.1078	2.0472	-6.1698	-0.2333
1004	R	N	-0.2222	2.0472	-19.4577	-0.2943
1004	R	P	-0.3494	2.0472	-19.4577	-0.4608
1004	R	Q	-0.1142	2.0472	-6.1698	-0.2417
1004	R	S	-0.1282	2.0472	-3.8480	-0.2755
1004	R	T	-0.1301	2.0472	-3.3626	-0.2812
1004	R	V	-0.1479	2.0472	-4.5850	-0.2964
1004	R	W	-0.1572	2.0472	-6.1698	-0.2980
1004	R	Y	-0.2288	2.0472	-19.4577	-0.3029
1005	R	A	-0.2148	1.9645	-19.4375	-0.2748
1005	R	C	-0.1478	1.9645	-4.5648	-0.2864
1005	R	D	-0.3059	1.9645	-19.4375	-0.3940
1005	R	E	-0.1833	1.9645	-6.1496	-0.3223
1005	R	F	-0.2470	1.9645	-19.4375	-0.3169
1005	R	G	-0.1773	1.9645	-5.1497	-0.3211
1005	R	H	-0.1846	1.9645	-19.4375	-0.2352
1005	R	I	-0.2442	1.9645	-19.4375	-0.3133
1005	R	K	-0.1051	1.9645	-19.4375	-0.1311
1005	R	L	-0.1392	1.9645	-4.1498	-0.2780
1005	R	M	-0.1153	1.9645	-6.1496	-0.2333
1005	R	N	-0.2297	1.9645	-19.4375	-0.2943
1005	R	P	-0.2840	1.9645	-5.1497	-0.4608
1005	R	Q	-0.1136	1.9645	-4.5648	-0.2417
1005	R	S	-0.2153	1.9645	-19.4375	-0.2755
1005	R	T	-0.2197	1.9645	-19.4375	-0.2812
1005	R	V	-0.1635	1.9645	-6.1496	-0.2964
1005	R	W	-0.1367	1.9645	-0.6579	-0.2980
1005	R	Y	-0.2363	1.9645	-19.4375	-0.3029
1006	G	A	-0.1957	1.0955	-5.1497	-0.2405
1006	G	C	-0.3283	1.0955	-19.4375	-0.3187
1006	G	D	-0.2610	1.0955	-6.1496	-0.3194
1006	G	E	-0.2460	1.0955	-3.3424	-0.3185
1006	G	F	-0.3664	1.0955	-19.4375	-0.3686
1006	G	H	-0.3411	1.0955	-19.4375	-0.3355
1006	G	I	-0.4121	1.0955	-19.4375	-0.4284
1006	G	K	-0.3611	1.0955	-19.4375	-0.3616
1006	G	L	-0.3803	1.0955	-19.4375	-0.3868
1006	G	M	-0.3185	1.0955	-19.4375	-0.3059
1006	G	N	-0.3291	1.0955	-19.4375	-0.3198
1006	G	P	-0.4262	1.0955	-19.4375	-0.4469
1006	G	Q	-0.3321	1.0955	-19.4375	-0.3236
1006	G	R	-0.2692	1.0955	-4.5648	-0.3407
1006	G	S	-0.2745	1.0955	-19.4375	-0.2482
1006	G	T	-0.3514	1.0955	-19.4375	-0.3489
1006	G	V	-0.2875	1.0955	-6.1496	-0.3541
1006	G	W	-0.3662	1.0955	-19.4375	-0.3683
1006	G	Y	-0.3668	1.0955	-19.4375	-0.3691
1007	T	A	-0.0779	1.5526	-2.2429	-0.1608
1007	T	C	-0.2015	1.5526	-19.4375	-0.2077
1007	T	D	-0.2812	1.5526	-19.4375	-0.3121
1007	T	E	-0.2565	1.5526	-19.4375	-0.2798
1007	T	F	-0.2729	1.5526	-19.4375	-0.3012
1007	T	G	-0.1713	1.5526	-6.1496	-0.2570
1007	T	H	-0.2532	1.5526	-19.4375	-0.2754
1007	T	I	-0.1186	1.5526	-5.1497	-0.1947
1007	T	K	-0.2487	1.5526	-19.4375	-0.2696
1007	T	L	-0.2435	1.5526	-19.4375	-0.2627
1007	T	M	-0.2104	1.5526	-19.4375	-0.2194
1007	T	N	-0.1534	1.5526	-6.1496	-0.2336
1007	T	P	-0.2540	1.5526	-4.5648	-0.3759
1007	T	Q	-0.2307	1.5526	-19.4375	-0.2460
1007	T	R	-0.2516	1.5526	-19.4375	-0.2733
1007	T	S	-0.0616	1.5526	-6.1496	-0.1133
1007	T	V	-0.1113	1.5526	-6.1496	-0.1784
1007	T	W	-0.2658	1.5526	-19.4375	-0.2919
1007	T	Y	-0.2743	1.5526	-19.4375	-0.3031
1008	R	A	-0.2761	1.2969	-19.4170	-0.2748
1008	R	C	-0.2850	1.2969	-19.4170	-0.2864
1008	R	D	-0.3672	1.2969	-19.4170	-0.3940
1008	R	E	-0.2446	1.2969	-6.1292	-0.3223
1008	R	F	-0.3083	1.2969	-19.4170	-0.3169
1008	R	G	-0.3115	1.2969	-19.4170	-0.3211
1008	R	H	-0.2459	1.2969	-19.4170	-0.2352
1008	R	I	-0.3056	1.2969	-19.4170	-0.3133
1008	R	K	-0.0797	1.2969	-2.4289	-0.1311
1008	R	L	-0.2786	1.2969	-19.4170	-0.2780
1008	R	M	-0.2444	1.2969	-19.4170	-0.2333
1008	R	N	-0.2910	1.2969	-19.4170	-0.2943
1008	R	P	-0.3504	1.2969	-6.1292	-0.4608
1008	R	Q	-0.2509	1.2969	-19.4170	-0.2417
1008	R	S	-0.1987	1.2969	-4.1293	-0.2755
1008	R	T	-0.2810	1.2969	-19.4170	-0.2812
1008	R	V	-0.2926	1.2969	-19.4170	-0.2964
1008	R	W	-0.2261	1.2969	-6.1292	-0.2980
1008	R	Y	-0.2976	1.2969	-19.4170	-0.3029
1009	N	A	-0.1121	1.4100	-5.1699	-0.1688
1009	N	C	-0.2349	1.4100	-19.4577	-0.2341
1009	N	D	-0.0911	1.4100	-0.4420	-0.1730
1009	N	E	-0.1424	1.4100	-5.1699	-0.2085
1009	N	F	-0.2421	1.4100	-19.4577	-0.2436
1009	N	G	-0.1336	1.4100	-3.3626	-0.2091
1009	N	H	-0.1221	1.4100	-6.1698	-0.1753
1009	N	I	-0.2352	1.4100	-19.4577	-0.2346
1009	N	K	-0.1882	1.4100	-19.4577	-0.1730
1009	N	L	-0.2416	1.4100	-19.4577	-0.2430
1009	N	M	-0.1958	1.4100	-19.4577	-0.1830
1009	N	P	-0.3506	1.4100	-19.4577	-0.3856
1009	N	Q	-0.1789	1.4100	-19.4577	-0.1609
1009	N	R	-0.2203	1.4100	-19.4577	-0.2151
1009	N	S	-0.0871	1.4100	-6.1698	-0.1294
1009	N	T	-0.2045	1.4100	-19.4577	-0.1943
1009	N	V	-0.2286	1.4100	-19.4577	-0.2259
1009	N	W	-0.2472	1.4100	-19.4577	-0.2503
1009	N	Y	-0.2257	1.4100	-19.4577	-0.2221
1010	A	C	-0.2448	0.8868	-19.4577	-0.1841
1010	A	D	-0.3265	0.8868	-19.4577	-0.2911
1010	A	E	-0.3122	0.8868	-19.4577	-0.2723
1010	A	F	-0.2949	0.8868	-19.4577	-0.2497
1010	A	G	-0.2383	0.8868	-19.4577	-0.1756
1010	A	H	-0.2990	0.8868	-19.4577	-0.2551
1010	A	I	-0.2166	0.8868	-6.1698	-0.2360
1010	A	K	-0.3168	0.8868	-19.4577	-0.2784
1010	A	L	-0.2892	0.8868	-19.4577	-0.2422
1010	A	M	-0.2479	0.8868	-19.4577	-0.1882
1010	A	N	-0.2969	0.8868	-19.4577	-0.2523
1010	A	P	-0.2933	0.8868	-5.1699	-0.3431
1010	A	Q	-0.2266	0.8868	-6.1698	-0.2490
1010	A	R	-0.3275	0.8868	-19.4577	-0.2924
1010	A	S	-0.2095	0.8868	-19.4577	-0.1379
1010	A	T	-0.1324	0.8868	-3.1699	-0.1457
1010	A	V	-0.2125	0.8868	-19.4577	-0.1418
1010	A	W	-0.3058	0.8868	-19.4577	-0.2640
1010	A	Y	-0.3141	0.8868	-19.4577	-0.2748
1011	I	A	-0.1551	2.0557	-6.1698	-0.2963
1011	I	C	-0.1351	2.0557	-6.1698	-0.2701
1011	I	D	-0.3470	2.0557	-19.4577	-0.4587
1011	I	E	-0.3279	2.0557	-19.4577	-0.4337
1011	I	F	-0.1110	2.0557	-5.1699	-0.2452
1011	I	G	-0.3136	2.0557	-19.4577	-0.4150
1011	I	H	-0.3135	2.0557	-19.4577	-0.4149
1011	I	K	-0.3204	2.0557	-19.4577	-0.4239
1011	I	L	-0.0130	2.0557	-0.8124	-0.1460
1011	I	M	-0.1138	2.0557	-19.4577	-0.1534
1011	I	N	-0.2601	2.0557	-19.4577	-0.3449
1011	I	P	-0.2992	2.0557	-6.1698	-0.4849
1011	I	Q	-0.2876	2.0557	-19.4577	-0.3810
1011	I	R	-0.3472	2.0557	-19.4577	-0.4590
1011	I	S	-0.1780	2.0557	-2.7105	-0.3494
1011	I	T	-0.1803	2.0557	-19.4577	-0.2405
1011	I	V	0.0097	2.0557	-4.1699	-0.0938
1011	I	W	-0.2050	2.0557	-6.1698	-0.3616
1011	I	Y	-0.2139	2.0557	-6.1698	-0.3732
1012	V	A	-0.1306	1.3485	-3.3626	-0.1977
1012	V	C	-0.2406	1.3485	-19.4577	-0.2342
1012	V	D	-0.3793	1.3485	-19.4577	-0.4158
1012	V	E	-0.3366	1.3485	-19.4577	-0.3599
1012	V	F	-0.2899	1.3485	-19.4577	-0.2987
1012	V	G	-0.3385	1.3485	-19.4577	-0.3624
1012	V	H	-0.3823	1.3485	-19.4577	-0.4197
1012	V	I	-0.0702	1.3485	-4.1699	-0.1133
1012	V	K	-0.3756	1.3485	-19.4577	-0.4109
1012	V	L	-0.1404	1.3485	-5.1699	-0.1985
1012	V	M	-0.2224	1.3485	-19.4577	-0.2104
1012	V	N	-0.3672	1.3485	-19.4577	-0.3999
1012	V	P	-0.4170	1.3485	-19.4577	-0.4652
1012	V	Q	-0.3472	1.3485	-19.4577	-0.3738
1012	V	R	-0.3237	1.3485	-5.1699	-0.4384
1012	V	S	-0.3164	1.3485	-19.4577	-0.3334
1012	V	T	-0.1558	1.3485	-4.5850	-0.2226
1012	V	W	-0.3304	1.3485	-19.4577	-0.3518
1012	V	Y	-0.3333	1.3485	-19.4577	-0.3556
1013	P	A	-0.1366	1.1290	-5.1497	-0.1672
1013	P	C	-0.2422	1.1290	-19.4375	-0.2100
1013	P	D	-0.2681	1.1290	-19.4375	-0.2439
1013	P	E	-0.2519	1.1290	-19.4375	-0.2227
1013	P	F	-0.2028	1.1290	-6.1496	-0.2472
1013	P	G	-0.2239	1.1290	-19.4375	-0.1860
1013	P	H	-0.2482	1.1290	-19.4375	-0.2179
1013	P	I	-0.2537	1.1290	-19.4375	-0.2250
1013	P	K	-0.2436	1.1290	-19.4375	-0.2118
1013	P	L	-0.1609	1.1290	-0.3684	-0.2310
1013	P	M	-0.2092	1.1290	-19.4375	-0.1668
1013	P	N	-0.2362	1.1290	-19.4375	-0.2022
1013	P	Q	-0.2379	1.1290	-19.4375	-0.2044
1013	P	R	-0.2793	1.1290	-19.4375	-0.2586
1013	P	S	-0.2092	1.1290	-19.4375	-0.1668
1013	P	T	-0.2213	1.1290	-19.4375	-0.1827
1013	P	V	-0.1310	1.1290	-4.1498	-0.1666
1013	P	W	-0.2831	1.1290	-19.4375	-0.2636
1013	P	Y	-0.2716	1.1290	-19.4375	-0.2485
1014	R	A	-0.2645	1.4248	-19.4375	-0.2748
1014	R	C	-0.2733	1.4248	-19.4375	-0.2864
1014	R	D	-0.3555	1.4248	-19.4375	-0.3940
1014	R	E	-0.3008	1.4248	-19.4375	-0.3223
1014	R	F	-0.2966	1.4248	-19.4375	-0.3169
1014	R	G	-0.2177	1.4248	-3.3424	-0.3211
1014	R	H	-0.2342	1.4248	-19.4375	-0.2352
1014	R	I	-0.2939	1.4248	-19.4375	-0.3133
1014	R	K	-0.0686	1.4248	-2.5648	-0.1311
1014	R	L	-0.2669	1.4248	-19.4375	-0.2780
1014	R	M	-0.2328	1.4248	-19.4375	-0.2333
1014	R	N	-0.2794	1.4248	-19.4375	-0.2943
1014	R	P	-0.4066	1.4248	-19.4375	-0.4608
1014	R	Q	-0.2392	1.4248	-19.4375	-0.2417
1014	R	S	-0.1972	1.4248	-6.1496	-0.2755
1014	R	T	-0.1935	1.4248	-4.5648	-0.2812
1014	R	V	-0.2810	1.4248	-19.4375	-0.2964
1014	R	W	-0.2822	1.4248	-19.4375	-0.2980
1014	R	Y	-0.2859	1.4248	-19.4375	-0.3029
1015	E	A	-0.1319	1.1052	-5.1699	-0.1580
1015	E	C	-0.2741	1.1052	-19.4577	-0.2488
1015	E	D	-0.0976	1.1052	-5.1699	-0.1131
1015	E	F	-0.2517	1.1052	-19.4577	-0.2195
1015	E	G	-0.1509	1.1052	-3.8480	-0.1917
1015	E	H	-0.2430	1.1052	-19.4577	-0.2081
1015	E	I	-0.2571	1.1052	-19.4577	-0.2265
1015	E	K	-0.1590	1.1052	-6.1698	-0.1868
1015	E	L	-0.2592	1.1052	-19.4577	-0.2293
1015	E	M	-0.2081	1.1052	-19.4577	-0.1623
1015	E	N	-0.2310	1.1052	-19.4577	-0.1923
1015	E	P	-0.3617	1.1052	-19.4577	-0.3635
1015	E	Q	-0.1044	1.1052	-5.1699	-0.1220
1015	E	R	-0.2873	1.1052	-19.4577	-0.2660
1015	E	S	-0.1504	1.1052	-6.1698	-0.1756
1015	E	T	-0.2341	1.1052	-19.4577	-0.1964
1015	E	V	-0.2180	1.1052	-19.4577	-0.1753
1015	E	W	-0.2618	1.1052	-19.4577	-0.2327
1015	E	Y	-0.2526	1.1052	-19.4577	-0.2206
1016	T	A	-0.0079	2.2927	-1.8814	-0.1608
1016	T	C	-0.0654	2.2927	-6.1292	-0.2077
1016	T	D	-0.2130	2.2927	-19.4170	-0.3121
1016	T	E	-0.1883	2.2927	-19.4170	-0.2798
1016	T	F	-0.2047	2.2927	-19.4170	-0.3012
1016	T	G	-0.1709	2.2927	-19.4170	-0.2570
1016	T	H	-0.1850	2.2927	-19.4170	-0.2754
1016	T	I	-0.0402	2.2927	-3.1293	-0.1947
1016	T	K	-0.1805	2.2927	-19.4170	-0.2696
1016	T	L	-0.1075	2.2927	-6.1292	-0.2627
1016	T	M	-0.1422	2.2927	-19.4170	-0.2194
1016	T	N	-0.0771	2.2927	-4.5443	-0.2336
1016	T	P	-0.2617	2.2927	-19.4170	-0.3759
1016	T	Q	-0.1625	2.2927	-19.4170	-0.2460
1016	T	R	-0.1156	2.2927	-6.1292	-0.2733
1016	T	S	0.0250	2.2927	-2.5443	-0.1133
1016	T	V	-0.1109	2.2927	-19.4170	-0.1784
1016	T	W	-0.1976	2.2927	-19.4170	-0.2919
1016	T	Y	-0.2061	2.2927	-19.4170	-0.3031
1017	S	A	-0.0921	1.1565	-6.1698	-0.1054
1017	S	C	-0.1426	1.1565	-6.1698	-0.1715
1017	S	D	-0.2586	1.1565	-19.4577	-0.2346
1017	S	E	-0.2317	1.1565	-19.4577	-0.1995
1017	S	F	-0.2379	1.1565	-19.4577	-0.2076
1017	S	G	-0.1012	1.1565	-6.1698	-0.1174
1017	S	H	-0.1713	1.1565	-6.1698	-0.2092
1017	S	I	-0.2411	1.1565	-19.4577	-0.2117
1017	S	K	-0.2485	1.1565	-19.4577	-0.2214
1017	S	L	-0.2373	1.1565	-19.4577	-0.2068
1017	S	M	-0.2084	1.1565	-19.4577	-0.1689
1017	S	N	-0.1822	1.1565	-19.4577	-0.1346
1017	S	P	-0.2272	1.1565	-2.5850	-0.3063
1017	S	Q	-0.2018	1.1565	-19.4577	-0.1603
1017	S	R	-0.2537	1.1565	-19.4577	-0.2283
1017	S	T	-0.1506	1.1565	-19.4577	-0.0932
1017	S	V	-0.1475	1.1565	-6.1698	-0.1780
1017	S	W	-0.2476	1.1565	-19.4577	-0.2203
1017	S	Y	-0.2427	1.1565	-19.4577	-0.2139
1018	V	A	-0.0454	2.3408	-4.5648	-0.1977
1018	V	C	-0.0763	2.3408	-5.1497	-0.2342
1018	V	D	-0.2879	2.3408	-19.4375	-0.4158
1018	V	E	-0.2452	2.3408	-19.4375	-0.3599
1018	V	F	-0.1306	2.3408	-6.1496	-0.2987
1018	V	G	-0.1793	2.3408	-6.1496	-0.3624
1018	V	H	-0.2909	2.3408	-19.4375	-0.4197
1018	V	I	0.0212	2.3408	-4.1498	-0.1133
1018	V	K	-0.2112	2.3408	-5.1497	-0.4109
1018	V	L	-0.0490	2.3408	-5.1497	-0.1985
1018	V	M	-0.0632	2.3408	-6.1496	-0.2104
1018	V	N	-0.2757	2.3408	-19.4375	-0.3999
1018	V	P	-0.2578	2.3408	-6.1496	-0.4652
1018	V	Q	-0.2558	2.3408	-19.4375	-0.3738
1018	V	R	-0.2322	2.3408	-5.1497	-0.4384
1018	V	S	-0.1453	2.3408	-3.8278	-0.3334
1018	V	T	-0.0644	2.3408	-4.5648	-0.2226
1018	V	W	-0.2390	2.3408	-19.4375	-0.3518
1018	V	Y	-0.1741	2.3408	-6.1496	-0.3556
1019	S	A	-0.0755	2.0726	-19.4375	-0.1054
1019	S	C	-0.1260	2.0726	-19.4375	-0.1715
1019	S	D	-0.1742	2.0726	-19.4375	-0.2346
1019	S	E	-0.0744	2.0726	-5.1497	-0.1995
1019	S	F	-0.1535	2.0726	-19.4375	-0.2076
1019	S	G	-0.0117	2.0726	-5.1497	-0.1174
1019	S	H	-0.0870	2.0726	-6.1496	-0.2092
1019	S	I	-0.0838	2.0726	-5.1497	-0.2117
1019	S	K	-0.0861	2.0726	-4.1498	-0.2214
1019	S	L	-0.1529	2.0726	-19.4375	-0.2068
1019	S	M	-0.1240	2.0726	-19.4375	-0.1689
1019	S	N	-0.0249	2.0726	-5.1497	-0.1346
1019	S	P	-0.2289	2.0726	-19.4375	-0.3063
1019	S	Q	-0.1174	2.0726	-19.4375	-0.1603
1019	S	R	-0.0832	2.0726	-2.5648	-0.2283
1019	S	T	0.0068	2.0726	-5.1497	-0.0932
1019	S	V	-0.0580	2.0726	-5.1497	-0.1780
1019	S	W	-0.1632	2.0726	-19.4375	-0.2203
1019	S	Y	-0.1583	2.0726	-19.4375	-0.2139
1020	K	A	-0.0810	1.6773	-5.1497	-0.1604
1020	K	C	-0.2241	1.6773	-19.4375	-0.2523
1020	K	D	-0.2629	1.6773	-19.4375	-0.3031
1020	K	E	-0.0834	1.6773	-0.7575	-0.1930
1020	K	F	-0.2250	1.6773	-19.4375	-0.2535
1020	K	G	-0.1334	1.6773	-3.8278	-0.2379
1020	K	H	-0.1639	1.6773	-19.4375	-0.1736
1020	K	I	-0.1922	1.6773	-19.4375	-0.2106
1020	K	L	-0.1909	1.6773	-19.4375	-0.2089
1020	K	M	-0.1639	1.6773	-19.4375	-0.1736
1020	K	N	-0.1721	1.6773	-19.4375	-0.1843
1020	K	P	-0.2604	1.6773	-6.1496	-0.3886
1020	K	Q	-0.0751	1.6773	-4.1498	-0.1594
1020	K	R	-0.0875	1.6773	-19.4375	-0.0735
1020	K	S	-0.1640	1.6773	-19.4375	-0.1737
1020	K	T	-0.1759	1.6773	-19.4375	-0.1892
1020	K	V	-0.1761	1.6773	-19.4375	-0.1895
1020	K	W	-0.2340	1.6773	-19.4375	-0.2653
1020	K	Y	-0.2099	1.6773	-19.4375	-0.2337
1021	T	A	-0.0809	1.5914	-3.5236	-0.1608
1021	T	C	-0.1977	1.5914	-19.3963	-0.2077
1021	T	D	-0.2774	1.5914	-19.3963	-0.3121
1021	T	E	-0.1798	1.5914	-5.1085	-0.2798
1021	T	F	-0.2691	1.5914	-19.3963	-0.3012
1021	T	G	-0.2353	1.5914	-19.3963	-0.2570
1021	T	H	-0.2494	1.5914	-19.3963	-0.2754
1021	T	I	-0.1199	1.5914	-6.1084	-0.1947
1021	T	K	-0.1669	1.5914	-4.1085	-0.2696
1021	T	L	-0.2397	1.5914	-19.3963	-0.2627
1021	T	M	-0.2066	1.5914	-19.3963	-0.2194
1021	T	N	-0.2175	1.5914	-19.3963	-0.2336
1021	T	P	-0.2583	1.5914	-6.1084	-0.3759
1021	T	Q	-0.2269	1.5914	-19.3963	-0.2460
1021	T	R	-0.1800	1.5914	-6.1084	-0.2733
1021	T	S	-0.0527	1.5914	-5.1085	-0.1133
1021	T	V	-0.1024	1.5914	-5.1085	-0.1784
1021	T	W	-0.2620	1.5914	-19.3963	-0.2919
1021	T	Y	-0.2705	1.5914	-19.3963	-0.3031
1022	H	A	0.0425	2.7377	-5.0661	-0.1271
1022	H	C	0.0049	2.7377	-1.7442	-0.1985
1022	H	D	-0.0776	2.7377	-19.3538	-0.1889
1022	H	E	-0.0892	2.7377	-19.3538	-0.2040
1022	H	F	-0.0520	2.7377	-19.3538	-0.1554
1022	H	G	-0.0333	2.7377	-3.7442	-0.2352
1022	H	I	-0.1167	2.7377	-19.3538	-0.2400
1022	H	K	-0.0734	2.7377	-19.3538	-0.1833
1022	H	L	-0.0073	2.7377	-5.0661	-0.1923
1022	H	M	-0.0303	2.7377	-19.3538	-0.1270
1022	H	N	0.0307	2.7377	-6.0660	-0.1359
1022	H	P	-0.1937	2.7377	-19.3538	-0.3408
1022	H	Q	0.0772	2.7377	-4.4811	-0.0855
1022	H	R	0.0199	2.7377	-2.3657	-0.1747
1022	H	S	0.0395	2.7377	-4.4811	-0.1349
1022	H	T	-0.0812	2.7377	-19.3538	-0.1936
1022	H	V	-0.0730	2.7377	-19.3538	-0.1829
1022	H	W	-0.0683	2.7377	-19.3538	-0.1767
1022	H	Y	0.0737	2.7377	-4.4811	-0.0902
1023	R	A	-0.1266	2.1814	-6.0660	-0.2748
1023	R	C	-0.2033	2.1814	-19.3538	-0.2864
1023	R	D	-0.2177	2.1814	-6.0660	-0.3940
1023	R	E	-0.2307	2.1814	-19.3538	-0.3223
1023	R	F	-0.2266	2.1814	-19.3538	-0.3169
1023	R	G	-0.1539	2.1814	-4.4811	-0.3211
1023	R	H	-0.0913	2.1814	-5.0661	-0.2352
1023	R	I	-0.1560	2.1814	-6.0660	-0.3133
1023	R	K	-0.0169	2.1814	-6.0660	-0.1311
1023	R	L	-0.1969	2.1814	-19.3538	-0.2780
1023	R	M	-0.1627	2.1814	-19.3538	-0.2333
1023	R	N	-0.1272	2.1814	-3.2588	-0.2943
1023	R	P	-0.3365	2.1814	-19.3538	-0.4608
1023	R	Q	-0.1692	2.1814	-19.3538	-0.2417
1023	R	S	-0.1008	2.1814	-0.8962	-0.2755
1023	R	T	-0.1234	2.1814	-4.4811	-0.2812
1023	R	V	-0.2109	2.1814	-19.3538	-0.2964
1023	R	W	-0.2122	2.1814	-19.3538	-0.2980
1023	R	Y	-0.2159	2.1814	-19.3538	-0.3029
1024	S	A	-0.0705	1.2615	-3.8278	-0.1054
1024	S	C	-0.2006	1.2615	-19.4375	-0.1715
1024	S	D	-0.2488	1.2615	-19.4375	-0.2346
1024	S	E	-0.2220	1.2615	-19.4375	-0.1995
1024	S	F	-0.2282	1.2615	-19.4375	-0.2076
1024	S	G	-0.0915	1.2615	-6.1496	-0.1174
1024	S	H	-0.2294	1.2615	-19.4375	-0.2092
1024	S	I	-0.2313	1.2615	-19.4375	-0.2117
1024	S	K	-0.2387	1.2615	-19.4375	-0.2214
1024	S	L	-0.1547	1.2615	-5.1497	-0.2068
1024	S	M	-0.1986	1.2615	-19.4375	-0.1689
1024	S	N	-0.1724	1.2615	-19.4375	-0.1346
1024	S	P	-0.2226	1.2615	-3.5648	-0.3063
1024	S	Q	-0.1920	1.2615	-19.4375	-0.1603
1024	S	R	-0.1762	1.2615	-6.1496	-0.2283
1024	S	T	-0.0730	1.2615	-6.1496	-0.0932
1024	S	V	-0.2056	1.2615	-19.4375	-0.1780
1024	S	W	-0.2379	1.2615	-19.4375	-0.2203
1024	S	Y	-0.2330	1.2615	-19.4375	-0.2139
1025	A	C	-0.1670	1.7317	-19.4375	-0.1841
1025	A	D	-0.1758	1.7317	-5.1497	-0.2911
1025	A	E	-0.2343	1.7317	-19.4375	-0.2723
1025	A	F	-0.2171	1.7317	-19.4375	-0.2497
1025	A	G	-0.0876	1.7317	-5.1497	-0.1756
1025	A	H	-0.2212	1.7317	-19.4375	-0.2551
1025	A	I	-0.1388	1.7317	-6.1496	-0.2360
1025	A	K	-0.2390	1.7317	-19.4375	-0.2784
1025	A	L	-0.1384	1.7317	-5.1497	-0.2422
1025	A	M	-0.1701	1.7317	-19.4375	-0.1882
1025	A	N	-0.2190	1.7317	-19.4375	-0.2523
1025	A	P	-0.2206	1.7317	-6.1496	-0.3431
1025	A	Q	-0.2165	1.7317	-19.4375	-0.2490
1025	A	R	-0.1819	1.7317	-6.1496	-0.2924
1025	A	S	-0.0588	1.7317	-5.1497	-0.1379
1025	A	T	-0.0566	1.7317	-3.5648	-0.1457
1025	A	V	-0.0566	1.7317	-4.1498	-0.1418
1025	A	W	-0.2280	1.7317	-19.4375	-0.2640
1025	A	Y	-0.2362	1.7317	-19.4375	-0.2748
1026	D	A	-0.0791	1.9479	-4.5236	-0.1947
1026	D	C	-0.1964	1.9479	-19.3963	-0.2490
1026	D	E	-0.0321	1.9479	-6.1084	-0.1226
1026	D	F	-0.2551	1.9479	-19.3963	-0.3258
1026	D	G	-0.0851	1.9479	-3.5236	-0.2093
1026	D	H	-0.0884	1.9479	-4.5236	-0.2069
1026	D	I	-0.2473	1.9479	-19.3963	-0.3156
1026	D	K	-0.1579	1.9479	-6.1084	-0.2873
1026	D	L	-0.1732	1.9479	-6.1084	-0.3073
1026	D	M	-0.1797	1.9479	-19.3963	-0.2271
1026	D	N	-0.1216	1.9479	-19.3963	-0.1511
1026	D	P	-0.2241	1.9479	-6.1084	-0.3740
1026	D	Q	-0.1141	1.9479	-6.1084	-0.2300
1026	D	R	-0.1787	1.9479	-4.1085	-0.3279
1026	D	S	-0.0936	1.9479	-6.1084	-0.2031
1026	D	T	-0.1914	1.9479	-19.3963	-0.2424
1026	D	V	-0.1342	1.9479	-6.1084	-0.2563
1026	D	W	-0.2355	1.9479	-19.3963	-0.3002
1026	D	Y	-0.1999	1.9479	-19.3963	-0.2536
1027	R	A	-0.1459	1.8853	-4.5025	-0.2748
1027	R	C	-0.2306	1.8853	-19.3752	-0.2864
1027	R	D	-0.2399	1.8853	-5.0874	-0.3940
1027	R	E	-0.1903	1.8853	-6.0874	-0.3223
1027	R	F	-0.2539	1.8853	-19.3752	-0.3169
1027	R	G	-0.1634	1.8853	-1.0000	-0.3211
1027	R	H	-0.1915	1.8853	-19.3752	-0.2352
1027	R	I	-0.2512	1.8853	-19.3752	-0.3133
1027	R	K	-0.0442	1.8853	-6.0874	-0.1311
1027	R	L	-0.2242	1.8853	-19.3752	-0.2780
1027	R	M	-0.1901	1.8853	-19.3752	-0.2333
1027	R	N	-0.2367	1.8853	-19.3752	-0.2943
1027	R	P	-0.2961	1.8853	-6.0874	-0.4608
1027	R	Q	-0.1287	1.8853	-6.0874	-0.2417
1027	R	S	-0.2223	1.8853	-19.3752	-0.2755
1027	R	T	-0.1538	1.8853	-5.0874	-0.2812
1027	R	V	-0.2383	1.8853	-19.3752	-0.2964
1027	R	W	-0.2395	1.8853	-19.3752	-0.2980
1027	R	Y	-0.2432	1.8853	-19.3752	-0.3029
1028	A	C	-0.2262	1.0824	-19.3322	-0.1841
1028	A	D	-0.3079	1.0824	-19.3322	-0.2911
1028	A	E	-0.2257	1.0824	-6.0443	-0.2723
1028	A	F	-0.2763	1.0824	-19.3322	-0.2497
1028	A	G	-0.1468	1.0824	-5.0444	-0.1756
1028	A	H	-0.2804	1.0824	-19.3322	-0.2551
1028	A	I	-0.2658	1.0824	-19.3322	-0.2360
1028	A	K	-0.2202	1.0824	-4.0444	-0.2784
1028	A	L	-0.2705	1.0824	-19.3322	-0.2422
1028	A	M	-0.2293	1.0824	-19.3322	-0.1882
1028	A	N	-0.2783	1.0824	-19.3322	-0.2523
1028	A	P	-0.3476	1.0824	-19.3322	-0.3431
1028	A	Q	-0.2757	1.0824	-19.3322	-0.2490
1028	A	R	-0.3089	1.0824	-19.3322	-0.2924
1028	A	S	-0.1909	1.0824	-19.3322	-0.1379
1028	A	T	-0.1239	1.0824	-5.0444	-0.1457
1028	A	V	-0.1180	1.0824	-4.4594	-0.1418
1028	A	W	-0.2872	1.0824	-19.3322	-0.2640
1028	A	Y	-0.2954	1.0824	-19.3322	-0.2748
1029	K	A	-0.0732	1.8031	-5.9068	-0.1604
1029	K	C	-0.2112	1.8031	-19.1947	-0.2523
1029	K	D	-0.1822	1.8031	-5.9068	-0.3031
1029	K	E	-0.0930	1.8031	-4.9069	-0.1930
1029	K	F	-0.2122	1.8031	-19.1947	-0.2535
1029	K	G	-0.2002	1.8031	-19.1947	-0.2379
1029	K	H	-0.1511	1.8031	-19.1947	-0.1736
1029	K	I	-0.1116	1.8031	-5.9068	-0.2106
1029	K	L	-0.1781	1.8031	-19.1947	-0.2089
1029	K	M	-0.1511	1.8031	-19.1947	-0.1736
1029	K	N	-0.0915	1.8031	-5.9068	-0.1843
1029	K	P	-0.3154	1.8031	-19.1947	-0.3886
1029	K	Q	-0.0725	1.8031	-5.9068	-0.1594
1029	K	R	0.0101	1.8031	-2.5850	-0.0735
1029	K	S	-0.0715	1.8031	-3.5850	-0.1737
1029	K	T	-0.1630	1.8031	-19.1947	-0.1892
1029	K	V	-0.1633	1.8031	-19.1947	-0.1895
1029	K	W	-0.2212	1.8031	-19.1947	-0.2653
1029	K	Y	-0.1970	1.8031	-19.1947	-0.2337
1030	G	A	-0.1437	1.5888	-3.8580	-0.2405
1030	G	C	-0.2814	1.5888	-19.1457	-0.3187
1030	G	D	-0.2820	1.5888	-19.1457	-0.3194
1030	G	E	-0.2054	1.5888	-4.2730	-0.3185
1030	G	F	-0.3195	1.5888	-19.1457	-0.3686
1030	G	H	-0.2943	1.5888	-19.1457	-0.3355
1030	G	I	-0.3652	1.5888	-19.1457	-0.4284
1030	G	K	-0.2311	1.5888	-2.8580	-0.3616
1030	G	L	-0.2656	1.5888	-5.8579	-0.3868
1030	G	M	-0.2717	1.5888	-19.1457	-0.3059
1030	G	N	-0.2823	1.5888	-19.1457	-0.3198
1030	G	P	-0.3794	1.5888	-19.1457	-0.4469
1030	G	Q	-0.2852	1.5888	-19.1457	-0.3236
1030	G	R	-0.2223	1.5888	-4.2730	-0.3407
1030	G	S	-0.2276	1.5888	-19.1457	-0.2482
1030	G	T	-0.3045	1.5888	-19.1457	-0.3489
1030	G	V	-0.3085	1.5888	-19.1457	-0.3541
1030	G	W	-0.3193	1.5888	-19.1457	-0.3683
1030	G	Y	-0.3199	1.5888	-19.1457	-0.3691
1031	K	A	-0.1076	2.1696	-19.2420	-0.1604
1031	K	C	-0.1778	2.1696	-19.2420	-0.2523
1031	K	D	-0.2166	2.1696	-19.2420	-0.3031
1031	K	E	-0.0494	2.1696	-2.9542	-0.1930
1031	K	F	-0.1787	2.1696	-19.2420	-0.2535
1031	K	G	-0.0846	2.1696	-3.1469	-0.2379
1031	K	H	-0.1176	2.1696	-19.2420	-0.1736
1031	K	I	-0.1459	2.1696	-19.2420	-0.2106
1031	K	L	-0.1446	2.1696	-19.2420	-0.2089
1031	K	M	-0.1176	2.1696	-19.2420	-0.1736
1031	K	N	-0.1258	2.1696	-19.2420	-0.1843
1031	K	P	-0.2141	2.1696	-5.9541	-0.3886
1031	K	Q	-0.1068	2.1696	-19.2420	-0.1594
1031	K	R	0.0398	2.1696	-3.3693	-0.0735
1031	K	S	-0.0367	2.1696	-3.3693	-0.1737
1031	K	T	-0.0618	2.1696	-5.9541	-0.1892
1031	K	V	-0.0620	2.1696	-5.9541	-0.1895
1031	K	W	-0.1877	2.1696	-19.2420	-0.2653
1031	K	Y	-0.1636	2.1696	-19.2420	-0.2337
1032	E	A	-0.0678	1.8437	-5.9306	-0.1580
1032	E	C	-0.2050	1.8437	-19.2185	-0.2488
1032	E	D	-0.0284	1.8437	-4.9307	-0.1131
1032	E	F	-0.1826	1.8437	-19.2185	-0.2195
1032	E	G	-0.0833	1.8437	-3.9307	-0.1917
1032	E	H	-0.1739	1.8437	-19.2185	-0.2081
1032	E	I	-0.1879	1.8437	-19.2185	-0.2265
1032	E	K	-0.0755	1.8437	-3.1234	-0.1868
1032	E	L	-0.1901	1.8437	-19.2185	-0.2293
1032	E	M	-0.1389	1.8437	-19.2185	-0.1623
1032	E	N	-0.1618	1.8437	-19.2185	-0.1923
1032	E	P	-0.2926	1.8437	-19.2185	-0.3635
1032	E	Q	-0.0271	1.8437	-3.3458	-0.1220
1032	E	R	-0.1422	1.8437	-4.3458	-0.2660
1032	E	S	-0.1490	1.8437	-19.2185	-0.1756
1032	E	T	-0.1649	1.8437	-19.2185	-0.1964
1032	E	V	-0.1488	1.8437	-19.2185	-0.1753
1032	E	W	-0.1927	1.8437	-19.2185	-0.2327
1032	E	Y	-0.1834	1.8437	-19.2185	-0.2206
1033	K	A	-0.0438	2.0700	-4.9542	-0.1604
1033	K	C	-0.1869	2.0700	-19.2420	-0.2523
1033	K	D	-0.2257	2.0700	-19.2420	-0.3031
1033	K	E	-0.0514	2.0700	-1.5619	-0.1930
1033	K	F	-0.1878	2.0700	-19.2420	-0.2535
1033	K	G	-0.1030	2.0700	-4.9542	-0.2379
1033	K	H	-0.1268	2.0700	-19.2420	-0.1736
1033	K	I	-0.1551	2.0700	-19.2420	-0.2106
1033	K	L	-0.1538	2.0700	-19.2420	-0.2089
1033	K	M	-0.1268	2.0700	-19.2420	-0.1736
1033	K	N	-0.0672	2.0700	-5.9541	-0.1843
1033	K	P	-0.2910	2.0700	-19.2420	-0.3886
1033	K	Q	-0.0482	2.0700	-5.9541	-0.1594
1033	K	R	0.0277	2.0700	-3.9542	-0.0735
1033	K	S	-0.1269	2.0700	-19.2420	-0.1737
1033	K	T	-0.0658	2.0700	-4.9542	-0.1892
1033	K	V	-0.1390	2.0700	-19.2420	-0.1895
1033	K	W	-0.1290	2.0700	-5.9541	-0.2653
1033	K	Y	-0.1727	2.0700	-19.2420	-0.2337
1034	K	A	-0.0007	2.4834	-3.9542	-0.1604
1034	K	C	-0.1489	2.4834	-19.2420	-0.2523
1034	K	D	-0.1148	2.4834	-4.9542	-0.3031
1034	K	E	-0.0118	2.4834	-1.2538	-0.1930
1034	K	F	-0.1498	2.4834	-19.2420	-0.2535
1034	K	G	-0.0620	2.4834	-4.3692	-0.2379
1034	K	H	-0.0210	2.4834	-5.9541	-0.1736
1034	K	I	-0.1170	2.4834	-19.2420	-0.2106
1034	K	L	-0.1157	2.4834	-19.2420	-0.2089
1034	K	M	-0.0888	2.4834	-19.2420	-0.1736
1034	K	N	-0.0969	2.4834	-19.2420	-0.1843
1034	K	P	-0.1852	2.4834	-5.9541	-0.3886
1034	K	Q	-0.0020	2.4834	-4.3692	-0.1594
1034	K	R	0.0606	2.4834	-4.9542	-0.0735
1034	K	S	-0.0888	2.4834	-19.2420	-0.1737
1034	K	T	-0.1007	2.4834	-19.2420	-0.1892
1034	K	V	-0.0280	2.4834	-4.9542	-0.1895
1034	K	W	-0.0910	2.4834	-5.9541	-0.2653
1034	K	Y	-0.1347	2.4834	-19.2420	-0.2337
1035	K	A	-0.0414	2.1521	-5.9541	-0.1604
1035	K	C	-0.1794	2.1521	-19.2420	-0.2523
1035	K	D	-0.1385	2.1521	-3.6323	-0.3031
1035	K	E	-0.0426	2.1521	-1.3104	-0.1930
1035	K	F	-0.1803	2.1521	-19.2420	-0.2535
1035	K	G	-0.0904	2.1521	-3.9542	-0.2379
1035	K	H	-0.1193	2.1521	-19.2420	-0.1736
1035	K	I	-0.1475	2.1521	-19.2420	-0.2106
1035	K	L	-0.1462	2.1521	-19.2420	-0.2089
1035	K	M	-0.1193	2.1521	-19.2420	-0.1736
1035	K	N	-0.1274	2.1521	-19.2420	-0.1843
1035	K	P	-0.2835	2.1521	-19.2420	-0.3886
1035	K	Q	-0.0288	2.1521	-3.6323	-0.1594
1035	K	R	0.0301	2.1521	-4.9542	-0.0735
1035	K	S	-0.1193	2.1521	-19.2420	-0.1737
1035	K	T	-0.1312	2.1521	-19.2420	-0.1892
1035	K	V	-0.1314	2.1521	-19.2420	-0.1895
1035	K	W	-0.1893	2.1521	-19.2420	-0.2653
1035	K	Y	-0.1652	2.1521	-19.2420	-0.2337
1036	K	A	-0.0645	1.8424	-4.9069	-0.1604
1036	K	C	-0.2076	1.8424	-19.1947	-0.2523
1036	K	D	-0.1684	1.8424	-3.9069	-0.3031
1036	K	E	-0.0681	1.8424	-0.7370	-0.1930
1036	K	F	-0.2085	1.8424	-19.1947	-0.2535
1036	K	G	-0.1966	1.8424	-19.1947	-0.2379
1036	K	H	-0.1475	1.8424	-19.1947	-0.1736
1036	K	I	-0.1758	1.8424	-19.1947	-0.2106
1036	K	L	-0.1745	1.8424	-19.1947	-0.2089
1036	K	M	-0.1475	1.8424	-19.1947	-0.1736
1036	K	N	-0.1557	1.8424	-19.1947	-0.1843
1036	K	P	-0.3117	1.8424	-19.1947	-0.3886
1036	K	Q	-0.0689	1.8424	-5.9068	-0.1594
1036	K	R	0.0048	1.8424	-4.3219	-0.0735
1036	K	S	-0.0798	1.8424	-5.9068	-0.1737
1036	K	T	-0.0916	1.8424	-5.9068	-0.1892
1036	K	V	-0.1597	1.8424	-19.1947	-0.1895
1036	K	W	-0.2176	1.8424	-19.1947	-0.2653
1036	K	Y	-0.1934	1.8424	-19.1947	-0.2337
1037	E	A	-0.1917	1.2325	-19.1947	-0.1580
1037	E	C	-0.2611	1.2325	-19.1947	-0.2488
1037	E	D	-0.0845	1.2325	-4.9069	-0.1131
1037	E	F	-0.2387	1.2325	-19.1947	-0.2195
1037	E	G	-0.1353	1.2325	-3.0996	-0.1917
1037	E	H	-0.2300	1.2325	-19.1947	-0.2081
1037	E	I	-0.2440	1.2325	-19.1947	-0.2265
1037	E	K	-0.1378	1.2325	-4.3219	-0.1868
1037	E	L	-0.2462	1.2325	-19.1947	-0.2293
1037	E	M	-0.1950	1.2325	-19.1947	-0.1623
1037	E	N	-0.2179	1.2325	-19.1947	-0.1923
1037	E	P	-0.3487	1.2325	-19.1947	-0.3635
1037	E	Q	-0.0964	1.2325	-5.9068	-0.1220
1037	E	R	-0.2064	1.2325	-5.9068	-0.2660
1037	E	S	-0.2052	1.2325	-19.1947	-0.1756
1037	E	T	-0.2210	1.2325	-19.1947	-0.1964
1037	E	V	-0.2049	1.2325	-19.1947	-0.1753
1037	E	W	-0.2488	1.2325	-19.1947	-0.2327
1037	E	Y	-0.2395	1.2325	-19.1947	-0.2206
1038	A	C	-0.1225	2.2028	-19.2185	-0.1841
1038	A	D	-0.1165	2.2028	-2.0239	-0.2911
1038	A	E	-0.0984	2.2028	-1.2869	-0.2723
1038	A	F	-0.1726	2.2028	-19.2185	-0.2497
1038	A	G	-0.0350	2.2028	-3.3458	-0.1756
1038	A	H	-0.1767	2.2028	-19.2185	-0.2551
1038	A	I	-0.1621	2.2028	-19.2185	-0.2360
1038	A	K	-0.1216	2.2028	-4.9307	-0.2784
1038	A	L	-0.1669	2.2028	-19.2185	-0.2422
1038	A	M	-0.1256	2.2028	-19.2185	-0.1882
1038	A	N	-0.1746	2.2028	-19.2185	-0.2523
1038	A	P	-0.2439	2.2028	-19.2185	-0.3431
1038	A	Q	-0.1043	2.2028	-5.9306	-0.2490
1038	A	R	-0.2052	2.2028	-19.2185	-0.2924
1038	A	S	-0.0143	2.2028	-4.9307	-0.1379
1038	A	T	-0.0932	2.2028	-19.2185	-0.1457
1038	A	V	-0.0902	2.2028	-19.2185	-0.1418
1038	A	W	-0.1835	2.2028	-19.2185	-0.2640
1038	A	Y	-0.1918	2.2028	-19.2185	-0.2748
1039	E	A	-0.1659	1.4971	-18.9025	-0.1580
1039	E	C	-0.2352	1.4971	-18.9025	-0.2488
1039	E	D	-0.0506	1.4971	-3.0298	-0.1131
1039	E	F	-0.2129	1.4971	-18.9025	-0.2195
1039	E	G	-0.1157	1.4971	-4.0298	-0.1917
1039	E	H	-0.2041	1.4971	-18.9025	-0.2081
1039	E	I	-0.2182	1.4971	-18.9025	-0.2265
1039	E	K	-0.1201	1.4971	-5.6146	-0.1868
1039	E	L	-0.2203	1.4971	-18.9025	-0.2293
1039	E	M	-0.1692	1.4971	-18.9025	-0.1623
1039	E	N	-0.1921	1.4971	-18.9025	-0.1923
1039	E	P	-0.3228	1.4971	-18.9025	-0.3635
1039	E	Q	-0.0706	1.4971	-5.6146	-0.1220
1039	E	R	-0.2484	1.4971	-18.9025	-0.2660
1039	E	S	-0.1064	1.4971	-4.6147	-0.1756
1039	E	T	-0.1952	1.4971	-18.9025	-0.1964
1039	E	V	-0.1113	1.4971	-5.6146	-0.1753
1039	E	W	-0.2229	1.4971	-18.9025	-0.2327
1039	E	Y	-0.2137	1.4971	-18.9025	-0.2206
1040	E	A	-0.1648	1.5115	-18.9602	-0.1580
1040	E	C	-0.2342	1.5115	-18.9602	-0.2488
1040	E	D	-0.0484	1.5115	-2.8651	-0.1131
1040	E	F	-0.2118	1.5115	-18.9602	-0.2195
1040	E	G	-0.1109	1.5115	-3.3505	-0.1917
1040	E	H	-0.2031	1.5115	-18.9602	-0.2081
1040	E	I	-0.2172	1.5115	-18.9602	-0.2265
1040	E	K	-0.1088	1.5115	-3.6724	-0.1868
1040	E	L	-0.2193	1.5115	-18.9602	-0.2293
1040	E	M	-0.1681	1.5115	-18.9602	-0.1623
1040	E	N	-0.1910	1.5115	-18.9602	-0.1923
1040	E	P	-0.3218	1.5115	-18.9602	-0.3635
1040	E	Q	-0.1373	1.5115	-18.9602	-0.1220
1040	E	R	-0.1795	1.5115	-5.6723	-0.2660
1040	E	S	-0.1783	1.5115	-18.9602	-0.1756
1040	E	T	-0.1942	1.5115	-18.9602	-0.1964
1040	E	V	-0.1781	1.5115	-18.9602	-0.1753
1040	E	W	-0.2219	1.5115	-18.9602	-0.2327
1040	E	Y	-0.2127	1.5115	-18.9602	-0.2206
1041	E	A	-0.2516	0.5668	-18.9316	-0.1580
1041	E	C	-0.3210	0.5668	-18.9316	-0.2488
1041	E	D	-0.1414	0.5668	-4.0589	-0.1131
1041	E	F	-0.2986	0.5668	-18.9316	-0.2195
1041	E	G	-0.2774	0.5668	-18.9316	-0.1917
1041	E	H	-0.2899	0.5668	-18.9316	-0.2081
1041	E	I	-0.3040	0.5668	-18.9316	-0.2265
1041	E	K	-0.2007	0.5668	-4.6438	-0.1868
1041	E	L	-0.3061	0.5668	-18.9316	-0.2293
1041	E	M	-0.2549	0.5668	-18.9316	-0.1623
1041	E	N	-0.2778	0.5668	-18.9316	-0.1923
1041	E	P	-0.4086	0.5668	-18.9316	-0.3635
1041	E	Q	-0.2241	0.5668	-18.9316	-0.1220
1041	E	R	-0.3341	0.5668	-18.9316	-0.2660
1041	E	S	-0.2651	0.5668	-18.9316	-0.1756
1041	E	T	-0.2810	0.5668	-18.9316	-0.1964
1041	E	V	-0.2648	0.5668	-18.9316	-0.1753
1041	E	W	-0.3087	0.5668	-18.9316	-0.2327
1041	E	Y	-0.2994	0.5668	-18.9316	-0.2206
1042	D	A	-0.2740	0.6255	-18.8727	-0.1947
1042	D	C	-0.3154	0.6255	-18.8727	-0.2490
1042	D	E	-0.1392	0.6255	-3.2631	-0.1226
1042	D	F	-0.3741	0.6255	-18.8727	-0.3258
1042	D	G	-0.2851	0.6255	-18.8727	-0.2093
1042	D	H	-0.2833	0.6255	-18.8727	-0.2069
1042	D	I	-0.3663	0.6255	-18.8727	-0.3156
1042	D	K	-0.2769	0.6255	-5.5849	-0.2873
1042	D	L	-0.3600	0.6255	-18.8727	-0.3073
1042	D	M	-0.2987	0.6255	-18.8727	-0.2271
1042	D	N	-0.2407	0.6255	-18.8727	-0.1511
1042	D	P	-0.4109	0.6255	-18.8727	-0.3740
1042	D	Q	-0.3009	0.6255	-18.8727	-0.2300
1042	D	R	-0.3757	0.6255	-18.8727	-0.3279
1042	D	S	-0.2804	0.6255	-18.8727	-0.2031
1042	D	T	-0.3104	0.6255	-18.8727	-0.2424
1042	D	V	-0.3210	0.6255	-18.8727	-0.2563
1042	D	W	-0.3545	0.6255	-18.8727	-0.3002
1042	D	Y	-0.3189	0.6255	-18.8727	-0.2536
1043	E	A	-0.2163	0.9733	-19.3322	-0.1580
1043	E	C	-0.2856	0.9733	-19.3322	-0.2488
1043	E	D	-0.1061	0.9733	-4.4594	-0.1131
1043	E	F	-0.2632	0.9733	-19.3322	-0.2195
1043	E	G	-0.1742	0.9733	-6.0443	-0.1917
1043	E	H	-0.1867	0.9733	-6.0443	-0.2081
1043	E	I	-0.2686	0.9733	-19.3322	-0.2265
1043	E	K	-0.1624	0.9733	-4.4594	-0.1868
1043	E	L	-0.2029	0.9733	-6.0443	-0.2293
1043	E	M	-0.2196	0.9733	-19.3322	-0.1623
1043	E	N	-0.2425	0.9733	-19.3322	-0.1923
1043	E	P	-0.3732	0.9733	-19.3322	-0.3635
1043	E	Q	-0.1888	0.9733	-19.3322	-0.1220
1043	E	R	-0.2310	0.9733	-6.0443	-0.2660
1043	E	S	-0.2297	0.9733	-19.3322	-0.1756
1043	E	T	-0.2456	0.9733	-19.3322	-0.1964
1043	E	V	-0.2295	0.9733	-19.3322	-0.1753
1043	E	W	-0.2733	0.9733	-19.3322	-0.2327
1043	E	Y	-0.2641	0.9733	-19.3322	-0.2206
1044	E	A	-0.2332	0.7894	-19.3322	-0.1580
1044	E	C	-0.3025	0.7894	-19.3322	-0.2488
1044	E	D	-0.1260	0.7894	-5.0444	-0.1131
1044	E	F	-0.2802	0.7894	-19.3322	-0.2195
1044	E	G	-0.1911	0.7894	-6.0443	-0.1917
1044	E	H	-0.2715	0.7894	-19.3322	-0.2081
1044	E	I	-0.2855	0.7894	-19.3322	-0.2265
1044	E	K	-0.2552	0.7894	-19.3322	-0.1868
1044	E	L	-0.2877	0.7894	-19.3322	-0.2293
1044	E	M	-0.2365	0.7894	-19.3322	-0.1623
1044	E	N	-0.2594	0.7894	-19.3322	-0.1923
1044	E	P	-0.3902	0.7894	-19.3322	-0.3635
1044	E	Q	-0.1236	0.7894	-3.2371	-0.1220
1044	E	R	-0.3157	0.7894	-19.3322	-0.2660
1044	E	S	-0.2466	0.7894	-19.3322	-0.1756
1044	E	T	-0.2625	0.7894	-19.3322	-0.1964
1044	E	V	-0.2464	0.7894	-19.3322	-0.1753
1044	E	W	-0.2902	0.7894	-19.3322	-0.2327
1044	E	Y	-0.2810	0.7894	-19.3322	-0.2206
1045	L	A	-0.3676	0.4068	-19.3963	-0.2874
1045	L	C	-0.3568	0.4068	-19.3963	-0.2733
1045	L	D	-0.4891	0.4068	-19.3963	-0.4465
1045	L	E	-0.3894	0.4068	-6.1084	-0.4047
1045	L	F	-0.2332	0.4068	-6.1084	-0.2003
1045	L	G	-0.4424	0.4068	-19.3963	-0.3854
1045	L	H	-0.4100	0.4068	-19.3963	-0.3429
1045	L	I	-0.1688	0.4068	-5.1085	-0.1226
1045	L	K	-0.4562	0.4068	-19.3963	-0.4034
1045	L	M	-0.2650	0.4068	-19.3963	-0.1531
1045	L	N	-0.4354	0.4068	-19.3963	-0.3762
1045	L	P	-0.4510	0.4068	-19.3963	-0.3966
1045	L	Q	-0.3883	0.4068	-19.3963	-0.3146
1045	L	R	-0.4478	0.4068	-19.3963	-0.3924
1045	L	S	-0.3980	0.4068	-19.3963	-0.3272
1045	L	T	-0.3707	0.4068	-19.3963	-0.2915
1045	L	V	-0.2780	0.4068	-19.3963	-0.1701
1045	L	W	-0.4002	0.4068	-19.3963	-0.3301
1045	L	Y	-0.3931	0.4068	-19.3963	-0.3208
1046	S	A	-0.1366	0.6139	-5.1085	-0.1054
1046	S	C	-0.2600	0.6139	-19.3963	-0.1715
1046	S	D	-0.3082	0.6139	-19.3963	-0.2346
1046	S	E	-0.2136	0.6139	-6.1084	-0.1995
1046	S	F	-0.2875	0.6139	-19.3963	-0.2076
1046	S	G	-0.2186	0.6139	-19.3963	-0.1174
1046	S	H	-0.2888	0.6139	-19.3963	-0.2092
1046	S	I	-0.2907	0.6139	-19.3963	-0.2117
1046	S	K	-0.2981	0.6139	-19.3963	-0.2214
1046	S	L	-0.2869	0.6139	-19.3963	-0.2068
1046	S	M	-0.2580	0.6139	-19.3963	-0.1689
1046	S	N	-0.2318	0.6139	-19.3963	-0.1346
1046	S	P	-0.2849	0.6139	-4.1085	-0.3063
1046	S	Q	-0.2514	0.6139	-19.3963	-0.1603
1046	S	R	-0.3034	0.6139	-19.3963	-0.2283
1046	S	T	-0.2002	0.6139	-19.3963	-0.0932
1046	S	V	-0.2649	0.6139	-19.3963	-0.1780
1046	S	W	-0.2972	0.6139	-19.3963	-0.2203
1046	S	Y	-0.2924	0.6139	-19.3963	-0.2139
1047	N	A	-0.1848	1.4085	-19.3963	-0.1688
1047	N	C	-0.2347	1.4085	-19.3963	-0.2341
1047	N	D	-0.1151	1.4085	-5.1085	-0.1730
1047	N	E	-0.2151	1.4085	-19.3963	-0.2085
1047	N	F	-0.2419	1.4085	-19.3963	-0.2436
1047	N	G	-0.1359	1.4085	-3.7866	-0.2091
1047	N	H	-0.1220	1.4085	-6.1084	-0.1753
1047	N	I	-0.2351	1.4085	-19.3963	-0.2346
1047	N	K	-0.1880	1.4085	-19.3963	-0.1730
1047	N	L	-0.2415	1.4085	-19.3963	-0.2430
1047	N	M	-0.1956	1.4085	-19.3963	-0.1830
1047	N	P	-0.3504	1.4085	-19.3963	-0.3856
1047	N	Q	-0.1788	1.4085	-19.3963	-0.1609
1047	N	R	-0.1524	1.4085	-6.1084	-0.2151
1047	N	S	-0.0707	1.4085	-2.9386	-0.1294
1047	N	T	-0.1365	1.4085	-6.1084	-0.1943
1047	N	V	-0.2284	1.4085	-19.3963	-0.2259
1047	N	W	-0.2471	1.4085	-19.3963	-0.2503
1047	N	Y	-0.2255	1.4085	-19.3963	-0.2221
1048	F	A	-0.3838	0.5536	-19.3963	-0.3264
1048	F	C	-0.3520	0.5536	-19.3963	-0.2847
1048	F	D	-0.5068	0.5536	-19.3963	-0.4874
1048	F	E	-0.4762	0.5536	-19.3963	-0.4473
1048	F	G	-0.4192	0.5536	-19.3963	-0.3727
1048	F	H	-0.4114	0.5536	-19.3963	-0.3625
1048	F	I	-0.3278	0.5536	-19.3963	-0.2530
1048	F	K	-0.4831	0.5536	-19.3963	-0.4563
1048	F	L	-0.2140	0.5536	-4.5236	-0.2034
1048	F	M	-0.2480	0.5536	-5.1085	-0.2440
1048	F	N	-0.4365	0.5536	-19.3963	-0.3953
1048	F	P	-0.5072	0.5536	-19.3963	-0.4879
1048	F	Q	-0.4385	0.5536	-19.3963	-0.3980
1048	F	R	-0.4844	0.5536	-19.3963	-0.4581
1048	F	S	-0.3628	0.5536	-19.3963	-0.2989
1048	F	T	-0.4091	0.5536	-19.3963	-0.3595
1048	F	V	-0.2543	0.5536	-6.1084	-0.2456
1048	F	W	-0.3074	0.5536	-19.3963	-0.2263
1048	F	Y	-0.2757	0.5536	-19.3963	-0.1848
1049	A	C	-0.2257	1.0910	-19.3963	-0.1841
1049	A	D	-0.3074	1.0910	-19.3963	-0.2911
1049	A	E	-0.2931	1.0910	-19.3963	-0.2723
1049	A	F	-0.2758	1.0910	-19.3963	-0.2497
1049	A	G	-0.2192	1.0910	-19.3963	-0.1756
1049	A	H	-0.2799	1.0910	-19.3963	-0.2551
1049	A	I	-0.1975	1.0910	-6.1084	-0.2360
1049	A	K	-0.2977	1.0910	-19.3963	-0.2784
1049	A	L	-0.2701	1.0910	-19.3963	-0.2422
1049	A	M	-0.2288	1.0910	-19.3963	-0.1882
1049	A	N	-0.2778	1.0910	-19.3963	-0.2523
1049	A	P	-0.3471	1.0910	-19.3963	-0.3431
1049	A	Q	-0.2753	1.0910	-19.3963	-0.2490
1049	A	R	-0.3084	1.0910	-19.3963	-0.2924
1049	A	S	-0.1124	1.0910	-4.1085	-0.1379
1049	A	T	-0.1154	1.0910	-3.5236	-0.1457
1049	A	V	-0.1175	1.0910	-4.5236	-0.1418
1049	A	W	-0.2867	1.0910	-19.3963	-0.2640
1049	A	Y	-0.2950	1.0910	-19.3963	-0.2748
1050	Y	A	-0.3530	0.9187	-19.3963	-0.3300
1050	Y	C	-0.3237	0.9187	-19.3963	-0.2916
1050	Y	D	-0.3672	0.9187	-19.3963	-0.3486
1050	Y	E	-0.3959	0.9187	-19.3963	-0.3862
1050	Y	F	-0.1109	0.9187	-3.7866	-0.1173
1050	Y	G	-0.4236	0.9187	-19.3963	-0.4224
1050	Y	H	-0.1878	0.9187	-5.1085	-0.2092
1050	Y	I	-0.3651	0.9187	-19.3963	-0.3458
1050	Y	K	-0.4212	0.9187	-19.3963	-0.4193
1050	Y	L	-0.3421	0.9187	-19.3963	-0.3158
1050	Y	M	-0.2943	0.9187	-19.3963	-0.2531
1050	Y	N	-0.2784	0.9187	-6.1084	-0.3211
1050	Y	P	-0.4772	0.9187	-19.3963	-0.4926
1050	Y	Q	-0.3707	0.9187	-19.3963	-0.3532
1050	Y	R	-0.4165	0.9187	-19.3963	-0.4132
1050	Y	S	-0.2818	0.9187	-4.5236	-0.3362
1050	Y	T	-0.3764	0.9187	-19.3963	-0.3606
1050	Y	V	-0.3546	0.9187	-19.3963	-0.3321
1050	Y	W	-0.2706	0.9187	-19.3963	-0.2221
1051	L	A	-0.3875	0.1898	-19.3963	-0.2874
1051	L	C	-0.3768	0.1898	-19.3963	-0.2733
1051	L	D	-0.5091	0.1898	-19.3963	-0.4465
1051	L	E	-0.4771	0.1898	-19.3963	-0.4047
1051	L	F	-0.3210	0.1898	-19.3963	-0.2003
1051	L	G	-0.4624	0.1898	-19.3963	-0.3854
1051	L	H	-0.4299	0.1898	-19.3963	-0.3429
1051	L	I	-0.2616	0.1898	-19.3963	-0.1226
1051	L	K	-0.4761	0.1898	-19.3963	-0.4034
1051	L	M	-0.2849	0.1898	-19.3963	-0.1531
1051	L	N	-0.4554	0.1898	-19.3963	-0.3762
1051	L	P	-0.4709	0.1898	-19.3963	-0.3966
1051	L	Q	-0.4083	0.1898	-19.3963	-0.3146
1051	L	R	-0.4677	0.1898	-19.3963	-0.3924
1051	L	S	-0.4179	0.1898	-19.3963	-0.3272
1051	L	T	-0.3907	0.1898	-19.3963	-0.2915
1051	L	V	-0.2250	0.1898	-5.1085	-0.1701
1051	L	W	-0.4201	0.1898	-19.3963	-0.3301
1051	L	Y	-0.4130	0.1898	-19.3963	-0.3208
1052	L	A	-0.3875	0.1898	-19.3963	-0.2874
1052	L	C	-0.3768	0.1898	-19.3963	-0.2733
1052	L	D	-0.5091	0.1898	-19.3963	-0.4465
1052	L	E	-0.4771	0.1898	-19.3963	-0.4047
1052	L	F	-0.3210	0.1898	-19.3963	-0.2003
1052	L	G	-0.4624	0.1898	-19.3963	-0.3854
1052	L	H	-0.4299	0.1898	-19.3963	-0.3429
1052	L	I	-0.2616	0.1898	-19.3963	-0.1226
1052	L	K	-0.4761	0.1898	-19.3963	-0.4034
1052	L	M	-0.2849	0.1898	-19.3963	-0.1531
1052	L	N	-0.4554	0.1898	-19.3963	-0.3762
1052	L	P	-0.4709	0.1898	-19.3963	-0.3966
1052	L	Q	-0.4083	0.1898	-19.3963	-0.3146
1052	L	R	-0.4677	0.1898	-19.3963	-0.3924
1052	L	S	-0.4179	0.1898	-19.3963	-0.3272
1052	L	T	-0.3907	0.1898	-19.3963	-0.2915
1052	L	V	-0.2250	0.1898	-5.1085	-0.1701
1052	L	W	-0.4201	0.1898	-19.3963	-0.3301
1052	L	Y	-0.4130	0.1898	-19.3963	-0.3208
1053	A	C	-0.3027	0.2558	-19.4170	-0.1841
1053	A	D	-0.3844	0.2558	-19.4170	-0.2911
1053	A	E	-0.3700	0.2558	-19.4170	-0.2723
1053	A	F	-0.3528	0.2558	-19.4170	-0.2497
1053	A	G	-0.2203	0.2558	-4.5443	-0.1756
1053	A	H	-0.3569	0.2558	-19.4170	-0.2551
1053	A	I	-0.3423	0.2558	-19.4170	-0.2360
1053	A	K	-0.3747	0.2558	-19.4170	-0.2784
1053	A	L	-0.3470	0.2558	-19.4170	-0.2422
1053	A	M	-0.3058	0.2558	-19.4170	-0.1882
1053	A	N	-0.3548	0.2558	-19.4170	-0.2523
1053	A	P	-0.4241	0.2558	-19.4170	-0.3431
1053	A	Q	-0.3522	0.2558	-19.4170	-0.2490
1053	A	R	-0.3854	0.2558	-19.4170	-0.2924
1053	A	S	-0.2674	0.2558	-19.4170	-0.1379
1053	A	T	-0.2733	0.2558	-19.4170	-0.1457
1053	A	V	-0.2703	0.2558	-19.4170	-0.1418
1053	A	W	-0.3637	0.2558	-19.4170	-0.2640
1053	A	Y	-0.3719	0.2558	-19.4170	-0.2748
1054	S	A	-0.2389	0.2951	-19.4170	-0.1054
1054	S	C	-0.2216	0.2951	-6.1292	-0.1715
1054	S	D	-0.3376	0.2951	-19.4170	-0.2346
1054	S	E	-0.3108	0.2951	-19.4170	-0.1995
1054	S	F	-0.3170	0.2951	-19.4170	-0.2076
1054	S	G	-0.2481	0.2951	-19.4170	-0.1174
1054	S	H	-0.3182	0.2951	-19.4170	-0.2092
1054	S	I	-0.3201	0.2951	-19.4170	-0.2117
1054	S	K	-0.3275	0.2951	-19.4170	-0.2214
1054	S	L	-0.3164	0.2951	-19.4170	-0.2068
1054	S	M	-0.2874	0.2951	-19.4170	-0.1689
1054	S	N	-0.2612	0.2951	-19.4170	-0.1346
1054	S	P	-0.3924	0.2951	-19.4170	-0.3063
1054	S	Q	-0.2809	0.2951	-19.4170	-0.1603
1054	S	R	-0.3328	0.2951	-19.4170	-0.2283
1054	S	T	-0.1567	0.2951	-5.1293	-0.0932
1054	S	V	-0.2944	0.2951	-19.4170	-0.1780
1054	S	W	-0.3267	0.2951	-19.4170	-0.2203
1054	S	Y	-0.3218	0.2951	-19.4170	-0.2139
1055	K	A	-0.2613	0.5090	-19.4170	-0.1604
1055	K	C	-0.3315	0.5090	-19.4170	-0.2523
1055	K	D	-0.3703	0.5090	-19.4170	-0.3031
1055	K	E	-0.2862	0.5090	-19.4170	-0.1930
1055	K	F	-0.3324	0.5090	-19.4170	-0.2535
1055	K	G	-0.3205	0.5090	-19.4170	-0.2379
1055	K	H	-0.2713	0.5090	-19.4170	-0.1736
1055	K	I	-0.2996	0.5090	-19.4170	-0.2106
1055	K	L	-0.2983	0.5090	-19.4170	-0.2089
1055	K	M	-0.2713	0.5090	-19.4170	-0.1736
1055	K	N	-0.2117	0.5090	-6.1292	-0.1843
1055	K	P	-0.4356	0.5090	-19.4170	-0.3886
1055	K	Q	-0.1876	0.5090	-5.1293	-0.1594
1055	K	R	-0.1271	0.5090	-6.1292	-0.0735
1055	K	S	-0.2036	0.5090	-6.1292	-0.1737
1055	K	T	-0.2833	0.5090	-19.4170	-0.1892
1055	K	V	-0.2835	0.5090	-19.4170	-0.1895
1055	K	W	-0.3414	0.5090	-19.4170	-0.2653
1055	K	Y	-0.3172	0.5090	-19.4170	-0.2337
1056	L	A	-0.3717	0.3629	-19.4170	-0.2874
1056	L	C	-0.3609	0.3629	-19.4170	-0.2733
1056	L	D	-0.4932	0.3629	-19.4170	-0.4465
1056	L	E	-0.4613	0.3629	-19.4170	-0.4047
1056	L	F	-0.3052	0.3629	-19.4170	-0.2003
1056	L	G	-0.4466	0.3629	-19.4170	-0.3854
1056	L	H	-0.3382	0.3629	-4.5443	-0.3429
1056	L	I	-0.2458	0.3629	-19.4170	-0.1226
1056	L	K	-0.4603	0.3629	-19.4170	-0.4034
1056	L	M	-0.2691	0.3629	-19.4170	-0.1531
1056	L	N	-0.4395	0.3629	-19.4170	-0.3762
1056	L	P	-0.4551	0.3629	-19.4170	-0.3966
1056	L	Q	-0.3925	0.3629	-19.4170	-0.3146
1056	L	R	-0.4519	0.3629	-19.4170	-0.3924
1056	L	S	-0.4021	0.3629	-19.4170	-0.3272
1056	L	T	-0.3748	0.3629	-19.4170	-0.2915
1056	L	V	-0.2821	0.3629	-19.4170	-0.1701
1056	L	W	-0.4043	0.3629	-19.4170	-0.3301
1056	L	Y	-0.3294	0.3629	-6.1292	-0.3208
1057	S	A	-0.2173	0.5298	-19.4170	-0.1054
1057	S	C	-0.2000	0.5298	-6.1292	-0.1715
1057	S	D	-0.3160	0.5298	-19.4170	-0.2346
1057	S	E	-0.2892	0.5298	-19.4170	-0.1995
1057	S	F	-0.2954	0.5298	-19.4170	-0.2076
1057	S	G	-0.2265	0.5298	-19.4170	-0.1174
1057	S	H	-0.2966	0.5298	-19.4170	-0.2092
1057	S	I	-0.2985	0.5298	-19.4170	-0.2117
1057	S	K	-0.3059	0.5298	-19.4170	-0.2214
1057	S	L	-0.2948	0.5298	-19.4170	-0.2068
1057	S	M	-0.2658	0.5298	-19.4170	-0.1689
1057	S	N	-0.1718	0.5298	-6.1292	-0.1346
1057	S	P	-0.3708	0.5298	-19.4170	-0.3063
1057	S	Q	-0.2593	0.5298	-19.4170	-0.1603
1057	S	R	-0.2332	0.5298	-4.1293	-0.2283
1057	S	T	-0.2080	0.5298	-19.4170	-0.0932
1057	S	V	-0.2728	0.5298	-19.4170	-0.1780
1057	S	W	-0.3051	0.5298	-19.4170	-0.2203
1057	S	Y	-0.3002	0.5298	-19.4170	-0.2139
1058	L	A	-0.3849	0.2188	-19.3963	-0.2874
1058	L	C	-0.3741	0.2188	-19.3963	-0.2733
1058	L	D	-0.5064	0.2188	-19.3963	-0.4465
1058	L	E	-0.4745	0.2188	-19.3963	-0.4047
1058	L	F	-0.3183	0.2188	-19.3963	-0.2003
1058	L	G	-0.4597	0.2188	-19.3963	-0.3854
1058	L	H	-0.4273	0.2188	-19.3963	-0.3429
1058	L	I	-0.2590	0.2188	-19.3963	-0.1226
1058	L	K	-0.4735	0.2188	-19.3963	-0.4034
1058	L	M	-0.2823	0.2188	-19.3963	-0.1531
1058	L	N	-0.4527	0.2188	-19.3963	-0.3762
1058	L	P	-0.4683	0.2188	-19.3963	-0.3966
1058	L	Q	-0.4056	0.2188	-19.3963	-0.3146
1058	L	R	-0.4651	0.2188	-19.3963	-0.3924
1058	L	S	-0.4153	0.2188	-19.3963	-0.3272
1058	L	T	-0.3202	0.2188	-6.1084	-0.2915
1058	L	V	-0.2275	0.2188	-6.1084	-0.1701
1058	L	W	-0.4175	0.2188	-19.3963	-0.3301
1058	L	Y	-0.4104	0.2188	-19.3963	-0.3208
1059	S	A	-0.1177	0.8746	-6.1084	-0.1054
1059	S	C	-0.1682	0.8746	-6.1084	-0.1715
1059	S	D	-0.2842	0.8746	-19.3963	-0.2346
1059	S	E	-0.1896	0.8746	-6.1084	-0.1995
1059	S	F	-0.2636	0.8746	-19.3963	-0.2076
1059	S	G	-0.1947	0.8746	-19.3963	-0.1174
1059	S	H	-0.2648	0.8746	-19.3963	-0.2092
1059	S	I	-0.2667	0.8746	-19.3963	-0.2117
1059	S	K	-0.2741	0.8746	-19.3963	-0.2214
1059	S	L	-0.1871	0.8746	-4.5236	-0.2068
1059	S	M	-0.2340	0.8746	-19.3963	-0.1689
1059	S	N	-0.2078	0.8746	-19.3963	-0.1346
1059	S	P	-0.3390	0.8746	-19.3963	-0.3063
1059	S	Q	-0.2274	0.8746	-19.3963	-0.1603
1059	S	R	-0.2065	0.8746	-5.1085	-0.2283
1059	S	T	-0.1084	0.8746	-6.1084	-0.0932
1059	S	V	-0.2410	0.8746	-19.3963	-0.1780
1059	S	W	-0.2733	0.8746	-19.3963	-0.2203
1059	S	Y	-0.2684	0.8746	-19.3963	-0.2139
1060	P	A	-0.1580	0.9491	-6.1084	-0.1672
1060	P	C	-0.2585	0.9491	-19.3963	-0.2100
1060	P	D	-0.2844	0.9491	-19.3963	-0.2439
1060	P	E	-0.2682	0.9491	-19.3963	-0.2227
1060	P	F	-0.2870	0.9491	-19.3963	-0.2472
1060	P	G	-0.2402	0.9491	-19.3963	-0.1860
1060	P	H	-0.2646	0.9491	-19.3963	-0.2179
1060	P	I	-0.2700	0.9491	-19.3963	-0.2250
1060	P	K	-0.2599	0.9491	-19.3963	-0.2118
1060	P	L	-0.2746	0.9491	-19.3963	-0.2310
1060	P	M	-0.2255	0.9491	-19.3963	-0.1668
1060	P	N	-0.2526	0.9491	-19.3963	-0.2022
1060	P	Q	-0.1865	0.9491	-6.1084	-0.2044
1060	P	R	-0.2957	0.9491	-19.3963	-0.2586
1060	P	S	-0.1401	0.9491	-2.6491	-0.1668
1060	P	T	-0.1699	0.9491	-6.1084	-0.1827
1060	P	V	-0.2254	0.9491	-19.3963	-0.1666
1060	P	W	-0.2995	0.9491	-19.3963	-0.2636
1060	P	Y	-0.2879	0.9491	-19.3963	-0.2485
1061	R	A	-0.2376	1.7132	-19.3752	-0.2748
1061	R	C	-0.2465	1.7132	-19.3752	-0.2864
1061	R	D	-0.3287	1.7132	-19.3752	-0.3940
1061	R	E	-0.2010	1.7132	-5.0874	-0.3223
1061	R	F	-0.2020	1.7132	-6.0874	-0.3169
1061	R	G	-0.1909	1.7132	-3.2801	-0.3211
1061	R	H	-0.2074	1.7132	-19.3752	-0.2352
1061	R	I	-0.2670	1.7132	-19.3752	-0.3133
1061	R	K	-0.0520	1.7132	-4.5025	-0.1311
1061	R	L	-0.2401	1.7132	-19.3752	-0.2780
1061	R	M	-0.2059	1.7132	-19.3752	-0.2333
1061	R	N	-0.2525	1.7132	-19.3752	-0.2943
1061	R	P	-0.3797	1.7132	-19.3752	-0.4608
1061	R	Q	-0.1445	1.7132	-6.0874	-0.2417
1061	R	S	-0.1703	1.7132	-6.0874	-0.2755
1061	R	T	-0.1696	1.7132	-5.0874	-0.2812
1061	R	V	-0.2541	1.7132	-19.3752	-0.2964
1061	R	W	-0.1773	1.7132	-4.0875	-0.2980
1061	R	Y	-0.2591	1.7132	-19.3752	-0.3029
1062	E	A	-0.0577	1.8518	-4.1085	-0.1580
1062	E	C	-0.1373	1.8518	-6.1084	-0.2488
1062	E	D	-0.0337	1.8518	-6.1084	-0.1131
1062	E	F	-0.1827	1.8518	-19.3963	-0.2195
1062	E	G	-0.0655	1.8518	-0.5850	-0.1917
1062	E	H	-0.1740	1.8518	-19.3963	-0.2081
1062	E	I	-0.1881	1.8518	-19.3963	-0.2265
1062	E	K	-0.0899	1.8518	-6.1084	-0.1868
1062	E	L	-0.1902	1.8518	-19.3963	-0.2293
1062	E	M	-0.1390	1.8518	-19.3963	-0.1623
1062	E	N	-0.1620	1.8518	-19.3963	-0.1923
1062	E	P	-0.2249	1.8518	-6.1084	-0.3635
1062	E	Q	-0.0354	1.8518	-5.1085	-0.1220
1062	E	R	-0.1361	1.8518	-3.3012	-0.2660
1062	E	S	-0.0763	1.8518	-5.1085	-0.1756
1062	E	T	-0.1651	1.8518	-19.3963	-0.1964
1062	E	V	-0.1490	1.8518	-19.3963	-0.1753
1062	E	W	-0.1928	1.8518	-19.3963	-0.2327
1062	E	Y	-0.1836	1.8518	-19.3963	-0.2206
1063	H	A	-0.0993	1.9902	-19.3752	-0.1271
1063	H	C	-0.1539	1.9902	-19.3752	-0.1985
1063	H	D	-0.1465	1.9902	-19.3752	-0.1889
1063	H	E	-0.1581	1.9902	-19.3752	-0.2040
1063	H	F	-0.0480	1.9902	-5.0874	-0.1554
1063	H	G	-0.1819	1.9902	-19.3752	-0.2352
1063	H	I	-0.1177	1.9902	-6.0874	-0.2400
1063	H	K	-0.1422	1.9902	-19.3752	-0.1833
1063	H	L	-0.0549	1.9902	-0.9176	-0.1923
1063	H	M	-0.0992	1.9902	-19.3752	-0.1270
1063	H	N	-0.1060	1.9902	-19.3752	-0.1359
1063	H	P	-0.1753	1.9902	-2.2801	-0.3408
1063	H	Q	-0.0675	1.9902	-19.3752	-0.0855
1063	H	R	-0.0628	1.9902	-5.0874	-0.1747
1063	H	S	-0.1053	1.9902	-19.3752	-0.1349
1063	H	T	-0.0823	1.9902	-6.0874	-0.1936
1063	H	V	-0.0690	1.9902	-5.0874	-0.1829
1063	H	W	-0.1372	1.9902	-19.3752	-0.1767
1063	H	Y	-0.0711	1.9902	-19.3752	-0.0902
1064	P	A	-0.1555	0.9727	-6.0443	-0.1672
1064	P	C	-0.2560	0.9727	-19.3322	-0.2100
1064	P	D	-0.2819	0.9727	-19.3322	-0.2439
1064	P	E	-0.2657	0.9727	-19.3322	-0.2227
1064	P	F	-0.2845	0.9727	-19.3322	-0.2472
1064	P	G	-0.1699	0.9727	-6.0443	-0.1860
1064	P	H	-0.2621	0.9727	-19.3322	-0.2179
1064	P	I	-0.2675	0.9727	-19.3322	-0.2250
1064	P	K	-0.2574	0.9727	-19.3322	-0.2118
1064	P	L	-0.2043	0.9727	-6.0443	-0.2310
1064	P	M	-0.2230	0.9727	-19.3322	-0.1668
1064	P	N	-0.2501	0.9727	-19.3322	-0.2022
1064	P	Q	-0.2518	0.9727	-19.3322	-0.2044
1064	P	R	-0.2932	0.9727	-19.3322	-0.2586
1064	P	S	-0.1399	0.9727	-3.0444	-0.1668
1064	P	T	-0.2352	0.9727	-19.3322	-0.1827
1064	P	V	-0.1551	0.9727	-6.0443	-0.1666
1064	P	W	-0.2970	0.9727	-19.3322	-0.2636
1064	P	Y	-0.2855	0.9727	-19.3322	-0.2485
1065	L	A	-0.1775	1.6787	-5.0874	-0.2874
1065	L	C	-0.1718	1.6787	-6.0874	-0.2733
1065	L	D	-0.3719	1.6787	-19.3752	-0.4465
1065	L	E	-0.3400	1.6787	-19.3752	-0.4047
1065	L	F	-0.1008	1.6787	-3.0875	-0.2003
1065	L	G	-0.2575	1.6787	-6.0874	-0.3854
1065	L	H	-0.2928	1.6787	-19.3752	-0.3429
1065	L	I	-0.1245	1.6787	-19.3752	-0.1226
1065	L	K	-0.3390	1.6787	-19.3752	-0.4034
1065	L	M	-0.1478	1.6787	-19.3752	-0.1531
1065	L	N	-0.3182	1.6787	-19.3752	-0.3762
1065	L	P	-0.2660	1.6787	-6.0874	-0.3966
1065	L	Q	-0.1932	1.6787	-4.0875	-0.3146
1065	L	R	-0.3306	1.6787	-19.3752	-0.3924
1065	L	S	-0.2130	1.6787	-6.0874	-0.3272
1065	L	T	-0.2536	1.6787	-19.3752	-0.2915
1065	L	V	-0.0849	1.6787	-4.5025	-0.1701
1065	L	W	-0.2830	1.6787	-19.3752	-0.3301
1065	L	Y	-0.2759	1.6787	-19.3752	-0.3208
1066	S	A	-0.0868	1.2059	-6.0223	-0.1054
1066	S	C	-0.1322	1.2059	-5.0223	-0.1715
1066	S	D	-0.2533	1.2059	-19.3101	-0.2346
1066	S	E	-0.1586	1.2059	-6.0223	-0.1995
1066	S	F	-0.2326	1.2059	-19.3101	-0.2076
1066	S	G	-0.0776	1.2059	-2.4374	-0.1174
1066	S	H	-0.2339	1.2059	-19.3101	-0.2092
1066	S	I	-0.2358	1.2059	-19.3101	-0.2117
1066	S	K	-0.2432	1.2059	-19.3101	-0.2214
1066	S	L	-0.2320	1.2059	-19.3101	-0.2068
1066	S	M	-0.2031	1.2059	-19.3101	-0.1689
1066	S	N	-0.1091	1.2059	-6.0223	-0.1346
1066	S	P	-0.3080	1.2059	-19.3101	-0.3063
1066	S	Q	-0.1965	1.2059	-19.3101	-0.1603
1066	S	R	-0.2484	1.2059	-19.3101	-0.2283
1066	S	T	-0.1453	1.2059	-19.3101	-0.0932
1066	S	V	-0.2100	1.2059	-19.3101	-0.1780
1066	S	W	-0.2423	1.2059	-19.3101	-0.2203
1066	S	Y	-0.2374	1.2059	-19.3101	-0.2139
1067	P	A	-0.1668	1.5866	-19.3101	-0.1672
1067	P	C	-0.1994	1.5866	-19.3101	-0.2100
1067	P	D	-0.2253	1.5866	-19.3101	-0.2439
1067	P	E	-0.2091	1.5866	-19.3101	-0.2227
1067	P	F	-0.1601	1.5866	-6.0223	-0.2472
1067	P	G	-0.1133	1.5866	-6.0223	-0.1860
1067	P	H	-0.1377	1.5866	-6.0223	-0.2179
1067	P	I	-0.2109	1.5866	-19.3101	-0.2250
1067	P	K	-0.2008	1.5866	-19.3101	-0.2118
1067	P	L	-0.1375	1.5866	-4.0224	-0.2310
1067	P	M	-0.1664	1.5866	-19.3101	-0.1668
1067	P	N	-0.1935	1.5866	-19.3101	-0.2022
1067	P	Q	-0.1952	1.5866	-19.3101	-0.2044
1067	P	R	-0.2366	1.5866	-19.3101	-0.2586
1067	P	S	-0.0868	1.5866	-3.7005	-0.1668
1067	P	T	-0.0946	1.5866	-2.8525	-0.1827
1067	P	V	-0.1663	1.5866	-19.3101	-0.1666
1067	P	W	-0.2404	1.5866	-19.3101	-0.2636
1067	P	Y	-0.2289	1.5866	-19.3101	-0.2485
1068	H	A	0.0131	2.4161	-5.0223	-0.1271
1068	H	C	-0.0304	2.4161	-2.8525	-0.1985
1068	H	D	-0.1070	2.4161	-19.3101	-0.1889
1068	H	E	-0.1185	2.4161	-19.3101	-0.2040
1068	H	F	-0.0814	2.4161	-19.3101	-0.1554
1068	H	G	-0.0695	2.4161	-5.0223	-0.2352
1068	H	I	-0.1460	2.4161	-19.3101	-0.2400
1068	H	K	-0.1027	2.4161	-19.3101	-0.1833
1068	H	L	-0.0316	2.4161	-4.0224	-0.1923
1068	H	M	-0.0597	2.4161	-19.3101	-0.1270
1068	H	N	-0.0665	2.4161	-19.3101	-0.1359
1068	H	P	-0.1552	2.4161	-6.0223	-0.3408
1068	H	Q	0.0500	2.4161	-4.0224	-0.0855
1068	H	R	-0.0101	2.4161	-2.4374	-0.1747
1068	H	S	-0.0658	2.4161	-19.3101	-0.1349
1068	H	T	-0.1106	2.4161	-19.3101	-0.1936
1068	H	V	-0.0295	2.4161	-5.0223	-0.1829
1068	H	W	-0.0977	2.4161	-19.3101	-0.1767
1068	H	Y	-0.0316	2.4161	-19.3101	-0.0902
1069	H	A	-0.0863	2.1290	-19.3322	-0.1271
1069	H	C	-0.0612	2.1290	-3.7225	-0.1985
1069	H	D	-0.0606	2.1290	-5.0444	-0.1889
1069	H	E	-0.1451	2.1290	-19.3322	-0.2040
1069	H	F	-0.1079	2.1290	-19.3322	-0.1554
1069	H	G	-0.1689	2.1290	-19.3322	-0.2352
1069	H	I	-0.1726	2.1290	-19.3322	-0.2400
1069	H	K	-0.1292	2.1290	-19.3322	-0.1833
1069	H	L	-0.0602	2.1290	-4.4594	-0.1923
1069	H	M	-0.0862	2.1290	-19.3322	-0.1270
1069	H	N	-0.0930	2.1290	-19.3322	-0.1359
1069	H	P	-0.1570	2.1290	-1.1865	-0.3408
1069	H	Q	0.0235	2.1290	-4.0444	-0.0855
1069	H	R	-0.1227	2.1290	-19.3322	-0.1747
1069	H	S	-0.0164	2.1290	-4.4594	-0.1349
1069	H	T	-0.1371	2.1290	-19.3322	-0.1936
1069	H	V	-0.1289	2.1290	-19.3322	-0.1829
1069	H	W	-0.1242	2.1290	-19.3322	-0.1767
1069	H	Y	-0.0581	2.1290	-19.3322	-0.0902
1070	A	C	-0.2117	1.2392	-19.3322	-0.1841
1070	A	D	-0.2257	1.2392	-6.0443	-0.2911
1070	A	E	-0.2791	1.2392	-19.3322	-0.2723
1070	A	F	-0.2618	1.2392	-19.3322	-0.2497
1070	A	G	-0.2052	1.2392	-19.3322	-0.1756
1070	A	H	-0.2660	1.2392	-19.3322	-0.2551
1070	A	I	-0.2514	1.2392	-19.3322	-0.2360
1070	A	K	-0.2838	1.2392	-19.3322	-0.2784
1070	A	L	-0.1883	1.2392	-6.0443	-0.2422
1070	A	M	-0.2149	1.2392	-19.3322	-0.1882
1070	A	N	-0.2638	1.2392	-19.3322	-0.2523
1070	A	P	-0.3332	1.2392	-19.3322	-0.3431
1070	A	Q	-0.2613	1.2392	-19.3322	-0.2490
1070	A	R	-0.2945	1.2392	-19.3322	-0.2924
1070	A	S	-0.1035	1.2392	-5.0444	-0.1379
1070	A	T	-0.0969	1.2392	-2.5850	-0.1457
1070	A	V	-0.1065	1.2392	-5.0444	-0.1418
1070	A	W	-0.2728	1.2392	-19.3322	-0.2640
1070	A	Y	-0.2810	1.2392	-19.3322	-0.2748
1071	S	A	-0.0716	1.3168	-5.0444	-0.1054
1071	S	C	-0.1950	1.3168	-19.3322	-0.1715
1071	S	D	-0.2432	1.3168	-19.3322	-0.2346
1071	S	E	-0.2164	1.3168	-19.3322	-0.1995
1071	S	F	-0.2225	1.3168	-19.3322	-0.2076
1071	S	G	-0.1536	1.3168	-19.3322	-0.1174
1071	S	H	-0.2238	1.3168	-19.3322	-0.2092
1071	S	I	-0.2257	1.3168	-19.3322	-0.2117
1071	S	K	-0.2331	1.3168	-19.3322	-0.2214
1071	S	L	-0.1439	1.3168	-4.0444	-0.2068
1071	S	M	-0.1252	1.3168	-6.0443	-0.1689
1071	S	N	-0.1668	1.3168	-19.3322	-0.1346
1071	S	P	-0.2220	1.3168	-4.4594	-0.3063
1071	S	Q	-0.1864	1.3168	-19.3322	-0.1603
1071	S	R	-0.2384	1.3168	-19.3322	-0.2283
1071	S	T	-0.0571	1.3168	-4.0444	-0.0932
1071	S	V	-0.1321	1.3168	-6.0443	-0.1780
1071	S	W	-0.2322	1.3168	-19.3322	-0.2203
1071	S	Y	-0.2274	1.3168	-19.3322	-0.2139
1072	G	A	-0.2173	0.9060	-5.9772	-0.2405
1072	G	C	-0.3449	0.9060	-19.2650	-0.3187
1072	G	D	-0.3454	0.9060	-19.2650	-0.3194
1072	G	E	-0.2718	0.9060	-4.9773	-0.3185
1072	G	F	-0.3830	0.9060	-19.2650	-0.3686
1072	G	H	-0.3577	0.9060	-19.2650	-0.3355
1072	G	I	-0.4287	0.9060	-19.2650	-0.4284
1072	G	K	-0.3776	0.9060	-19.2650	-0.3616
1072	G	L	-0.3969	0.9060	-19.2650	-0.3868
1072	G	M	-0.3351	0.9060	-19.2650	-0.3059
1072	G	N	-0.3457	0.9060	-19.2650	-0.3198
1072	G	P	-0.4428	0.9060	-19.2650	-0.4469
1072	G	Q	-0.3486	0.9060	-19.2650	-0.3236
1072	G	R	-0.2939	0.9060	-5.9772	-0.3407
1072	G	S	-0.2910	0.9060	-19.2650	-0.2482
1072	G	T	-0.2920	0.9060	-4.3923	-0.3489
1072	G	V	-0.2990	0.9060	-4.9773	-0.3541
1072	G	W	-0.3827	0.9060	-19.2650	-0.3683
1072	G	Y	-0.3834	0.9060	-19.2650	-0.3691
1073	G	A	-0.1900	1.2080	-6.0660	-0.2405
1073	G	C	-0.3175	1.2080	-19.3538	-0.3187
1073	G	D	-0.2503	1.2080	-6.0660	-0.3194
1073	G	E	-0.2496	1.2080	-6.0660	-0.3185
1073	G	F	-0.3556	1.2080	-19.3538	-0.3686
1073	G	H	-0.3304	1.2080	-19.3538	-0.3355
1073	G	I	-0.4013	1.2080	-19.3538	-0.4284
1073	G	K	-0.3503	1.2080	-19.3538	-0.3616
1073	G	L	-0.3695	1.2080	-19.3538	-0.3868
1073	G	M	-0.3078	1.2080	-19.3538	-0.3059
1073	G	N	-0.3184	1.2080	-19.3538	-0.3198
1073	G	P	-0.4155	1.2080	-19.3538	-0.4469
1073	G	Q	-0.3213	1.2080	-19.3538	-0.3236
1073	G	R	-0.2614	1.2080	-5.0661	-0.3407
1073	G	S	-0.1857	1.2080	-4.0661	-0.2482
1073	G	T	-0.2728	1.2080	-6.0660	-0.3489
1073	G	V	-0.2687	1.2080	-4.4811	-0.3541
1073	G	W	-0.3554	1.2080	-19.3538	-0.3683
1073	G	Y	-0.3560	1.2080	-19.3538	-0.3691
1074	Q	A	-0.1217	1.7777	-19.3752	-0.1308
1074	Q	C	-0.1679	1.7777	-19.3752	-0.1913
1074	Q	D	-0.2082	1.7777	-19.3752	-0.2441
1074	Q	E	-0.1268	1.7777	-19.3752	-0.1375
1074	Q	F	-0.1759	1.7777	-19.3752	-0.2018
1074	Q	G	-0.1127	1.7777	-3.7655	-0.2233
1074	Q	H	-0.0499	1.7777	-5.0874	-0.1322
1074	Q	I	-0.1573	1.7777	-19.3752	-0.1774
1074	Q	K	-0.0870	1.7777	-6.0874	-0.1742
1074	Q	L	-0.1406	1.7777	-19.3752	-0.1556
1074	Q	M	-0.1116	1.7777	-19.3752	-0.1176
1074	Q	N	-0.1374	1.7777	-19.3752	-0.1513
1074	Q	P	-0.2953	1.7777	-19.3752	-0.3581
1074	Q	R	-0.0656	1.7777	-2.1806	-0.1723
1074	Q	S	-0.1401	1.7777	-19.3752	-0.1549
1074	Q	T	-0.1500	1.7777	-19.3752	-0.1679
1074	Q	V	-0.0896	1.7777	-6.0874	-0.1775
1074	Q	W	-0.0973	1.7777	-4.0875	-0.2010
1074	Q	Y	-0.1782	1.7777	-19.3752	-0.2048
1075	G	A	-0.2164	0.8662	-5.0874	-0.2405
1075	G	C	-0.3491	0.8662	-19.3752	-0.3187
1075	G	D	-0.2767	0.8662	-5.0874	-0.3194
1075	G	E	-0.3489	0.8662	-19.3752	-0.3185
1075	G	F	-0.3872	0.8662	-19.3752	-0.3686
1075	G	H	-0.3619	0.8662	-19.3752	-0.3355
1075	G	I	-0.4329	0.8662	-19.3752	-0.4284
1075	G	K	-0.3819	0.8662	-19.3752	-0.3616
1075	G	L	-0.4011	0.8662	-19.3752	-0.3868
1075	G	M	-0.3393	0.8662	-19.3752	-0.3059
1075	G	N	-0.3499	0.8662	-19.3752	-0.3198
1075	G	P	-0.4470	0.8662	-19.3752	-0.4469
1075	G	Q	-0.3528	0.8662	-19.3752	-0.3236
1075	G	R	-0.2930	0.8662	-5.0874	-0.3407
1075	G	S	-0.2223	0.8662	-5.0874	-0.2482
1075	G	T	-0.3043	0.8662	-6.0874	-0.3489
1075	G	V	-0.3761	0.8662	-19.3752	-0.3541
1075	G	W	-0.3870	0.8662	-19.3752	-0.3683
1075	G	Y	-0.3876	0.8662	-19.3752	-0.3691
1076	S	A	0.0523	2.6331	-4.5025	-0.1054
1076	S	C	-0.0741	2.6331	-19.3752	-0.1715
1076	S	D	-0.0545	2.6331	-6.0874	-0.2346
1076	S	E	-0.0955	2.6331	-19.3752	-0.1995
1076	S	F	-0.1016	2.6331	-19.3752	-0.2076
1076	S	G	0.0351	2.6331	-6.0874	-0.1174
1076	S	H	-0.0351	2.6331	-6.0874	-0.2092
1076	S	I	-0.0170	2.6331	-2.1806	-0.2117
1076	S	K	-0.1122	2.6331	-19.3752	-0.2214
1076	S	L	-0.0251	2.6331	-4.5025	-0.2068
1076	S	M	-0.0721	2.6331	-19.3752	-0.1689
1076	S	N	-0.0459	2.6331	-19.3752	-0.1346
1076	S	P	-0.1011	2.6331	-4.5025	-0.3063
1076	S	Q	-0.0655	2.6331	-19.3752	-0.1603
1076	S	R	-0.1175	2.6331	-19.3752	-0.2283
1076	S	T	0.0654	2.6331	-3.7655	-0.0932
1076	S	V	0.0108	2.6331	-1.7656	-0.1780
1076	S	W	-0.1113	2.6331	-19.3752	-0.2203
1076	S	Y	-0.1065	2.6331	-19.3752	-0.2139
1077	Q	A	-0.1265	1.7241	-19.3538	-0.1308
1077	Q	C	-0.1727	1.7241	-19.3538	-0.1913
1077	Q	D	-0.2131	1.7241	-19.3538	-0.2441
1077	Q	E	-0.0587	1.7241	-5.0661	-0.1375
1077	Q	F	-0.1808	1.7241	-19.3538	-0.2018
1077	Q	G	-0.1294	1.7241	-6.0660	-0.2233
1077	Q	H	-0.0547	1.7241	-5.0661	-0.1322
1077	Q	I	-0.1621	1.7241	-19.3538	-0.1774
1077	Q	K	-0.0838	1.7241	-4.4811	-0.1742
1077	Q	L	-0.1455	1.7241	-19.3538	-0.1556
1077	Q	M	-0.1164	1.7241	-19.3538	-0.1176
1077	Q	N	-0.0744	1.7241	-6.0660	-0.1513
1077	Q	P	-0.2242	1.7241	-4.4811	-0.3581
1077	Q	R	-0.0786	1.7241	-3.7442	-0.1723
1077	Q	S	-0.1449	1.7241	-19.3538	-0.1549
1077	Q	T	-0.1549	1.7241	-19.3538	-0.1679
1077	Q	V	-0.0863	1.7241	-4.4811	-0.1775
1077	Q	W	-0.1801	1.7241	-19.3538	-0.2010
1077	Q	Y	-0.1830	1.7241	-19.3538	-0.2048
1078	R	A	-0.1632	1.7837	-6.0660	-0.2748
1078	R	C	-0.2399	1.7837	-19.3538	-0.2864
1078	R	D	-0.3221	1.7837	-19.3538	-0.3940
1078	R	E	-0.2673	1.7837	-19.3538	-0.3223
1078	R	F	-0.2632	1.7837	-19.3538	-0.3169
1078	R	G	-0.1905	1.7837	-4.4811	-0.3211
1078	R	H	-0.2008	1.7837	-19.3538	-0.2352
1078	R	I	-0.2604	1.7837	-19.3538	-0.3133
1078	R	K	-0.0365	1.7837	-2.7442	-0.1311
1078	R	L	-0.2335	1.7837	-19.3538	-0.2780
1078	R	M	-0.1993	1.7837	-19.3538	-0.2333
1078	R	N	-0.1781	1.7837	-6.0660	-0.2943
1078	R	P	-0.3731	1.7837	-19.3538	-0.4608
1078	R	Q	-0.1328	1.7837	-5.0661	-0.2417
1078	R	S	-0.1557	1.7837	-4.4811	-0.2755
1078	R	T	-0.1630	1.7837	-5.0661	-0.2812
1078	R	V	-0.1797	1.7837	-6.0660	-0.2964
1078	R	W	-0.2487	1.7837	-19.3538	-0.2980
1078	R	Y	-0.2525	1.7837	-19.3538	-0.3029
1079	A	C	-0.2011	1.3579	-19.3963	-0.1841
1079	A	D	-0.2829	1.3579	-19.3963	-0.2911
1079	A	E	-0.2685	1.3579	-19.3963	-0.2723
1079	A	F	-0.2513	1.3579	-19.3963	-0.2497
1079	A	G	-0.1217	1.3579	-5.1085	-0.1756
1079	A	H	-0.2554	1.3579	-19.3963	-0.2551
1079	A	I	-0.1730	1.3579	-6.1084	-0.2360
1079	A	K	-0.2732	1.3579	-19.3963	-0.2784
1079	A	L	-0.1777	1.3579	-6.1084	-0.2422
1079	A	M	-0.2043	1.3579	-19.3963	-0.1882
1079	A	N	-0.2532	1.3579	-19.3963	-0.2523
1079	A	P	-0.3226	1.3579	-19.3963	-0.3431
1079	A	Q	-0.2507	1.3579	-19.3963	-0.2490
1079	A	R	-0.2839	1.3579	-19.3963	-0.2924
1079	A	S	-0.0878	1.3579	-4.1085	-0.1379
1079	A	T	-0.0878	1.3579	-2.9386	-0.1457
1079	A	V	-0.1010	1.3579	-6.1084	-0.1418
1079	A	W	-0.2622	1.3579	-19.3963	-0.2640
1079	A	Y	-0.2704	1.3579	-19.3963	-0.2748
1080	S	A	-0.0602	1.4984	-6.0874	-0.1054
1080	S	C	-0.1107	1.4984	-6.0874	-0.1715
1080	S	D	-0.2267	1.4984	-19.3752	-0.2346
1080	S	E	-0.1999	1.4984	-19.3752	-0.1995
1080	S	F	-0.1383	1.4984	-6.0874	-0.2076
1080	S	G	-0.1372	1.4984	-19.3752	-0.1174
1080	S	H	-0.2073	1.4984	-19.3752	-0.2092
1080	S	I	-0.2092	1.4984	-19.3752	-0.2117
1080	S	K	-0.2166	1.4984	-19.3752	-0.2214
1080	S	L	-0.1274	1.4984	-4.0875	-0.2068
1080	S	M	-0.1765	1.4984	-19.3752	-0.1689
1080	S	N	-0.1503	1.4984	-19.3752	-0.1346
1080	S	P	-0.1953	1.4984	-2.5025	-0.3063
1080	S	Q	-0.1699	1.4984	-19.3752	-0.1603
1080	S	R	-0.1541	1.4984	-6.0874	-0.2283
1080	S	T	-0.0509	1.4984	-6.0874	-0.0932
1080	S	V	-0.1835	1.4984	-19.3752	-0.1780
1080	S	W	-0.2158	1.4984	-19.3752	-0.2203
1080	S	Y	-0.2109	1.4984	-19.3752	-0.2139
1081	H	A	0.0037	2.3700	-6.0443	-0.1271
1081	H	C	-0.0407	2.3700	-4.0444	-0.1985
1081	H	D	-0.1113	2.3700	-19.3322	-0.1889
1081	H	E	-0.0551	2.3700	-6.0443	-0.2040
1081	H	F	-0.0858	2.3700	-19.3322	-0.1554
1081	H	G	-0.0789	2.3700	-6.0443	-0.2352
1081	H	I	-0.1504	2.3700	-19.3322	-0.2400
1081	H	K	-0.0393	2.3700	-6.0443	-0.1833
1081	H	L	-0.1139	2.3700	-19.3322	-0.1923
1081	H	M	-0.0641	2.3700	-19.3322	-0.1270
1081	H	N	0.0020	2.3700	-5.0444	-0.1359
1081	H	P	-0.1545	2.3700	-5.0444	-0.3408
1081	H	Q	0.0486	2.3700	-3.4595	-0.0855
1081	H	R	-0.0246	2.3700	-4.4594	-0.1747
1081	H	S	0.0028	2.3700	-5.0444	-0.1349
1081	H	T	-0.1149	2.3700	-19.3322	-0.1936
1081	H	V	-0.1068	2.3700	-19.3322	-0.1829
1081	H	W	-0.1020	2.3700	-19.3322	-0.1767
1081	H	Y	0.0450	2.3700	-3.4595	-0.0902
1082	L	A	-0.1583	1.8710	-4.7813	-0.2874
1082	L	C	-0.1526	1.8710	-5.7813	-0.2733
1082	L	D	-0.3527	1.8710	-19.0691	-0.4465
1082	L	E	-0.3208	1.8710	-19.0691	-0.4047
1082	L	F	-0.1646	1.8710	-19.0691	-0.2003
1082	L	G	-0.3060	1.8710	-19.0691	-0.3854
1082	L	H	-0.2736	1.8710	-19.0691	-0.3429
1082	L	I	-0.1053	1.8710	-19.0691	-0.1226
1082	L	K	-0.3198	1.8710	-19.0691	-0.4034
1082	L	M	-0.1286	1.8710	-19.0691	-0.1531
1082	L	N	-0.2990	1.8710	-19.0691	-0.3762
1082	L	P	-0.2349	1.8710	-3.4595	-0.3966
1082	L	Q	-0.2519	1.8710	-19.0691	-0.3146
1082	L	R	-0.3114	1.8710	-19.0691	-0.3924
1082	L	S	-0.1690	1.8710	-0.9234	-0.3272
1082	L	T	-0.1614	1.8710	-4.7813	-0.2915
1082	L	V	-0.0738	1.8710	-5.7813	-0.1701
1082	L	W	-0.2638	1.8710	-19.0691	-0.3301
1082	L	Y	-0.2567	1.8710	-19.0691	-0.3208
1083	L	A	-0.1435	2.0427	-4.9773	-0.2874
1083	L	C	-0.1378	2.0427	-5.9772	-0.2733
1083	L	D	-0.2701	2.0427	-5.9772	-0.4465
1083	L	E	-0.3060	2.0427	-19.2650	-0.4047
1083	L	F	-0.1498	2.0427	-19.2650	-0.2003
1083	L	G	-0.2912	2.0427	-19.2650	-0.3854
1083	L	H	-0.1829	2.0427	-4.3923	-0.3429
1083	L	I	-0.0227	2.0427	-5.9772	-0.1226
1083	L	K	-0.3050	2.0427	-19.2650	-0.4034
1083	L	M	-0.1138	2.0427	-19.2650	-0.1531
1083	L	N	-0.2842	2.0427	-19.2650	-0.3762
1083	L	P	-0.2188	2.0427	-3.3923	-0.3966
1083	L	Q	-0.1693	2.0427	-5.9772	-0.3146
1083	L	R	-0.2966	2.0427	-19.2650	-0.3924
1083	L	S	-0.1709	2.0427	-4.3923	-0.3272
1083	L	T	-0.1415	2.0427	-3.9773	-0.2915
1083	L	V	-0.0590	2.0427	-5.9772	-0.1701
1083	L	W	-0.2490	2.0427	-19.2650	-0.3301
1083	L	Y	-0.2419	2.0427	-19.2650	-0.3208
1084	P	A	-0.0750	1.7350	-4.0000	-0.1672
1084	P	C	-0.1128	1.7350	-5.0000	-0.2100
1084	P	D	-0.1438	1.7350	-5.9999	-0.2439
1084	P	E	-0.1225	1.7350	-5.0000	-0.2227
1084	P	F	-0.2141	1.7350	-19.2878	-0.2472
1084	P	G	-0.1673	1.7350	-19.2878	-0.1860
1084	P	H	-0.1917	1.7350	-19.2878	-0.2179
1084	P	I	-0.1971	1.7350	-19.2878	-0.2250
1084	P	K	-0.1870	1.7350	-19.2878	-0.2118
1084	P	L	-0.2017	1.7350	-19.2878	-0.2310
1084	P	M	-0.1527	1.7350	-19.2878	-0.1668
1084	P	N	-0.1797	1.7350	-19.2878	-0.2022
1084	P	Q	-0.1814	1.7350	-19.2878	-0.2044
1084	P	R	-0.2228	1.7350	-19.2878	-0.2586
1084	P	S	-0.0577	1.7350	-0.6781	-0.1668
1084	P	T	-0.0970	1.7350	-5.9999	-0.1827
1084	P	V	-0.0847	1.7350	-5.9999	-0.1666
1084	P	W	-0.2266	1.7350	-19.2878	-0.2636
1084	P	Y	-0.2151	1.7350	-19.2878	-0.2485
1085	A	C	-0.1261	2.1685	-19.3101	-0.1841
1085	A	D	-0.2078	2.1685	-19.3101	-0.2911
1085	A	E	-0.1176	2.1685	-4.4374	-0.2723
1085	A	F	-0.1762	2.1685	-19.3101	-0.2497
1085	A	G	-0.0518	2.1685	-6.0223	-0.1756
1085	A	H	-0.1803	2.1685	-19.3101	-0.2551
1085	A	I	-0.0928	2.1685	-5.0223	-0.2360
1085	A	K	-0.1981	2.1685	-19.3101	-0.2784
1085	A	L	-0.1027	2.1685	-6.0223	-0.2422
1085	A	M	-0.1292	2.1685	-19.3101	-0.1882
1085	A	N	-0.1782	2.1685	-19.3101	-0.2523
1085	A	P	-0.1666	2.1685	-3.4374	-0.3431
1085	A	Q	-0.1757	2.1685	-19.3101	-0.2490
1085	A	R	-0.2088	2.1685	-19.3101	-0.2924
1085	A	S	-0.0068	2.1685	-2.8525	-0.1379
1085	A	T	-0.0239	2.1685	-5.0223	-0.1457
1085	A	V	-0.0141	2.1685	-3.7005	-0.1418
1085	A	W	-0.1871	2.1685	-19.3101	-0.2640
1085	A	Y	-0.1954	2.1685	-19.3101	-0.2748
1086	G	A	-0.1121	1.9968	-5.0223	-0.2405
1086	G	C	-0.2447	1.9968	-19.3101	-0.3187
1086	G	D	-0.1643	1.9968	-3.4374	-0.3194
1086	G	E	-0.1504	1.9968	-0.8525	-0.3185
1086	G	F	-0.2828	1.9968	-19.3101	-0.3686
1086	G	H	-0.2576	1.9968	-19.3101	-0.3355
1086	G	I	-0.3285	1.9968	-19.3101	-0.4284
1086	G	K	-0.2097	1.9968	-6.0223	-0.3616
1086	G	L	-0.2967	1.9968	-19.3101	-0.3868
1086	G	M	-0.2349	1.9968	-19.3101	-0.3059
1086	G	N	-0.1778	1.9968	-6.0223	-0.3198
1086	G	P	-0.3426	1.9968	-19.3101	-0.4469
1086	G	Q	-0.1726	1.9968	-4.4374	-0.3236
1086	G	R	-0.1937	1.9968	-6.0223	-0.3407
1086	G	S	-0.1909	1.9968	-19.3101	-0.2482
1086	G	T	-0.2000	1.9968	-6.0223	-0.3489
1086	G	V	-0.2718	1.9968	-19.3101	-0.3541
1086	G	W	-0.2826	1.9968	-19.3101	-0.3683
1086	G	Y	-0.2832	1.9968	-19.3101	-0.3691
1087	A	C	-0.1136	2.3058	-19.3322	-0.1841
1087	A	D	-0.1224	2.3058	-5.0444	-0.2911
1087	A	E	-0.1030	2.3058	-4.0444	-0.2723
1087	A	F	-0.1637	2.3058	-19.3322	-0.2497
1087	A	G	-0.0393	2.3058	-6.0443	-0.1756
1087	A	H	-0.1678	2.3058	-19.3322	-0.2551
1087	A	I	-0.1532	2.3058	-19.3322	-0.2360
1087	A	K	-0.1856	2.3058	-19.3322	-0.2784
1087	A	L	-0.0800	2.3058	-4.0444	-0.2422
1087	A	M	-0.1167	2.3058	-19.3322	-0.1882
1087	A	N	-0.1657	2.3058	-19.3322	-0.2523
1087	A	P	-0.1672	2.3058	-6.0443	-0.3431
1087	A	Q	-0.0954	2.3058	-6.0443	-0.2490
1087	A	R	-0.1142	2.3058	-3.2371	-0.2924
1087	A	S	-0.0024	2.3058	-4.4594	-0.1379
1087	A	T	-0.0165	2.3058	-6.0443	-0.1457
1087	A	V	-0.0016	2.3058	-3.7225	-0.1418
1087	A	W	-0.1746	2.3058	-19.3322	-0.2640
1087	A	Y	-0.1829	2.3058	-19.3322	-0.2748
1088	K	A	-0.0704	2.5747	-19.2650	-0.1604
1088	K	C	-0.1406	2.5747	-19.2650	-0.2523
1088	K	D	-0.1065	2.5747	-4.9773	-0.3031
1088	K	E	-0.0275	2.5747	-5.9772	-0.1930
1088	K	F	-0.0737	2.5747	-5.9772	-0.2535
1088	K	G	-0.0500	2.5747	-3.6554	-0.2379
1088	K	H	-0.0805	2.5747	-19.2650	-0.1736
1088	K	I	-0.0409	2.5747	-5.9772	-0.2106
1088	K	L	-0.0278	2.5747	-3.6554	-0.2089
1088	K	M	-0.0805	2.5747	-19.2650	-0.1736
1088	K	N	-0.0209	2.5747	-5.9772	-0.1843
1088	K	P	-0.1769	2.5747	-5.9772	-0.3886
1088	K	Q	0.0062	2.5747	-4.3923	-0.1594
1088	K	R	0.0893	2.5747	-0.9773	-0.0735
1088	K	S	-0.0047	2.5747	-4.3923	-0.1737
1088	K	T	-0.0924	2.5747	-19.2650	-0.1892
1088	K	V	-0.0248	2.5747	-5.9772	-0.1895
1088	K	W	-0.1505	2.5747	-19.2650	-0.2653
1088	K	Y	-0.1264	2.5747	-19.2650	-0.2337
1089	G	A	-0.2897	0.8579	-19.2878	-0.2405
1089	G	C	-0.3494	0.8579	-19.2878	-0.3187
1089	G	D	-0.2703	0.8579	-3.6781	-0.3194
1089	G	E	-0.3493	0.8579	-19.2878	-0.3185
1089	G	F	-0.3875	0.8579	-19.2878	-0.3686
1089	G	H	-0.3622	0.8579	-19.2878	-0.3355
1089	G	I	-0.4332	0.8579	-19.2878	-0.4284
1089	G	K	-0.3822	0.8579	-19.2878	-0.3616
1089	G	L	-0.4014	0.8579	-19.2878	-0.3868
1089	G	M	-0.3396	0.8579	-19.2878	-0.3059
1089	G	N	-0.3502	0.8579	-19.2878	-0.3198
1089	G	P	-0.4473	0.8579	-19.2878	-0.4469
1089	G	Q	-0.2773	0.8579	-4.4150	-0.3236
1089	G	R	-0.3662	0.8579	-19.2878	-0.3407
1089	G	S	-0.2226	0.8579	-5.0000	-0.2482
1089	G	T	-0.3725	0.8579	-19.2878	-0.3489
1089	G	V	-0.3764	0.8579	-19.2878	-0.3541
1089	G	W	-0.3873	0.8579	-19.2878	-0.3683
1089	G	Y	-0.3879	0.8579	-19.2878	-0.3691
1090	P	A	-0.0809	1.7787	-5.9541	-0.1672
1090	P	C	-0.1814	1.7787	-19.2420	-0.2100
1090	P	D	-0.1344	1.7787	-4.9542	-0.2439
1090	P	E	-0.1911	1.7787	-19.2420	-0.2227
1090	P	F	-0.1420	1.7787	-5.9541	-0.2472
1090	P	G	-0.1631	1.7787	-19.2420	-0.1860
1090	P	H	-0.1874	1.7787	-19.2420	-0.2179
1090	P	I	-0.1200	1.7787	-4.9542	-0.2250
1090	P	K	-0.1828	1.7787	-19.2420	-0.2118
1090	P	L	-0.1039	1.7787	-0.9098	-0.2310
1090	P	M	-0.1484	1.7787	-19.2420	-0.1668
1090	P	N	-0.1755	1.7787	-19.2420	-0.2022
1090	P	Q	-0.1042	1.7787	-4.9542	-0.2044
1090	P	R	-0.1507	1.7787	-5.9541	-0.2586
1090	P	S	-0.1484	1.7787	-19.2420	-0.1668
1090	P	T	-0.1606	1.7787	-19.2420	-0.1827
1090	P	V	-0.1483	1.7787	-19.2420	-0.1666
1090	P	W	-0.2224	1.7787	-19.2420	-0.2636
1090	P	Y	-0.2108	1.7787	-19.2420	-0.2485
1091	S	A	-0.0687	2.1318	-19.1704	-0.1054
1091	S	C	-0.0513	2.1318	-5.8825	-0.1715
1091	S	D	-0.0944	2.1318	-4.8826	-0.2346
1091	S	E	-0.0727	2.1318	-5.8825	-0.1995
1091	S	F	-0.1467	2.1318	-19.1704	-0.2076
1091	S	G	0.0145	2.1318	-1.0753	-0.1174
1091	S	H	-0.1479	2.1318	-19.1704	-0.2092
1091	S	I	-0.0820	2.1318	-5.8825	-0.2117
1091	S	K	-0.1573	2.1318	-19.1704	-0.2214
1091	S	L	-0.0732	2.1318	-4.8826	-0.2068
1091	S	M	-0.1172	2.1318	-19.1704	-0.1689
1091	S	N	-0.0232	2.1318	-5.8825	-0.1346
1091	S	P	-0.1492	2.1318	-4.8826	-0.3063
1091	S	Q	-0.1106	2.1318	-19.1704	-0.1603
1091	S	R	-0.0947	2.1318	-5.8825	-0.2283
1091	S	T	-0.0593	2.1318	-19.1704	-0.0932
1091	S	V	-0.0563	2.1318	-5.8825	-0.1780
1091	S	W	-0.1564	2.1318	-19.1704	-0.2203
1091	S	Y	-0.1515	2.1318	-19.1704	-0.2139
1092	K	A	-0.0495	2.0057	-4.9069	-0.1604
1092	K	C	-0.1926	2.0057	-19.1947	-0.2523
1092	K	D	-0.1636	2.0057	-5.9068	-0.3031
1092	K	E	-0.1473	2.0057	-19.1947	-0.1930
1092	K	F	-0.1935	2.0057	-19.1947	-0.2535
1092	K	G	-0.1057	2.0057	-4.3219	-0.2379
1092	K	H	-0.0647	2.0057	-5.9068	-0.1736
1092	K	I	-0.1607	2.0057	-19.1947	-0.2106
1092	K	L	-0.0916	2.0057	-5.9068	-0.2089
1092	K	M	-0.1325	2.0057	-19.1947	-0.1736
1092	K	N	-0.1407	2.0057	-19.1947	-0.1843
1092	K	P	-0.2187	2.0057	-3.9069	-0.3886
1092	K	Q	-0.0274	2.0057	-0.7370	-0.1594
1092	K	R	-0.0560	2.0057	-19.1947	-0.0735
1092	K	S	-0.0648	2.0057	-5.9068	-0.1737
1092	K	T	-0.0766	2.0057	-5.9068	-0.1892
1092	K	V	-0.1446	2.0057	-19.1947	-0.1895
1092	K	W	-0.2025	2.0057	-19.1947	-0.2653
1092	K	Y	-0.1784	2.0057	-19.1947	-0.2337
1093	L	A	-0.1200	2.1948	-3.1234	-0.2874
1093	L	C	-0.1236	2.1948	-5.9306	-0.2733
1093	L	D	-0.3237	2.1948	-19.2185	-0.4465
1093	L	E	-0.2917	2.1948	-19.2185	-0.4047
1093	L	F	-0.1356	2.1948	-19.2185	-0.2003
1093	L	G	-0.2770	2.1948	-19.2185	-0.3854
1093	L	H	-0.2445	2.1948	-19.2185	-0.3429
1093	L	I	-0.0763	2.1948	-19.2185	-0.1226
1093	L	K	-0.2907	2.1948	-19.2185	-0.4034
1093	L	M	-0.0995	2.1948	-19.2185	-0.1531
1093	L	N	-0.2700	2.1948	-19.2185	-0.3762
1093	L	P	-0.1929	2.1948	-1.0728	-0.3966
1093	L	Q	-0.1470	2.1948	-4.3458	-0.3146
1093	L	R	-0.2823	2.1948	-19.2185	-0.3924
1093	L	S	-0.1529	2.1948	-3.6088	-0.3272
1093	L	T	-0.1272	2.1948	-3.9307	-0.2915
1093	L	V	-0.1125	2.1948	-19.2185	-0.1701
1093	L	W	-0.2347	2.1948	-19.2185	-0.3301
1093	L	Y	-0.2276	2.1948	-19.2185	-0.3208
1094	P	A	-0.1567	0.9566	-5.9772	-0.1672
1094	P	C	-0.2572	0.9566	-19.2650	-0.2100
1094	P	D	-0.2831	0.9566	-19.2650	-0.2439
1094	P	E	-0.2669	0.9566	-19.2650	-0.2227
1094	P	F	-0.2856	0.9566	-19.2650	-0.2472
1094	P	G	-0.2389	0.9566	-19.2650	-0.1860
1094	P	H	-0.2632	0.9566	-19.2650	-0.2179
1094	P	I	-0.2686	0.9566	-19.2650	-0.2250
1094	P	K	-0.2586	0.9566	-19.2650	-0.2118
1094	P	L	-0.1952	0.9566	-3.9773	-0.2310
1094	P	M	-0.2242	0.9566	-19.2650	-0.1668
1094	P	N	-0.2512	0.9566	-19.2650	-0.2022
1094	P	Q	-0.1851	0.9566	-5.9772	-0.2044
1094	P	R	-0.2265	0.9566	-5.9772	-0.2586
1094	P	S	-0.1483	0.9566	-4.3923	-0.1668
1094	P	T	-0.2363	0.9566	-19.2650	-0.1827
1094	P	V	-0.2240	0.9566	-19.2650	-0.1666
1094	P	W	-0.2981	0.9566	-19.2650	-0.2636
1094	P	Y	-0.2866	0.9566	-19.2650	-0.2485
1095	Y	A	-0.1106	2.8096	-5.9999	-0.3300
1095	Y	C	-0.0732	2.8096	-4.4150	-0.2916
1095	Y	D	-0.1927	2.8096	-19.2878	-0.3486
1095	Y	E	-0.2214	2.8096	-19.2878	-0.3862
1095	Y	F	0.0569	2.8096	-5.0000	-0.1173
1095	Y	G	-0.2490	2.8096	-19.2878	-0.4224
1095	Y	H	0.0010	2.8096	-2.1927	-0.2092
1095	Y	I	-0.1227	2.8096	-5.9999	-0.3458
1095	Y	K	-0.2467	2.8096	-19.2878	-0.4193
1095	Y	L	-0.0998	2.8096	-5.9999	-0.3158
1095	Y	M	-0.1197	2.8096	-19.2878	-0.2531
1095	Y	N	-0.0936	2.8096	-4.0000	-0.3211
1095	Y	P	-0.2268	2.8096	-4.4150	-0.4926
1095	Y	Q	-0.1962	2.8096	-19.2878	-0.3532
1095	Y	R	-0.1661	2.8096	-4.4150	-0.4132
1095	Y	S	-0.0992	2.8096	-2.8301	-0.3362
1095	Y	T	-0.1340	2.8096	-5.9999	-0.3606
1095	Y	V	-0.1801	2.8096	-19.2878	-0.3321
1095	Y	W	-0.0960	2.8096	-19.2878	-0.2221
1096	P	A	-0.1687	0.7732	-5.0223	-0.1672
1096	P	C	-0.2743	0.7732	-19.3101	-0.2100
1096	P	D	-0.3002	0.7732	-19.3101	-0.2439
1096	P	E	-0.2840	0.7732	-19.3101	-0.2227
1096	P	F	-0.3027	0.7732	-19.3101	-0.2472
1096	P	G	-0.2560	0.7732	-19.3101	-0.1860
1096	P	H	-0.2803	0.7732	-19.3101	-0.2179
1096	P	I	-0.2857	0.7732	-19.3101	-0.2250
1096	P	K	-0.2757	0.7732	-19.3101	-0.2118
1096	P	L	-0.2225	0.7732	-6.0223	-0.2310
1096	P	M	-0.2413	0.7732	-19.3101	-0.1668
1096	P	N	-0.2683	0.7732	-19.3101	-0.2022
1096	P	Q	-0.2700	0.7732	-19.3101	-0.2044
1096	P	R	-0.3114	0.7732	-19.3101	-0.2586
1096	P	S	-0.1654	0.7732	-4.4374	-0.1668
1096	P	T	-0.1805	0.7732	-5.0223	-0.1827
1096	P	V	-0.2411	0.7732	-19.3101	-0.1666
1096	P	W	-0.3152	0.7732	-19.3101	-0.2636
1096	P	Y	-0.3037	0.7732	-19.3101	-0.2485
1097	V	A	-0.0614	2.0350	-2.1927	-0.1977
1097	V	C	-0.1766	2.0350	-19.2878	-0.2342
1097	V	D	-0.3153	2.0350	-19.2878	-0.4158
1097	V	E	-0.2726	2.0350	-19.2878	-0.3599
1097	V	F	-0.1580	2.0350	-5.9999	-0.2987
1097	V	G	-0.2745	2.0350	-19.2878	-0.3624
1097	V	H	-0.3182	2.0350	-19.2878	-0.4197
1097	V	I	-0.0032	2.0350	-3.4151	-0.1133
1097	V	K	-0.3115	2.0350	-19.2878	-0.4109
1097	V	L	-0.0764	2.0350	-5.0000	-0.1985
1097	V	M	-0.0906	2.0350	-5.9999	-0.2104
1097	V	N	-0.3031	2.0350	-19.2878	-0.3999
1097	V	P	-0.2750	2.0350	-4.0000	-0.4652
1097	V	Q	-0.2832	2.0350	-19.2878	-0.3738
1097	V	R	-0.3325	2.0350	-19.2878	-0.4384
1097	V	S	-0.2523	2.0350	-19.2878	-0.3334
1097	V	T	-0.0948	2.0350	-5.0000	-0.2226
1097	V	W	-0.2664	2.0350	-19.2878	-0.3518
1097	V	Y	-0.2693	2.0350	-19.2878	-0.3556
1098	A	C	-0.0957	1.7609	-5.9999	-0.1841
1098	A	D	-0.2452	1.7609	-19.2878	-0.2911
1098	A	E	-0.2309	1.7609	-19.2878	-0.2723
1098	A	F	-0.2136	1.7609	-19.2878	-0.2497
1098	A	G	-0.1570	1.7609	-19.2878	-0.1756
1098	A	H	-0.1499	1.7609	-5.9999	-0.2551
1098	A	I	-0.2031	1.7609	-19.2878	-0.2360
1098	A	K	-0.2355	1.7609	-19.2878	-0.2784
1098	A	L	-0.1350	1.7609	-5.0000	-0.2422
1098	A	M	-0.1666	1.7609	-19.2878	-0.1882
1098	A	N	-0.1478	1.7609	-5.9999	-0.2523
1098	A	P	-0.2053	1.7609	-3.6781	-0.3431
1098	A	Q	-0.2131	1.7609	-19.2878	-0.2490
1098	A	R	-0.2462	1.7609	-19.2878	-0.2924
1098	A	S	-0.0604	1.7609	-5.9999	-0.1379
1098	A	T	-0.0487	1.7609	-2.5406	-0.1457
1098	A	V	-0.0634	1.7609	-5.9999	-0.1418
1098	A	W	-0.2245	1.7609	-19.2878	-0.2640
1098	A	Y	-0.2328	1.7609	-19.2878	-0.2748
1099	K	A	-0.2401	0.7361	-19.3752	-0.1604
1099	K	C	-0.3103	0.7361	-19.3752	-0.2523
1099	K	D	-0.3491	0.7361	-19.3752	-0.3031
1099	K	E	-0.1891	0.7361	-4.5025	-0.1930
1099	K	F	-0.3113	0.7361	-19.3752	-0.2535
1099	K	G	-0.2993	0.7361	-19.3752	-0.2379
1099	K	H	-0.2502	0.7361	-19.3752	-0.1736
1099	K	I	-0.2785	0.7361	-19.3752	-0.2106
1099	K	L	-0.2772	0.7361	-19.3752	-0.2089
1099	K	M	-0.1824	0.7361	-6.0874	-0.1736
1099	K	N	-0.1906	0.7361	-6.0874	-0.1843
1099	K	P	-0.4145	0.7361	-19.3752	-0.3886
1099	K	Q	-0.2394	0.7361	-19.3752	-0.1594
1099	K	R	-0.1738	0.7361	-19.3752	-0.0735
1099	K	S	-0.2503	0.7361	-19.3752	-0.1737
1099	K	T	-0.1862	0.7361	-4.5025	-0.1892
1099	K	V	-0.2624	0.7361	-19.3752	-0.1895
1099	K	W	-0.3203	0.7361	-19.3752	-0.2653
1099	K	Y	-0.2961	0.7361	-19.3752	-0.2337
1100	S	A	-0.1045	0.9285	-4.5025	-0.1054
1100	S	C	-0.1631	0.9285	-6.0874	-0.1715
1100	S	D	-0.2791	0.9285	-19.3752	-0.2346
1100	S	E	-0.2523	0.9285	-19.3752	-0.1995
1100	S	F	-0.2585	0.9285	-19.3752	-0.2076
1100	S	G	-0.1896	0.9285	-19.3752	-0.1174
1100	S	H	-0.2597	0.9285	-19.3752	-0.2092
1100	S	I	-0.2616	0.9285	-19.3752	-0.2117
1100	S	K	-0.2690	0.9285	-19.3752	-0.2214
1100	S	L	-0.2579	0.9285	-19.3752	-0.2068
1100	S	M	-0.2289	0.9285	-19.3752	-0.1689
1100	S	N	-0.2027	0.9285	-19.3752	-0.1346
1100	S	P	-0.2542	0.9285	-3.7655	-0.3063
1100	S	Q	-0.2224	0.9285	-19.3752	-0.1603
1100	S	R	-0.2743	0.9285	-19.3752	-0.2283
1100	S	T	-0.0982	0.9285	-5.0874	-0.0932
1100	S	V	-0.2359	0.9285	-19.3752	-0.1780
1100	S	W	-0.2682	0.9285	-19.3752	-0.2203
1100	S	Y	-0.2633	0.9285	-19.3752	-0.2139
1101	G	A	-0.2555	1.2333	-19.3538	-0.2405
1101	G	C	-0.3152	1.2333	-19.3538	-0.3187
1101	G	D	-0.2479	1.2333	-6.0660	-0.3194
1101	G	E	-0.2421	1.2333	-5.0661	-0.3185
1101	G	F	-0.3533	1.2333	-19.3538	-0.3686
1101	G	H	-0.3280	1.2333	-19.3538	-0.3355
1101	G	I	-0.3990	1.2333	-19.3538	-0.4284
1101	G	K	-0.2751	1.2333	-5.0661	-0.3616
1101	G	L	-0.3672	1.2333	-19.3538	-0.3868
1101	G	M	-0.3054	1.2333	-19.3538	-0.3059
1101	G	N	-0.3160	1.2333	-19.3538	-0.3198
1101	G	P	-0.4131	1.2333	-19.3538	-0.4469
1101	G	Q	-0.3189	1.2333	-19.3538	-0.3236
1101	G	R	-0.2480	1.2333	-2.8962	-0.3407
1101	G	S	-0.2613	1.2333	-19.3538	-0.2482
1101	G	T	-0.3383	1.2333	-19.3538	-0.3489
1101	G	V	-0.2693	1.2333	-5.0661	-0.3541
1101	G	W	-0.3531	1.2333	-19.3538	-0.3683
1101	G	Y	-0.3537	1.2333	-19.3538	-0.3691
1102	K	A	-0.2667	0.4462	-19.3538	-0.1604
1102	K	C	-0.3369	0.4462	-19.3538	-0.2523
1102	K	D	-0.3757	0.4462	-19.3538	-0.3031
1102	K	E	-0.2916	0.4462	-19.3538	-0.1930
1102	K	F	-0.3378	0.4462	-19.3538	-0.2535
1102	K	G	-0.3259	0.4462	-19.3538	-0.2379
1102	K	H	-0.2768	0.4462	-19.3538	-0.1736
1102	K	I	-0.3051	0.4462	-19.3538	-0.2106
1102	K	L	-0.3038	0.4462	-19.3538	-0.2089
1102	K	M	-0.2090	0.4462	-6.0660	-0.1736
1102	K	N	-0.2172	0.4462	-6.0660	-0.1843
1102	K	P	-0.4410	0.4462	-19.3538	-0.3886
1102	K	Q	-0.1981	0.4462	-6.0660	-0.1594
1102	K	R	-0.1325	0.4462	-6.0660	-0.0735
1102	K	S	-0.2769	0.4462	-19.3538	-0.1737
1102	K	T	-0.2887	0.4462	-19.3538	-0.1892
1102	K	V	-0.2889	0.4462	-19.3538	-0.1895
1102	K	W	-0.3468	0.4462	-19.3538	-0.2653
1102	K	Y	-0.3227	0.4462	-19.3538	-0.2337
1103	R	A	-0.2629	1.4383	-19.3752	-0.2748
1103	R	C	-0.2718	1.4383	-19.3752	-0.2864
1103	R	D	-0.3540	1.4383	-19.3752	-0.3940
1103	R	E	-0.2314	1.4383	-6.0874	-0.3223
1103	R	F	-0.2951	1.4383	-19.3752	-0.3169
1103	R	G	-0.2983	1.4383	-19.3752	-0.3211
1103	R	H	-0.1649	1.4383	-6.0874	-0.2352
1103	R	I	-0.2923	1.4383	-19.3752	-0.3133
1103	R	K	-0.0853	1.4383	-6.0874	-0.1311
1103	R	L	-0.1976	1.4383	-6.0874	-0.2780
1103	R	M	-0.2312	1.4383	-19.3752	-0.2333
1103	R	N	-0.2778	1.4383	-19.3752	-0.2943
1103	R	P	-0.4050	1.4383	-19.3752	-0.4608
1103	R	Q	-0.1464	1.4383	-1.5025	-0.2417
1103	R	S	-0.2634	1.4383	-19.3752	-0.2755
1103	R	T	-0.2678	1.4383	-19.3752	-0.2812
1103	R	V	-0.2794	1.4383	-19.3752	-0.2964
1103	R	W	-0.2128	1.4383	-6.0874	-0.2980
1103	R	Y	-0.2844	1.4383	-19.3752	-0.3029
1104	A	C	-0.1725	1.6682	-19.3752	-0.1841
1104	A	D	-0.2542	1.6682	-19.3752	-0.2911
1104	A	E	-0.2398	1.6682	-19.3752	-0.2723
1104	A	F	-0.2226	1.6682	-19.3752	-0.2497
1104	A	G	-0.0901	1.6682	-4.5025	-0.1756
1104	A	H	-0.2267	1.6682	-19.3752	-0.2551
1104	A	I	-0.1443	1.6682	-6.0874	-0.2360
1104	A	K	-0.2445	1.6682	-19.3752	-0.2784
1104	A	L	-0.2169	1.6682	-19.3752	-0.2422
1104	A	M	-0.1756	1.6682	-19.3752	-0.1882
1104	A	N	-0.2246	1.6682	-19.3752	-0.2523
1104	A	P	-0.2261	1.6682	-6.0874	-0.3431
1104	A	Q	-0.2221	1.6682	-19.3752	-0.2490
1104	A	R	-0.2552	1.6682	-19.3752	-0.2924
1104	A	S	-0.0643	1.6682	-5.0874	-0.1379
1104	A	T	-0.0621	1.6682	-3.5025	-0.1457
1104	A	V	-0.0547	1.6682	-2.6281	-0.1418
1104	A	W	-0.2335	1.6682	-19.3752	-0.2640
1104	A	Y	-0.2418	1.6682	-19.3752	-0.2748
1105	L	A	-0.3551	0.5415	-19.3752	-0.2874
1105	L	C	-0.3443	0.5415	-19.3752	-0.2733
1105	L	D	-0.4766	0.5415	-19.3752	-0.4465
1105	L	E	-0.4447	0.5415	-19.3752	-0.4047
1105	L	F	-0.2885	0.5415	-19.3752	-0.2003
1105	L	G	-0.4299	0.5415	-19.3752	-0.3854
1105	L	H	-0.3975	0.5415	-19.3752	-0.3429
1105	L	I	-0.2292	0.5415	-19.3752	-0.1226
1105	L	K	-0.4437	0.5415	-19.3752	-0.4034
1105	L	M	-0.2525	0.5415	-19.3752	-0.1531
1105	L	N	-0.4229	0.5415	-19.3752	-0.3762
1105	L	P	-0.3707	0.5415	-6.0874	-0.3966
1105	L	Q	-0.3758	0.5415	-19.3752	-0.3146
1105	L	R	-0.4353	0.5415	-19.3752	-0.3924
1105	L	S	-0.3177	0.5415	-6.0874	-0.3272
1105	L	T	-0.3582	0.5415	-19.3752	-0.2915
1105	L	V	-0.1874	0.5415	-4.0875	-0.1701
1105	L	W	-0.3877	0.5415	-19.3752	-0.3301
1105	L	Y	-0.3806	0.5415	-19.3752	-0.3208
1106	A	C	-0.0642	2.0528	-5.0874	-0.1841
1106	A	D	-0.2188	2.0528	-19.3752	-0.2911
1106	A	E	-0.2045	2.0528	-19.3752	-0.2723
1106	A	F	-0.1113	2.0528	-4.5025	-0.2497
1106	A	G	-0.0577	2.0528	-5.0874	-0.1756
1106	A	H	-0.1913	2.0528	-19.3752	-0.2551
1106	A	I	-0.1089	2.0528	-6.0874	-0.2360
1106	A	K	-0.2091	2.0528	-19.3752	-0.2784
1106	A	L	-0.1137	2.0528	-6.0874	-0.2422
1106	A	M	-0.1402	2.0528	-19.3752	-0.1882
1106	A	N	-0.1892	2.0528	-19.3752	-0.2523
1106	A	P	-0.2585	2.0528	-19.3752	-0.3431
1106	A	Q	-0.1867	2.0528	-19.3752	-0.2490
1106	A	R	-0.1520	2.0528	-6.0874	-0.2924
1106	A	S	-0.0208	2.0528	-3.5025	-0.1379
1106	A	T	-0.1078	2.0528	-19.3752	-0.1457
1106	A	V	-0.0106	2.0528	-0.9176	-0.1418
1106	A	W	-0.1981	2.0528	-19.3752	-0.2640
1106	A	Y	-0.2064	2.0528	-19.3752	-0.2748
1107	G	A	-0.1659	1.3268	-3.4811	-0.2405
1107	G	C	-0.3066	1.3268	-19.3538	-0.3187
1107	G	D	-0.3071	1.3268	-19.3538	-0.3194
1107	G	E	-0.2305	1.3268	-4.4811	-0.3185
1107	G	F	-0.3447	1.3268	-19.3538	-0.3686
1107	G	H	-0.3194	1.3268	-19.3538	-0.3355
1107	G	I	-0.3904	1.3268	-19.3538	-0.4284
1107	G	K	-0.2716	1.3268	-6.0660	-0.3616
1107	G	L	-0.3586	1.3268	-19.3538	-0.3868
1107	G	M	-0.2968	1.3268	-19.3538	-0.3059
1107	G	N	-0.3074	1.3268	-19.3538	-0.3198
1107	G	P	-0.4045	1.3268	-19.3538	-0.4469
1107	G	Q	-0.2425	1.3268	-6.0660	-0.3236
1107	G	R	-0.2454	1.3268	-4.0661	-0.3407
1107	G	S	-0.2527	1.3268	-19.3538	-0.2482
1107	G	T	-0.2619	1.3268	-6.0660	-0.3489
1107	G	V	-0.3336	1.3268	-19.3538	-0.3541
1107	G	W	-0.3445	1.3268	-19.3538	-0.3683
1107	G	Y	-0.3451	1.3268	-19.3538	-0.3691
1108	G	A	-0.1724	1.3990	-6.0660	-0.2405
1108	G	C	-0.3000	1.3990	-19.3538	-0.3187
1108	G	D	-0.2276	1.3990	-5.0661	-0.3194
1108	G	E	-0.2320	1.3990	-6.0660	-0.3185
1108	G	F	-0.3381	1.3990	-19.3538	-0.3686
1108	G	H	-0.3128	1.3990	-19.3538	-0.3355
1108	G	I	-0.3159	1.3990	-6.0660	-0.4284
1108	G	K	-0.3327	1.3990	-19.3538	-0.3616
1108	G	L	-0.3520	1.3990	-19.3538	-0.3868
1108	G	M	-0.2902	1.3990	-19.3538	-0.3059
1108	G	N	-0.3008	1.3990	-19.3538	-0.3198
1108	G	P	-0.3301	1.3990	-6.0660	-0.4469
1108	G	Q	-0.3037	1.3990	-19.3538	-0.3236
1108	G	R	-0.2490	1.3990	-6.0660	-0.3407
1108	G	S	-0.1621	1.3990	-2.8962	-0.2482
1108	G	T	-0.3230	1.3990	-19.3538	-0.3489
1108	G	V	-0.2592	1.3990	-6.0660	-0.3541
1108	G	W	-0.3378	1.3990	-19.3538	-0.3683
1108	G	Y	-0.3385	1.3990	-19.3538	-0.3691
1109	P	A	-0.1002	1.4890	-4.5025	-0.1672
1109	P	C	-0.2088	1.4890	-19.3752	-0.2100
1109	P	D	-0.2347	1.4890	-19.3752	-0.2439
1109	P	E	-0.2185	1.4890	-19.3752	-0.2227
1109	P	F	-0.2372	1.4890	-19.3752	-0.2472
1109	P	G	-0.1904	1.4890	-19.3752	-0.1860
1109	P	H	-0.2148	1.4890	-19.3752	-0.2179
1109	P	I	-0.2202	1.4890	-19.3752	-0.2250
1109	P	K	-0.2101	1.4890	-19.3752	-0.2118
1109	P	L	-0.1427	1.4890	-3.2801	-0.2310
1109	P	M	-0.1758	1.4890	-19.3752	-0.1668
1109	P	N	-0.2028	1.4890	-19.3752	-0.2022
1109	P	Q	-0.2045	1.4890	-19.3752	-0.2044
1109	P	R	-0.1781	1.4890	-6.0874	-0.2586
1109	P	S	-0.0891	1.4890	-2.3871	-0.1668
1109	P	T	-0.1879	1.4890	-19.3752	-0.1827
1109	P	V	-0.1756	1.4890	-19.3752	-0.1666
1109	P	W	-0.2497	1.4890	-19.3752	-0.2636
1109	P	Y	-0.2382	1.4890	-19.3752	-0.2485
1110	A	C	-0.1843	1.5401	-19.3752	-0.1841
1110	A	D	-0.2660	1.5401	-19.3752	-0.2911
1110	A	E	-0.2516	1.5401	-19.3752	-0.2723
1110	A	F	-0.2344	1.5401	-19.3752	-0.2497
1110	A	G	-0.1100	1.5401	-6.0874	-0.1756
1110	A	H	-0.2385	1.5401	-19.3752	-0.2551
1110	A	I	-0.1561	1.5401	-6.0874	-0.2360
1110	A	K	-0.2563	1.5401	-19.3752	-0.2784
1110	A	L	-0.1608	1.5401	-6.0874	-0.2422
1110	A	M	-0.1874	1.5401	-19.3752	-0.1882
1110	A	N	-0.1686	1.5401	-6.0874	-0.2523
1110	A	P	-0.2379	1.5401	-6.0874	-0.3431
1110	A	Q	-0.2338	1.5401	-19.3752	-0.2490
1110	A	R	-0.2670	1.5401	-19.3752	-0.2924
1110	A	S	-0.0668	1.5401	-3.2801	-0.1379
1110	A	T	-0.1549	1.5401	-19.3752	-0.1457
1110	A	V	-0.0680	1.5401	-2.9176	-0.1418
1110	A	W	-0.2453	1.5401	-19.3752	-0.2640
1110	A	Y	-0.2535	1.5401	-19.3752	-0.2748
1111	P	A	-0.0870	1.5768	-3.5025	-0.1672
1111	P	C	-0.2007	1.5768	-19.3752	-0.2100
1111	P	D	-0.2266	1.5768	-19.3752	-0.2439
1111	P	E	-0.2104	1.5768	-19.3752	-0.2227
1111	P	F	-0.2291	1.5768	-19.3752	-0.2472
1111	P	G	-0.1823	1.5768	-19.3752	-0.1860
1111	P	H	-0.2067	1.5768	-19.3752	-0.2179
1111	P	I	-0.2121	1.5768	-19.3752	-0.2250
1111	P	K	-0.2021	1.5768	-19.3752	-0.2118
1111	P	L	-0.1438	1.5768	-5.0874	-0.2310
1111	P	M	-0.1677	1.5768	-19.3752	-0.1668
1111	P	N	-0.1269	1.5768	-6.0874	-0.2022
1111	P	Q	-0.1964	1.5768	-19.3752	-0.2044
1111	P	R	-0.2378	1.5768	-19.3752	-0.2586
1111	P	S	-0.0855	1.5768	-3.2801	-0.1668
1111	P	T	-0.0988	1.5768	-3.5025	-0.1827
1111	P	V	-0.1675	1.5768	-19.3752	-0.1666
1111	P	W	-0.2416	1.5768	-19.3752	-0.2636
1111	P	Y	-0.2301	1.5768	-19.3752	-0.2485
1112	T	A	-0.0697	1.5621	-0.8021	-0.1608
1112	T	C	-0.2003	1.5621	-19.3752	-0.2077
1112	T	D	-0.2800	1.5621	-19.3752	-0.3121
1112	T	E	-0.2553	1.5621	-19.3752	-0.2798
1112	T	F	-0.2717	1.5621	-19.3752	-0.3012
1112	T	G	-0.2379	1.5621	-19.3752	-0.2570
1112	T	H	-0.2520	1.5621	-19.3752	-0.2754
1112	T	I	-0.1903	1.5621	-19.3752	-0.1947
1112	T	K	-0.2476	1.5621	-19.3752	-0.2696
1112	T	L	-0.1745	1.5621	-6.0874	-0.2627
1112	T	M	-0.2092	1.5621	-19.3752	-0.2194
1112	T	N	-0.2201	1.5621	-19.3752	-0.2336
1112	T	P	-0.2609	1.5621	-6.0874	-0.3759
1112	T	Q	-0.2295	1.5621	-19.3752	-0.2460
1112	T	R	-0.2504	1.5621	-19.3752	-0.2733
1112	T	S	-0.1282	1.5621	-19.3752	-0.1133
1112	T	V	-0.0918	1.5621	-2.5025	-0.1784
1112	T	W	-0.2646	1.5621	-19.3752	-0.2919
1112	T	Y	-0.2731	1.5621	-19.3752	-0.3031
1113	E	A	-0.0673	1.8572	-6.0874	-0.1580
1113	E	C	-0.2045	1.8572	-19.3752	-0.2488
1113	E	D	-0.0250	1.8572	-4.5025	-0.1131
1113	E	F	-0.1821	1.8572	-19.3752	-0.2195
1113	E	G	-0.0778	1.8572	-3.0875	-0.1917
1113	E	H	-0.1734	1.8572	-19.3752	-0.2081
1113	E	I	-0.1875	1.8572	-19.3752	-0.2265
1113	E	K	-0.0791	1.8572	-4.0875	-0.1868
1113	E	L	-0.1896	1.8572	-19.3752	-0.2293
1113	E	M	-0.1384	1.8572	-19.3752	-0.1623
1113	E	N	-0.1614	1.8572	-19.3752	-0.1923
1113	E	P	-0.2921	1.8572	-19.3752	-0.3635
1113	E	Q	-0.1077	1.8572	-19.3752	-0.1220
1113	E	R	-0.1498	1.8572	-6.0874	-0.2660
1113	E	S	-0.1486	1.8572	-19.3752	-0.1756
1113	E	T	-0.1645	1.8572	-19.3752	-0.1964
1113	E	V	-0.0629	1.8572	-2.6281	-0.1753
1113	E	W	-0.1922	1.8572	-19.3752	-0.2327
1113	E	Y	-0.1830	1.8572	-19.3752	-0.2206
1114	K	A	-0.2127	1.0345	-19.3752	-0.1604
1114	K	C	-0.2829	1.0345	-19.3752	-0.2523
1114	K	D	-0.3217	1.0345	-19.3752	-0.3031
1114	K	E	-0.1521	1.0345	-2.6281	-0.1930
1114	K	F	-0.2838	1.0345	-19.3752	-0.2535
1114	K	G	-0.2719	1.0345	-19.3752	-0.2379
1114	K	H	-0.2228	1.0345	-19.3752	-0.1736
1114	K	I	-0.2510	1.0345	-19.3752	-0.2106
1114	K	L	-0.2497	1.0345	-19.3752	-0.2089
1114	K	M	-0.2228	1.0345	-19.3752	-0.1736
1114	K	N	-0.2309	1.0345	-19.3752	-0.1843
1114	K	P	-0.3870	1.0345	-19.3752	-0.3886
1114	K	Q	-0.1390	1.0345	-5.0874	-0.1594
1114	K	R	-0.0785	1.0345	-6.0874	-0.0735
1114	K	S	-0.2228	1.0345	-19.3752	-0.1737
1114	K	T	-0.2347	1.0345	-19.3752	-0.1892
1114	K	V	-0.1671	1.0345	-6.0874	-0.1895
1114	K	W	-0.2928	1.0345	-19.3752	-0.2653
1114	K	Y	-0.2687	1.0345	-19.3752	-0.2337
1115	T	A	-0.1665	1.5403	-19.3752	-0.1608
1115	T	C	-0.2023	1.5403	-19.3752	-0.2077
1115	T	D	-0.2820	1.5403	-19.3752	-0.3121
1115	T	E	-0.2573	1.5403	-19.3752	-0.2798
1115	T	F	-0.2737	1.5403	-19.3752	-0.3012
1115	T	G	-0.2399	1.5403	-19.3752	-0.2570
1115	T	H	-0.2540	1.5403	-19.3752	-0.2754
1115	T	I	-0.1923	1.5403	-19.3752	-0.1947
1115	T	K	-0.1664	1.5403	-3.0875	-0.2696
1115	T	L	-0.1765	1.5403	-6.0874	-0.2627
1115	T	M	-0.1434	1.5403	-6.0874	-0.2194
1115	T	N	-0.2221	1.5403	-19.3752	-0.2336
1115	T	P	-0.3308	1.5403	-19.3752	-0.3759
1115	T	Q	-0.1586	1.5403	-5.0874	-0.2460
1115	T	R	-0.1567	1.5403	-0.6281	-0.2733
1115	T	S	-0.1302	1.5403	-19.3752	-0.1133
1115	T	V	-0.1799	1.5403	-19.3752	-0.1784
1115	T	W	-0.2666	1.5403	-19.3752	-0.2919
1115	T	Y	-0.2751	1.5403	-19.3752	-0.3031
1116	P	A	-0.1353	1.1063	-4.4811	-0.1672
1116	P	C	-0.2439	1.1063	-19.3538	-0.2100
1116	P	D	-0.2019	1.1063	-6.0660	-0.2439
1116	P	E	-0.2536	1.1063	-19.3538	-0.2227
1116	P	F	-0.2723	1.1063	-19.3538	-0.2472
1116	P	G	-0.2255	1.1063	-19.3538	-0.1860
1116	P	H	-0.2499	1.1063	-19.3538	-0.2179
1116	P	I	-0.2553	1.1063	-19.3538	-0.2250
1116	P	K	-0.2452	1.1063	-19.3538	-0.2118
1116	P	L	-0.1921	1.1063	-6.0660	-0.2310
1116	P	M	-0.2109	1.1063	-19.3538	-0.1668
1116	P	N	-0.2379	1.1063	-19.3538	-0.2022
1116	P	Q	-0.2396	1.1063	-19.3538	-0.2044
1116	P	R	-0.2132	1.1063	-6.0660	-0.2586
1116	P	S	-0.1277	1.1063	-3.0661	-0.1668
1116	P	T	-0.2230	1.1063	-19.3538	-0.1827
1116	P	V	-0.2107	1.1063	-19.3538	-0.1666
1116	P	W	-0.2848	1.1063	-19.3538	-0.2636
1116	P	Y	-0.2733	1.1063	-19.3538	-0.2485
1117	H	A	-0.0458	2.5711	-19.3538	-0.1271
1117	H	C	-0.0206	2.5711	-3.7442	-0.1985
1117	H	D	-0.0251	2.5711	-6.0660	-0.1889
1117	H	E	-0.1045	2.5711	-19.3538	-0.2040
1117	H	F	0.0085	2.5711	-4.4811	-0.1554
1117	H	G	-0.0605	2.5711	-6.0660	-0.2352
1117	H	I	-0.0642	2.5711	-6.0660	-0.2400
1117	H	K	-0.0887	2.5711	-19.3538	-0.1833
1117	H	L	-0.0197	2.5711	-4.4811	-0.1923
1117	H	M	-0.0457	2.5711	-19.3538	-0.1270
1117	H	N	-0.0525	2.5711	-19.3538	-0.1359
1117	H	P	-0.2090	2.5711	-19.3538	-0.3408
1117	H	Q	0.0742	2.5711	-2.0661	-0.0855
1117	H	R	-0.0092	2.5711	-5.0661	-0.1747
1117	H	S	-0.0517	2.5711	-19.3538	-0.1349
1117	H	T	-0.0965	2.5711	-19.3538	-0.1936
1117	H	V	-0.0884	2.5711	-19.3538	-0.1829
1117	H	W	-0.0836	2.5711	-19.3538	-0.1767
1117	H	Y	0.0685	2.5711	-2.4812	-0.0902
1118	S	A	0.0529	2.5967	-3.7225	-0.1054
1118	S	C	-0.0772	2.5967	-19.3322	-0.1715
1118	S	D	-0.1254	2.5967	-19.3322	-0.2346
1118	S	E	-0.0986	2.5967	-19.3322	-0.1995
1118	S	F	-0.1048	2.5967	-19.3322	-0.2076
1118	S	G	-0.0359	2.5967	-19.3322	-0.1174
1118	S	H	-0.1060	2.5967	-19.3322	-0.2092
1118	S	I	-0.1079	2.5967	-19.3322	-0.2117
1118	S	K	-0.0475	2.5967	-6.0443	-0.2214
1118	S	L	-0.0175	2.5967	-2.3440	-0.2068
1118	S	M	-0.0752	2.5967	-19.3322	-0.1689
1118	S	N	-0.0490	2.5967	-19.3322	-0.1346
1118	S	P	-0.0911	2.5967	-1.8745	-0.3063
1118	S	Q	0.0175	2.5967	-2.4595	-0.1603
1118	S	R	-0.0447	2.5967	-4.4594	-0.2283
1118	S	T	-0.0174	2.5967	-19.3322	-0.0932
1118	S	V	-0.0093	2.5967	-5.0444	-0.1780
1118	S	W	-0.1145	2.5967	-19.3322	-0.2203
1118	S	Y	-0.1096	2.5967	-19.3322	-0.2139
1119	G	A	-0.1795	1.3225	-6.0660	-0.2405
1119	G	C	-0.3070	1.3225	-19.3538	-0.3187
1119	G	D	-0.2316	1.3225	-4.4811	-0.3194
1119	G	E	-0.2309	1.3225	-4.4811	-0.3185
1119	G	F	-0.3451	1.3225	-19.3538	-0.3686
1119	G	H	-0.3198	1.3225	-19.3538	-0.3355
1119	G	I	-0.3908	1.3225	-19.3538	-0.4284
1119	G	K	-0.3398	1.3225	-19.3538	-0.3616
1119	G	L	-0.2912	1.3225	-6.0660	-0.3868
1119	G	M	-0.2972	1.3225	-19.3538	-0.3059
1119	G	N	-0.3078	1.3225	-19.3538	-0.3198
1119	G	P	-0.3371	1.3225	-6.0660	-0.4469
1119	G	Q	-0.3107	1.3225	-19.3538	-0.3236
1119	G	R	-0.2479	1.3225	-4.4811	-0.3407
1119	G	S	-0.2531	1.3225	-19.3538	-0.2482
1119	G	T	-0.2623	1.3225	-6.0660	-0.3489
1119	G	V	-0.2662	1.3225	-6.0660	-0.3541
1119	G	W	-0.3449	1.3225	-19.3538	-0.3683
1119	G	Y	-0.3455	1.3225	-19.3538	-0.3691
1120	A	C	-0.1523	1.8814	-19.2650	-0.1841
1120	A	D	-0.1611	1.8814	-4.9773	-0.2911
1120	A	E	-0.2197	1.8814	-19.2650	-0.2723
1120	A	F	-0.2024	1.8814	-19.2650	-0.2497
1120	A	G	-0.0637	1.8814	-3.1700	-0.1756
1120	A	H	-0.1387	1.8814	-5.9772	-0.2551
1120	A	I	-0.1241	1.8814	-5.9772	-0.2360
1120	A	K	-0.2243	1.8814	-19.2650	-0.2784
1120	A	L	-0.1967	1.8814	-19.2650	-0.2422
1120	A	M	-0.1554	1.8814	-19.2650	-0.1882
1120	A	N	-0.2044	1.8814	-19.2650	-0.2523
1120	A	P	-0.2008	1.8814	-4.9773	-0.3431
1120	A	Q	-0.2019	1.8814	-19.2650	-0.2490
1120	A	R	-0.2350	1.8814	-19.2650	-0.2924
1120	A	S	-0.0390	1.8814	-3.9773	-0.1379
1120	A	T	-0.0471	1.8814	-4.3923	-0.1457
1120	A	V	-0.0471	1.8814	-4.9773	-0.1418
1120	A	W	-0.2133	1.8814	-19.2650	-0.2640
1120	A	Y	-0.2216	1.8814	-19.2650	-0.2748
1121	Q	A	-0.0699	2.3380	-19.3322	-0.1308
1121	Q	C	-0.1161	2.3380	-19.3322	-0.1913
1121	Q	D	-0.0733	2.3380	-3.0444	-0.2441
1121	Q	E	0.0132	2.3380	-2.0444	-0.1375
1121	Q	F	-0.1242	2.3380	-19.3322	-0.2018
1121	Q	G	-0.0596	2.3380	-3.4595	-0.2233
1121	Q	H	0.0070	2.3380	-4.0444	-0.1322
1121	Q	I	-0.1055	2.3380	-19.3322	-0.1774
1121	Q	K	-0.0353	2.3380	-6.0443	-0.1742
1121	Q	L	-0.0211	2.3380	-6.0443	-0.1556
1121	Q	M	-0.0598	2.3380	-19.3322	-0.1176
1121	Q	N	-0.0856	2.3380	-19.3322	-0.1513
1121	Q	P	-0.2435	2.3380	-19.3322	-0.3581
1121	Q	R	-0.1016	2.3380	-19.3322	-0.1723
1121	Q	S	-0.0124	2.3380	-4.4594	-0.1549
1121	Q	T	-0.0983	2.3380	-19.3322	-0.1679
1121	Q	V	-0.1056	2.3380	-19.3322	-0.1775
1121	Q	W	-0.1235	2.3380	-19.3322	-0.2010
1121	Q	Y	-0.1264	2.3380	-19.3322	-0.2048
1122	L	A	-0.2097	1.3769	-5.9541	-0.2874
1122	L	C	-0.2667	1.3769	-19.2420	-0.2733
1122	L	D	-0.3990	1.3769	-19.2420	-0.4465
1122	L	E	-0.3671	1.3769	-19.2420	-0.4047
1122	L	F	-0.1330	1.3769	-3.9542	-0.2003
1122	L	G	-0.2795	1.3769	-4.9542	-0.3854
1122	L	H	-0.3199	1.3769	-19.2420	-0.3429
1122	L	I	-0.1516	1.3769	-19.2420	-0.1226
1122	L	K	-0.3661	1.3769	-19.2420	-0.4034
1122	L	M	-0.1749	1.3769	-19.2420	-0.1531
1122	L	N	-0.3453	1.3769	-19.2420	-0.3762
1122	L	P	-0.2829	1.3769	-3.9542	-0.3966
1122	L	Q	-0.2983	1.3769	-19.2420	-0.3146
1122	L	R	-0.3577	1.3769	-19.2420	-0.3924
1122	L	S	-0.2401	1.3769	-5.9541	-0.3272
1122	L	T	-0.2806	1.3769	-19.2420	-0.2915
1122	L	V	-0.1120	1.3769	-4.3692	-0.1701
1122	L	W	-0.3101	1.3769	-19.2420	-0.3301
1122	L	Y	-0.3030	1.3769	-19.2420	-0.3208
1123	G	A	-0.1198	1.8555	-3.9773	-0.2405
1123	G	C	-0.2575	1.8555	-19.2650	-0.3187
1123	G	D	-0.1902	1.8555	-5.9772	-0.3194
1123	G	E	-0.1895	1.8555	-5.9772	-0.3185
1123	G	F	-0.2956	1.8555	-19.2650	-0.3686
1123	G	H	-0.2703	1.8555	-19.2650	-0.3355
1123	G	I	-0.3413	1.8555	-19.2650	-0.4284
1123	G	K	-0.2225	1.8555	-5.9772	-0.3616
1123	G	L	-0.2417	1.8555	-5.9772	-0.3868
1123	G	M	-0.2477	1.8555	-19.2650	-0.3059
1123	G	N	-0.1854	1.8555	-4.9773	-0.3198
1123	G	P	-0.3554	1.8555	-19.2650	-0.4469
1123	G	Q	-0.1934	1.8555	-5.9772	-0.3236
1123	G	R	-0.1946	1.8555	-3.6554	-0.3407
1123	G	S	-0.1278	1.8555	-4.3923	-0.2482
1123	G	T	-0.2806	1.8555	-19.2650	-0.3489
1123	G	V	-0.2167	1.8555	-5.9772	-0.3541
1123	G	W	-0.2954	1.8555	-19.2650	-0.3683
1123	G	Y	-0.2960	1.8555	-19.2650	-0.3691
1124	V	A	-0.0836	1.8259	-2.7608	-0.1977
1124	V	C	-0.1954	1.8259	-19.2185	-0.2342
1124	V	D	-0.3341	1.8259	-19.2185	-0.4158
1124	V	E	-0.2915	1.8259	-19.2185	-0.3599
1124	V	F	-0.2447	1.8259	-19.2185	-0.2987
1124	V	G	-0.2175	1.8259	-4.3458	-0.3624
1124	V	H	-0.3371	1.8259	-19.2185	-0.4197
1124	V	I	-0.0221	1.8259	-3.3458	-0.1133
1124	V	K	-0.3304	1.8259	-19.2185	-0.4109
1124	V	L	-0.1682	1.8259	-19.2185	-0.1985
1124	V	M	-0.1773	1.8259	-19.2185	-0.2104
1124	V	N	-0.3220	1.8259	-19.2185	-0.3999
1124	V	P	-0.3719	1.8259	-19.2185	-0.4652
1124	V	Q	-0.3021	1.8259	-19.2185	-0.3738
1124	V	R	-0.3514	1.8259	-19.2185	-0.4384
1124	V	S	-0.1902	1.8259	-3.3458	-0.3334
1124	V	T	-0.1188	1.8259	-5.9306	-0.2226
1124	V	W	-0.2853	1.8259	-19.2185	-0.3518
1124	V	Y	-0.2882	1.8259	-19.2185	-0.3556
1125	P	A	-0.0873	1.6514	-4.9069	-0.1672
1125	P	C	-0.1251	1.6514	-5.9068	-0.2100
1125	P	D	-0.2188	1.6514	-19.1947	-0.2439
1125	P	E	-0.2026	1.6514	-19.1947	-0.2227
1125	P	F	-0.1535	1.6514	-5.9068	-0.2472
1125	P	G	-0.1746	1.6514	-19.1947	-0.1860
1125	P	H	-0.1311	1.6514	-5.9068	-0.2179
1125	P	I	-0.2043	1.6514	-19.1947	-0.2250
1125	P	K	-0.1943	1.6514	-19.1947	-0.2118
1125	P	L	-0.2089	1.6514	-19.1947	-0.2310
1125	P	M	-0.1599	1.6514	-19.1947	-0.1668
1125	P	N	-0.1869	1.6514	-19.1947	-0.2022
1125	P	Q	-0.1886	1.6514	-19.1947	-0.2044
1125	P	R	-0.1571	1.6514	-4.9069	-0.2586
1125	P	S	-0.0655	1.6514	-0.6975	-0.1668
1125	P	T	-0.1720	1.6514	-19.1947	-0.1827
1125	P	V	-0.0919	1.6514	-5.9068	-0.1666
1125	P	W	-0.2338	1.6514	-19.1947	-0.2636
1125	P	Y	-0.2223	1.6514	-19.1947	-0.2485
1126	R	A	-0.3142	0.8757	-19.2878	-0.2748
1126	R	C	-0.3231	0.8757	-19.2878	-0.2864
1126	R	D	-0.4053	0.8757	-19.2878	-0.3940
1126	R	E	-0.2746	0.8757	-4.4150	-0.3223
1126	R	F	-0.3464	0.8757	-19.2878	-0.3169
1126	R	G	-0.2526	0.8757	-0.2721	-0.3211
1126	R	H	-0.2840	0.8757	-19.2878	-0.2352
1126	R	I	-0.3436	0.8757	-19.2878	-0.3133
1126	R	K	-0.2045	0.8757	-19.2878	-0.1311
1126	R	L	-0.3167	0.8757	-19.2878	-0.2780
1126	R	M	-0.2825	0.8757	-19.2878	-0.2333
1126	R	N	-0.3291	0.8757	-19.2878	-0.2943
1126	R	P	-0.4563	0.8757	-19.2878	-0.4608
1126	R	Q	-0.2890	0.8757	-19.2878	-0.2417
1126	R	S	-0.2470	0.8757	-5.9999	-0.2755
1126	R	T	-0.3191	0.8757	-19.2878	-0.2812
1126	R	V	-0.3307	0.8757	-19.2878	-0.2964
1126	R	W	-0.3320	0.8757	-19.2878	-0.2980
1126	R	Y	-0.3357	0.8757	-19.2878	-0.3029
1127	E	A	-0.1334	1.0493	-4.4594	-0.1580
1127	E	C	-0.2786	1.0493	-19.3322	-0.2488
1127	E	D	-0.1750	1.0493	-19.3322	-0.1131
1127	E	F	-0.2562	1.0493	-19.3322	-0.2195
1127	E	G	-0.2350	1.0493	-19.3322	-0.1917
1127	E	H	-0.2475	1.0493	-19.3322	-0.2081
1127	E	I	-0.2616	1.0493	-19.3322	-0.2265
1127	E	K	-0.1635	1.0493	-6.0443	-0.1868
1127	E	L	-0.2637	1.0493	-19.3322	-0.2293
1127	E	M	-0.2126	1.0493	-19.3322	-0.1623
1127	E	N	-0.2355	1.0493	-19.3322	-0.1923
1127	E	P	-0.3662	1.0493	-19.3322	-0.3635
1127	E	Q	-0.0978	1.0493	-2.8745	-0.1220
1127	E	R	-0.2240	1.0493	-6.0443	-0.2660
1127	E	S	-0.2227	1.0493	-19.3322	-0.1756
1127	E	T	-0.2386	1.0493	-19.3322	-0.1964
1127	E	V	-0.2225	1.0493	-19.3322	-0.1753
1127	E	W	-0.2663	1.0493	-19.3322	-0.2327
1127	E	Y	-0.2571	1.0493	-19.3322	-0.2206
1128	K	A	-0.1980	1.1913	-19.3322	-0.1604
1128	K	C	-0.2682	1.1913	-19.3322	-0.2523
1128	K	D	-0.3070	1.1913	-19.3322	-0.3031
1128	K	E	-0.1551	1.1913	-6.0443	-0.1930
1128	K	F	-0.2692	1.1913	-19.3322	-0.2535
1128	K	G	-0.2572	1.1913	-19.3322	-0.2379
1128	K	H	-0.2081	1.1913	-19.3322	-0.1736
1128	K	I	-0.2364	1.1913	-19.3322	-0.2106
1128	K	L	-0.1592	1.1913	-4.4594	-0.2089
1128	K	M	-0.2081	1.1913	-19.3322	-0.1736
1128	K	N	-0.1383	1.1913	-4.0444	-0.1843
1128	K	P	-0.3724	1.1913	-19.3322	-0.3886
1128	K	Q	-0.1244	1.1913	-5.0444	-0.1594
1128	K	R	-0.1317	1.1913	-19.3322	-0.0735
1128	K	S	-0.1404	1.1913	-6.0443	-0.1737
1128	K	T	-0.1471	1.1913	-5.0444	-0.1892
1128	K	V	-0.2203	1.1913	-19.3322	-0.1895
1128	K	W	-0.2782	1.1913	-19.3322	-0.2653
1128	K	Y	-0.2540	1.1913	-19.3322	-0.2337
1129	P	A	-0.2091	1.1280	-19.3322	-0.1672
1129	P	C	-0.2418	1.1280	-19.3322	-0.2100
1129	P	D	-0.2676	1.1280	-19.3322	-0.2439
1129	P	E	-0.2515	1.1280	-19.3322	-0.2227
1129	P	F	-0.2702	1.1280	-19.3322	-0.2472
1129	P	G	-0.1556	1.1280	-6.0443	-0.1860
1129	P	H	-0.1800	1.1280	-6.0443	-0.2179
1129	P	I	-0.2532	1.1280	-19.3322	-0.2250
1129	P	K	-0.2431	1.1280	-19.3322	-0.2118
1129	P	L	-0.1900	1.1280	-6.0443	-0.2310
1129	P	M	-0.2088	1.1280	-19.3322	-0.1668
1129	P	N	-0.2358	1.1280	-19.3322	-0.2022
1129	P	Q	-0.2375	1.1280	-19.3322	-0.2044
1129	P	R	-0.2789	1.1280	-19.3322	-0.2586
1129	P	S	-0.1240	1.1280	-2.7225	-0.1668
1129	P	T	-0.1480	1.1280	-5.0444	-0.1827
1129	P	V	-0.2086	1.1280	-19.3322	-0.1666
1129	P	W	-0.2827	1.1280	-19.3322	-0.2636
1129	P	Y	-0.2712	1.1280	-19.3322	-0.2485
1130	L	A	-0.2117	1.3619	-6.0660	-0.2874
1130	L	C	-0.2687	1.3619	-19.3538	-0.2733
1130	L	D	-0.4010	1.3619	-19.3538	-0.4465
1130	L	E	-0.3691	1.3619	-19.3538	-0.4047
1130	L	F	-0.2129	1.3619	-19.3538	-0.2003
1130	L	G	-0.3543	1.3619	-19.3538	-0.3854
1130	L	H	-0.3219	1.3619	-19.3538	-0.3429
1130	L	I	-0.1536	1.3619	-19.3538	-0.1226
1130	L	K	-0.3681	1.3619	-19.3538	-0.4034
1130	L	M	-0.1769	1.3619	-19.3538	-0.1531
1130	L	N	-0.3473	1.3619	-19.3538	-0.3762
1130	L	P	-0.2870	1.3619	-4.4811	-0.3966
1130	L	Q	-0.2243	1.3619	-4.4811	-0.3146
1130	L	R	-0.3597	1.3619	-19.3538	-0.3924
1130	L	S	-0.2319	1.3619	-4.0661	-0.3272
1130	L	T	-0.2826	1.3619	-19.3538	-0.2915
1130	L	V	-0.1089	1.3619	-3.4811	-0.1701
1130	L	W	-0.3121	1.3619	-19.3538	-0.3301
1130	L	Y	-0.3050	1.3619	-19.3538	-0.3208
1131	A	C	-0.2119	1.2390	-19.3538	-0.1841
1131	A	D	-0.2258	1.2390	-6.0660	-0.2911
1131	A	E	-0.2792	1.2390	-19.3538	-0.2723
1131	A	F	-0.2620	1.2390	-19.3538	-0.2497
1131	A	G	-0.2054	1.2390	-19.3538	-0.1756
1131	A	H	-0.2661	1.2390	-19.3538	-0.2551
1131	A	I	-0.2515	1.2390	-19.3538	-0.2360
1131	A	K	-0.2839	1.2390	-19.3538	-0.2784
1131	A	L	-0.2562	1.2390	-19.3538	-0.2422
1131	A	M	-0.2150	1.2390	-19.3538	-0.1882
1131	A	N	-0.1881	1.2390	-4.4811	-0.2523
1131	A	P	-0.2604	1.2390	-5.0661	-0.3431
1131	A	Q	-0.2614	1.2390	-19.3538	-0.2490
1131	A	R	-0.2946	1.2390	-19.3538	-0.2924
1131	A	S	-0.1766	1.2390	-19.3538	-0.1379
1131	A	T	-0.1066	1.2390	-4.4811	-0.1457
1131	A	V	-0.0986	1.2390	-3.4811	-0.1418
1131	A	W	-0.2729	1.2390	-19.3538	-0.2640
1131	A	Y	-0.2811	1.2390	-19.3538	-0.2748
1132	L	A	-0.2788	1.3669	-19.3101	-0.2874
1132	L	C	-0.2680	1.3669	-19.3101	-0.2733
1132	L	D	-0.4003	1.3669	-19.3101	-0.4465
1132	L	E	-0.3684	1.3669	-19.3101	-0.4047
1132	L	F	-0.2122	1.3669	-19.3101	-0.2003
1132	L	G	-0.2858	1.3669	-6.0223	-0.3854
1132	L	H	-0.3212	1.3669	-19.3101	-0.3429
1132	L	I	-0.1529	1.3669	-19.3101	-0.1226
1132	L	K	-0.3674	1.3669	-19.3101	-0.4034
1132	L	M	-0.1084	1.3669	-6.0223	-0.1531
1132	L	N	-0.3466	1.3669	-19.3101	-0.3762
1132	L	P	-0.2842	1.3669	-4.0224	-0.3966
1132	L	Q	-0.2186	1.3669	-3.4374	-0.3146
1132	L	R	-0.3590	1.3669	-19.3101	-0.3924
1132	L	S	-0.3092	1.3669	-19.3101	-0.3272
1132	L	T	-0.2819	1.3669	-19.3101	-0.2915
1132	L	V	-0.1163	1.3669	-5.0223	-0.1701
1132	L	W	-0.2385	1.3669	-5.0223	-0.3301
1132	L	Y	-0.3043	1.3669	-19.3101	-0.3208
1133	G	A	-0.3345	0.3627	-19.1457	-0.2405
1133	G	C	-0.3942	0.3627	-19.1457	-0.3187
1133	G	D	-0.3948	0.3627	-19.1457	-0.3194
1133	G	E	-0.3161	0.3627	-3.8580	-0.3185
1133	G	F	-0.4324	0.3627	-19.1457	-0.3686
1133	G	H	-0.4071	0.3627	-19.1457	-0.3355
1133	G	I	-0.4780	0.3627	-19.1457	-0.4284
1133	G	K	-0.4270	0.3627	-19.1457	-0.3616
1133	G	L	-0.4463	0.3627	-19.1457	-0.3868
1133	G	M	-0.3845	0.3627	-19.1457	-0.3059
1133	G	N	-0.3951	0.3627	-19.1457	-0.3198
1133	G	P	-0.4922	0.3627	-19.1457	-0.4469
1133	G	Q	-0.3980	0.3627	-19.1457	-0.3236
1133	G	R	-0.4111	0.3627	-19.1457	-0.3407
1133	G	S	-0.3404	0.3627	-19.1457	-0.2482
1133	G	T	-0.4173	0.3627	-19.1457	-0.3489
1133	G	V	-0.4213	0.3627	-19.1457	-0.3541
1133	G	W	-0.4321	0.3627	-19.1457	-0.3683
1133	G	Y	-0.4327	0.3627	-19.1457	-0.3691
1134	V	A	-0.0690	2.0316	-3.6088	-0.1977
1134	V	C	-0.1765	2.0316	-19.2185	-0.2342
1134	V	D	-0.3152	2.0316	-19.2185	-0.4158
1134	V	E	-0.1945	2.0316	-3.9307	-0.3599
1134	V	F	-0.2258	2.0316	-19.2185	-0.2987
1134	V	G	-0.1985	2.0316	-4.3458	-0.3624
1134	V	H	-0.3182	2.0316	-19.2185	-0.4197
1134	V	I	-0.0083	2.0316	-4.3458	-0.1133
1134	V	K	-0.3115	2.0316	-19.2185	-0.4109
1134	V	L	-0.0712	2.0316	-3.9307	-0.1985
1134	V	M	-0.0803	2.0316	-3.9307	-0.2104
1134	V	N	-0.3031	2.0316	-19.2185	-0.3999
1134	V	P	-0.2851	2.0316	-5.9306	-0.4652
1134	V	Q	-0.2831	2.0316	-19.2185	-0.3738
1134	V	R	-0.3325	2.0316	-19.2185	-0.4384
1134	V	S	-0.2523	2.0316	-19.2185	-0.3334
1134	V	T	-0.1676	2.0316	-19.2185	-0.2226
1134	V	W	-0.2663	2.0316	-19.2185	-0.3518
1134	V	Y	-0.2692	2.0316	-19.2185	-0.3556
1135	V	A	-0.0617	2.0471	-2.4713	-0.1977
1135	V	C	-0.1751	2.0471	-19.2185	-0.2342
1135	V	D	-0.2409	2.0471	-4.9307	-0.4158
1135	V	E	-0.2033	2.0471	-5.9306	-0.3599
1135	V	F	-0.2244	2.0471	-19.2185	-0.2987
1135	V	G	-0.1971	2.0471	-4.3458	-0.3624
1135	V	H	-0.3168	2.0471	-19.2185	-0.4197
1135	V	I	-0.0098	2.0471	-4.9307	-0.1133
1135	V	K	-0.3101	2.0471	-19.2185	-0.4109
1135	V	L	-0.0749	2.0471	-4.9307	-0.1985
1135	V	M	-0.0840	2.0471	-4.9307	-0.2104
1135	V	N	-0.3017	2.0471	-19.2185	-0.3999
1135	V	P	-0.3515	2.0471	-19.2185	-0.4652
1135	V	Q	-0.2817	2.0471	-19.2185	-0.3738
1135	V	R	-0.2633	2.0471	-5.9306	-0.4384
1135	V	S	-0.1831	2.0471	-5.9306	-0.3334
1135	V	T	-0.1662	2.0471	-19.2185	-0.2226
1135	V	W	-0.2649	2.0471	-19.2185	-0.3518
1135	V	Y	-0.2678	2.0471	-19.2185	-0.3556
1136	R	A	-0.2303	1.7861	-19.2650	-0.2748
1136	R	C	-0.1714	1.7861	-5.9772	-0.2864
1136	R	D	-0.3214	1.7861	-19.2650	-0.3940
1136	R	E	-0.2666	1.7861	-19.2650	-0.3223
1136	R	F	-0.2625	1.7861	-19.2650	-0.3169
1136	R	G	-0.1877	1.7861	-3.9773	-0.3211
1136	R	H	-0.2001	1.7861	-19.2650	-0.2352
1136	R	I	-0.2598	1.7861	-19.2650	-0.3133
1136	R	K	-0.1206	1.7861	-19.2650	-0.1311
1136	R	L	-0.2328	1.7861	-19.2650	-0.2780
1136	R	M	-0.1986	1.7861	-19.2650	-0.2333
1136	R	N	-0.2452	1.7861	-19.2650	-0.2943
1136	R	P	-0.2928	1.7861	-3.6554	-0.4608
1136	R	Q	-0.1164	1.7861	-1.8899	-0.2417
1136	R	S	-0.1580	1.7861	-4.9773	-0.2755
1136	R	T	-0.2352	1.7861	-19.2650	-0.2812
1136	R	V	-0.2468	1.7861	-19.2650	-0.2964
1136	R	W	-0.2481	1.7861	-19.2650	-0.2980
1136	R	Y	-0.2518	1.7861	-19.2650	-0.3029
1137	P	A	-0.0296	2.1586	-2.7442	-0.1672
1137	P	C	-0.1470	2.1586	-19.3538	-0.2100
1137	P	D	-0.1729	2.1586	-19.3538	-0.2439
1137	P	E	-0.1567	2.1586	-19.3538	-0.2227
1137	P	F	-0.1754	2.1586	-19.3538	-0.2472
1137	P	G	-0.1287	2.1586	-19.3538	-0.1860
1137	P	H	-0.0853	2.1586	-6.0660	-0.2179
1137	P	I	-0.1585	2.1586	-19.3538	-0.2250
1137	P	K	-0.1484	2.1586	-19.3538	-0.2118
1137	P	L	-0.0791	2.1586	-2.8962	-0.2310
1137	P	M	-0.1140	2.1586	-19.3538	-0.1668
1137	P	N	-0.1411	2.1586	-19.3538	-0.2022
1137	P	Q	-0.1428	2.1586	-19.3538	-0.2044
1137	P	R	-0.1842	2.1586	-19.3538	-0.2586
1137	P	S	-0.0293	2.1586	-2.7442	-0.1668
1137	P	T	-0.0440	2.1586	-3.2588	-0.1827
1137	P	V	-0.1139	2.1586	-19.3538	-0.1666
1137	P	W	-0.1880	2.1586	-19.3538	-0.2636
1137	P	Y	-0.1764	2.1586	-19.3538	-0.2485
1138	S	A	-0.0868	1.1529	-5.0661	-0.1054
1138	S	C	-0.2102	1.1529	-19.3538	-0.1715
1138	S	D	-0.2584	1.1529	-19.3538	-0.2346
1138	S	E	-0.2315	1.1529	-19.3538	-0.1995
1138	S	F	-0.2377	1.1529	-19.3538	-0.2076
1138	S	G	-0.1688	1.1529	-19.3538	-0.1174
1138	S	H	-0.2390	1.1529	-19.3538	-0.2092
1138	S	I	-0.2409	1.1529	-19.3538	-0.2117
1138	S	K	-0.2483	1.1529	-19.3538	-0.2214
1138	S	L	-0.2371	1.1529	-19.3538	-0.2068
1138	S	M	-0.2082	1.1529	-19.3538	-0.1689
1138	S	N	-0.1820	1.1529	-19.3538	-0.1346
1138	S	P	-0.2270	1.1529	-2.4812	-0.3063
1138	S	Q	-0.2016	1.1529	-19.3538	-0.1603
1138	S	R	-0.2535	1.1529	-19.3538	-0.2283
1138	S	T	-0.0774	1.1529	-5.0661	-0.0932
1138	S	V	-0.1473	1.1529	-6.0660	-0.1780
1138	S	W	-0.2474	1.1529	-19.3538	-0.2203
1138	S	Y	-0.2425	1.1529	-19.3538	-0.2139
1139	Q	A	-0.2367	0.5269	-19.3538	-0.1308
1139	Q	C	-0.2829	0.5269	-19.3538	-0.1913
1139	Q	D	-0.3232	0.5269	-19.3538	-0.2441
1139	Q	E	-0.2418	0.5269	-19.3538	-0.1375
1139	Q	F	-0.2909	0.5269	-19.3538	-0.2018
1139	Q	G	-0.3073	0.5269	-19.3538	-0.2233
1139	Q	H	-0.2377	0.5269	-19.3538	-0.1322
1139	Q	I	-0.2723	0.5269	-19.3538	-0.1774
1139	Q	K	-0.1969	0.5269	-5.0661	-0.1742
1139	Q	L	-0.1878	0.5269	-6.0660	-0.1556
1139	Q	M	-0.2266	0.5269	-19.3538	-0.1176
1139	Q	N	-0.2523	0.5269	-19.3538	-0.1513
1139	Q	P	-0.3425	0.5269	-6.0660	-0.3581
1139	Q	R	-0.2006	0.5269	-6.0660	-0.1723
1139	Q	S	-0.2551	0.5269	-19.3538	-0.1549
1139	Q	T	-0.2650	0.5269	-19.3538	-0.1679
1139	Q	V	-0.2723	0.5269	-19.3538	-0.1775
1139	Q	W	-0.2903	0.5269	-19.3538	-0.2010
1139	Q	Y	-0.2932	0.5269	-19.3538	-0.2048
1140	P	A	-0.2200	1.0099	-19.3538	-0.1672
1140	P	C	-0.2527	1.0099	-19.3538	-0.2100
1140	P	D	-0.2786	1.0099	-19.3538	-0.2439
1140	P	E	-0.2624	1.0099	-19.3538	-0.2227
1140	P	F	-0.2811	1.0099	-19.3538	-0.2472
1140	P	G	-0.2344	1.0099	-19.3538	-0.1860
1140	P	H	-0.2588	1.0099	-19.3538	-0.2179
1140	P	I	-0.1964	1.0099	-6.0660	-0.2250
1140	P	K	-0.2541	1.0099	-19.3538	-0.2118
1140	P	L	-0.2688	1.0099	-19.3538	-0.2310
1140	P	M	-0.2197	1.0099	-19.3538	-0.1668
1140	P	N	-0.2468	1.0099	-19.3538	-0.2022
1140	P	Q	-0.2485	1.0099	-19.3538	-0.2044
1140	P	R	-0.2169	1.0099	-5.0661	-0.2586
1140	P	S	-0.1350	1.0099	-2.7442	-0.1668
1140	P	T	-0.1641	1.0099	-6.0660	-0.1827
1140	P	V	-0.2196	1.0099	-19.3538	-0.1666
1140	P	W	-0.2937	1.0099	-19.3538	-0.2636
1140	P	Y	-0.2821	1.0099	-19.3538	-0.2485
1141	R	A	-0.2890	1.1541	-19.3538	-0.2748
1141	R	C	-0.2249	1.1541	-5.0661	-0.2864
1141	R	D	-0.3800	1.1541	-19.3538	-0.3940
1141	R	E	-0.3252	1.1541	-19.3538	-0.3223
1141	R	F	-0.3211	1.1541	-19.3538	-0.3169
1141	R	G	-0.2565	1.1541	-6.0660	-0.3211
1141	R	H	-0.1790	1.1541	-3.7442	-0.2352
1141	R	I	-0.3184	1.1541	-19.3538	-0.3133
1141	R	K	-0.1792	1.1541	-19.3538	-0.1311
1141	R	L	-0.2914	1.1541	-19.3538	-0.2780
1141	R	M	-0.2573	1.1541	-19.3538	-0.2333
1141	R	N	-0.3038	1.1541	-19.3538	-0.2943
1141	R	P	-0.3632	1.1541	-6.0660	-0.4608
1141	R	Q	-0.1878	1.1541	-4.4811	-0.2417
1141	R	S	-0.2895	1.1541	-19.3538	-0.2755
1141	R	T	-0.2938	1.1541	-19.3538	-0.2812
1141	R	V	-0.3055	1.1541	-19.3538	-0.2964
1141	R	W	-0.3067	1.1541	-19.3538	-0.2980
1141	R	Y	-0.2426	1.1541	-6.0660	-0.3029
1142	K	A	-0.2974	0.1125	-19.3538	-0.1604
1142	K	C	-0.3676	0.1125	-19.3538	-0.2523
1142	K	D	-0.4064	0.1125	-19.3538	-0.3031
1142	K	E	-0.3223	0.1125	-19.3538	-0.1930
1142	K	F	-0.3685	0.1125	-19.3538	-0.2535
1142	K	G	-0.3566	0.1125	-19.3538	-0.2379
1142	K	H	-0.3075	0.1125	-19.3538	-0.1736
1142	K	I	-0.3358	0.1125	-19.3538	-0.2106
1142	K	L	-0.3345	0.1125	-19.3538	-0.2089
1142	K	M	-0.3075	0.1125	-19.3538	-0.1736
1142	K	N	-0.3157	0.1125	-19.3538	-0.1843
1142	K	P	-0.4717	0.1125	-19.3538	-0.3886
1142	K	Q	-0.2967	0.1125	-19.3538	-0.1594
1142	K	R	-0.1632	0.1125	-6.0660	-0.0735
1142	K	S	-0.3076	0.1125	-19.3538	-0.1737
1142	K	T	-0.3194	0.1125	-19.3538	-0.1892
1142	K	V	-0.3196	0.1125	-19.3538	-0.1895
1142	K	W	-0.3775	0.1125	-19.3538	-0.2653
1142	K	Y	-0.3534	0.1125	-19.3538	-0.2337
1143	R	A	-0.3951	0.0006	-19.3538	-0.2748
1143	R	C	-0.4040	0.0006	-19.3538	-0.2864
1143	R	D	-0.4861	0.0006	-19.3538	-0.3940
1143	R	E	-0.4314	0.0006	-19.3538	-0.3223
1143	R	F	-0.4273	0.0006	-19.3538	-0.3169
1143	R	G	-0.4305	0.0006	-19.3538	-0.3211
1143	R	H	-0.3648	0.0006	-19.3538	-0.2352
1143	R	I	-0.4245	0.0006	-19.3538	-0.3133
1143	R	K	-0.2853	0.0006	-19.3538	-0.1311
1143	R	L	-0.3975	0.0006	-19.3538	-0.2780
1143	R	M	-0.3634	0.0006	-19.3538	-0.2333
1143	R	N	-0.4100	0.0006	-19.3538	-0.2943
1143	R	P	-0.5372	0.0006	-19.3538	-0.4608
1143	R	Q	-0.3698	0.0006	-19.3538	-0.2417
1143	R	S	-0.3956	0.0006	-19.3538	-0.2755
1143	R	T	-0.4000	0.0006	-19.3538	-0.2812
1143	R	V	-0.4116	0.0006	-19.3538	-0.2964
1143	R	W	-0.4128	0.0006	-19.3538	-0.2980
1143	R	Y	-0.4166	0.0006	-19.3538	-0.3029
1144	R	A	-0.3347	0.6574	-19.3538	-0.2748
1144	R	C	-0.2757	0.6574	-6.0660	-0.2864
1144	R	D	-0.4257	0.6574	-19.3538	-0.3940
1144	R	E	-0.3709	0.6574	-19.3538	-0.3223
1144	R	F	-0.3668	0.6574	-19.3538	-0.3169
1144	R	G	-0.3700	0.6574	-19.3538	-0.3211
1144	R	H	-0.3044	0.6574	-19.3538	-0.2352
1144	R	I	-0.3641	0.6574	-19.3538	-0.3133
1144	R	K	-0.1469	0.6574	-4.0661	-0.1311
1144	R	L	-0.3371	0.6574	-19.3538	-0.2780
1144	R	M	-0.3030	0.6574	-19.3538	-0.2333
1144	R	N	-0.2817	0.6574	-6.0660	-0.2943
1144	R	P	-0.4767	0.6574	-19.3538	-0.4608
1144	R	Q	-0.2416	0.6574	-6.0660	-0.2417
1144	R	S	-0.3352	0.6574	-19.3538	-0.2755
1144	R	T	-0.3395	0.6574	-19.3538	-0.2812
1144	R	V	-0.3512	0.6574	-19.3538	-0.2964
1144	R	W	-0.3524	0.6574	-19.3538	-0.2980
1144	R	Y	-0.3561	0.6574	-19.3538	-0.3029
1145	C	A	-0.3958	0.8915	-19.3538	-0.3830
1145	C	D	-0.5030	0.8915	-19.3538	-0.5234
1145	C	E	-0.4906	0.8915	-19.3538	-0.5072
1145	C	F	-0.3897	0.8915	-19.3538	-0.3751
1145	C	G	-0.3123	0.8915	-4.4811	-0.3731
1145	C	H	-0.5015	0.8915	-19.3538	-0.5214
1145	C	I	-0.4196	0.8915	-19.3538	-0.4142
1145	C	K	-0.4912	0.8915	-19.3538	-0.5080
1145	C	L	-0.4527	0.8915	-19.3538	-0.4575
1145	C	M	-0.4199	0.8915	-19.3538	-0.4146
1145	C	N	-0.4454	0.8915	-19.3538	-0.4480
1145	C	P	-0.5141	0.8915	-19.3538	-0.5379
1145	C	Q	-0.4016	0.8915	-6.0660	-0.4794
1145	C	R	-0.3507	0.8915	-0.2848	-0.4514
1145	C	S	-0.3865	0.8915	-19.3538	-0.3709
1145	C	T	-0.4212	0.8915	-19.3538	-0.4163
1145	C	V	-0.4177	0.8915	-19.3538	-0.4117
1145	C	W	-0.3929	0.8915	-19.3538	-0.3792
1145	C	Y	-0.3991	0.8915	-19.3538	-0.3873
1146	D	A	-0.2937	0.4374	-19.3538	-0.1947
1146	D	C	-0.3352	0.4374	-19.3538	-0.2490
1146	D	E	-0.1606	0.4374	-4.0661	-0.1226
1146	D	F	-0.3939	0.4374	-19.3538	-0.3258
1146	D	G	-0.2371	0.4374	-6.0660	-0.2093
1146	D	H	-0.3030	0.4374	-19.3538	-0.2069
1146	D	I	-0.3861	0.4374	-19.3538	-0.3156
1146	D	K	-0.3645	0.4374	-19.3538	-0.2873
1146	D	L	-0.3797	0.4374	-19.3538	-0.3073
1146	D	M	-0.3185	0.4374	-19.3538	-0.2271
1146	D	N	-0.2604	0.4374	-19.3538	-0.1511
1146	D	P	-0.4307	0.4374	-19.3538	-0.3740
1146	D	Q	-0.3207	0.4374	-19.3538	-0.2300
1146	D	R	-0.3955	0.4374	-19.3538	-0.3279
1146	D	S	-0.3001	0.4374	-19.3538	-0.2031
1146	D	T	-0.3302	0.4374	-19.3538	-0.2424
1146	D	V	-0.3408	0.4374	-19.3538	-0.2563
1146	D	W	-0.3743	0.4374	-19.3538	-0.3002
1146	D	Y	-0.3387	0.4374	-19.3538	-0.2536
1147	S	A	-0.0321	1.8026	-6.0660	-0.1054
1147	S	C	-0.1504	1.8026	-19.3538	-0.1715
1147	S	D	-0.1986	1.8026	-19.3538	-0.2346
1147	S	E	-0.1718	1.8026	-19.3538	-0.1995
1147	S	F	-0.1780	1.8026	-19.3538	-0.2076
1147	S	G	-0.0224	1.8026	-2.3657	-0.1174
1147	S	H	-0.1792	1.8026	-19.3538	-0.2092
1147	S	I	-0.1811	1.8026	-19.3538	-0.2117
1147	S	K	-0.1885	1.8026	-19.3538	-0.2214
1147	S	L	-0.1773	1.8026	-19.3538	-0.2068
1147	S	M	-0.1484	1.8026	-19.3538	-0.1689
1147	S	N	-0.0544	1.8026	-6.0660	-0.1346
1147	S	P	-0.1737	1.8026	-3.7442	-0.3063
1147	S	Q	-0.1418	1.8026	-19.3538	-0.1603
1147	S	R	-0.1938	1.8026	-19.3538	-0.2283
1147	S	T	-0.0058	1.8026	-2.7442	-0.0932
1147	S	V	-0.1554	1.8026	-19.3538	-0.1780
1147	S	W	-0.1877	1.8026	-19.3538	-0.2203
1147	S	Y	-0.1828	1.8026	-19.3538	-0.2139
1148	F	A	-0.2910	1.5607	-19.3538	-0.3264
1148	F	C	-0.1913	1.5607	-6.0660	-0.2847
1148	F	D	-0.4139	1.5607	-19.3538	-0.4874
1148	F	E	-0.3833	1.5607	-19.3538	-0.4473
1148	F	G	-0.3263	1.5607	-19.3538	-0.3727
1148	F	H	-0.2456	1.5607	-5.0661	-0.3625
1148	F	I	-0.2349	1.5607	-19.3538	-0.2530
1148	F	K	-0.3902	1.5607	-19.3538	-0.4563
1148	F	L	-0.1139	1.5607	-3.0661	-0.2034
1148	F	M	-0.2280	1.5607	-19.3538	-0.2440
1148	F	N	-0.3436	1.5607	-19.3538	-0.3953
1148	F	P	-0.4143	1.5607	-19.3538	-0.4879
1148	F	Q	-0.3456	1.5607	-19.3538	-0.3980
1148	F	R	-0.3916	1.5607	-19.3538	-0.4581
1148	F	S	-0.1868	1.5607	-3.0661	-0.2989
1148	F	T	-0.3162	1.5607	-19.3538	-0.3595
1148	F	V	-0.2292	1.5607	-19.3538	-0.2456
1148	F	W	-0.2145	1.5607	-19.3538	-0.2263
1148	F	Y	-0.1069	1.5607	-4.4811	-0.1848
1149	V	A	-0.1418	1.2185	-3.2150	-0.1977
1149	V	C	-0.2518	1.2185	-19.3101	-0.2342
1149	V	D	-0.3905	1.2185	-19.3101	-0.4158
1149	V	E	-0.3478	1.2185	-19.3101	-0.3599
1149	V	F	-0.3011	1.2185	-19.3101	-0.2987
1149	V	G	-0.2687	1.2185	-3.4374	-0.3624
1149	V	H	-0.3935	1.2185	-19.3101	-0.4197
1149	V	I	-0.1594	1.2185	-19.3101	-0.1133
1149	V	K	-0.3868	1.2185	-19.3101	-0.4109
1149	V	L	-0.1516	1.2185	-5.0223	-0.1985
1149	V	M	-0.2336	1.2185	-19.3101	-0.2104
1149	V	N	-0.3784	1.2185	-19.3101	-0.3999
1149	V	P	-0.4282	1.2185	-19.3101	-0.4652
1149	V	Q	-0.3584	1.2185	-19.3101	-0.3738
1149	V	R	-0.4078	1.2185	-19.3101	-0.4384
1149	V	S	-0.3276	1.2185	-19.3101	-0.3334
1149	V	T	-0.1751	1.2185	-6.0223	-0.2226
1149	V	W	-0.3416	1.2185	-19.3101	-0.3518
1149	V	Y	-0.3445	1.2185	-19.3101	-0.3556
1150	T	A	-0.1058	1.3701	-4.4150	-0.1608
1150	T	C	-0.2175	1.3701	-19.2878	-0.2077
1150	T	D	-0.2972	1.3701	-19.2878	-0.3121
1150	T	E	-0.2726	1.3701	-19.2878	-0.2798
1150	T	F	-0.2889	1.3701	-19.2878	-0.3012
1150	T	G	-0.2552	1.3701	-19.2878	-0.2570
1150	T	H	-0.2692	1.3701	-19.2878	-0.2754
1150	T	I	-0.2076	1.3701	-19.2878	-0.1947
1150	T	K	-0.1970	1.3701	-5.9999	-0.2696
1150	T	L	-0.1917	1.3701	-5.9999	-0.2627
1150	T	M	-0.1586	1.3701	-5.9999	-0.2194
1150	T	N	-0.2373	1.3701	-19.2878	-0.2336
1150	T	P	-0.2680	1.3701	-4.0000	-0.3759
1150	T	Q	-0.2467	1.3701	-19.2878	-0.2460
1150	T	R	-0.2676	1.3701	-19.2878	-0.2733
1150	T	S	-0.0644	1.3701	-3.4151	-0.1133
1150	T	V	-0.1951	1.3701	-19.2878	-0.1784
1150	T	W	-0.2818	1.3701	-19.2878	-0.2919
1150	T	Y	-0.2904	1.3701	-19.2878	-0.3031
1151	G	A	-0.2940	0.8053	-19.1947	-0.2405
1151	G	C	-0.3538	0.8053	-19.1947	-0.3187
1151	G	D	-0.3543	0.8053	-19.1947	-0.3194
1151	G	E	-0.3536	0.8053	-19.1947	-0.3185
1151	G	F	-0.3919	0.8053	-19.1947	-0.3686
1151	G	H	-0.3666	0.8053	-19.1947	-0.3355
1151	G	I	-0.4376	0.8053	-19.1947	-0.4284
1151	G	K	-0.3865	0.8053	-19.1947	-0.3616
1151	G	L	-0.4058	0.8053	-19.1947	-0.3868
1151	G	M	-0.3440	0.8053	-19.1947	-0.3059
1151	G	N	-0.3546	0.8053	-19.1947	-0.3198
1151	G	P	-0.4517	0.8053	-19.1947	-0.4469
1151	G	Q	-0.3575	0.8053	-19.1947	-0.3236
1151	G	R	-0.3028	0.8053	-5.9068	-0.3407
1151	G	S	-0.2145	0.8053	-2.4475	-0.2482
1151	G	T	-0.3768	0.8053	-19.1947	-0.3489
1151	G	V	-0.3808	0.8053	-19.1947	-0.3541
1151	G	W	-0.3917	0.8053	-19.1947	-0.3683
1151	G	Y	-0.3923	0.8053	-19.1947	-0.3691
1152	R	A	-0.3210	0.7896	-19.0691	-0.2748
1152	R	C	-0.3299	0.7896	-19.0691	-0.2864
1152	R	D	-0.4121	0.7896	-19.0691	-0.3940
1152	R	E	-0.3573	0.7896	-19.0691	-0.3223
1152	R	F	-0.3532	0.7896	-19.0691	-0.3169
1152	R	G	-0.3564	0.7896	-19.0691	-0.3211
1152	R	H	-0.2908	0.7896	-19.0691	-0.2352
1152	R	I	-0.3505	0.7896	-19.0691	-0.3133
1152	R	K	-0.1246	0.7896	-2.0810	-0.1311
1152	R	L	-0.3235	0.7896	-19.0691	-0.2780
1152	R	M	-0.2893	0.7896	-19.0691	-0.2333
1152	R	N	-0.3359	0.7896	-19.0691	-0.2943
1152	R	P	-0.4631	0.7896	-19.0691	-0.4608
1152	R	Q	-0.2958	0.7896	-19.0691	-0.2417
1152	R	S	-0.3216	0.7896	-19.0691	-0.2755
1152	R	T	-0.3259	0.7896	-19.0691	-0.2812
1152	R	V	-0.3375	0.7896	-19.0691	-0.2964
1152	R	W	-0.3388	0.7896	-19.0691	-0.2980
1152	R	Y	-0.3425	0.7896	-19.0691	-0.3029
1153	R	A	-0.3655	0.3061	-19.0691	-0.2748
1153	R	C	-0.3744	0.3061	-19.0691	-0.2864
1153	R	D	-0.4566	0.3061	-19.0691	-0.3940
1153	R	E	-0.4018	0.3061	-19.0691	-0.3223
1153	R	F	-0.3977	0.3061	-19.0691	-0.3169
1153	R	G	-0.4009	0.3061	-19.0691	-0.3211
1153	R	H	-0.3353	0.3061	-19.0691	-0.2352
1153	R	I	-0.3949	0.3061	-19.0691	-0.3133
1153	R	K	-0.1799	0.3061	-4.1964	-0.1311
1153	R	L	-0.3680	0.3061	-19.0691	-0.2780
1153	R	M	-0.3338	0.3061	-19.0691	-0.2333
1153	R	N	-0.3804	0.3061	-19.0691	-0.2943
1153	R	P	-0.5076	0.3061	-19.0691	-0.4608
1153	R	Q	-0.3403	0.3061	-19.0691	-0.2417
1153	R	S	-0.3661	0.3061	-19.0691	-0.2755
1153	R	T	-0.3704	0.3061	-19.0691	-0.2812
1153	R	V	-0.3820	0.3061	-19.0691	-0.2964
1153	R	W	-0.3833	0.3061	-19.0691	-0.2980
1153	R	Y	-0.3870	0.3061	-19.0691	-0.3029
1154	K	A	-0.3062	0.0007	-19.0691	-0.1604
1154	K	C	-0.3764	0.0007	-19.0691	-0.2523
1154	K	D	-0.4152	0.0007	-19.0691	-0.3031
1154	K	E	-0.3312	0.0007	-19.0691	-0.1930
1154	K	F	-0.3774	0.0007	-19.0691	-0.2535
1154	K	G	-0.3654	0.0007	-19.0691	-0.2379
1154	K	H	-0.3163	0.0007	-19.0691	-0.1736
1154	K	I	-0.3446	0.0007	-19.0691	-0.2106
1154	K	L	-0.3433	0.0007	-19.0691	-0.2089
1154	K	M	-0.3163	0.0007	-19.0691	-0.1736
1154	K	N	-0.3245	0.0007	-19.0691	-0.1843
1154	K	P	-0.4806	0.0007	-19.0691	-0.3886
1154	K	Q	-0.3055	0.0007	-19.0691	-0.1594
1154	K	R	-0.2399	0.0007	-19.0691	-0.0735
1154	K	S	-0.3164	0.0007	-19.0691	-0.1737
1154	K	T	-0.3282	0.0007	-19.0691	-0.1892
1154	K	V	-0.3285	0.0007	-19.0691	-0.1895
1154	K	W	-0.3864	0.0007	-19.0691	-0.2653
1154	K	Y	-0.3622	0.0007	-19.0691	-0.2337
1155	K	A	-0.3062	0.0007	-19.0691	-0.1604
1155	K	C	-0.3764	0.0007	-19.0691	-0.2523
1155	K	D	-0.4152	0.0007	-19.0691	-0.3031
1155	K	E	-0.3312	0.0007	-19.0691	-0.1930
1155	K	F	-0.3774	0.0007	-19.0691	-0.2535
1155	K	G	-0.3654	0.0007	-19.0691	-0.2379
1155	K	H	-0.3163	0.0007	-19.0691	-0.1736
1155	K	I	-0.3446	0.0007	-19.0691	-0.2106
1155	K	L	-0.3433	0.0007	-19.0691	-0.2089
1155	K	M	-0.3163	0.0007	-19.0691	-0.1736
1155	K	N	-0.3245	0.0007	-19.0691	-0.1843
1155	K	P	-0.4806	0.0007	-19.0691	-0.3886
1155	K	Q	-0.3055	0.0007	-19.0691	-0.1594
1155	K	R	-0.2399	0.0007	-19.0691	-0.0735
1155	K	S	-0.3164	0.0007	-19.0691	-0.1737
1155	K	T	-0.3282	0.0007	-19.0691	-0.1892
1155	K	V	-0.3285	0.0007	-19.0691	-0.1895
1155	K	W	-0.3864	0.0007	-19.0691	-0.2653
1155	K	Y	-0.3622	0.0007	-19.0691	-0.2337
1156	R	A	-0.3258	0.7378	-19.0691	-0.2748
1156	R	C	-0.3347	0.7378	-19.0691	-0.2864
1156	R	D	-0.4169	0.7378	-19.0691	-0.3940
1156	R	E	-0.3621	0.7378	-19.0691	-0.3223
1156	R	F	-0.3580	0.7378	-19.0691	-0.3169
1156	R	G	-0.3612	0.7378	-19.0691	-0.3211
1156	R	H	-0.2197	0.7378	-4.1964	-0.2352
1156	R	I	-0.3552	0.7378	-19.0691	-0.3133
1156	R	K	-0.2160	0.7378	-19.0691	-0.1311
1156	R	L	-0.3283	0.7378	-19.0691	-0.2780
1156	R	M	-0.2941	0.7378	-19.0691	-0.2333
1156	R	N	-0.3407	0.7378	-19.0691	-0.2943
1156	R	P	-0.4679	0.7378	-19.0691	-0.4608
1156	R	Q	-0.2209	0.7378	-3.4595	-0.2417
1156	R	S	-0.3263	0.7378	-19.0691	-0.2755
1156	R	T	-0.3307	0.7378	-19.0691	-0.2812
1156	R	V	-0.3423	0.7378	-19.0691	-0.2964
1156	R	W	-0.3435	0.7378	-19.0691	-0.2980
1156	R	Y	-0.3473	0.7378	-19.0691	-0.3029
1157	R	A	-0.2654	0.6569	-5.7813	-0.2748
1157	R	C	-0.2692	0.6569	-4.7813	-0.2864
1157	R	D	-0.4243	0.6569	-19.0691	-0.3940
1157	R	E	-0.3695	0.6569	-19.0691	-0.3223
1157	R	F	-0.3654	0.6569	-19.0691	-0.3169
1157	R	G	-0.3686	0.6569	-19.0691	-0.3211
1157	R	H	-0.2271	0.6569	-4.1964	-0.2352
1157	R	I	-0.3627	0.6569	-19.0691	-0.3133
1157	R	K	-0.2235	0.6569	-19.0691	-0.1311
1157	R	L	-0.3357	0.6569	-19.0691	-0.2780
1157	R	M	-0.3015	0.6569	-19.0691	-0.2333
1157	R	N	-0.3481	0.6569	-19.0691	-0.2943
1157	R	P	-0.4753	0.6569	-19.0691	-0.4608
1157	R	Q	-0.3080	0.6569	-19.0691	-0.2417
1157	R	S	-0.3338	0.6569	-19.0691	-0.2755
1157	R	T	-0.3381	0.6569	-19.0691	-0.2812
1157	R	V	-0.3497	0.6569	-19.0691	-0.2964
1157	R	W	-0.3510	0.6569	-19.0691	-0.2980
1157	R	Y	-0.3547	0.6569	-19.0691	-0.3029
1158	R	A	-0.3609	0.3561	-19.0691	-0.2748
1158	R	C	-0.2969	0.3561	-4.7813	-0.2864
1158	R	D	-0.4520	0.3561	-19.0691	-0.3940
1158	R	E	-0.3972	0.3561	-19.0691	-0.3223
1158	R	F	-0.3931	0.3561	-19.0691	-0.3169
1158	R	G	-0.3963	0.3561	-19.0691	-0.3211
1158	R	H	-0.3307	0.3561	-19.0691	-0.2352
1158	R	I	-0.3903	0.3561	-19.0691	-0.3133
1158	R	K	-0.2512	0.3561	-19.0691	-0.1311
1158	R	L	-0.3634	0.3561	-19.0691	-0.2780
1158	R	M	-0.3292	0.3561	-19.0691	-0.2333
1158	R	N	-0.3758	0.3561	-19.0691	-0.2943
1158	R	P	-0.5030	0.3561	-19.0691	-0.4608
1158	R	Q	-0.2678	0.3561	-5.7813	-0.2417
1158	R	S	-0.3615	0.3561	-19.0691	-0.2755
1158	R	T	-0.3658	0.3561	-19.0691	-0.2812
1158	R	V	-0.3774	0.3561	-19.0691	-0.2964
1158	R	W	-0.3786	0.3561	-19.0691	-0.2980
1158	R	Y	-0.3824	0.3561	-19.0691	-0.3029
1159	S	A	-0.1940	0.7630	-19.0427	-0.1054
1159	S	C	-0.1766	0.7630	-5.7548	-0.1715
1159	S	D	-0.2926	0.7630	-19.0427	-0.2346
1159	S	E	-0.2658	0.7630	-19.0427	-0.1995
1159	S	F	-0.2720	0.7630	-19.0427	-0.2076
1159	S	G	-0.2031	0.7630	-19.0427	-0.1174
1159	S	H	-0.2732	0.7630	-19.0427	-0.2092
1159	S	I	-0.2752	0.7630	-19.0427	-0.2117
1159	S	K	-0.2826	0.7630	-19.0427	-0.2214
1159	S	L	-0.2714	0.7630	-19.0427	-0.2068
1159	S	M	-0.2425	0.7630	-19.0427	-0.1689
1159	S	N	-0.1353	0.7630	-3.1700	-0.1346
1159	S	P	-0.3474	0.7630	-19.0427	-0.3063
1159	S	Q	-0.2359	0.7630	-19.0427	-0.1603
1159	S	R	-0.2878	0.7630	-19.0427	-0.2283
1159	S	T	-0.1168	0.7630	-5.7548	-0.0932
1159	S	V	-0.2494	0.7630	-19.0427	-0.1780
1159	S	W	-0.2817	0.7630	-19.0427	-0.2203
1159	S	Y	-0.2768	0.7630	-19.0427	-0.2139
1160	Q	A	-0.2699	0.1422	-18.9316	-0.1308
1160	Q	C	-0.3161	0.1422	-18.9316	-0.1913
1160	Q	D	-0.3565	0.1422	-18.9316	-0.2441
1160	Q	E	-0.2750	0.1422	-18.9316	-0.1375
1160	Q	F	-0.3242	0.1422	-18.9316	-0.2018
1160	Q	G	-0.3406	0.1422	-18.9316	-0.2233
1160	Q	H	-0.2032	0.1422	-5.6438	-0.1322
1160	Q	I	-0.3055	0.1422	-18.9316	-0.1774
1160	Q	K	-0.3031	0.1422	-18.9316	-0.1742
1160	Q	L	-0.2889	0.1422	-18.9316	-0.1556
1160	Q	M	-0.2598	0.1422	-18.9316	-0.1176
1160	Q	N	-0.2856	0.1422	-18.9316	-0.1513
1160	Q	P	-0.4435	0.1422	-18.9316	-0.3581
1160	Q	R	-0.3016	0.1422	-18.9316	-0.1723
1160	Q	S	-0.2883	0.1422	-18.9316	-0.1549
1160	Q	T	-0.2983	0.1422	-18.9316	-0.1679
1160	Q	V	-0.3056	0.1422	-18.9316	-0.1775
1160	Q	W	-0.3235	0.1422	-18.9316	-0.2010
1160	Q	Y	-0.3264	0.1422	-18.9316	-0.2048
