WT residue type,chain ID,Residue #,G,A,V,L,I,M,F,W,P,S,T,C,Y,N,Q,D,E,K,R,H,s,p,y
M,A,1,0.06058,0.07658,0.11143,0.00364,0.139,-0.00258,0.11375,-0.11234,0.06416,0.07873,0.11461,0.06929,0.16577,0.08014,-0.44106,0.07323,0.07337,-0.25918,-0.41926,-0.04834,0.08014,0.18548,-0.23782
A,A,2,0.22317,-0.0,0.08935,0.02956,0.10548,0.10996,-0.03748,0.12619,-0.23426,-0.28307,-0.1446,-0.05854,0.02935,-0.07054,-0.27508,0.01286,-0.59614,-0.05029,-0.306,-0.40119,-0.13662,0.06122,-0.07416
A,A,3,0.27447,0.0,0.23403,-0.36589,0.01195,-0.1655,-0.30444,-0.34437,-0.8179,-0.11132,-0.0757,0.18386,-0.29364,-0.07382,-0.28175,-0.26766,-0.50173,-0.17329,-0.26211,-0.25311,0.13995,0.22869,-0.56618
A,A,4,0.27265,0.0,0.32722,0.15736,0.46518,-0.03847,0.04021,-0.22648,-0.61821,0.05441,0.04249,0.25897,0.03193,0.25786,-0.14192,0.27927,-0.34704,0.12447,0.06179,0.13099,0.30366,0.62501,-0.34153
S,A,5,-0.14956,-0.07312,0.07703,0.03906,0.09377,-0.08937,-0.06337,-0.18432,-0.13447,-0.0,-0.01852,-0.08005,-0.07047,-0.04415,-0.104,-0.06345,-0.09009,-0.08751,-0.29218,-0.01175,0.1138,0.10702,-0.27181
