>sp_Q86Y26-4_NUTM1_HU	1160 amino acids
#
#  prediction results
#
# Sequence		   # x   Context     Score   Kinase    Answer
# -------------------------------------------------------------------
# sp_Q86Y26-4_NUTM1_HU     4 T   -MVVTLGPG   0.449   GSK3        . 
# sp_Q86Y26-4_NUTM1_HU     4 T   -MVVTLGPG   0.414   CaM-II      . 
# sp_Q86Y26-4_NUTM1_HU     4 T   -MVVTLGPG   0.404   CKI         . 
# sp_Q86Y26-4_NUTM1_HU     4 T   -MVVTLGPG   0.390   PKG         . 
# sp_Q86Y26-4_NUTM1_HU     4 T   -MVVTLGPG   0.369   cdc2        . 
# sp_Q86Y26-4_NUTM1_HU     4 T   -MVVTLGPG   0.355   DNAPK       . 
# sp_Q86Y26-4_NUTM1_HU     4 T   -MVVTLGPG   0.325   p38MAPK     . 
# sp_Q86Y26-4_NUTM1_HU     4 T   -MVVTLGPG   0.306   CKII        . 
# sp_Q86Y26-4_NUTM1_HU     4 T   -MVVTLGPG   0.264   PKC         . 
# sp_Q86Y26-4_NUTM1_HU     4 T   -MVVTLGPG   0.242   ATM         . 
# sp_Q86Y26-4_NUTM1_HU     4 T   -MVVTLGPG   0.240   PKA         . 
# sp_Q86Y26-4_NUTM1_HU     4 T   -MVVTLGPG   0.240   unsp        . 
# sp_Q86Y26-4_NUTM1_HU     4 T   -MVVTLGPG   0.195   cdk5        . 
# sp_Q86Y26-4_NUTM1_HU     4 T   -MVVTLGPG   0.176   RSK         . 
# sp_Q86Y26-4_NUTM1_HU     4 T   -MVVTLGPG   0.099   PKB         . 
#
# sp_Q86Y26-4_NUTM1_HU    17 S   ILEASRQPQ   0.452   GSK3        . 
# sp_Q86Y26-4_NUTM1_HU    17 S   ILEASRQPQ   0.441   cdc2        . 
# sp_Q86Y26-4_NUTM1_HU    17 S   ILEASRQPQ   0.436   CaM-II      . 
# sp_Q86Y26-4_NUTM1_HU    17 S   ILEASRQPQ   0.364   DNAPK       . 
# sp_Q86Y26-4_NUTM1_HU    17 S   ILEASRQPQ   0.359   CKI         . 
# sp_Q86Y26-4_NUTM1_HU    17 S   ILEASRQPQ   0.302   ATM         . 
# sp_Q86Y26-4_NUTM1_HU    17 S   ILEASRQPQ   0.297   PKG         . 
# sp_Q86Y26-4_NUTM1_HU    17 S   ILEASRQPQ   0.270   CKII        . 
# sp_Q86Y26-4_NUTM1_HU    17 S   ILEASRQPQ   0.253   p38MAPK     . 
# sp_Q86Y26-4_NUTM1_HU    17 S   ILEASRQPQ   0.243   RSK         . 
# sp_Q86Y26-4_NUTM1_HU    17 S   ILEASRQPQ   0.241   PKA         . 
# sp_Q86Y26-4_NUTM1_HU    17 S   ILEASRQPQ   0.174   cdk5        . 
# sp_Q86Y26-4_NUTM1_HU    17 S   ILEASRQPQ   0.079   PKB         . 
# sp_Q86Y26-4_NUTM1_HU    17 S   ILEASRQPQ   0.076   PKC         . 
# sp_Q86Y26-4_NUTM1_HU    17 S   ILEASRQPQ   0.010   unsp        . 
#
# sp_Q86Y26-4_NUTM1_HU    31 S   ERMASDGAS   0.966   unsp       YES
# sp_Q86Y26-4_NUTM1_HU    31 S   ERMASDGAS   0.551   PKA        YES
# sp_Q86Y26-4_NUTM1_HU    31 S   ERMASDGAS   0.463   RSK         . 
# sp_Q86Y26-4_NUTM1_HU    31 S   ERMASDGAS   0.457   GSK3        . 
# sp_Q86Y26-4_NUTM1_HU    31 S   ERMASDGAS   0.452   CaM-II      . 
# sp_Q86Y26-4_NUTM1_HU    31 S   ERMASDGAS   0.405   PKG         . 
# sp_Q86Y26-4_NUTM1_HU    31 S   ERMASDGAS   0.361   ATM         . 
# sp_Q86Y26-4_NUTM1_HU    31 S   ERMASDGAS   0.360   CKI         . 
# sp_Q86Y26-4_NUTM1_HU    31 S   ERMASDGAS   0.354   cdc2        . 
# sp_Q86Y26-4_NUTM1_HU    31 S   ERMASDGAS   0.346   DNAPK       . 
# sp_Q86Y26-4_NUTM1_HU    31 S   ERMASDGAS   0.324   CKII        . 
# sp_Q86Y26-4_NUTM1_HU    31 S   ERMASDGAS   0.319   p38MAPK     . 
# sp_Q86Y26-4_NUTM1_HU    31 S   ERMASDGAS   0.223   PKB         . 
# sp_Q86Y26-4_NUTM1_HU    31 S   ERMASDGAS   0.189   cdk5        . 
# sp_Q86Y26-4_NUTM1_HU    31 S   ERMASDGAS   0.084   PKC         . 
#
# sp_Q86Y26-4_NUTM1_HU    35 S   SDGASALPG   0.518   cdc2       YES
# sp_Q86Y26-4_NUTM1_HU    35 S   SDGASALPG   0.453   GSK3        . 
# sp_Q86Y26-4_NUTM1_HU    35 S   SDGASALPG   0.442   CaM-II      . 
# sp_Q86Y26-4_NUTM1_HU    35 S   SDGASALPG   0.368   CKI         . 
# sp_Q86Y26-4_NUTM1_HU    35 S   SDGASALPG   0.342   PKG         . 
# sp_Q86Y26-4_NUTM1_HU    35 S   SDGASALPG   0.342   DNAPK       . 
# sp_Q86Y26-4_NUTM1_HU    35 S   SDGASALPG   0.328   CKII        . 
# sp_Q86Y26-4_NUTM1_HU    35 S   SDGASALPG   0.291   p38MAPK     . 
# sp_Q86Y26-4_NUTM1_HU    35 S   SDGASALPG   0.268   ATM         . 
# sp_Q86Y26-4_NUTM1_HU    35 S   SDGASALPG   0.266   RSK         . 
# sp_Q86Y26-4_NUTM1_HU    35 S   SDGASALPG   0.216   unsp        . 
# sp_Q86Y26-4_NUTM1_HU    35 S   SDGASALPG   0.192   cdk5        . 
# sp_Q86Y26-4_NUTM1_HU    35 S   SDGASALPG   0.192   PKC         . 
# sp_Q86Y26-4_NUTM1_HU    35 S   SDGASALPG   0.170   PKA         . 
# sp_Q86Y26-4_NUTM1_HU    35 S   SDGASALPG   0.096   PKB         . 
#
# sp_Q86Y26-4_NUTM1_HU    43 S   GPDMSMKPS   0.967   unsp       YES
# sp_Q86Y26-4_NUTM1_HU    43 S   GPDMSMKPS   0.553   PKG        YES
# sp_Q86Y26-4_NUTM1_HU    43 S   GPDMSMKPS   0.481   DNAPK       . 
# sp_Q86Y26-4_NUTM1_HU    43 S   GPDMSMKPS   0.469   GSK3        . 
# sp_Q86Y26-4_NUTM1_HU    43 S   GPDMSMKPS   0.449   cdc2        . 
# sp_Q86Y26-4_NUTM1_HU    43 S   GPDMSMKPS   0.418   CaM-II      . 
# sp_Q86Y26-4_NUTM1_HU    43 S   GPDMSMKPS   0.360   CKI         . 
# sp_Q86Y26-4_NUTM1_HU    43 S   GPDMSMKPS   0.351   ATM         . 
# sp_Q86Y26-4_NUTM1_HU    43 S   GPDMSMKPS   0.297   p38MAPK     . 
# sp_Q86Y26-4_NUTM1_HU    43 S   GPDMSMKPS   0.280   CKII        . 
# sp_Q86Y26-4_NUTM1_HU    43 S   GPDMSMKPS   0.273   cdk5        . 
# sp_Q86Y26-4_NUTM1_HU    43 S   GPDMSMKPS   0.238   RSK         . 
# sp_Q86Y26-4_NUTM1_HU    43 S   GPDMSMKPS   0.164   PKA         . 
# sp_Q86Y26-4_NUTM1_HU    43 S   GPDMSMKPS   0.152   PKC         . 
# sp_Q86Y26-4_NUTM1_HU    43 S   GPDMSMKPS   0.077   PKB         . 
#
# sp_Q86Y26-4_NUTM1_HU    47 S   SMKPSAAPS   0.663   PKG        YES
# sp_Q86Y26-4_NUTM1_HU    47 S   SMKPSAAPS   0.515   PKC        YES
# sp_Q86Y26-4_NUTM1_HU    47 S   SMKPSAAPS   0.492   GSK3        . 
# sp_Q86Y26-4_NUTM1_HU    47 S   SMKPSAAPS   0.448   CaM-II      . 
# sp_Q86Y26-4_NUTM1_HU    47 S   SMKPSAAPS   0.375   cdc2        . 
# sp_Q86Y26-4_NUTM1_HU    47 S   SMKPSAAPS   0.362   CKI         . 
# sp_Q86Y26-4_NUTM1_HU    47 S   SMKPSAAPS   0.349   DNAPK       . 
# sp_Q86Y26-4_NUTM1_HU    47 S   SMKPSAAPS   0.333   PKA         . 
# sp_Q86Y26-4_NUTM1_HU    47 S   SMKPSAAPS   0.328   RSK         . 
# sp_Q86Y26-4_NUTM1_HU    47 S   SMKPSAAPS   0.327   ATM         . 
# sp_Q86Y26-4_NUTM1_HU    47 S   SMKPSAAPS   0.313   p38MAPK     . 
# sp_Q86Y26-4_NUTM1_HU    47 S   SMKPSAAPS   0.306   CKII        . 
# sp_Q86Y26-4_NUTM1_HU    47 S   SMKPSAAPS   0.251   cdk5        . 
# sp_Q86Y26-4_NUTM1_HU    47 S   SMKPSAAPS   0.240   unsp        . 
# sp_Q86Y26-4_NUTM1_HU    47 S   SMKPSAAPS   0.096   PKB         . 
#
# sp_Q86Y26-4_NUTM1_HU    51 S   SAAPSPSPA   0.980   unsp       YES
# sp_Q86Y26-4_NUTM1_HU    51 S   SAAPSPSPA   0.623   cdk5       YES
# sp_Q86Y26-4_NUTM1_HU    51 S   SAAPSPSPA   0.525   GSK3       YES
# sp_Q86Y26-4_NUTM1_HU    51 S   SAAPSPSPA   0.496   cdc2        . 
# sp_Q86Y26-4_NUTM1_HU    51 S   SAAPSPSPA   0.451   CaM-II      . 
# sp_Q86Y26-4_NUTM1_HU    51 S   SAAPSPSPA   0.447   p38MAPK     . 
# sp_Q86Y26-4_NUTM1_HU    51 S   SAAPSPSPA   0.416   PKG         . 
# sp_Q86Y26-4_NUTM1_HU    51 S   SAAPSPSPA   0.369   CKI         . 
# sp_Q86Y26-4_NUTM1_HU    51 S   SAAPSPSPA   0.354   DNAPK       . 
# sp_Q86Y26-4_NUTM1_HU    51 S   SAAPSPSPA   0.274   ATM         . 
# sp_Q86Y26-4_NUTM1_HU    51 S   SAAPSPSPA   0.264   RSK         . 
# sp_Q86Y26-4_NUTM1_HU    51 S   SAAPSPSPA   0.262   CKII        . 
# sp_Q86Y26-4_NUTM1_HU    51 S   SAAPSPSPA   0.126   PKA         . 
# sp_Q86Y26-4_NUTM1_HU    51 S   SAAPSPSPA   0.075   PKB         . 
# sp_Q86Y26-4_NUTM1_HU    51 S   SAAPSPSPA   0.060   PKC         . 
#
# sp_Q86Y26-4_NUTM1_HU    53 S   APSPSPALP   0.511   GSK3       YES
# sp_Q86Y26-4_NUTM1_HU    53 S   APSPSPALP   0.495   cdk5        . 
# sp_Q86Y26-4_NUTM1_HU    53 S   APSPSPALP   0.445   p38MAPK     . 
# sp_Q86Y26-4_NUTM1_HU    53 S   APSPSPALP   0.414   CaM-II      . 
# sp_Q86Y26-4_NUTM1_HU    53 S   APSPSPALP   0.366   DNAPK       . 
# sp_Q86Y26-4_NUTM1_HU    53 S   APSPSPALP   0.360   CKI         . 
# sp_Q86Y26-4_NUTM1_HU    53 S   APSPSPALP   0.350   cdc2        . 
# sp_Q86Y26-4_NUTM1_HU    53 S   APSPSPALP   0.332   ATM         . 
# sp_Q86Y26-4_NUTM1_HU    53 S   APSPSPALP   0.332   PKG         . 
# sp_Q86Y26-4_NUTM1_HU    53 S   APSPSPALP   0.292   RSK         . 
# sp_Q86Y26-4_NUTM1_HU    53 S   APSPSPALP   0.277   CKII        . 
# sp_Q86Y26-4_NUTM1_HU    53 S   APSPSPALP   0.208   PKA         . 
# sp_Q86Y26-4_NUTM1_HU    53 S   APSPSPALP   0.174   unsp        . 
# sp_Q86Y26-4_NUTM1_HU    53 S   APSPSPALP   0.074   PKB         . 
# sp_Q86Y26-4_NUTM1_HU    53 S   APSPSPALP   0.043   PKC         . 
#
# sp_Q86Y26-4_NUTM1_HU    62 T   FLPPTSDPP   0.504   GSK3       YES
# sp_Q86Y26-4_NUTM1_HU    62 T   FLPPTSDPP   0.472   PKG         . 
# sp_Q86Y26-4_NUTM1_HU    62 T   FLPPTSDPP   0.426   CaM-II      . 
# sp_Q86Y26-4_NUTM1_HU    62 T   FLPPTSDPP   0.403   CKII        . 
# sp_Q86Y26-4_NUTM1_HU    62 T   FLPPTSDPP   0.368   cdc2        . 
# sp_Q86Y26-4_NUTM1_HU    62 T   FLPPTSDPP   0.360   CKI         . 
# sp_Q86Y26-4_NUTM1_HU    62 T   FLPPTSDPP   0.341   DNAPK       . 
# sp_Q86Y26-4_NUTM1_HU    62 T   FLPPTSDPP   0.318   ATM         . 
# sp_Q86Y26-4_NUTM1_HU    62 T   FLPPTSDPP   0.282   p38MAPK     . 
# sp_Q86Y26-4_NUTM1_HU    62 T   FLPPTSDPP   0.259   cdk5        . 
# sp_Q86Y26-4_NUTM1_HU    62 T   FLPPTSDPP   0.235   unsp        . 
# sp_Q86Y26-4_NUTM1_HU    62 T   FLPPTSDPP   0.193   RSK         . 
# sp_Q86Y26-4_NUTM1_HU    62 T   FLPPTSDPP   0.141   PKA         . 
# sp_Q86Y26-4_NUTM1_HU    62 T   FLPPTSDPP   0.076   PKC         . 
# sp_Q86Y26-4_NUTM1_HU    62 T   FLPPTSDPP   0.072   PKB         . 
#
# sp_Q86Y26-4_NUTM1_HU    63 S   LPPTSDPPD   0.491   CKII        . 
# sp_Q86Y26-4_NUTM1_HU    63 S   LPPTSDPPD   0.473   GSK3        . 
# sp_Q86Y26-4_NUTM1_HU    63 S   LPPTSDPPD   0.445   CaM-II      . 
# sp_Q86Y26-4_NUTM1_HU    63 S   LPPTSDPPD   0.421   cdc2        . 
# sp_Q86Y26-4_NUTM1_HU    63 S   LPPTSDPPD   0.362   CKI         . 
# sp_Q86Y26-4_NUTM1_HU    63 S   LPPTSDPPD   0.349   DNAPK       . 
# sp_Q86Y26-4_NUTM1_HU    63 S   LPPTSDPPD   0.334   p38MAPK     . 
# sp_Q86Y26-4_NUTM1_HU    63 S   LPPTSDPPD   0.332   ATM         . 
# sp_Q86Y26-4_NUTM1_HU    63 S   LPPTSDPPD   0.331   PKG         . 
# sp_Q86Y26-4_NUTM1_HU    63 S   LPPTSDPPD   0.229   cdk5        . 
# sp_Q86Y26-4_NUTM1_HU    63 S   LPPTSDPPD   0.220   RSK         . 
# sp_Q86Y26-4_NUTM1_HU    63 S   LPPTSDPPD   0.184   unsp        . 
# sp_Q86Y26-4_NUTM1_HU    63 S   LPPTSDPPD   0.176   PKA         . 
# sp_Q86Y26-4_NUTM1_HU    63 S   LPPTSDPPD   0.082   PKB         . 
# sp_Q86Y26-4_NUTM1_HU    63 S   LPPTSDPPD   0.072   PKC         . 
#
# sp_Q86Y26-4_NUTM1_HU    81 S   PIMPSVFSP   0.511   PKA        YES
# sp_Q86Y26-4_NUTM1_HU    81 S   PIMPSVFSP   0.476   GSK3        . 
# sp_Q86Y26-4_NUTM1_HU    81 S   PIMPSVFSP   0.447   CaM-II      . 
# sp_Q86Y26-4_NUTM1_HU    81 S   PIMPSVFSP   0.442   cdc2        . 
# sp_Q86Y26-4_NUTM1_HU    81 S   PIMPSVFSP   0.442   ATM         . 
# sp_Q86Y26-4_NUTM1_HU    81 S   PIMPSVFSP   0.366   CKI         . 
# sp_Q86Y26-4_NUTM1_HU    81 S   PIMPSVFSP   0.350   PKC         . 
# sp_Q86Y26-4_NUTM1_HU    81 S   PIMPSVFSP   0.339   DNAPK       . 
# sp_Q86Y26-4_NUTM1_HU    81 S   PIMPSVFSP   0.306   PKG         . 
# sp_Q86Y26-4_NUTM1_HU    81 S   PIMPSVFSP   0.304   p38MAPK     . 
# sp_Q86Y26-4_NUTM1_HU    81 S   PIMPSVFSP   0.304   cdk5        . 
# sp_Q86Y26-4_NUTM1_HU    81 S   PIMPSVFSP   0.291   RSK         . 
# sp_Q86Y26-4_NUTM1_HU    81 S   PIMPSVFSP   0.266   CKII        . 
# sp_Q86Y26-4_NUTM1_HU    81 S   PIMPSVFSP   0.086   PKB         . 
# sp_Q86Y26-4_NUTM1_HU    81 S   PIMPSVFSP   0.023   unsp        . 
#
# sp_Q86Y26-4_NUTM1_HU    84 S   PSVFSPDNP   0.964   unsp       YES
# sp_Q86Y26-4_NUTM1_HU    84 S   PSVFSPDNP   0.560   cdk5       YES
# sp_Q86Y26-4_NUTM1_HU    84 S   PSVFSPDNP   0.502   GSK3       YES
# sp_Q86Y26-4_NUTM1_HU    84 S   PSVFSPDNP   0.485   p38MAPK     . 
# sp_Q86Y26-4_NUTM1_HU    84 S   PSVFSPDNP   0.470   CaM-II      . 
# sp_Q86Y26-4_NUTM1_HU    84 S   PSVFSPDNP   0.468   cdc2        . 
# sp_Q86Y26-4_NUTM1_HU    84 S   PSVFSPDNP   0.450   CKI         . 
# sp_Q86Y26-4_NUTM1_HU    84 S   PSVFSPDNP   0.355   DNAPK       . 
# sp_Q86Y26-4_NUTM1_HU    84 S   PSVFSPDNP   0.324   CKII        . 
# sp_Q86Y26-4_NUTM1_HU    84 S   PSVFSPDNP   0.299   RSK         . 
# sp_Q86Y26-4_NUTM1_HU    84 S   PSVFSPDNP   0.283   ATM         . 
# sp_Q86Y26-4_NUTM1_HU    84 S   PSVFSPDNP   0.239   PKG         . 
# sp_Q86Y26-4_NUTM1_HU    84 S   PSVFSPDNP   0.148   PKA         . 
# sp_Q86Y26-4_NUTM1_HU    84 S   PSVFSPDNP   0.084   PKB         . 
# sp_Q86Y26-4_NUTM1_HU    84 S   PSVFSPDNP   0.075   PKC         . 
#
# sp_Q86Y26-4_NUTM1_HU    92 S   PLMLSAFPS   0.470   cdc2        . 
# sp_Q86Y26-4_NUTM1_HU    92 S   PLMLSAFPS   0.457   GSK3        . 
# sp_Q86Y26-4_NUTM1_HU    92 S   PLMLSAFPS   0.434   CaM-II      . 
# sp_Q86Y26-4_NUTM1_HU    92 S   PLMLSAFPS   0.374   PKG         . 
# sp_Q86Y26-4_NUTM1_HU    92 S   PLMLSAFPS   0.364   CKI         . 
# sp_Q86Y26-4_NUTM1_HU    92 S   PLMLSAFPS   0.343   DNAPK       . 
# sp_Q86Y26-4_NUTM1_HU    92 S   PLMLSAFPS   0.342   ATM         . 
# sp_Q86Y26-4_NUTM1_HU    92 S   PLMLSAFPS   0.330   CKII        . 
# sp_Q86Y26-4_NUTM1_HU    92 S   PLMLSAFPS   0.294   RSK         . 
# sp_Q86Y26-4_NUTM1_HU    92 S   PLMLSAFPS   0.277   p38MAPK     . 
# sp_Q86Y26-4_NUTM1_HU    92 S   PLMLSAFPS   0.277   PKC         . 
# sp_Q86Y26-4_NUTM1_HU    92 S   PLMLSAFPS   0.204   cdk5        . 
# sp_Q86Y26-4_NUTM1_HU    92 S   PLMLSAFPS   0.152   PKA         . 
# sp_Q86Y26-4_NUTM1_HU    92 S   PLMLSAFPS   0.101   PKB         . 
# sp_Q86Y26-4_NUTM1_HU    92 S   PLMLSAFPS   0.006   unsp        . 
#
# sp_Q86Y26-4_NUTM1_HU    96 S   SAFPSSLLV   0.463   PKA         . 
# sp_Q86Y26-4_NUTM1_HU    96 S   SAFPSSLLV   0.452   GSK3        . 
# sp_Q86Y26-4_NUTM1_HU    96 S   SAFPSSLLV   0.433   CaM-II      . 
# sp_Q86Y26-4_NUTM1_HU    96 S   SAFPSSLLV   0.385   CKI         . 
# sp_Q86Y26-4_NUTM1_HU    96 S   SAFPSSLLV   0.371   cdc2        . 
# sp_Q86Y26-4_NUTM1_HU    96 S   SAFPSSLLV   0.340   DNAPK       . 
# sp_Q86Y26-4_NUTM1_HU    96 S   SAFPSSLLV   0.333   CKII        . 
# sp_Q86Y26-4_NUTM1_HU    96 S   SAFPSSLLV   0.273   RSK         . 
# sp_Q86Y26-4_NUTM1_HU    96 S   SAFPSSLLV   0.271   p38MAPK     . 
# sp_Q86Y26-4_NUTM1_HU    96 S   SAFPSSLLV   0.265   ATM         . 
# sp_Q86Y26-4_NUTM1_HU    96 S   SAFPSSLLV   0.264   PKG         . 
# sp_Q86Y26-4_NUTM1_HU    96 S   SAFPSSLLV   0.214   PKC         . 
# sp_Q86Y26-4_NUTM1_HU    96 S   SAFPSSLLV   0.184   cdk5        . 
# sp_Q86Y26-4_NUTM1_HU    96 S   SAFPSSLLV   0.071   PKB         . 
# sp_Q86Y26-4_NUTM1_HU    96 S   SAFPSSLLV   0.002   unsp        . 
#
# sp_Q86Y26-4_NUTM1_HU    97 S   AFPSSLLVT   0.506   cdc2       YES
# sp_Q86Y26-4_NUTM1_HU    97 S   AFPSSLLVT   0.460   GSK3        . 
# sp_Q86Y26-4_NUTM1_HU    97 S   AFPSSLLVT   0.426   CaM-II      . 
# sp_Q86Y26-4_NUTM1_HU    97 S   AFPSSLLVT   0.391   DNAPK       . 
# sp_Q86Y26-4_NUTM1_HU    97 S   AFPSSLLVT   0.376   CKI         . 
# sp_Q86Y26-4_NUTM1_HU    97 S   AFPSSLLVT   0.314   CKII        . 
# sp_Q86Y26-4_NUTM1_HU    97 S   AFPSSLLVT   0.310   p38MAPK     . 
# sp_Q86Y26-4_NUTM1_HU    97 S   AFPSSLLVT   0.282   ATM         . 
# sp_Q86Y26-4_NUTM1_HU    97 S   AFPSSLLVT   0.272   PKA         . 
# sp_Q86Y26-4_NUTM1_HU    97 S   AFPSSLLVT   0.266   PKG         . 
# sp_Q86Y26-4_NUTM1_HU    97 S   AFPSSLLVT   0.254   PKC         . 
# sp_Q86Y26-4_NUTM1_HU    97 S   AFPSSLLVT   0.231   RSK         . 
# sp_Q86Y26-4_NUTM1_HU    97 S   AFPSSLLVT   0.202   cdk5        . 
# sp_Q86Y26-4_NUTM1_HU    97 S   AFPSSLLVT   0.080   PKB         . 
# sp_Q86Y26-4_NUTM1_HU    97 S   AFPSSLLVT   0.058   unsp        . 
#
# sp_Q86Y26-4_NUTM1_HU   101 T   SLLVTGDGG   0.457   CaM-II      . 
# sp_Q86Y26-4_NUTM1_HU   101 T   SLLVTGDGG   0.444   GSK3        . 
# sp_Q86Y26-4_NUTM1_HU   101 T   SLLVTGDGG   0.406   CKII        . 
# sp_Q86Y26-4_NUTM1_HU   101 T   SLLVTGDGG   0.378   CKI         . 
# sp_Q86Y26-4_NUTM1_HU   101 T   SLLVTGDGG   0.366   cdc2        . 
# sp_Q86Y26-4_NUTM1_HU   101 T   SLLVTGDGG   0.338   DNAPK       . 
# sp_Q86Y26-4_NUTM1_HU   101 T   SLLVTGDGG   0.321   p38MAPK     . 
# sp_Q86Y26-4_NUTM1_HU   101 T   SLLVTGDGG   0.260   PKG         . 
# sp_Q86Y26-4_NUTM1_HU   101 T   SLLVTGDGG   0.252   PKC         . 
# sp_Q86Y26-4_NUTM1_HU   101 T   SLLVTGDGG   0.245   ATM         . 
# sp_Q86Y26-4_NUTM1_HU   101 T   SLLVTGDGG   0.216   cdk5        . 
# sp_Q86Y26-4_NUTM1_HU   101 T   SLLVTGDGG   0.207   RSK         . 
# sp_Q86Y26-4_NUTM1_HU   101 T   SLLVTGDGG   0.105   PKA         . 
# sp_Q86Y26-4_NUTM1_HU   101 T   SLLVTGDGG   0.089   PKB         . 
# sp_Q86Y26-4_NUTM1_HU   101 T   SLLVTGDGG   0.026   unsp        . 
#
# sp_Q86Y26-4_NUTM1_HU   109 S   GPCLSGAGA   0.497   CKI         . 
# sp_Q86Y26-4_NUTM1_HU   109 S   GPCLSGAGA   0.451   GSK3        . 
# sp_Q86Y26-4_NUTM1_HU   109 S   GPCLSGAGA   0.449   CaM-II      . 
# sp_Q86Y26-4_NUTM1_HU   109 S   GPCLSGAGA   0.417   cdc2        . 
# sp_Q86Y26-4_NUTM1_HU   109 S   GPCLSGAGA   0.393   CKII        . 
# sp_Q86Y26-4_NUTM1_HU   109 S   GPCLSGAGA   0.359   DNAPK       . 
# sp_Q86Y26-4_NUTM1_HU   109 S   GPCLSGAGA   0.356   p38MAPK     . 
# sp_Q86Y26-4_NUTM1_HU   109 S   GPCLSGAGA   0.311   ATM         . 
# sp_Q86Y26-4_NUTM1_HU   109 S   GPCLSGAGA   0.308   PKG         . 
# sp_Q86Y26-4_NUTM1_HU   109 S   GPCLSGAGA   0.268   PKC         . 
# sp_Q86Y26-4_NUTM1_HU   109 S   GPCLSGAGA   0.253   RSK         . 
# sp_Q86Y26-4_NUTM1_HU   109 S   GPCLSGAGA   0.216   cdk5        . 
# sp_Q86Y26-4_NUTM1_HU   109 S   GPCLSGAGA   0.171   PKA         . 
# sp_Q86Y26-4_NUTM1_HU   109 S   GPCLSGAGA   0.078   PKB         . 
# sp_Q86Y26-4_NUTM1_HU   109 S   GPCLSGAGA   0.010   unsp        . 
#
# sp_Q86Y26-4_NUTM1_HU   122 T   VKVKTEGGS   0.533   CKI        YES
# sp_Q86Y26-4_NUTM1_HU   122 T   VKVKTEGGS   0.464   GSK3        . 
# sp_Q86Y26-4_NUTM1_HU   122 T   VKVKTEGGS   0.440   CaM-II      . 
# sp_Q86Y26-4_NUTM1_HU   122 T   VKVKTEGGS   0.403   CKII        . 
# sp_Q86Y26-4_NUTM1_HU   122 T   VKVKTEGGS   0.378   p38MAPK     . 
# sp_Q86Y26-4_NUTM1_HU   122 T   VKVKTEGGS   0.339   DNAPK       . 
# sp_Q86Y26-4_NUTM1_HU   122 T   VKVKTEGGS   0.310   cdc2        . 
# sp_Q86Y26-4_NUTM1_HU   122 T   VKVKTEGGS   0.280   PKG         . 
# sp_Q86Y26-4_NUTM1_HU   122 T   VKVKTEGGS   0.273   unsp        . 
# sp_Q86Y26-4_NUTM1_HU   122 T   VKVKTEGGS   0.268   RSK         . 
# sp_Q86Y26-4_NUTM1_HU   122 T   VKVKTEGGS   0.228   ATM         . 
# sp_Q86Y26-4_NUTM1_HU   122 T   VKVKTEGGS   0.200   cdk5        . 
# sp_Q86Y26-4_NUTM1_HU   122 T   VKVKTEGGS   0.127   PKC         . 
# sp_Q86Y26-4_NUTM1_HU   122 T   VKVKTEGGS   0.112   PKA         . 
# sp_Q86Y26-4_NUTM1_HU   122 T   VKVKTEGGS   0.090   PKB         . 
#
# sp_Q86Y26-4_NUTM1_HU   126 S   TEGGSAEPS   0.938   unsp       YES
# sp_Q86Y26-4_NUTM1_HU   126 S   TEGGSAEPS   0.488   GSK3        . 
# sp_Q86Y26-4_NUTM1_HU   126 S   TEGGSAEPS   0.424   CaM-II      . 
# sp_Q86Y26-4_NUTM1_HU   126 S   TEGGSAEPS   0.379   CKI         . 
# sp_Q86Y26-4_NUTM1_HU   126 S   TEGGSAEPS   0.362   DNAPK       . 
# sp_Q86Y26-4_NUTM1_HU   126 S   TEGGSAEPS   0.347   CKII        . 
# sp_Q86Y26-4_NUTM1_HU   126 S   TEGGSAEPS   0.343   cdc2        . 
# sp_Q86Y26-4_NUTM1_HU   126 S   TEGGSAEPS   0.335   PKG         . 
# sp_Q86Y26-4_NUTM1_HU   126 S   TEGGSAEPS   0.320   p38MAPK     . 
# sp_Q86Y26-4_NUTM1_HU   126 S   TEGGSAEPS   0.305   ATM         . 
# sp_Q86Y26-4_NUTM1_HU   126 S   TEGGSAEPS   0.238   RSK         . 
# sp_Q86Y26-4_NUTM1_HU   126 S   TEGGSAEPS   0.215   PKA         . 
# sp_Q86Y26-4_NUTM1_HU   126 S   TEGGSAEPS   0.155   cdk5        . 
# sp_Q86Y26-4_NUTM1_HU   126 S   TEGGSAEPS   0.114   PKC         . 
# sp_Q86Y26-4_NUTM1_HU   126 S   TEGGSAEPS   0.091   PKB         . 
#
# sp_Q86Y26-4_NUTM1_HU   130 S   SAEPSQTQN   0.715   unsp       YES
# sp_Q86Y26-4_NUTM1_HU   130 S   SAEPSQTQN   0.620   DNAPK      YES
# sp_Q86Y26-4_NUTM1_HU   130 S   SAEPSQTQN   0.503   ATM        YES
# sp_Q86Y26-4_NUTM1_HU   130 S   SAEPSQTQN   0.445   GSK3        . 
# sp_Q86Y26-4_NUTM1_HU   130 S   SAEPSQTQN   0.428   CaM-II      . 
# sp_Q86Y26-4_NUTM1_HU   130 S   SAEPSQTQN   0.409   cdc2        . 
# sp_Q86Y26-4_NUTM1_HU   130 S   SAEPSQTQN   0.394   CKI         . 
# sp_Q86Y26-4_NUTM1_HU   130 S   SAEPSQTQN   0.356   PKG         . 
# sp_Q86Y26-4_NUTM1_HU   130 S   SAEPSQTQN   0.347   CKII        . 
# sp_Q86Y26-4_NUTM1_HU   130 S   SAEPSQTQN   0.290   p38MAPK     . 
# sp_Q86Y26-4_NUTM1_HU   130 S   SAEPSQTQN   0.243   RSK         . 
# sp_Q86Y26-4_NUTM1_HU   130 S   SAEPSQTQN   0.222   cdk5        . 
# sp_Q86Y26-4_NUTM1_HU   130 S   SAEPSQTQN   0.191   PKA         . 
# sp_Q86Y26-4_NUTM1_HU   130 S   SAEPSQTQN   0.167   PKC         . 
# sp_Q86Y26-4_NUTM1_HU   130 S   SAEPSQTQN   0.086   PKB         . 
#
# sp_Q86Y26-4_NUTM1_HU   132 T   EPSQTQNFI   0.573   DNAPK      YES
# sp_Q86Y26-4_NUTM1_HU   132 T   EPSQTQNFI   0.427   CaM-II      . 
# sp_Q86Y26-4_NUTM1_HU   132 T   EPSQTQNFI   0.423   GSK3        . 
# sp_Q86Y26-4_NUTM1_HU   132 T   EPSQTQNFI   0.394   cdc2        . 
# sp_Q86Y26-4_NUTM1_HU   132 T   EPSQTQNFI   0.371   CKI         . 
# sp_Q86Y26-4_NUTM1_HU   132 T   EPSQTQNFI   0.369   ATM         . 
# sp_Q86Y26-4_NUTM1_HU   132 T   EPSQTQNFI   0.343   p38MAPK     . 
# sp_Q86Y26-4_NUTM1_HU   132 T   EPSQTQNFI   0.316   CKII        . 
# sp_Q86Y26-4_NUTM1_HU   132 T   EPSQTQNFI   0.247   RSK         . 
# sp_Q86Y26-4_NUTM1_HU   132 T   EPSQTQNFI   0.244   PKG         . 
# sp_Q86Y26-4_NUTM1_HU   132 T   EPSQTQNFI   0.179   cdk5        . 
# sp_Q86Y26-4_NUTM1_HU   132 T   EPSQTQNFI   0.159   PKC         . 
# sp_Q86Y26-4_NUTM1_HU   132 T   EPSQTQNFI   0.087   PKA         . 
# sp_Q86Y26-4_NUTM1_HU   132 T   EPSQTQNFI   0.082   PKB         . 
# sp_Q86Y26-4_NUTM1_HU   132 T   EPSQTQNFI   0.030   unsp        . 
#
# sp_Q86Y26-4_NUTM1_HU   138 T   NFILTQTAL   0.613   DNAPK      YES
# sp_Q86Y26-4_NUTM1_HU   138 T   NFILTQTAL   0.449   CaM-II      . 
# sp_Q86Y26-4_NUTM1_HU   138 T   NFILTQTAL   0.437   p38MAPK     . 
# sp_Q86Y26-4_NUTM1_HU   138 T   NFILTQTAL   0.426   GSK3        . 
# sp_Q86Y26-4_NUTM1_HU   138 T   NFILTQTAL   0.396   ATM         . 
# sp_Q86Y26-4_NUTM1_HU   138 T   NFILTQTAL   0.379   cdc2        . 
# sp_Q86Y26-4_NUTM1_HU   138 T   NFILTQTAL   0.370   CKI         . 
# sp_Q86Y26-4_NUTM1_HU   138 T   NFILTQTAL   0.345   CKII        . 
# sp_Q86Y26-4_NUTM1_HU   138 T   NFILTQTAL   0.315   PKG         . 
# sp_Q86Y26-4_NUTM1_HU   138 T   NFILTQTAL   0.264   PKC         . 
# sp_Q86Y26-4_NUTM1_HU   138 T   NFILTQTAL   0.237   RSK         . 
# sp_Q86Y26-4_NUTM1_HU   138 T   NFILTQTAL   0.202   unsp        . 
# sp_Q86Y26-4_NUTM1_HU   138 T   NFILTQTAL   0.167   cdk5        . 
# sp_Q86Y26-4_NUTM1_HU   138 T   NFILTQTAL   0.140   PKA         . 
# sp_Q86Y26-4_NUTM1_HU   138 T   NFILTQTAL   0.085   PKB         . 
#
# sp_Q86Y26-4_NUTM1_HU   140 T   ILTQTALNS   0.530   PKC        YES
# sp_Q86Y26-4_NUTM1_HU   140 T   ILTQTALNS   0.465   CaM-II      . 
# sp_Q86Y26-4_NUTM1_HU   140 T   ILTQTALNS   0.449   GSK3        . 
# sp_Q86Y26-4_NUTM1_HU   140 T   ILTQTALNS   0.398   cdc2        . 
# sp_Q86Y26-4_NUTM1_HU   140 T   ILTQTALNS   0.358   p38MAPK     . 
# sp_Q86Y26-4_NUTM1_HU   140 T   ILTQTALNS   0.356   CKI         . 
# sp_Q86Y26-4_NUTM1_HU   140 T   ILTQTALNS   0.341   DNAPK       . 
# sp_Q86Y26-4_NUTM1_HU   140 T   ILTQTALNS   0.335   CKII        . 
# sp_Q86Y26-4_NUTM1_HU   140 T   ILTQTALNS   0.283   PKG         . 
# sp_Q86Y26-4_NUTM1_HU   140 T   ILTQTALNS   0.259   ATM         . 
# sp_Q86Y26-4_NUTM1_HU   140 T   ILTQTALNS   0.257   RSK         . 
# sp_Q86Y26-4_NUTM1_HU   140 T   ILTQTALNS   0.193   PKA         . 
# sp_Q86Y26-4_NUTM1_HU   140 T   ILTQTALNS   0.190   cdk5        . 
# sp_Q86Y26-4_NUTM1_HU   140 T   ILTQTALNS   0.084   PKB         . 
# sp_Q86Y26-4_NUTM1_HU   140 T   ILTQTALNS   0.056   unsp        . 
#
# sp_Q86Y26-4_NUTM1_HU   144 S   TALNSTAPG   0.440   GSK3        . 
# sp_Q86Y26-4_NUTM1_HU   144 S   TALNSTAPG   0.434   CaM-II      . 
# sp_Q86Y26-4_NUTM1_HU   144 S   TALNSTAPG   0.430   PKG         . 
# sp_Q86Y26-4_NUTM1_HU   144 S   TALNSTAPG   0.405   cdc2        . 
# sp_Q86Y26-4_NUTM1_HU   144 S   TALNSTAPG   0.364   CKI         . 
# sp_Q86Y26-4_NUTM1_HU   144 S   TALNSTAPG   0.361   DNAPK       . 
# sp_Q86Y26-4_NUTM1_HU   144 S   TALNSTAPG   0.345   CKII        . 
# sp_Q86Y26-4_NUTM1_HU   144 S   TALNSTAPG   0.319   p38MAPK     . 
# sp_Q86Y26-4_NUTM1_HU   144 S   TALNSTAPG   0.303   ATM         . 
# sp_Q86Y26-4_NUTM1_HU   144 S   TALNSTAPG   0.288   PKC         . 
# sp_Q86Y26-4_NUTM1_HU   144 S   TALNSTAPG   0.249   RSK         . 
# sp_Q86Y26-4_NUTM1_HU   144 S   TALNSTAPG   0.228   PKA         . 
# sp_Q86Y26-4_NUTM1_HU   144 S   TALNSTAPG   0.154   cdk5        . 
# sp_Q86Y26-4_NUTM1_HU   144 S   TALNSTAPG   0.076   PKB         . 
# sp_Q86Y26-4_NUTM1_HU   144 S   TALNSTAPG   0.016   unsp        . 
#
# sp_Q86Y26-4_NUTM1_HU   145 T   ALNSTAPGT   0.449   GSK3        . 
# sp_Q86Y26-4_NUTM1_HU   145 T   ALNSTAPGT   0.440   CaM-II      . 
# sp_Q86Y26-4_NUTM1_HU   145 T   ALNSTAPGT   0.439   cdc2        . 
# sp_Q86Y26-4_NUTM1_HU   145 T   ALNSTAPGT   0.406   CKI         . 
# sp_Q86Y26-4_NUTM1_HU   145 T   ALNSTAPGT   0.371   DNAPK       . 
# sp_Q86Y26-4_NUTM1_HU   145 T   ALNSTAPGT   0.336   PKG         . 
# sp_Q86Y26-4_NUTM1_HU   145 T   ALNSTAPGT   0.292   p38MAPK     . 
# sp_Q86Y26-4_NUTM1_HU   145 T   ALNSTAPGT   0.288   CKII        . 
# sp_Q86Y26-4_NUTM1_HU   145 T   ALNSTAPGT   0.260   ATM         . 
# sp_Q86Y26-4_NUTM1_HU   145 T   ALNSTAPGT   0.208   cdk5        . 
# sp_Q86Y26-4_NUTM1_HU   145 T   ALNSTAPGT   0.193   RSK         . 
# sp_Q86Y26-4_NUTM1_HU   145 T   ALNSTAPGT   0.166   PKC         . 
# sp_Q86Y26-4_NUTM1_HU   145 T   ALNSTAPGT   0.133   PKA         . 
# sp_Q86Y26-4_NUTM1_HU   145 T   ALNSTAPGT   0.095   PKB         . 
# sp_Q86Y26-4_NUTM1_HU   145 T   ALNSTAPGT   0.016   unsp        . 
#
# sp_Q86Y26-4_NUTM1_HU   149 T   TAPGTPCGG   0.893   unsp       YES
# sp_Q86Y26-4_NUTM1_HU   149 T   TAPGTPCGG   0.603   p38MAPK    YES
# sp_Q86Y26-4_NUTM1_HU   149 T   TAPGTPCGG   0.506   GSK3       YES
# sp_Q86Y26-4_NUTM1_HU   149 T   TAPGTPCGG   0.439   cdk5        . 
# sp_Q86Y26-4_NUTM1_HU   149 T   TAPGTPCGG   0.417   CaM-II      . 
# sp_Q86Y26-4_NUTM1_HU   149 T   TAPGTPCGG   0.401   CKI         . 
# sp_Q86Y26-4_NUTM1_HU   149 T   TAPGTPCGG   0.364   cdc2        . 
# sp_Q86Y26-4_NUTM1_HU   149 T   TAPGTPCGG   0.345   DNAPK       . 
# sp_Q86Y26-4_NUTM1_HU   149 T   TAPGTPCGG   0.307   CKII        . 
# sp_Q86Y26-4_NUTM1_HU   149 T   TAPGTPCGG   0.263   ATM         . 
# sp_Q86Y26-4_NUTM1_HU   149 T   TAPGTPCGG   0.235   PKG         . 
# sp_Q86Y26-4_NUTM1_HU   149 T   TAPGTPCGG   0.177   RSK         . 
# sp_Q86Y26-4_NUTM1_HU   149 T   TAPGTPCGG   0.093   PKA         . 
# sp_Q86Y26-4_NUTM1_HU   149 T   TAPGTPCGG   0.073   PKB         . 
# sp_Q86Y26-4_NUTM1_HU   149 T   TAPGTPCGG   0.055   PKC         . 
#
# sp_Q86Y26-4_NUTM1_HU   163 T   PPFVTASNV   0.458   CaM-II      . 
# sp_Q86Y26-4_NUTM1_HU   163 T   PPFVTASNV   0.450   cdc2        . 
# sp_Q86Y26-4_NUTM1_HU   163 T   PPFVTASNV   0.437   GSK3        . 
# sp_Q86Y26-4_NUTM1_HU   163 T   PPFVTASNV   0.386   PKG         . 
# sp_Q86Y26-4_NUTM1_HU   163 T   PPFVTASNV   0.371   CKI         . 
# sp_Q86Y26-4_NUTM1_HU   163 T   PPFVTASNV   0.340   DNAPK       . 
# sp_Q86Y26-4_NUTM1_HU   163 T   PPFVTASNV   0.267   CKII        . 
# sp_Q86Y26-4_NUTM1_HU   163 T   PPFVTASNV   0.250   p38MAPK     . 
# sp_Q86Y26-4_NUTM1_HU   163 T   PPFVTASNV   0.227   ATM         . 
# sp_Q86Y26-4_NUTM1_HU   163 T   PPFVTASNV   0.216   RSK         . 
# sp_Q86Y26-4_NUTM1_HU   163 T   PPFVTASNV   0.204   cdk5        . 
# sp_Q86Y26-4_NUTM1_HU   163 T   PPFVTASNV   0.184   PKA         . 
# sp_Q86Y26-4_NUTM1_HU   163 T   PPFVTASNV   0.180   PKC         . 
# sp_Q86Y26-4_NUTM1_HU   163 T   PPFVTASNV   0.168   unsp        . 
# sp_Q86Y26-4_NUTM1_HU   163 T   PPFVTASNV   0.090   PKB         . 
#
# sp_Q86Y26-4_NUTM1_HU   165 S   FVTASNVKT   0.438   CaM-II      . 
# sp_Q86Y26-4_NUTM1_HU   165 S   FVTASNVKT   0.431   GSK3        . 
# sp_Q86Y26-4_NUTM1_HU   165 S   FVTASNVKT   0.423   ATM         . 
# sp_Q86Y26-4_NUTM1_HU   165 S   FVTASNVKT   0.375   cdc2        . 
# sp_Q86Y26-4_NUTM1_HU   165 S   FVTASNVKT   0.359   CKI         . 
# sp_Q86Y26-4_NUTM1_HU   165 S   FVTASNVKT   0.356   DNAPK       . 
# sp_Q86Y26-4_NUTM1_HU   165 S   FVTASNVKT   0.355   p38MAPK     . 
# sp_Q86Y26-4_NUTM1_HU   165 S   FVTASNVKT   0.323   RSK         . 
# sp_Q86Y26-4_NUTM1_HU   165 S   FVTASNVKT   0.321   PKG         . 
# sp_Q86Y26-4_NUTM1_HU   165 S   FVTASNVKT   0.304   cdk5        . 
# sp_Q86Y26-4_NUTM1_HU   165 S   FVTASNVKT   0.298   PKA         . 
# sp_Q86Y26-4_NUTM1_HU   165 S   FVTASNVKT   0.259   PKC         . 
# sp_Q86Y26-4_NUTM1_HU   165 S   FVTASNVKT   0.248   CKII        . 
# sp_Q86Y26-4_NUTM1_HU   165 S   FVTASNVKT   0.091   PKB         . 
# sp_Q86Y26-4_NUTM1_HU   165 S   FVTASNVKT   0.018   unsp        . 
#
# sp_Q86Y26-4_NUTM1_HU   169 T   SNVKTILPS   0.478   PKC         . 
# sp_Q86Y26-4_NUTM1_HU   169 T   SNVKTILPS   0.462   GSK3        . 
# sp_Q86Y26-4_NUTM1_HU   169 T   SNVKTILPS   0.445   CaM-II      . 
# sp_Q86Y26-4_NUTM1_HU   169 T   SNVKTILPS   0.364   CKI         . 
# sp_Q86Y26-4_NUTM1_HU   169 T   SNVKTILPS   0.360   PKG         . 
# sp_Q86Y26-4_NUTM1_HU   169 T   SNVKTILPS   0.351   cdc2        . 
# sp_Q86Y26-4_NUTM1_HU   169 T   SNVKTILPS   0.340   DNAPK       . 
# sp_Q86Y26-4_NUTM1_HU   169 T   SNVKTILPS   0.336   p38MAPK     . 
# sp_Q86Y26-4_NUTM1_HU   169 T   SNVKTILPS   0.290   CKII        . 
# sp_Q86Y26-4_NUTM1_HU   169 T   SNVKTILPS   0.252   RSK         . 
# sp_Q86Y26-4_NUTM1_HU   169 T   SNVKTILPS   0.245   cdk5        . 
# sp_Q86Y26-4_NUTM1_HU   169 T   SNVKTILPS   0.226   ATM         . 
# sp_Q86Y26-4_NUTM1_HU   169 T   SNVKTILPS   0.107   unsp        . 
# sp_Q86Y26-4_NUTM1_HU   169 T   SNVKTILPS   0.089   PKA         . 
# sp_Q86Y26-4_NUTM1_HU   169 T   SNVKTILPS   0.088   PKB         . 
#
# sp_Q86Y26-4_NUTM1_HU   173 S   TILPSKAVG   0.508   PKC        YES
# sp_Q86Y26-4_NUTM1_HU   173 S   TILPSKAVG   0.470   GSK3        . 
# sp_Q86Y26-4_NUTM1_HU   173 S   TILPSKAVG   0.436   PKG         . 
# sp_Q86Y26-4_NUTM1_HU   173 S   TILPSKAVG   0.424   CaM-II      . 
# sp_Q86Y26-4_NUTM1_HU   173 S   TILPSKAVG   0.381   cdc2        . 
# sp_Q86Y26-4_NUTM1_HU   173 S   TILPSKAVG   0.358   CKI         . 
# sp_Q86Y26-4_NUTM1_HU   173 S   TILPSKAVG   0.346   DNAPK       . 
# sp_Q86Y26-4_NUTM1_HU   173 S   TILPSKAVG   0.340   PKA         . 
# sp_Q86Y26-4_NUTM1_HU   173 S   TILPSKAVG   0.307   p38MAPK     . 
# sp_Q86Y26-4_NUTM1_HU   173 S   TILPSKAVG   0.293   ATM         . 
# sp_Q86Y26-4_NUTM1_HU   173 S   TILPSKAVG   0.259   CKII        . 
# sp_Q86Y26-4_NUTM1_HU   173 S   TILPSKAVG   0.220   RSK         . 
# sp_Q86Y26-4_NUTM1_HU   173 S   TILPSKAVG   0.158   cdk5        . 
# sp_Q86Y26-4_NUTM1_HU   173 S   TILPSKAVG   0.093   PKB         . 
# sp_Q86Y26-4_NUTM1_HU   173 S   TILPSKAVG   0.063   unsp        . 
#
# sp_Q86Y26-4_NUTM1_HU   179 S   AVGVSQEGP   0.987   unsp       YES
# sp_Q86Y26-4_NUTM1_HU   179 S   AVGVSQEGP   0.646   ATM        YES
# sp_Q86Y26-4_NUTM1_HU   179 S   AVGVSQEGP   0.524   DNAPK      YES
# sp_Q86Y26-4_NUTM1_HU   179 S   AVGVSQEGP   0.523   CKI        YES
# sp_Q86Y26-4_NUTM1_HU   179 S   AVGVSQEGP   0.483   cdc2        . 
# sp_Q86Y26-4_NUTM1_HU   179 S   AVGVSQEGP   0.466   GSK3        . 
# sp_Q86Y26-4_NUTM1_HU   179 S   AVGVSQEGP   0.446   CaM-II      . 
# sp_Q86Y26-4_NUTM1_HU   179 S   AVGVSQEGP   0.304   p38MAPK     . 
# sp_Q86Y26-4_NUTM1_HU   179 S   AVGVSQEGP   0.295   CKII        . 
# sp_Q86Y26-4_NUTM1_HU   179 S   AVGVSQEGP   0.278   RSK         . 
# sp_Q86Y26-4_NUTM1_HU   179 S   AVGVSQEGP   0.278   PKG         . 
# sp_Q86Y26-4_NUTM1_HU   179 S   AVGVSQEGP   0.242   PKA         . 
# sp_Q86Y26-4_NUTM1_HU   179 S   AVGVSQEGP   0.193   cdk5        . 
# sp_Q86Y26-4_NUTM1_HU   179 S   AVGVSQEGP   0.112   PKC         . 
# sp_Q86Y26-4_NUTM1_HU   179 S   AVGVSQEGP   0.098   PKB         . 
#
# sp_Q86Y26-4_NUTM1_HU   213 T   GPHGTTGEG   0.861   unsp       YES
# sp_Q86Y26-4_NUTM1_HU   213 T   GPHGTTGEG   0.522   PKG        YES
# sp_Q86Y26-4_NUTM1_HU   213 T   GPHGTTGEG   0.470   GSK3        . 
# sp_Q86Y26-4_NUTM1_HU   213 T   GPHGTTGEG   0.430   CKII        . 
# sp_Q86Y26-4_NUTM1_HU   213 T   GPHGTTGEG   0.427   CaM-II      . 
# sp_Q86Y26-4_NUTM1_HU   213 T   GPHGTTGEG   0.402   CKI         . 
# sp_Q86Y26-4_NUTM1_HU   213 T   GPHGTTGEG   0.353   cdc2        . 
# sp_Q86Y26-4_NUTM1_HU   213 T   GPHGTTGEG   0.347   p38MAPK     . 
# sp_Q86Y26-4_NUTM1_HU   213 T   GPHGTTGEG   0.341   DNAPK       . 
# sp_Q86Y26-4_NUTM1_HU   213 T   GPHGTTGEG   0.287   ATM         . 
# sp_Q86Y26-4_NUTM1_HU   213 T   GPHGTTGEG   0.204   RSK         . 
# sp_Q86Y26-4_NUTM1_HU   213 T   GPHGTTGEG   0.204   cdk5        . 
# sp_Q86Y26-4_NUTM1_HU   213 T   GPHGTTGEG   0.196   PKA         . 
# sp_Q86Y26-4_NUTM1_HU   213 T   GPHGTTGEG   0.125   PKC         . 
# sp_Q86Y26-4_NUTM1_HU   213 T   GPHGTTGEG   0.091   PKB         . 
#
# sp_Q86Y26-4_NUTM1_HU   214 T   PHGTTGEGG   0.491   cdc2        . 
# sp_Q86Y26-4_NUTM1_HU   214 T   PHGTTGEGG   0.451   GSK3        . 
# sp_Q86Y26-4_NUTM1_HU   214 T   PHGTTGEGG   0.424   CaM-II      . 
# sp_Q86Y26-4_NUTM1_HU   214 T   PHGTTGEGG   0.402   CKI         . 
# sp_Q86Y26-4_NUTM1_HU   214 T   PHGTTGEGG   0.358   CKII        . 
# sp_Q86Y26-4_NUTM1_HU   214 T   PHGTTGEGG   0.340   DNAPK       . 
# sp_Q86Y26-4_NUTM1_HU   214 T   PHGTTGEGG   0.308   p38MAPK     . 
# sp_Q86Y26-4_NUTM1_HU   214 T   PHGTTGEGG   0.298   unsp        . 
# sp_Q86Y26-4_NUTM1_HU   214 T   PHGTTGEGG   0.256   ATM         . 
# sp_Q86Y26-4_NUTM1_HU   214 T   PHGTTGEGG   0.254   PKG         . 
# sp_Q86Y26-4_NUTM1_HU   214 T   PHGTTGEGG   0.229   cdk5        . 
# sp_Q86Y26-4_NUTM1_HU   214 T   PHGTTGEGG   0.196   RSK         . 
# sp_Q86Y26-4_NUTM1_HU   214 T   PHGTTGEGG   0.106   PKA         . 
# sp_Q86Y26-4_NUTM1_HU   214 T   PHGTTGEGG   0.099   PKB         . 
# sp_Q86Y26-4_NUTM1_HU   214 T   PHGTTGEGG   0.080   PKC         . 
#
# sp_Q86Y26-4_NUTM1_HU   222 T   GPVATLSKP   0.475   PKC         . 
# sp_Q86Y26-4_NUTM1_HU   222 T   GPVATLSKP   0.466   cdc2        . 
# sp_Q86Y26-4_NUTM1_HU   222 T   GPVATLSKP   0.451   GSK3        . 
# sp_Q86Y26-4_NUTM1_HU   222 T   GPVATLSKP   0.448   unsp        . 
# sp_Q86Y26-4_NUTM1_HU   222 T   GPVATLSKP   0.430   CaM-II      . 
# sp_Q86Y26-4_NUTM1_HU   222 T   GPVATLSKP   0.397   DNAPK       . 
# sp_Q86Y26-4_NUTM1_HU   222 T   GPVATLSKP   0.365   CKI         . 
# sp_Q86Y26-4_NUTM1_HU   222 T   GPVATLSKP   0.293   CKII        . 
# sp_Q86Y26-4_NUTM1_HU   222 T   GPVATLSKP   0.290   cdk5        . 
# sp_Q86Y26-4_NUTM1_HU   222 T   GPVATLSKP   0.285   p38MAPK     . 
# sp_Q86Y26-4_NUTM1_HU   222 T   GPVATLSKP   0.259   PKG         . 
# sp_Q86Y26-4_NUTM1_HU   222 T   GPVATLSKP   0.244   ATM         . 
# sp_Q86Y26-4_NUTM1_HU   222 T   GPVATLSKP   0.243   RSK         . 
# sp_Q86Y26-4_NUTM1_HU   222 T   GPVATLSKP   0.135   PKA         . 
# sp_Q86Y26-4_NUTM1_HU   222 T   GPVATLSKP   0.075   PKB         . 
#
# sp_Q86Y26-4_NUTM1_HU   224 S   VATLSKPSL   0.574   PKC        YES
# sp_Q86Y26-4_NUTM1_HU   224 S   VATLSKPSL   0.459   CaM-II      . 
# sp_Q86Y26-4_NUTM1_HU   224 S   VATLSKPSL   0.440   GSK3        . 
# sp_Q86Y26-4_NUTM1_HU   224 S   VATLSKPSL   0.427   p38MAPK     . 
# sp_Q86Y26-4_NUTM1_HU   224 S   VATLSKPSL   0.402   cdc2        . 
# sp_Q86Y26-4_NUTM1_HU   224 S   VATLSKPSL   0.386   CKI         . 
# sp_Q86Y26-4_NUTM1_HU   224 S   VATLSKPSL   0.375   PKG         . 
# sp_Q86Y26-4_NUTM1_HU   224 S   VATLSKPSL   0.372   DNAPK       . 
# sp_Q86Y26-4_NUTM1_HU   224 S   VATLSKPSL   0.356   cdk5        . 
# sp_Q86Y26-4_NUTM1_HU   224 S   VATLSKPSL   0.334   RSK         . 
# sp_Q86Y26-4_NUTM1_HU   224 S   VATLSKPSL   0.324   PKA         . 
# sp_Q86Y26-4_NUTM1_HU   224 S   VATLSKPSL   0.293   ATM         . 
# sp_Q86Y26-4_NUTM1_HU   224 S   VATLSKPSL   0.250   CKII        . 
# sp_Q86Y26-4_NUTM1_HU   224 S   VATLSKPSL   0.094   PKB         . 
# sp_Q86Y26-4_NUTM1_HU   224 S   VATLSKPSL   0.033   unsp        . 
#
# sp_Q86Y26-4_NUTM1_HU   227 S   LSKPSLGDR   0.993   unsp       YES
# sp_Q86Y26-4_NUTM1_HU   227 S   LSKPSLGDR   0.564   CKI        YES
# sp_Q86Y26-4_NUTM1_HU   227 S   LSKPSLGDR   0.442   PKA         . 
# sp_Q86Y26-4_NUTM1_HU   227 S   LSKPSLGDR   0.441   GSK3        . 
# sp_Q86Y26-4_NUTM1_HU   227 S   LSKPSLGDR   0.417   CaM-II      . 
# sp_Q86Y26-4_NUTM1_HU   227 S   LSKPSLGDR   0.383   cdc2        . 
# sp_Q86Y26-4_NUTM1_HU   227 S   LSKPSLGDR   0.368   DNAPK       . 
# sp_Q86Y26-4_NUTM1_HU   227 S   LSKPSLGDR   0.351   PKG         . 
# sp_Q86Y26-4_NUTM1_HU   227 S   LSKPSLGDR   0.313   PKC         . 
# sp_Q86Y26-4_NUTM1_HU   227 S   LSKPSLGDR   0.294   CKII        . 
# sp_Q86Y26-4_NUTM1_HU   227 S   LSKPSLGDR   0.275   ATM         . 
# sp_Q86Y26-4_NUTM1_HU   227 S   LSKPSLGDR   0.270   p38MAPK     . 
# sp_Q86Y26-4_NUTM1_HU   227 S   LSKPSLGDR   0.256   RSK         . 
# sp_Q86Y26-4_NUTM1_HU   227 S   LSKPSLGDR   0.242   cdk5        . 
# sp_Q86Y26-4_NUTM1_HU   227 S   LSKPSLGDR   0.077   PKB         . 
#
# sp_Q86Y26-4_NUTM1_HU   232 S   LGDRSKISK   0.880   unsp       YES
# sp_Q86Y26-4_NUTM1_HU   232 S   LGDRSKISK   0.445   GSK3        . 
# sp_Q86Y26-4_NUTM1_HU   232 S   LGDRSKISK   0.440   PKG         . 
# sp_Q86Y26-4_NUTM1_HU   232 S   LGDRSKISK   0.434   cdc2        . 
# sp_Q86Y26-4_NUTM1_HU   232 S   LGDRSKISK   0.424   CaM-II      . 
# sp_Q86Y26-4_NUTM1_HU   232 S   LGDRSKISK   0.365   CKI         . 
# sp_Q86Y26-4_NUTM1_HU   232 S   LGDRSKISK   0.351   DNAPK       . 
# sp_Q86Y26-4_NUTM1_HU   232 S   LGDRSKISK   0.325   CKII        . 
# sp_Q86Y26-4_NUTM1_HU   232 S   LGDRSKISK   0.325   ATM         . 
# sp_Q86Y26-4_NUTM1_HU   232 S   LGDRSKISK   0.316   p38MAPK     . 
# sp_Q86Y26-4_NUTM1_HU   232 S   LGDRSKISK   0.282   PKA         . 
# sp_Q86Y26-4_NUTM1_HU   232 S   LGDRSKISK   0.249   PKC         . 
# sp_Q86Y26-4_NUTM1_HU   232 S   LGDRSKISK   0.205   RSK         . 
# sp_Q86Y26-4_NUTM1_HU   232 S   LGDRSKISK   0.185   cdk5        . 
# sp_Q86Y26-4_NUTM1_HU   232 S   LGDRSKISK   0.078   PKB         . 
#
# sp_Q86Y26-4_NUTM1_HU   235 S   RSKISKDVY   0.840   unsp       YES
# sp_Q86Y26-4_NUTM1_HU   235 S   RSKISKDVY   0.559   PKA        YES
# sp_Q86Y26-4_NUTM1_HU   235 S   RSKISKDVY   0.519   cdc2       YES
# sp_Q86Y26-4_NUTM1_HU   235 S   RSKISKDVY   0.449   CaM-II      . 
# sp_Q86Y26-4_NUTM1_HU   235 S   RSKISKDVY   0.441   CKII        . 
# sp_Q86Y26-4_NUTM1_HU   235 S   RSKISKDVY   0.431   PKC         . 
# sp_Q86Y26-4_NUTM1_HU   235 S   RSKISKDVY   0.428   GSK3        . 
# sp_Q86Y26-4_NUTM1_HU   235 S   RSKISKDVY   0.416   PKG         . 
# sp_Q86Y26-4_NUTM1_HU   235 S   RSKISKDVY   0.370   CKI         . 
# sp_Q86Y26-4_NUTM1_HU   235 S   RSKISKDVY   0.362   p38MAPK     . 
# sp_Q86Y26-4_NUTM1_HU   235 S   RSKISKDVY   0.340   DNAPK       . 
# sp_Q86Y26-4_NUTM1_HU   235 S   RSKISKDVY   0.330   ATM         . 
# sp_Q86Y26-4_NUTM1_HU   235 S   RSKISKDVY   0.327   RSK         . 
# sp_Q86Y26-4_NUTM1_HU   235 S   RSKISKDVY   0.130   cdk5        . 
# sp_Q86Y26-4_NUTM1_HU   235 S   RSKISKDVY   0.102   PKB         . 
#
# sp_Q86Y26-4_NUTM1_HU   239 Y   SKDVYENFR   0.989   unsp       YES
# sp_Q86Y26-4_NUTM1_HU   239 Y   SKDVYENFR   0.574   INSR       YES
# sp_Q86Y26-4_NUTM1_HU   239 Y   SKDVYENFR   0.439   SRC         . 
# sp_Q86Y26-4_NUTM1_HU   239 Y   SKDVYENFR   0.389   EGFR        . 
#
# sp_Q86Y26-4_NUTM1_HU   248 Y   QWQRYKALA   0.504   EGFR       YES
# sp_Q86Y26-4_NUTM1_HU   248 Y   QWQRYKALA   0.389   INSR        . 
# sp_Q86Y26-4_NUTM1_HU   248 Y   QWQRYKALA   0.325   SRC         . 
# sp_Q86Y26-4_NUTM1_HU   248 Y   QWQRYKALA   0.188   unsp        . 
#
# sp_Q86Y26-4_NUTM1_HU   257 S   RRHLSQSPD   0.956   unsp       YES
# sp_Q86Y26-4_NUTM1_HU   257 S   RRHLSQSPD   0.753   PKA        YES
# sp_Q86Y26-4_NUTM1_HU   257 S   RRHLSQSPD   0.581   DNAPK      YES
# sp_Q86Y26-4_NUTM1_HU   257 S   RRHLSQSPD   0.564   RSK        YES
# sp_Q86Y26-4_NUTM1_HU   257 S   RRHLSQSPD   0.470   ATM         . 
# sp_Q86Y26-4_NUTM1_HU   257 S   RRHLSQSPD   0.461   CaM-II      . 
# sp_Q86Y26-4_NUTM1_HU   257 S   RRHLSQSPD   0.452   GSK3        . 
# sp_Q86Y26-4_NUTM1_HU   257 S   RRHLSQSPD   0.424   cdc2        . 
# sp_Q86Y26-4_NUTM1_HU   257 S   RRHLSQSPD   0.401   PKG         . 
# sp_Q86Y26-4_NUTM1_HU   257 S   RRHLSQSPD   0.372   CKI         . 
# sp_Q86Y26-4_NUTM1_HU   257 S   RRHLSQSPD   0.336   CKII        . 
# sp_Q86Y26-4_NUTM1_HU   257 S   RRHLSQSPD   0.322   p38MAPK     . 
# sp_Q86Y26-4_NUTM1_HU   257 S   RRHLSQSPD   0.268   PKC         . 
# sp_Q86Y26-4_NUTM1_HU   257 S   RRHLSQSPD   0.160   PKB         . 
# sp_Q86Y26-4_NUTM1_HU   257 S   RRHLSQSPD   0.152   cdk5        . 
#
# sp_Q86Y26-4_NUTM1_HU   259 S   HLSQSPDTE   0.889   unsp       YES
# sp_Q86Y26-4_NUTM1_HU   259 S   HLSQSPDTE   0.509   CKII       YES
# sp_Q86Y26-4_NUTM1_HU   259 S   HLSQSPDTE   0.480   cdc2        . 
# sp_Q86Y26-4_NUTM1_HU   259 S   HLSQSPDTE   0.472   GSK3        . 
# sp_Q86Y26-4_NUTM1_HU   259 S   HLSQSPDTE   0.471   cdk5        . 
# sp_Q86Y26-4_NUTM1_HU   259 S   HLSQSPDTE   0.457   CaM-II      . 
# sp_Q86Y26-4_NUTM1_HU   259 S   HLSQSPDTE   0.410   RSK         . 
# sp_Q86Y26-4_NUTM1_HU   259 S   HLSQSPDTE   0.402   p38MAPK     . 
# sp_Q86Y26-4_NUTM1_HU   259 S   HLSQSPDTE   0.373   CKI         . 
# sp_Q86Y26-4_NUTM1_HU   259 S   HLSQSPDTE   0.360   DNAPK       . 
# sp_Q86Y26-4_NUTM1_HU   259 S   HLSQSPDTE   0.297   ATM         . 
# sp_Q86Y26-4_NUTM1_HU   259 S   HLSQSPDTE   0.242   PKG         . 
# sp_Q86Y26-4_NUTM1_HU   259 S   HLSQSPDTE   0.170   PKA         . 
# sp_Q86Y26-4_NUTM1_HU   259 S   HLSQSPDTE   0.128   PKB         . 
# sp_Q86Y26-4_NUTM1_HU   259 S   HLSQSPDTE   0.054   PKC         . 
#
# sp_Q86Y26-4_NUTM1_HU   262 T   QSPDTEALS   0.463   cdc2        . 
# sp_Q86Y26-4_NUTM1_HU   262 T   QSPDTEALS   0.453   GSK3        . 
# sp_Q86Y26-4_NUTM1_HU   262 T   QSPDTEALS   0.441   CKII        . 
# sp_Q86Y26-4_NUTM1_HU   262 T   QSPDTEALS   0.423   CaM-II      . 
# sp_Q86Y26-4_NUTM1_HU   262 T   QSPDTEALS   0.407   p38MAPK     . 
# sp_Q86Y26-4_NUTM1_HU   262 T   QSPDTEALS   0.375   CKI         . 
# sp_Q86Y26-4_NUTM1_HU   262 T   QSPDTEALS   0.340   DNAPK       . 
# sp_Q86Y26-4_NUTM1_HU   262 T   QSPDTEALS   0.267   RSK         . 
# sp_Q86Y26-4_NUTM1_HU   262 T   QSPDTEALS   0.243   PKG         . 
# sp_Q86Y26-4_NUTM1_HU   262 T   QSPDTEALS   0.243   ATM         . 
# sp_Q86Y26-4_NUTM1_HU   262 T   QSPDTEALS   0.169   cdk5        . 
# sp_Q86Y26-4_NUTM1_HU   262 T   QSPDTEALS   0.145   unsp        . 
# sp_Q86Y26-4_NUTM1_HU   262 T   QSPDTEALS   0.116   PKC         . 
# sp_Q86Y26-4_NUTM1_HU   262 T   QSPDTEALS   0.089   PKA         . 
# sp_Q86Y26-4_NUTM1_HU   262 T   QSPDTEALS   0.079   PKB         . 
#
# sp_Q86Y26-4_NUTM1_HU   266 S   TEALSCFLI   0.464   cdc2        . 
# sp_Q86Y26-4_NUTM1_HU   266 S   TEALSCFLI   0.460   GSK3        . 
# sp_Q86Y26-4_NUTM1_HU   266 S   TEALSCFLI   0.456   CKII        . 
# sp_Q86Y26-4_NUTM1_HU   266 S   TEALSCFLI   0.442   ATM         . 
# sp_Q86Y26-4_NUTM1_HU   266 S   TEALSCFLI   0.433   CaM-II      . 
# sp_Q86Y26-4_NUTM1_HU   266 S   TEALSCFLI   0.385   p38MAPK     . 
# sp_Q86Y26-4_NUTM1_HU   266 S   TEALSCFLI   0.372   CKI         . 
# sp_Q86Y26-4_NUTM1_HU   266 S   TEALSCFLI   0.343   DNAPK       . 
# sp_Q86Y26-4_NUTM1_HU   266 S   TEALSCFLI   0.283   RSK         . 
# sp_Q86Y26-4_NUTM1_HU   266 S   TEALSCFLI   0.227   PKG         . 
# sp_Q86Y26-4_NUTM1_HU   266 S   TEALSCFLI   0.221   PKA         . 
# sp_Q86Y26-4_NUTM1_HU   266 S   TEALSCFLI   0.204   PKC         . 
# sp_Q86Y26-4_NUTM1_HU   266 S   TEALSCFLI   0.178   cdk5        . 
# sp_Q86Y26-4_NUTM1_HU   266 S   TEALSCFLI   0.080   PKB         . 
# sp_Q86Y26-4_NUTM1_HU   266 S   TEALSCFLI   0.061   unsp        . 
#
# sp_Q86Y26-4_NUTM1_HU   275 S   PVLRSLARL   0.605   PKC        YES
# sp_Q86Y26-4_NUTM1_HU   275 S   PVLRSLARL   0.456   GSK3        . 
# sp_Q86Y26-4_NUTM1_HU   275 S   PVLRSLARL   0.452   CaM-II      . 
# sp_Q86Y26-4_NUTM1_HU   275 S   PVLRSLARL   0.399   cdc2        . 
# sp_Q86Y26-4_NUTM1_HU   275 S   PVLRSLARL   0.392   DNAPK       . 
# sp_Q86Y26-4_NUTM1_HU   275 S   PVLRSLARL   0.383   PKA         . 
# sp_Q86Y26-4_NUTM1_HU   275 S   PVLRSLARL   0.369   CKI         . 
# sp_Q86Y26-4_NUTM1_HU   275 S   PVLRSLARL   0.338   RSK         . 
# sp_Q86Y26-4_NUTM1_HU   275 S   PVLRSLARL   0.330   p38MAPK     . 
# sp_Q86Y26-4_NUTM1_HU   275 S   PVLRSLARL   0.286   PKG         . 
# sp_Q86Y26-4_NUTM1_HU   275 S   PVLRSLARL   0.264   ATM         . 
# sp_Q86Y26-4_NUTM1_HU   275 S   PVLRSLARL   0.256   unsp        . 
# sp_Q86Y26-4_NUTM1_HU   275 S   PVLRSLARL   0.254   cdk5        . 
# sp_Q86Y26-4_NUTM1_HU   275 S   PVLRSLARL   0.250   CKII        . 
# sp_Q86Y26-4_NUTM1_HU   275 S   PVLRSLARL   0.078   PKB         . 
#
# sp_Q86Y26-4_NUTM1_HU   282 T   RLKPTMTLE   0.522   cdc2       YES
# sp_Q86Y26-4_NUTM1_HU   282 T   RLKPTMTLE   0.446   GSK3        . 
# sp_Q86Y26-4_NUTM1_HU   282 T   RLKPTMTLE   0.423   CaM-II      . 
# sp_Q86Y26-4_NUTM1_HU   282 T   RLKPTMTLE   0.411   PKG         . 
# sp_Q86Y26-4_NUTM1_HU   282 T   RLKPTMTLE   0.391   CKII        . 
# sp_Q86Y26-4_NUTM1_HU   282 T   RLKPTMTLE   0.359   PKA         . 
# sp_Q86Y26-4_NUTM1_HU   282 T   RLKPTMTLE   0.354   CKI         . 
# sp_Q86Y26-4_NUTM1_HU   282 T   RLKPTMTLE   0.350   DNAPK       . 
# sp_Q86Y26-4_NUTM1_HU   282 T   RLKPTMTLE   0.318   p38MAPK     . 
# sp_Q86Y26-4_NUTM1_HU   282 T   RLKPTMTLE   0.292   RSK         . 
# sp_Q86Y26-4_NUTM1_HU   282 T   RLKPTMTLE   0.245   ATM         . 
# sp_Q86Y26-4_NUTM1_HU   282 T   RLKPTMTLE   0.181   PKC         . 
# sp_Q86Y26-4_NUTM1_HU   282 T   RLKPTMTLE   0.142   cdk5        . 
# sp_Q86Y26-4_NUTM1_HU   282 T   RLKPTMTLE   0.086   PKB         . 
# sp_Q86Y26-4_NUTM1_HU   282 T   RLKPTMTLE   0.026   unsp        . 
#
# sp_Q86Y26-4_NUTM1_HU   284 T   KPTMTLEEG   0.872   unsp       YES
# sp_Q86Y26-4_NUTM1_HU   284 T   KPTMTLEEG   0.490   DNAPK       . 
# sp_Q86Y26-4_NUTM1_HU   284 T   KPTMTLEEG   0.449   CaM-II      . 
# sp_Q86Y26-4_NUTM1_HU   284 T   KPTMTLEEG   0.423   GSK3        . 
# sp_Q86Y26-4_NUTM1_HU   284 T   KPTMTLEEG   0.419   cdc2        . 
# sp_Q86Y26-4_NUTM1_HU   284 T   KPTMTLEEG   0.418   CKII        . 
# sp_Q86Y26-4_NUTM1_HU   284 T   KPTMTLEEG   0.410   CKI         . 
# sp_Q86Y26-4_NUTM1_HU   284 T   KPTMTLEEG   0.316   PKG         . 
# sp_Q86Y26-4_NUTM1_HU   284 T   KPTMTLEEG   0.285   p38MAPK     . 
# sp_Q86Y26-4_NUTM1_HU   284 T   KPTMTLEEG   0.253   ATM         . 
# sp_Q86Y26-4_NUTM1_HU   284 T   KPTMTLEEG   0.236   RSK         . 
# sp_Q86Y26-4_NUTM1_HU   284 T   KPTMTLEEG   0.213   PKA         . 
# sp_Q86Y26-4_NUTM1_HU   284 T   KPTMTLEEG   0.168   cdk5        . 
# sp_Q86Y26-4_NUTM1_HU   284 T   KPTMTLEEG   0.079   PKC         . 
# sp_Q86Y26-4_NUTM1_HU   284 T   KPTMTLEEG   0.075   PKB         . 
#
# sp_Q86Y26-4_NUTM1_HU   299 T   EWEHTSNFD   0.475   cdc2        . 
# sp_Q86Y26-4_NUTM1_HU   299 T   EWEHTSNFD   0.453   CKII        . 
# sp_Q86Y26-4_NUTM1_HU   299 T   EWEHTSNFD   0.448   GSK3        . 
# sp_Q86Y26-4_NUTM1_HU   299 T   EWEHTSNFD   0.428   CaM-II      . 
# sp_Q86Y26-4_NUTM1_HU   299 T   EWEHTSNFD   0.369   CKI         . 
# sp_Q86Y26-4_NUTM1_HU   299 T   EWEHTSNFD   0.348   DNAPK       . 
# sp_Q86Y26-4_NUTM1_HU   299 T   EWEHTSNFD   0.340   p38MAPK     . 
# sp_Q86Y26-4_NUTM1_HU   299 T   EWEHTSNFD   0.309   PKG         . 
# sp_Q86Y26-4_NUTM1_HU   299 T   EWEHTSNFD   0.230   ATM         . 
# sp_Q86Y26-4_NUTM1_HU   299 T   EWEHTSNFD   0.207   RSK         . 
# sp_Q86Y26-4_NUTM1_HU   299 T   EWEHTSNFD   0.160   cdk5        . 
# sp_Q86Y26-4_NUTM1_HU   299 T   EWEHTSNFD   0.090   PKA         . 
# sp_Q86Y26-4_NUTM1_HU   299 T   EWEHTSNFD   0.089   PKB         . 
# sp_Q86Y26-4_NUTM1_HU   299 T   EWEHTSNFD   0.083   unsp        . 
# sp_Q86Y26-4_NUTM1_HU   299 T   EWEHTSNFD   0.060   PKC         . 
#
# sp_Q86Y26-4_NUTM1_HU   300 S   WEHTSNFDR   0.468   CKII        . 
# sp_Q86Y26-4_NUTM1_HU   300 S   WEHTSNFDR   0.455   GSK3        . 
# sp_Q86Y26-4_NUTM1_HU   300 S   WEHTSNFDR   0.438   CaM-II      . 
# sp_Q86Y26-4_NUTM1_HU   300 S   WEHTSNFDR   0.395   CKI         . 
# sp_Q86Y26-4_NUTM1_HU   300 S   WEHTSNFDR   0.361   cdc2        . 
# sp_Q86Y26-4_NUTM1_HU   300 S   WEHTSNFDR   0.339   DNAPK       . 
# sp_Q86Y26-4_NUTM1_HU   300 S   WEHTSNFDR   0.331   ATM         . 
# sp_Q86Y26-4_NUTM1_HU   300 S   WEHTSNFDR   0.324   RSK         . 
# sp_Q86Y26-4_NUTM1_HU   300 S   WEHTSNFDR   0.320   p38MAPK     . 
# sp_Q86Y26-4_NUTM1_HU   300 S   WEHTSNFDR   0.251   PKG         . 
# sp_Q86Y26-4_NUTM1_HU   300 S   WEHTSNFDR   0.188   cdk5        . 
# sp_Q86Y26-4_NUTM1_HU   300 S   WEHTSNFDR   0.175   PKA         . 
# sp_Q86Y26-4_NUTM1_HU   300 S   WEHTSNFDR   0.096   PKC         . 
# sp_Q86Y26-4_NUTM1_HU   300 S   WEHTSNFDR   0.090   PKB         . 
# sp_Q86Y26-4_NUTM1_HU   300 S   WEHTSNFDR   0.059   unsp        . 
#
# sp_Q86Y26-4_NUTM1_HU   308 Y   RMIFYEMAE   0.471   EGFR        . 
# sp_Q86Y26-4_NUTM1_HU   308 Y   RMIFYEMAE   0.446   SRC         . 
# sp_Q86Y26-4_NUTM1_HU   308 Y   RMIFYEMAE   0.445   INSR        . 
# sp_Q86Y26-4_NUTM1_HU   308 Y   RMIFYEMAE   0.288   unsp        . 
#
# sp_Q86Y26-4_NUTM1_HU   327 T   QIQNTQLMN   0.500   DNAPK       . 
# sp_Q86Y26-4_NUTM1_HU   327 T   QIQNTQLMN   0.483   CaM-II      . 
# sp_Q86Y26-4_NUTM1_HU   327 T   QIQNTQLMN   0.455   cdc2        . 
# sp_Q86Y26-4_NUTM1_HU   327 T   QIQNTQLMN   0.443   ATM         . 
# sp_Q86Y26-4_NUTM1_HU   327 T   QIQNTQLMN   0.428   PKC         . 
# sp_Q86Y26-4_NUTM1_HU   327 T   QIQNTQLMN   0.423   GSK3        . 
# sp_Q86Y26-4_NUTM1_HU   327 T   QIQNTQLMN   0.366   CKI         . 
# sp_Q86Y26-4_NUTM1_HU   327 T   QIQNTQLMN   0.301   CKII        . 
# sp_Q86Y26-4_NUTM1_HU   327 T   QIQNTQLMN   0.294   PKG         . 
# sp_Q86Y26-4_NUTM1_HU   327 T   QIQNTQLMN   0.269   p38MAPK     . 
# sp_Q86Y26-4_NUTM1_HU   327 T   QIQNTQLMN   0.211   RSK         . 
# sp_Q86Y26-4_NUTM1_HU   327 T   QIQNTQLMN   0.155   cdk5        . 
# sp_Q86Y26-4_NUTM1_HU   327 T   QIQNTQLMN   0.117   PKA         . 
# sp_Q86Y26-4_NUTM1_HU   327 T   QIQNTQLMN   0.081   PKB         . 
# sp_Q86Y26-4_NUTM1_HU   327 T   QIQNTQLMN   0.023   unsp        . 
#
# sp_Q86Y26-4_NUTM1_HU   333 S   LMNGSQGLS   0.646   DNAPK      YES
# sp_Q86Y26-4_NUTM1_HU   333 S   LMNGSQGLS   0.552   ATM        YES
# sp_Q86Y26-4_NUTM1_HU   333 S   LMNGSQGLS   0.506   PKA        YES
# sp_Q86Y26-4_NUTM1_HU   333 S   LMNGSQGLS   0.480   GSK3        . 
# sp_Q86Y26-4_NUTM1_HU   333 S   LMNGSQGLS   0.445   cdc2        . 
# sp_Q86Y26-4_NUTM1_HU   333 S   LMNGSQGLS   0.425   CaM-II      . 
# sp_Q86Y26-4_NUTM1_HU   333 S   LMNGSQGLS   0.423   CKI         . 
# sp_Q86Y26-4_NUTM1_HU   333 S   LMNGSQGLS   0.407   p38MAPK     . 
# sp_Q86Y26-4_NUTM1_HU   333 S   LMNGSQGLS   0.335   PKG         . 
# sp_Q86Y26-4_NUTM1_HU   333 S   LMNGSQGLS   0.299   CKII        . 
# sp_Q86Y26-4_NUTM1_HU   333 S   LMNGSQGLS   0.240   RSK         . 
# sp_Q86Y26-4_NUTM1_HU   333 S   LMNGSQGLS   0.197   cdk5        . 
# sp_Q86Y26-4_NUTM1_HU   333 S   LMNGSQGLS   0.156   PKC         . 
# sp_Q86Y26-4_NUTM1_HU   333 S   LMNGSQGLS   0.092   PKB         . 
# sp_Q86Y26-4_NUTM1_HU   333 S   LMNGSQGLS   0.007   unsp        . 
#
# sp_Q86Y26-4_NUTM1_HU   337 S   SQGLSPATP   0.604   cdk5       YES
# sp_Q86Y26-4_NUTM1_HU   337 S   SQGLSPATP   0.533   p38MAPK    YES
# sp_Q86Y26-4_NUTM1_HU   337 S   SQGLSPATP   0.513   GSK3       YES
# sp_Q86Y26-4_NUTM1_HU   337 S   SQGLSPATP   0.501   cdc2       YES
# sp_Q86Y26-4_NUTM1_HU   337 S   SQGLSPATP   0.446   CaM-II      . 
# sp_Q86Y26-4_NUTM1_HU   337 S   SQGLSPATP   0.394   unsp        . 
# sp_Q86Y26-4_NUTM1_HU   337 S   SQGLSPATP   0.387   CKI         . 
# sp_Q86Y26-4_NUTM1_HU   337 S   SQGLSPATP   0.352   DNAPK       . 
# sp_Q86Y26-4_NUTM1_HU   337 S   SQGLSPATP   0.338   ATM         . 
# sp_Q86Y26-4_NUTM1_HU   337 S   SQGLSPATP   0.312   CKII        . 
# sp_Q86Y26-4_NUTM1_HU   337 S   SQGLSPATP   0.289   RSK         . 
# sp_Q86Y26-4_NUTM1_HU   337 S   SQGLSPATP   0.251   PKG         . 
# sp_Q86Y26-4_NUTM1_HU   337 S   SQGLSPATP   0.218   PKA         . 
# sp_Q86Y26-4_NUTM1_HU   337 S   SQGLSPATP   0.084   PKB         . 
# sp_Q86Y26-4_NUTM1_HU   337 S   SQGLSPATP   0.065   PKC         . 
#
# sp_Q86Y26-4_NUTM1_HU   340 T   LSPATPLKL   0.584   cdk5       YES
# sp_Q86Y26-4_NUTM1_HU   340 T   LSPATPLKL   0.542   p38MAPK    YES
# sp_Q86Y26-4_NUTM1_HU   340 T   LSPATPLKL   0.489   GSK3        . 
# sp_Q86Y26-4_NUTM1_HU   340 T   LSPATPLKL   0.468   cdc2        . 
# sp_Q86Y26-4_NUTM1_HU   340 T   LSPATPLKL   0.463   CaM-II      . 
# sp_Q86Y26-4_NUTM1_HU   340 T   LSPATPLKL   0.363   CKI         . 
# sp_Q86Y26-4_NUTM1_HU   340 T   LSPATPLKL   0.339   DNAPK       . 
# sp_Q86Y26-4_NUTM1_HU   340 T   LSPATPLKL   0.300   CKII        . 
# sp_Q86Y26-4_NUTM1_HU   340 T   LSPATPLKL   0.264   ATM         . 
# sp_Q86Y26-4_NUTM1_HU   340 T   LSPATPLKL   0.256   unsp        . 
# sp_Q86Y26-4_NUTM1_HU   340 T   LSPATPLKL   0.232   RSK         . 
# sp_Q86Y26-4_NUTM1_HU   340 T   LSPATPLKL   0.210   PKG         . 
# sp_Q86Y26-4_NUTM1_HU   340 T   LSPATPLKL   0.089   PKA         . 
# sp_Q86Y26-4_NUTM1_HU   340 T   LSPATPLKL   0.079   PKB         . 
# sp_Q86Y26-4_NUTM1_HU   340 T   LSPATPLKL   0.051   PKC         . 
#
# sp_Q86Y26-4_NUTM1_HU   352 S   GPLASEVCQ   0.473   CaM-II      . 
# sp_Q86Y26-4_NUTM1_HU   352 S   GPLASEVCQ   0.441   cdc2        . 
# sp_Q86Y26-4_NUTM1_HU   352 S   GPLASEVCQ   0.430   GSK3        . 
# sp_Q86Y26-4_NUTM1_HU   352 S   GPLASEVCQ   0.368   CKI         . 
# sp_Q86Y26-4_NUTM1_HU   352 S   GPLASEVCQ   0.343   p38MAPK     . 
# sp_Q86Y26-4_NUTM1_HU   352 S   GPLASEVCQ   0.341   RSK         . 
# sp_Q86Y26-4_NUTM1_HU   352 S   GPLASEVCQ   0.340   DNAPK       . 
# sp_Q86Y26-4_NUTM1_HU   352 S   GPLASEVCQ   0.307   CKII        . 
# sp_Q86Y26-4_NUTM1_HU   352 S   GPLASEVCQ   0.268   ATM         . 
# sp_Q86Y26-4_NUTM1_HU   352 S   GPLASEVCQ   0.244   PKG         . 
# sp_Q86Y26-4_NUTM1_HU   352 S   GPLASEVCQ   0.173   cdk5        . 
# sp_Q86Y26-4_NUTM1_HU   352 S   GPLASEVCQ   0.160   PKC         . 
# sp_Q86Y26-4_NUTM1_HU   352 S   GPLASEVCQ   0.144   PKA         . 
# sp_Q86Y26-4_NUTM1_HU   352 S   GPLASEVCQ   0.085   PKB         . 
# sp_Q86Y26-4_NUTM1_HU   352 S   GPLASEVCQ   0.009   unsp        . 
#
# sp_Q86Y26-4_NUTM1_HU   360 Y   QQPVYIPKK   0.400   SRC         . 
# sp_Q86Y26-4_NUTM1_HU   360 Y   QQPVYIPKK   0.375   INSR        . 
# sp_Q86Y26-4_NUTM1_HU   360 Y   QQPVYIPKK   0.354   EGFR        . 
# sp_Q86Y26-4_NUTM1_HU   360 Y   QQPVYIPKK   0.320   unsp        . 
#
# sp_Q86Y26-4_NUTM1_HU   367 S   KKAASKTRA   0.994   unsp       YES
# sp_Q86Y26-4_NUTM1_HU   367 S   KKAASKTRA   0.737   PKC        YES
# sp_Q86Y26-4_NUTM1_HU   367 S   KKAASKTRA   0.473   cdc2        . 
# sp_Q86Y26-4_NUTM1_HU   367 S   KKAASKTRA   0.458   CaM-II      . 
# sp_Q86Y26-4_NUTM1_HU   367 S   KKAASKTRA   0.449   GSK3        . 
# sp_Q86Y26-4_NUTM1_HU   367 S   KKAASKTRA   0.374   p38MAPK     . 
# sp_Q86Y26-4_NUTM1_HU   367 S   KKAASKTRA   0.368   CKI         . 
# sp_Q86Y26-4_NUTM1_HU   367 S   KKAASKTRA   0.352   DNAPK       . 
# sp_Q86Y26-4_NUTM1_HU   367 S   KKAASKTRA   0.342   PKG         . 
# sp_Q86Y26-4_NUTM1_HU   367 S   KKAASKTRA   0.312   RSK         . 
# sp_Q86Y26-4_NUTM1_HU   367 S   KKAASKTRA   0.303   PKA         . 
# sp_Q86Y26-4_NUTM1_HU   367 S   KKAASKTRA   0.263   ATM         . 
# sp_Q86Y26-4_NUTM1_HU   367 S   KKAASKTRA   0.244   CKII        . 
# sp_Q86Y26-4_NUTM1_HU   367 S   KKAASKTRA   0.214   cdk5        . 
# sp_Q86Y26-4_NUTM1_HU   367 S   KKAASKTRA   0.096   PKB         . 
#
# sp_Q86Y26-4_NUTM1_HU   369 T   AASKTRAPR   0.559   PKG        YES
# sp_Q86Y26-4_NUTM1_HU   369 T   AASKTRAPR   0.453   GSK3        . 
# sp_Q86Y26-4_NUTM1_HU   369 T   AASKTRAPR   0.406   CaM-II      . 
# sp_Q86Y26-4_NUTM1_HU   369 T   AASKTRAPR   0.391   cdc2        . 
# sp_Q86Y26-4_NUTM1_HU   369 T   AASKTRAPR   0.361   CKI         . 
# sp_Q86Y26-4_NUTM1_HU   369 T   AASKTRAPR   0.343   DNAPK       . 
# sp_Q86Y26-4_NUTM1_HU   369 T   AASKTRAPR   0.306   PKC         . 
# sp_Q86Y26-4_NUTM1_HU   369 T   AASKTRAPR   0.299   p38MAPK     . 
# sp_Q86Y26-4_NUTM1_HU   369 T   AASKTRAPR   0.264   CKII        . 
# sp_Q86Y26-4_NUTM1_HU   369 T   AASKTRAPR   0.244   ATM         . 
# sp_Q86Y26-4_NUTM1_HU   369 T   AASKTRAPR   0.187   RSK         . 
# sp_Q86Y26-4_NUTM1_HU   369 T   AASKTRAPR   0.181   cdk5        . 
# sp_Q86Y26-4_NUTM1_HU   369 T   AASKTRAPR   0.140   PKA         . 
# sp_Q86Y26-4_NUTM1_HU   369 T   AASKTRAPR   0.077   PKB         . 
# sp_Q86Y26-4_NUTM1_HU   369 T   AASKTRAPR   0.051   unsp        . 
#
# sp_Q86Y26-4_NUTM1_HU   399 Y   AVKEYVDIM   0.735   unsp       YES
# sp_Q86Y26-4_NUTM1_HU   399 Y   AVKEYVDIM   0.412   EGFR        . 
# sp_Q86Y26-4_NUTM1_HU   399 Y   AVKEYVDIM   0.390   INSR        . 
# sp_Q86Y26-4_NUTM1_HU   399 Y   AVKEYVDIM   0.377   SRC         . 
#
# sp_Q86Y26-4_NUTM1_HU   409 T   WLVGTHLAT   0.527   PKC        YES
# sp_Q86Y26-4_NUTM1_HU   409 T   WLVGTHLAT   0.461   cdc2        . 
# sp_Q86Y26-4_NUTM1_HU   409 T   WLVGTHLAT   0.448   CaM-II      . 
# sp_Q86Y26-4_NUTM1_HU   409 T   WLVGTHLAT   0.444   GSK3        . 
# sp_Q86Y26-4_NUTM1_HU   409 T   WLVGTHLAT   0.424   CKI         . 
# sp_Q86Y26-4_NUTM1_HU   409 T   WLVGTHLAT   0.385   p38MAPK     . 
# sp_Q86Y26-4_NUTM1_HU   409 T   WLVGTHLAT   0.382   CKII        . 
# sp_Q86Y26-4_NUTM1_HU   409 T   WLVGTHLAT   0.344   DNAPK       . 
# sp_Q86Y26-4_NUTM1_HU   409 T   WLVGTHLAT   0.271   ATM         . 
# sp_Q86Y26-4_NUTM1_HU   409 T   WLVGTHLAT   0.267   PKG         . 
# sp_Q86Y26-4_NUTM1_HU   409 T   WLVGTHLAT   0.214   RSK         . 
# sp_Q86Y26-4_NUTM1_HU   409 T   WLVGTHLAT   0.207   unsp        . 
# sp_Q86Y26-4_NUTM1_HU   409 T   WLVGTHLAT   0.176   cdk5        . 
# sp_Q86Y26-4_NUTM1_HU   409 T   WLVGTHLAT   0.136   PKA         . 
# sp_Q86Y26-4_NUTM1_HU   409 T   WLVGTHLAT   0.077   PKB         . 
#
# sp_Q86Y26-4_NUTM1_HU   413 T   THLATGESD   0.450   GSK3        . 
# sp_Q86Y26-4_NUTM1_HU   413 T   THLATGESD   0.433   CaM-II      . 
# sp_Q86Y26-4_NUTM1_HU   413 T   THLATGESD   0.413   CKII        . 
# sp_Q86Y26-4_NUTM1_HU   413 T   THLATGESD   0.391   CKI         . 
# sp_Q86Y26-4_NUTM1_HU   413 T   THLATGESD   0.387   p38MAPK     . 
# sp_Q86Y26-4_NUTM1_HU   413 T   THLATGESD   0.346   cdc2        . 
# sp_Q86Y26-4_NUTM1_HU   413 T   THLATGESD   0.342   DNAPK       . 
# sp_Q86Y26-4_NUTM1_HU   413 T   THLATGESD   0.257   ATM         . 
# sp_Q86Y26-4_NUTM1_HU   413 T   THLATGESD   0.234   cdk5        . 
# sp_Q86Y26-4_NUTM1_HU   413 T   THLATGESD   0.232   PKG         . 
# sp_Q86Y26-4_NUTM1_HU   413 T   THLATGESD   0.218   RSK         . 
# sp_Q86Y26-4_NUTM1_HU   413 T   THLATGESD   0.217   PKC         . 
# sp_Q86Y26-4_NUTM1_HU   413 T   THLATGESD   0.095   PKA         . 
# sp_Q86Y26-4_NUTM1_HU   413 T   THLATGESD   0.084   PKB         . 
# sp_Q86Y26-4_NUTM1_HU   413 T   THLATGESD   0.025   unsp        . 
#
# sp_Q86Y26-4_NUTM1_HU   416 S   ATGESDGKQ   0.521   CKI        YES
# sp_Q86Y26-4_NUTM1_HU   416 S   ATGESDGKQ   0.485   CKII        . 
# sp_Q86Y26-4_NUTM1_HU   416 S   ATGESDGKQ   0.451   GSK3        . 
# sp_Q86Y26-4_NUTM1_HU   416 S   ATGESDGKQ   0.438   cdc2        . 
# sp_Q86Y26-4_NUTM1_HU   416 S   ATGESDGKQ   0.427   CaM-II      . 
# sp_Q86Y26-4_NUTM1_HU   416 S   ATGESDGKQ   0.347   DNAPK       . 
# sp_Q86Y26-4_NUTM1_HU   416 S   ATGESDGKQ   0.315   unsp        . 
# sp_Q86Y26-4_NUTM1_HU   416 S   ATGESDGKQ   0.307   RSK         . 
# sp_Q86Y26-4_NUTM1_HU   416 S   ATGESDGKQ   0.299   ATM         . 
# sp_Q86Y26-4_NUTM1_HU   416 S   ATGESDGKQ   0.282   PKG         . 
# sp_Q86Y26-4_NUTM1_HU   416 S   ATGESDGKQ   0.269   p38MAPK     . 
# sp_Q86Y26-4_NUTM1_HU   416 S   ATGESDGKQ   0.232   PKA         . 
# sp_Q86Y26-4_NUTM1_HU   416 S   ATGESDGKQ   0.154   PKC         . 
# sp_Q86Y26-4_NUTM1_HU   416 S   ATGESDGKQ   0.151   cdk5        . 
# sp_Q86Y26-4_NUTM1_HU   416 S   ATGESDGKQ   0.098   PKB         . 
#
# sp_Q86Y26-4_NUTM1_HU   433 Y   EEGMYPDPG   0.985   unsp       YES
# sp_Q86Y26-4_NUTM1_HU   433 Y   EEGMYPDPG   0.506   SRC        YES
# sp_Q86Y26-4_NUTM1_HU   433 Y   EEGMYPDPG   0.464   EGFR        . 
# sp_Q86Y26-4_NUTM1_HU   433 Y   EEGMYPDPG   0.429   INSR        . 
#
# sp_Q86Y26-4_NUTM1_HU   440 S   PGLLSYINE   0.524   PKC        YES
# sp_Q86Y26-4_NUTM1_HU   440 S   PGLLSYINE   0.484   CKII        . 
# sp_Q86Y26-4_NUTM1_HU   440 S   PGLLSYINE   0.477   cdc2        . 
# sp_Q86Y26-4_NUTM1_HU   440 S   PGLLSYINE   0.476   PKA         . 
# sp_Q86Y26-4_NUTM1_HU   440 S   PGLLSYINE   0.447   CaM-II      . 
# sp_Q86Y26-4_NUTM1_HU   440 S   PGLLSYINE   0.443   ATM         . 
# sp_Q86Y26-4_NUTM1_HU   440 S   PGLLSYINE   0.441   GSK3        . 
# sp_Q86Y26-4_NUTM1_HU   440 S   PGLLSYINE   0.391   unsp        . 
# sp_Q86Y26-4_NUTM1_HU   440 S   PGLLSYINE   0.363   CKI         . 
# sp_Q86Y26-4_NUTM1_HU   440 S   PGLLSYINE   0.354   p38MAPK     . 
# sp_Q86Y26-4_NUTM1_HU   440 S   PGLLSYINE   0.350   DNAPK       . 
# sp_Q86Y26-4_NUTM1_HU   440 S   PGLLSYINE   0.322   RSK         . 
# sp_Q86Y26-4_NUTM1_HU   440 S   PGLLSYINE   0.284   PKG         . 
# sp_Q86Y26-4_NUTM1_HU   440 S   PGLLSYINE   0.171   cdk5        . 
# sp_Q86Y26-4_NUTM1_HU   440 S   PGLLSYINE   0.099   PKB         . 
#
# sp_Q86Y26-4_NUTM1_HU   441 Y   GLLSYINEL   0.446   INSR        . 
# sp_Q86Y26-4_NUTM1_HU   441 Y   GLLSYINEL   0.339   EGFR        . 
# sp_Q86Y26-4_NUTM1_HU   441 Y   GLLSYINEL   0.295   SRC         . 
# sp_Q86Y26-4_NUTM1_HU   441 Y   GLLSYINEL   0.074   unsp        . 
#
# sp_Q86Y26-4_NUTM1_HU   447 S   NELCSQKVF   0.803   unsp       YES
# sp_Q86Y26-4_NUTM1_HU   447 S   NELCSQKVF   0.670   PKC        YES
# sp_Q86Y26-4_NUTM1_HU   447 S   NELCSQKVF   0.548   ATM        YES
# sp_Q86Y26-4_NUTM1_HU   447 S   NELCSQKVF   0.439   GSK3        . 
# sp_Q86Y26-4_NUTM1_HU   447 S   NELCSQKVF   0.428   DNAPK       . 
# sp_Q86Y26-4_NUTM1_HU   447 S   NELCSQKVF   0.417   CaM-II      . 
# sp_Q86Y26-4_NUTM1_HU   447 S   NELCSQKVF   0.414   cdc2        . 
# sp_Q86Y26-4_NUTM1_HU   447 S   NELCSQKVF   0.356   CKI         . 
# sp_Q86Y26-4_NUTM1_HU   447 S   NELCSQKVF   0.342   p38MAPK     . 
# sp_Q86Y26-4_NUTM1_HU   447 S   NELCSQKVF   0.303   CKII        . 
# sp_Q86Y26-4_NUTM1_HU   447 S   NELCSQKVF   0.253   RSK         . 
# sp_Q86Y26-4_NUTM1_HU   447 S   NELCSQKVF   0.248   PKG         . 
# sp_Q86Y26-4_NUTM1_HU   447 S   NELCSQKVF   0.157   cdk5        . 
# sp_Q86Y26-4_NUTM1_HU   447 S   NELCSQKVF   0.110   PKA         . 
# sp_Q86Y26-4_NUTM1_HU   447 S   NELCSQKVF   0.099   PKB         . 
#
# sp_Q86Y26-4_NUTM1_HU   453 S   KVFVSKVEA   0.818   unsp       YES
# sp_Q86Y26-4_NUTM1_HU   453 S   KVFVSKVEA   0.489   CKII        . 
# sp_Q86Y26-4_NUTM1_HU   453 S   KVFVSKVEA   0.486   PKG         . 
# sp_Q86Y26-4_NUTM1_HU   453 S   KVFVSKVEA   0.442   cdc2        . 
# sp_Q86Y26-4_NUTM1_HU   453 S   KVFVSKVEA   0.436   CaM-II      . 
# sp_Q86Y26-4_NUTM1_HU   453 S   KVFVSKVEA   0.430   GSK3        . 
# sp_Q86Y26-4_NUTM1_HU   453 S   KVFVSKVEA   0.367   CKI         . 
# sp_Q86Y26-4_NUTM1_HU   453 S   KVFVSKVEA   0.339   DNAPK       . 
# sp_Q86Y26-4_NUTM1_HU   453 S   KVFVSKVEA   0.285   PKA         . 
# sp_Q86Y26-4_NUTM1_HU   453 S   KVFVSKVEA   0.275   p38MAPK     . 
# sp_Q86Y26-4_NUTM1_HU   453 S   KVFVSKVEA   0.273   ATM         . 
# sp_Q86Y26-4_NUTM1_HU   453 S   KVFVSKVEA   0.262   RSK         . 
# sp_Q86Y26-4_NUTM1_HU   453 S   KVFVSKVEA   0.158   PKC         . 
# sp_Q86Y26-4_NUTM1_HU   453 S   KVFVSKVEA   0.154   cdk5        . 
# sp_Q86Y26-4_NUTM1_HU   453 S   KVFVSKVEA   0.094   PKB         . 
#
# sp_Q86Y26-4_NUTM1_HU   469 S   ADLLSPEKQ   0.984   unsp       YES
# sp_Q86Y26-4_NUTM1_HU   469 S   ADLLSPEKQ   0.564   p38MAPK    YES
# sp_Q86Y26-4_NUTM1_HU   469 S   ADLLSPEKQ   0.515   cdk5       YES
# sp_Q86Y26-4_NUTM1_HU   469 S   ADLLSPEKQ   0.491   GSK3        . 
# sp_Q86Y26-4_NUTM1_HU   469 S   ADLLSPEKQ   0.470   CKI         . 
# sp_Q86Y26-4_NUTM1_HU   469 S   ADLLSPEKQ   0.425   CaM-II      . 
# sp_Q86Y26-4_NUTM1_HU   469 S   ADLLSPEKQ   0.408   RSK         . 
# sp_Q86Y26-4_NUTM1_HU   469 S   ADLLSPEKQ   0.359   cdc2        . 
# sp_Q86Y26-4_NUTM1_HU   469 S   ADLLSPEKQ   0.350   CKII        . 
# sp_Q86Y26-4_NUTM1_HU   469 S   ADLLSPEKQ   0.349   DNAPK       . 
# sp_Q86Y26-4_NUTM1_HU   469 S   ADLLSPEKQ   0.344   ATM         . 
# sp_Q86Y26-4_NUTM1_HU   469 S   ADLLSPEKQ   0.240   PKG         . 
# sp_Q86Y26-4_NUTM1_HU   469 S   ADLLSPEKQ   0.092   PKB         . 
# sp_Q86Y26-4_NUTM1_HU   469 S   ADLLSPEKQ   0.088   PKA         . 
# sp_Q86Y26-4_NUTM1_HU   469 S   ADLLSPEKQ   0.070   PKC         . 
#
# sp_Q86Y26-4_NUTM1_HU   490 T   EEGLTLAQL   0.495   PKA         . 
# sp_Q86Y26-4_NUTM1_HU   490 T   EEGLTLAQL   0.453   GSK3        . 
# sp_Q86Y26-4_NUTM1_HU   490 T   EEGLTLAQL   0.448   cdc2        . 
# sp_Q86Y26-4_NUTM1_HU   490 T   EEGLTLAQL   0.424   CaM-II      . 
# sp_Q86Y26-4_NUTM1_HU   490 T   EEGLTLAQL   0.365   DNAPK       . 
# sp_Q86Y26-4_NUTM1_HU   490 T   EEGLTLAQL   0.362   CKI         . 
# sp_Q86Y26-4_NUTM1_HU   490 T   EEGLTLAQL   0.344   p38MAPK     . 
# sp_Q86Y26-4_NUTM1_HU   490 T   EEGLTLAQL   0.338   CKII        . 
# sp_Q86Y26-4_NUTM1_HU   490 T   EEGLTLAQL   0.285   ATM         . 
# sp_Q86Y26-4_NUTM1_HU   490 T   EEGLTLAQL   0.257   PKG         . 
# sp_Q86Y26-4_NUTM1_HU   490 T   EEGLTLAQL   0.222   RSK         . 
# sp_Q86Y26-4_NUTM1_HU   490 T   EEGLTLAQL   0.140   cdk5        . 
# sp_Q86Y26-4_NUTM1_HU   490 T   EEGLTLAQL   0.106   unsp        . 
# sp_Q86Y26-4_NUTM1_HU   490 T   EEGLTLAQL   0.102   PKC         . 
# sp_Q86Y26-4_NUTM1_HU   490 T   EEGLTLAQL   0.092   PKB         . 
#
# sp_Q86Y26-4_NUTM1_HU   513 S   EAPPSFSGA   0.506   cdc2       YES
# sp_Q86Y26-4_NUTM1_HU   513 S   EAPPSFSGA   0.466   unsp        . 
# sp_Q86Y26-4_NUTM1_HU   513 S   EAPPSFSGA   0.465   GSK3        . 
# sp_Q86Y26-4_NUTM1_HU   513 S   EAPPSFSGA   0.423   CaM-II      . 
# sp_Q86Y26-4_NUTM1_HU   513 S   EAPPSFSGA   0.392   CKI         . 
# sp_Q86Y26-4_NUTM1_HU   513 S   EAPPSFSGA   0.358   DNAPK       . 
# sp_Q86Y26-4_NUTM1_HU   513 S   EAPPSFSGA   0.339   p38MAPK     . 
# sp_Q86Y26-4_NUTM1_HU   513 S   EAPPSFSGA   0.325   CKII        . 
# sp_Q86Y26-4_NUTM1_HU   513 S   EAPPSFSGA   0.308   RSK         . 
# sp_Q86Y26-4_NUTM1_HU   513 S   EAPPSFSGA   0.299   PKC         . 
# sp_Q86Y26-4_NUTM1_HU   513 S   EAPPSFSGA   0.280   PKG         . 
# sp_Q86Y26-4_NUTM1_HU   513 S   EAPPSFSGA   0.267   ATM         . 
# sp_Q86Y26-4_NUTM1_HU   513 S   EAPPSFSGA   0.165   cdk5        . 
# sp_Q86Y26-4_NUTM1_HU   513 S   EAPPSFSGA   0.101   PKA         . 
# sp_Q86Y26-4_NUTM1_HU   513 S   EAPPSFSGA   0.084   PKB         . 
#
# sp_Q86Y26-4_NUTM1_HU   515 S   PPSFSGAQL   0.461   GSK3        . 
# sp_Q86Y26-4_NUTM1_HU   515 S   PPSFSGAQL   0.454   CaM-II      . 
# sp_Q86Y26-4_NUTM1_HU   515 S   PPSFSGAQL   0.409   cdc2        . 
# sp_Q86Y26-4_NUTM1_HU   515 S   PPSFSGAQL   0.400   PKA         . 
# sp_Q86Y26-4_NUTM1_HU   515 S   PPSFSGAQL   0.370   CKI         . 
# sp_Q86Y26-4_NUTM1_HU   515 S   PPSFSGAQL   0.360   DNAPK       . 
# sp_Q86Y26-4_NUTM1_HU   515 S   PPSFSGAQL   0.341   CKII        . 
# sp_Q86Y26-4_NUTM1_HU   515 S   PPSFSGAQL   0.310   ATM         . 
# sp_Q86Y26-4_NUTM1_HU   515 S   PPSFSGAQL   0.293   PKG         . 
# sp_Q86Y26-4_NUTM1_HU   515 S   PPSFSGAQL   0.268   p38MAPK     . 
# sp_Q86Y26-4_NUTM1_HU   515 S   PPSFSGAQL   0.265   RSK         . 
# sp_Q86Y26-4_NUTM1_HU   515 S   PPSFSGAQL   0.171   cdk5        . 
# sp_Q86Y26-4_NUTM1_HU   515 S   PPSFSGAQL   0.168   unsp        . 
# sp_Q86Y26-4_NUTM1_HU   515 S   PPSFSGAQL   0.131   PKC         . 
# sp_Q86Y26-4_NUTM1_HU   515 S   PPSFSGAQL   0.076   PKB         . 
#
# sp_Q86Y26-4_NUTM1_HU   521 S   AQLDSSPSG   0.549   cdc2       YES
# sp_Q86Y26-4_NUTM1_HU   521 S   AQLDSSPSG   0.455   GSK3        . 
# sp_Q86Y26-4_NUTM1_HU   521 S   AQLDSSPSG   0.417   CaM-II      . 
# sp_Q86Y26-4_NUTM1_HU   521 S   AQLDSSPSG   0.371   CKI         . 
# sp_Q86Y26-4_NUTM1_HU   521 S   AQLDSSPSG   0.360   CKII        . 
# sp_Q86Y26-4_NUTM1_HU   521 S   AQLDSSPSG   0.341   DNAPK       . 
# sp_Q86Y26-4_NUTM1_HU   521 S   AQLDSSPSG   0.301   PKG         . 
# sp_Q86Y26-4_NUTM1_HU   521 S   AQLDSSPSG   0.293   ATM         . 
# sp_Q86Y26-4_NUTM1_HU   521 S   AQLDSSPSG   0.281   RSK         . 
# sp_Q86Y26-4_NUTM1_HU   521 S   AQLDSSPSG   0.280   p38MAPK     . 
# sp_Q86Y26-4_NUTM1_HU   521 S   AQLDSSPSG   0.177   cdk5        . 
# sp_Q86Y26-4_NUTM1_HU   521 S   AQLDSSPSG   0.151   PKC         . 
# sp_Q86Y26-4_NUTM1_HU   521 S   AQLDSSPSG   0.131   PKA         . 
# sp_Q86Y26-4_NUTM1_HU   521 S   AQLDSSPSG   0.097   PKB         . 
# sp_Q86Y26-4_NUTM1_HU   521 S   AQLDSSPSG   0.069   unsp        . 
#
# sp_Q86Y26-4_NUTM1_HU   522 S   QLDSSPSGS   0.993   unsp       YES
# sp_Q86Y26-4_NUTM1_HU   522 S   QLDSSPSGS   0.508   GSK3       YES
# sp_Q86Y26-4_NUTM1_HU   522 S   QLDSSPSGS   0.498   cdk5        . 
# sp_Q86Y26-4_NUTM1_HU   522 S   QLDSSPSGS   0.457   CaM-II      . 
# sp_Q86Y26-4_NUTM1_HU   522 S   QLDSSPSGS   0.450   p38MAPK     . 
# sp_Q86Y26-4_NUTM1_HU   522 S   QLDSSPSGS   0.432   DNAPK       . 
# sp_Q86Y26-4_NUTM1_HU   522 S   QLDSSPSGS   0.429   cdc2        . 
# sp_Q86Y26-4_NUTM1_HU   522 S   QLDSSPSGS   0.400   CKI         . 
# sp_Q86Y26-4_NUTM1_HU   522 S   QLDSSPSGS   0.354   RSK         . 
# sp_Q86Y26-4_NUTM1_HU   522 S   QLDSSPSGS   0.343   ATM         . 
# sp_Q86Y26-4_NUTM1_HU   522 S   QLDSSPSGS   0.271   CKII        . 
# sp_Q86Y26-4_NUTM1_HU   522 S   QLDSSPSGS   0.250   PKG         . 
# sp_Q86Y26-4_NUTM1_HU   522 S   QLDSSPSGS   0.097   PKA         . 
# sp_Q86Y26-4_NUTM1_HU   522 S   QLDSSPSGS   0.088   PKB         . 
# sp_Q86Y26-4_NUTM1_HU   522 S   QLDSSPSGS   0.062   PKC         . 
#
# sp_Q86Y26-4_NUTM1_HU   524 S   DSSPSGSVE   0.897   unsp       YES
# sp_Q86Y26-4_NUTM1_HU   524 S   DSSPSGSVE   0.535   CKII       YES
# sp_Q86Y26-4_NUTM1_HU   524 S   DSSPSGSVE   0.458   CaM-II      . 
# sp_Q86Y26-4_NUTM1_HU   524 S   DSSPSGSVE   0.449   GSK3        . 
# sp_Q86Y26-4_NUTM1_HU   524 S   DSSPSGSVE   0.432   cdc2        . 
# sp_Q86Y26-4_NUTM1_HU   524 S   DSSPSGSVE   0.413   CKI         . 
# sp_Q86Y26-4_NUTM1_HU   524 S   DSSPSGSVE   0.358   DNAPK       . 
# sp_Q86Y26-4_NUTM1_HU   524 S   DSSPSGSVE   0.289   RSK         . 
# sp_Q86Y26-4_NUTM1_HU   524 S   DSSPSGSVE   0.280   ATM         . 
# sp_Q86Y26-4_NUTM1_HU   524 S   DSSPSGSVE   0.258   p38MAPK     . 
# sp_Q86Y26-4_NUTM1_HU   524 S   DSSPSGSVE   0.234   PKG         . 
# sp_Q86Y26-4_NUTM1_HU   524 S   DSSPSGSVE   0.158   PKA         . 
# sp_Q86Y26-4_NUTM1_HU   524 S   DSSPSGSVE   0.144   cdk5        . 
# sp_Q86Y26-4_NUTM1_HU   524 S   DSSPSGSVE   0.100   PKC         . 
# sp_Q86Y26-4_NUTM1_HU   524 S   DSSPSGSVE   0.078   PKB         . 
#
# sp_Q86Y26-4_NUTM1_HU   526 S   SPSGSVEDE   0.998   unsp       YES
# sp_Q86Y26-4_NUTM1_HU   526 S   SPSGSVEDE   0.574   CKII       YES
# sp_Q86Y26-4_NUTM1_HU   526 S   SPSGSVEDE   0.462   GSK3        . 
# sp_Q86Y26-4_NUTM1_HU   526 S   SPSGSVEDE   0.436   CaM-II      . 
# sp_Q86Y26-4_NUTM1_HU   526 S   SPSGSVEDE   0.406   CKI         . 
# sp_Q86Y26-4_NUTM1_HU   526 S   SPSGSVEDE   0.402   cdc2        . 
# sp_Q86Y26-4_NUTM1_HU   526 S   SPSGSVEDE   0.382   DNAPK       . 
# sp_Q86Y26-4_NUTM1_HU   526 S   SPSGSVEDE   0.323   ATM         . 
# sp_Q86Y26-4_NUTM1_HU   526 S   SPSGSVEDE   0.292   RSK         . 
# sp_Q86Y26-4_NUTM1_HU   526 S   SPSGSVEDE   0.267   p38MAPK     . 
# sp_Q86Y26-4_NUTM1_HU   526 S   SPSGSVEDE   0.213   PKG         . 
# sp_Q86Y26-4_NUTM1_HU   526 S   SPSGSVEDE   0.189   PKA         . 
# sp_Q86Y26-4_NUTM1_HU   526 S   SPSGSVEDE   0.163   cdk5        . 
# sp_Q86Y26-4_NUTM1_HU   526 S   SPSGSVEDE   0.104   PKC         . 
# sp_Q86Y26-4_NUTM1_HU   526 S   SPSGSVEDE   0.074   PKB         . 
#
# sp_Q86Y26-4_NUTM1_HU   539 S   RLRPSPGLQ   0.990   unsp       YES
# sp_Q86Y26-4_NUTM1_HU   539 S   RLRPSPGLQ   0.579   PKA        YES
# sp_Q86Y26-4_NUTM1_HU   539 S   RLRPSPGLQ   0.539   cdk5       YES
# sp_Q86Y26-4_NUTM1_HU   539 S   RLRPSPGLQ   0.522   GSK3       YES
# sp_Q86Y26-4_NUTM1_HU   539 S   RLRPSPGLQ   0.467   p38MAPK     . 
# sp_Q86Y26-4_NUTM1_HU   539 S   RLRPSPGLQ   0.421   CaM-II      . 
# sp_Q86Y26-4_NUTM1_HU   539 S   RLRPSPGLQ   0.402   cdc2        . 
# sp_Q86Y26-4_NUTM1_HU   539 S   RLRPSPGLQ   0.364   CKI         . 
# sp_Q86Y26-4_NUTM1_HU   539 S   RLRPSPGLQ   0.358   DNAPK       . 
# sp_Q86Y26-4_NUTM1_HU   539 S   RLRPSPGLQ   0.352   PKG         . 
# sp_Q86Y26-4_NUTM1_HU   539 S   RLRPSPGLQ   0.348   RSK         . 
# sp_Q86Y26-4_NUTM1_HU   539 S   RLRPSPGLQ   0.301   ATM         . 
# sp_Q86Y26-4_NUTM1_HU   539 S   RLRPSPGLQ   0.249   CKII        . 
# sp_Q86Y26-4_NUTM1_HU   539 S   RLRPSPGLQ   0.093   PKB         . 
# sp_Q86Y26-4_NUTM1_HU   539 S   RLRPSPGLQ   0.065   PKC         . 
#
# sp_Q86Y26-4_NUTM1_HU   555 S   LGKVSSSGK   0.444   CaM-II      . 
# sp_Q86Y26-4_NUTM1_HU   555 S   LGKVSSSGK   0.441   cdc2        . 
# sp_Q86Y26-4_NUTM1_HU   555 S   LGKVSSSGK   0.436   GSK3        . 
# sp_Q86Y26-4_NUTM1_HU   555 S   LGKVSSSGK   0.432   PKG         . 
# sp_Q86Y26-4_NUTM1_HU   555 S   LGKVSSSGK   0.367   CKI         . 
# sp_Q86Y26-4_NUTM1_HU   555 S   LGKVSSSGK   0.343   DNAPK       . 
# sp_Q86Y26-4_NUTM1_HU   555 S   LGKVSSSGK   0.343   CKII        . 
# sp_Q86Y26-4_NUTM1_HU   555 S   LGKVSSSGK   0.281   p38MAPK     . 
# sp_Q86Y26-4_NUTM1_HU   555 S   LGKVSSSGK   0.280   ATM         . 
# sp_Q86Y26-4_NUTM1_HU   555 S   LGKVSSSGK   0.270   PKA         . 
# sp_Q86Y26-4_NUTM1_HU   555 S   LGKVSSSGK   0.255   RSK         . 
# sp_Q86Y26-4_NUTM1_HU   555 S   LGKVSSSGK   0.182   cdk5        . 
# sp_Q86Y26-4_NUTM1_HU   555 S   LGKVSSSGK   0.160   PKC         . 
# sp_Q86Y26-4_NUTM1_HU   555 S   LGKVSSSGK   0.136   unsp        . 
# sp_Q86Y26-4_NUTM1_HU   555 S   LGKVSSSGK   0.078   PKB         . 
#
# sp_Q86Y26-4_NUTM1_HU   556 S   GKVSSSGKR   0.496   PKC         . 
# sp_Q86Y26-4_NUTM1_HU   556 S   GKVSSSGKR   0.438   GSK3        . 
# sp_Q86Y26-4_NUTM1_HU   556 S   GKVSSSGKR   0.422   CaM-II      . 
# sp_Q86Y26-4_NUTM1_HU   556 S   GKVSSSGKR   0.410   cdc2        . 
# sp_Q86Y26-4_NUTM1_HU   556 S   GKVSSSGKR   0.374   CKI         . 
# sp_Q86Y26-4_NUTM1_HU   556 S   GKVSSSGKR   0.355   DNAPK       . 
# sp_Q86Y26-4_NUTM1_HU   556 S   GKVSSSGKR   0.321   RSK         . 
# sp_Q86Y26-4_NUTM1_HU   556 S   GKVSSSGKR   0.295   p38MAPK     . 
# sp_Q86Y26-4_NUTM1_HU   556 S   GKVSSSGKR   0.272   PKG         . 
# sp_Q86Y26-4_NUTM1_HU   556 S   GKVSSSGKR   0.267   ATM         . 
# sp_Q86Y26-4_NUTM1_HU   556 S   GKVSSSGKR   0.262   CKII        . 
# sp_Q86Y26-4_NUTM1_HU   556 S   GKVSSSGKR   0.197   PKA         . 
# sp_Q86Y26-4_NUTM1_HU   556 S   GKVSSSGKR   0.175   cdk5        . 
# sp_Q86Y26-4_NUTM1_HU   556 S   GKVSSSGKR   0.078   PKB         . 
# sp_Q86Y26-4_NUTM1_HU   556 S   GKVSSSGKR   0.024   unsp        . 
#
# sp_Q86Y26-4_NUTM1_HU   557 S   KVSSSGKRA   0.997   unsp       YES
# sp_Q86Y26-4_NUTM1_HU   557 S   KVSSSGKRA   0.837   PKC        YES
# sp_Q86Y26-4_NUTM1_HU   557 S   KVSSSGKRA   0.479   cdc2        . 
# sp_Q86Y26-4_NUTM1_HU   557 S   KVSSSGKRA   0.430   GSK3        . 
# sp_Q86Y26-4_NUTM1_HU   557 S   KVSSSGKRA   0.427   CaM-II      . 
# sp_Q86Y26-4_NUTM1_HU   557 S   KVSSSGKRA   0.398   CKII        . 
# sp_Q86Y26-4_NUTM1_HU   557 S   KVSSSGKRA   0.382   CKI         . 
# sp_Q86Y26-4_NUTM1_HU   557 S   KVSSSGKRA   0.351   DNAPK       . 
# sp_Q86Y26-4_NUTM1_HU   557 S   KVSSSGKRA   0.287   ATM         . 
# sp_Q86Y26-4_NUTM1_HU   557 S   KVSSSGKRA   0.269   PKG         . 
# sp_Q86Y26-4_NUTM1_HU   557 S   KVSSSGKRA   0.260   p38MAPK     . 
# sp_Q86Y26-4_NUTM1_HU   557 S   KVSSSGKRA   0.235   RSK         . 
# sp_Q86Y26-4_NUTM1_HU   557 S   KVSSSGKRA   0.191   cdk5        . 
# sp_Q86Y26-4_NUTM1_HU   557 S   KVSSSGKRA   0.175   PKA         . 
# sp_Q86Y26-4_NUTM1_HU   557 S   KVSSSGKRA   0.080   PKB         . 
#
# sp_Q86Y26-4_NUTM1_HU   574 S   QALDSPRGM   0.982   unsp       YES
# sp_Q86Y26-4_NUTM1_HU   574 S   QALDSPRGM   0.586   p38MAPK    YES
# sp_Q86Y26-4_NUTM1_HU   574 S   QALDSPRGM   0.497   GSK3        . 
# sp_Q86Y26-4_NUTM1_HU   574 S   QALDSPRGM   0.460   CaM-II      . 
# sp_Q86Y26-4_NUTM1_HU   574 S   QALDSPRGM   0.434   cdk5        . 
# sp_Q86Y26-4_NUTM1_HU   574 S   QALDSPRGM   0.419   cdc2        . 
# sp_Q86Y26-4_NUTM1_HU   574 S   QALDSPRGM   0.406   CKI         . 
# sp_Q86Y26-4_NUTM1_HU   574 S   QALDSPRGM   0.340   DNAPK       . 
# sp_Q86Y26-4_NUTM1_HU   574 S   QALDSPRGM   0.315   RSK         . 
# sp_Q86Y26-4_NUTM1_HU   574 S   QALDSPRGM   0.288   ATM         . 
# sp_Q86Y26-4_NUTM1_HU   574 S   QALDSPRGM   0.256   CKII        . 
# sp_Q86Y26-4_NUTM1_HU   574 S   QALDSPRGM   0.210   PKG         . 
# sp_Q86Y26-4_NUTM1_HU   574 S   QALDSPRGM   0.207   PKC         . 
# sp_Q86Y26-4_NUTM1_HU   574 S   QALDSPRGM   0.079   PKB         . 
# sp_Q86Y26-4_NUTM1_HU   574 S   QALDSPRGM   0.077   PKA         . 
#
# sp_Q86Y26-4_NUTM1_HU   584 T   RDGNTLPSP   0.575   PKC        YES
# sp_Q86Y26-4_NUTM1_HU   584 T   RDGNTLPSP   0.535   cdc2       YES
# sp_Q86Y26-4_NUTM1_HU   584 T   RDGNTLPSP   0.467   GSK3        . 
# sp_Q86Y26-4_NUTM1_HU   584 T   RDGNTLPSP   0.438   CaM-II      . 
# sp_Q86Y26-4_NUTM1_HU   584 T   RDGNTLPSP   0.383   DNAPK       . 
# sp_Q86Y26-4_NUTM1_HU   584 T   RDGNTLPSP   0.375   CKI         . 
# sp_Q86Y26-4_NUTM1_HU   584 T   RDGNTLPSP   0.306   p38MAPK     . 
# sp_Q86Y26-4_NUTM1_HU   584 T   RDGNTLPSP   0.266   CKII        . 
# sp_Q86Y26-4_NUTM1_HU   584 T   RDGNTLPSP   0.262   ATM         . 
# sp_Q86Y26-4_NUTM1_HU   584 T   RDGNTLPSP   0.247   cdk5        . 
# sp_Q86Y26-4_NUTM1_HU   584 T   RDGNTLPSP   0.239   PKG         . 
# sp_Q86Y26-4_NUTM1_HU   584 T   RDGNTLPSP   0.234   RSK         . 
# sp_Q86Y26-4_NUTM1_HU   584 T   RDGNTLPSP   0.210   PKA         . 
# sp_Q86Y26-4_NUTM1_HU   584 T   RDGNTLPSP   0.107   PKB         . 
# sp_Q86Y26-4_NUTM1_HU   584 T   RDGNTLPSP   0.092   unsp        . 
#
# sp_Q86Y26-4_NUTM1_HU   587 S   NTLPSPSSW   0.981   unsp       YES
# sp_Q86Y26-4_NUTM1_HU   587 S   NTLPSPSSW   0.502   GSK3       YES
# sp_Q86Y26-4_NUTM1_HU   587 S   NTLPSPSSW   0.501   cdk5       YES
# sp_Q86Y26-4_NUTM1_HU   587 S   NTLPSPSSW   0.467   cdc2        . 
# sp_Q86Y26-4_NUTM1_HU   587 S   NTLPSPSSW   0.442   p38MAPK     . 
# sp_Q86Y26-4_NUTM1_HU   587 S   NTLPSPSSW   0.431   CaM-II      . 
# sp_Q86Y26-4_NUTM1_HU   587 S   NTLPSPSSW   0.391   CKI         . 
# sp_Q86Y26-4_NUTM1_HU   587 S   NTLPSPSSW   0.347   DNAPK       . 
# sp_Q86Y26-4_NUTM1_HU   587 S   NTLPSPSSW   0.321   RSK         . 
# sp_Q86Y26-4_NUTM1_HU   587 S   NTLPSPSSW   0.321   CKII        . 
# sp_Q86Y26-4_NUTM1_HU   587 S   NTLPSPSSW   0.307   PKG         . 
# sp_Q86Y26-4_NUTM1_HU   587 S   NTLPSPSSW   0.264   ATM         . 
# sp_Q86Y26-4_NUTM1_HU   587 S   NTLPSPSSW   0.241   PKA         . 
# sp_Q86Y26-4_NUTM1_HU   587 S   NTLPSPSSW   0.089   PKB         . 
# sp_Q86Y26-4_NUTM1_HU   587 S   NTLPSPSSW   0.061   PKC         . 
#
# sp_Q86Y26-4_NUTM1_HU   589 S   LPSPSSWDL   0.935   unsp       YES
# sp_Q86Y26-4_NUTM1_HU   589 S   LPSPSSWDL   0.454   CaM-II      . 
# sp_Q86Y26-4_NUTM1_HU   589 S   LPSPSSWDL   0.454   GSK3        . 
# sp_Q86Y26-4_NUTM1_HU   589 S   LPSPSSWDL   0.398   PKA         . 
# sp_Q86Y26-4_NUTM1_HU   589 S   LPSPSSWDL   0.367   CKI         . 
# sp_Q86Y26-4_NUTM1_HU   589 S   LPSPSSWDL   0.358   CKII        . 
# sp_Q86Y26-4_NUTM1_HU   589 S   LPSPSSWDL   0.349   DNAPK       . 
# sp_Q86Y26-4_NUTM1_HU   589 S   LPSPSSWDL   0.336   cdc2        . 
# sp_Q86Y26-4_NUTM1_HU   589 S   LPSPSSWDL   0.306   PKG         . 
# sp_Q86Y26-4_NUTM1_HU   589 S   LPSPSSWDL   0.276   ATM         . 
# sp_Q86Y26-4_NUTM1_HU   589 S   LPSPSSWDL   0.265   RSK         . 
# sp_Q86Y26-4_NUTM1_HU   589 S   LPSPSSWDL   0.257   p38MAPK     . 
# sp_Q86Y26-4_NUTM1_HU   589 S   LPSPSSWDL   0.190   cdk5        . 
# sp_Q86Y26-4_NUTM1_HU   589 S   LPSPSSWDL   0.072   PKB         . 
# sp_Q86Y26-4_NUTM1_HU   589 S   LPSPSSWDL   0.069   PKC         . 
#
# sp_Q86Y26-4_NUTM1_HU   590 S   PSPSSWDLQ   0.668   unsp       YES
# sp_Q86Y26-4_NUTM1_HU   590 S   PSPSSWDLQ   0.543   CKI        YES
# sp_Q86Y26-4_NUTM1_HU   590 S   PSPSSWDLQ   0.461   CaM-II      . 
# sp_Q86Y26-4_NUTM1_HU   590 S   PSPSSWDLQ   0.445   GSK3        . 
# sp_Q86Y26-4_NUTM1_HU   590 S   PSPSSWDLQ   0.438   CKII        . 
# sp_Q86Y26-4_NUTM1_HU   590 S   PSPSSWDLQ   0.420   cdc2        . 
# sp_Q86Y26-4_NUTM1_HU   590 S   PSPSSWDLQ   0.381   DNAPK       . 
# sp_Q86Y26-4_NUTM1_HU   590 S   PSPSSWDLQ   0.368   p38MAPK     . 
# sp_Q86Y26-4_NUTM1_HU   590 S   PSPSSWDLQ   0.319   PKC         . 
# sp_Q86Y26-4_NUTM1_HU   590 S   PSPSSWDLQ   0.309   RSK         . 
# sp_Q86Y26-4_NUTM1_HU   590 S   PSPSSWDLQ   0.303   ATM         . 
# sp_Q86Y26-4_NUTM1_HU   590 S   PSPSSWDLQ   0.222   cdk5        . 
# sp_Q86Y26-4_NUTM1_HU   590 S   PSPSSWDLQ   0.216   PKA         . 
# sp_Q86Y26-4_NUTM1_HU   590 S   PSPSSWDLQ   0.214   PKG         . 
# sp_Q86Y26-4_NUTM1_HU   590 S   PSPSSWDLQ   0.092   PKB         . 
#
# sp_Q86Y26-4_NUTM1_HU   603 T   APQGTPGPL   0.905   unsp       YES
# sp_Q86Y26-4_NUTM1_HU   603 T   APQGTPGPL   0.512   GSK3       YES
# sp_Q86Y26-4_NUTM1_HU   603 T   APQGTPGPL   0.484   cdk5        . 
# sp_Q86Y26-4_NUTM1_HU   603 T   APQGTPGPL   0.446   p38MAPK     . 
# sp_Q86Y26-4_NUTM1_HU   603 T   APQGTPGPL   0.440   CaM-II      . 
# sp_Q86Y26-4_NUTM1_HU   603 T   APQGTPGPL   0.370   CKI         . 
# sp_Q86Y26-4_NUTM1_HU   603 T   APQGTPGPL   0.360   cdc2        . 
# sp_Q86Y26-4_NUTM1_HU   603 T   APQGTPGPL   0.348   DNAPK       . 
# sp_Q86Y26-4_NUTM1_HU   603 T   APQGTPGPL   0.336   PKG         . 
# sp_Q86Y26-4_NUTM1_HU   603 T   APQGTPGPL   0.263   ATM         . 
# sp_Q86Y26-4_NUTM1_HU   603 T   APQGTPGPL   0.225   RSK         . 
# sp_Q86Y26-4_NUTM1_HU   603 T   APQGTPGPL   0.225   CKII        . 
# sp_Q86Y26-4_NUTM1_HU   603 T   APQGTPGPL   0.201   PKA         . 
# sp_Q86Y26-4_NUTM1_HU   603 T   APQGTPGPL   0.080   PKB         . 
# sp_Q86Y26-4_NUTM1_HU   603 T   APQGTPGPL   0.049   PKC         . 
#
# sp_Q86Y26-4_NUTM1_HU   614 S   ERRGSGKVI   0.994   unsp       YES
# sp_Q86Y26-4_NUTM1_HU   614 S   ERRGSGKVI   0.813   PKA        YES
# sp_Q86Y26-4_NUTM1_HU   614 S   ERRGSGKVI   0.681   PKC        YES
# sp_Q86Y26-4_NUTM1_HU   614 S   ERRGSGKVI   0.487   RSK         . 
# sp_Q86Y26-4_NUTM1_HU   614 S   ERRGSGKVI   0.484   PKG         . 
# sp_Q86Y26-4_NUTM1_HU   614 S   ERRGSGKVI   0.460   CaM-II      . 
# sp_Q86Y26-4_NUTM1_HU   614 S   ERRGSGKVI   0.456   GSK3        . 
# sp_Q86Y26-4_NUTM1_HU   614 S   ERRGSGKVI   0.434   cdc2        . 
# sp_Q86Y26-4_NUTM1_HU   614 S   ERRGSGKVI   0.361   DNAPK       . 
# sp_Q86Y26-4_NUTM1_HU   614 S   ERRGSGKVI   0.357   CKI         . 
# sp_Q86Y26-4_NUTM1_HU   614 S   ERRGSGKVI   0.331   p38MAPK     . 
# sp_Q86Y26-4_NUTM1_HU   614 S   ERRGSGKVI   0.307   ATM         . 
# sp_Q86Y26-4_NUTM1_HU   614 S   ERRGSGKVI   0.265   PKB         . 
# sp_Q86Y26-4_NUTM1_HU   614 S   ERRGSGKVI   0.209   CKII        . 
# sp_Q86Y26-4_NUTM1_HU   614 S   ERRGSGKVI   0.166   cdk5        . 
#
# sp_Q86Y26-4_NUTM1_HU   622 S   INQVSLHQD   0.462   CaM-II      . 
# sp_Q86Y26-4_NUTM1_HU   622 S   INQVSLHQD   0.453   GSK3        . 
# sp_Q86Y26-4_NUTM1_HU   622 S   INQVSLHQD   0.362   CKI         . 
# sp_Q86Y26-4_NUTM1_HU   622 S   INQVSLHQD   0.359   DNAPK       . 
# sp_Q86Y26-4_NUTM1_HU   622 S   INQVSLHQD   0.358   cdc2        . 
# sp_Q86Y26-4_NUTM1_HU   622 S   INQVSLHQD   0.342   CKII        . 
# sp_Q86Y26-4_NUTM1_HU   622 S   INQVSLHQD   0.329   PKG         . 
# sp_Q86Y26-4_NUTM1_HU   622 S   INQVSLHQD   0.292   ATM         . 
# sp_Q86Y26-4_NUTM1_HU   622 S   INQVSLHQD   0.272   p38MAPK     . 
# sp_Q86Y26-4_NUTM1_HU   622 S   INQVSLHQD   0.272   RSK         . 
# sp_Q86Y26-4_NUTM1_HU   622 S   INQVSLHQD   0.232   PKC         . 
# sp_Q86Y26-4_NUTM1_HU   622 S   INQVSLHQD   0.222   cdk5        . 
# sp_Q86Y26-4_NUTM1_HU   622 S   INQVSLHQD   0.201   PKA         . 
# sp_Q86Y26-4_NUTM1_HU   622 S   INQVSLHQD   0.081   PKB         . 
# sp_Q86Y26-4_NUTM1_HU   622 S   INQVSLHQD   0.016   unsp        . 
#
# sp_Q86Y26-4_NUTM1_HU   644 T   VADRTSEAL   0.435   GSK3        . 
# sp_Q86Y26-4_NUTM1_HU   644 T   VADRTSEAL   0.423   CaM-II      . 
# sp_Q86Y26-4_NUTM1_HU   644 T   VADRTSEAL   0.371   CKI         . 
# sp_Q86Y26-4_NUTM1_HU   644 T   VADRTSEAL   0.356   CKII        . 
# sp_Q86Y26-4_NUTM1_HU   644 T   VADRTSEAL   0.353   DNAPK       . 
# sp_Q86Y26-4_NUTM1_HU   644 T   VADRTSEAL   0.329   p38MAPK     . 
# sp_Q86Y26-4_NUTM1_HU   644 T   VADRTSEAL   0.321   cdc2        . 
# sp_Q86Y26-4_NUTM1_HU   644 T   VADRTSEAL   0.305   PKG         . 
# sp_Q86Y26-4_NUTM1_HU   644 T   VADRTSEAL   0.256   RSK         . 
# sp_Q86Y26-4_NUTM1_HU   644 T   VADRTSEAL   0.250   ATM         . 
# sp_Q86Y26-4_NUTM1_HU   644 T   VADRTSEAL   0.233   unsp        . 
# sp_Q86Y26-4_NUTM1_HU   644 T   VADRTSEAL   0.185   cdk5        . 
# sp_Q86Y26-4_NUTM1_HU   644 T   VADRTSEAL   0.167   PKC         . 
# sp_Q86Y26-4_NUTM1_HU   644 T   VADRTSEAL   0.127   PKA         . 
# sp_Q86Y26-4_NUTM1_HU   644 T   VADRTSEAL   0.073   PKB         . 
#
# sp_Q86Y26-4_NUTM1_HU   645 S   ADRTSEALP   0.661   PKA        YES
# sp_Q86Y26-4_NUTM1_HU   645 S   ADRTSEALP   0.454   GSK3        . 
# sp_Q86Y26-4_NUTM1_HU   645 S   ADRTSEALP   0.444   CaM-II      . 
# sp_Q86Y26-4_NUTM1_HU   645 S   ADRTSEALP   0.383   cdc2        . 
# sp_Q86Y26-4_NUTM1_HU   645 S   ADRTSEALP   0.383   CKII        . 
# sp_Q86Y26-4_NUTM1_HU   645 S   ADRTSEALP   0.375   CKI         . 
# sp_Q86Y26-4_NUTM1_HU   645 S   ADRTSEALP   0.363   DNAPK       . 
# sp_Q86Y26-4_NUTM1_HU   645 S   ADRTSEALP   0.350   PKG         . 
# sp_Q86Y26-4_NUTM1_HU   645 S   ADRTSEALP   0.341   unsp        . 
# sp_Q86Y26-4_NUTM1_HU   645 S   ADRTSEALP   0.326   RSK         . 
# sp_Q86Y26-4_NUTM1_HU   645 S   ADRTSEALP   0.311   ATM         . 
# sp_Q86Y26-4_NUTM1_HU   645 S   ADRTSEALP   0.304   p38MAPK     . 
# sp_Q86Y26-4_NUTM1_HU   645 S   ADRTSEALP   0.186   cdk5        . 
# sp_Q86Y26-4_NUTM1_HU   645 S   ADRTSEALP   0.086   PKB         . 
# sp_Q86Y26-4_NUTM1_HU   645 S   ADRTSEALP   0.079   PKC         . 
#
# sp_Q86Y26-4_NUTM1_HU   660 S   FQPESTPSL   0.491   GSK3        . 
# sp_Q86Y26-4_NUTM1_HU   660 S   FQPESTPSL   0.444   cdc2        . 
# sp_Q86Y26-4_NUTM1_HU   660 S   FQPESTPSL   0.435   CaM-II      . 
# sp_Q86Y26-4_NUTM1_HU   660 S   FQPESTPSL   0.428   PKA         . 
# sp_Q86Y26-4_NUTM1_HU   660 S   FQPESTPSL   0.400   unsp        . 
# sp_Q86Y26-4_NUTM1_HU   660 S   FQPESTPSL   0.372   CKII        . 
# sp_Q86Y26-4_NUTM1_HU   660 S   FQPESTPSL   0.366   DNAPK       . 
# sp_Q86Y26-4_NUTM1_HU   660 S   FQPESTPSL   0.361   CKI         . 
# sp_Q86Y26-4_NUTM1_HU   660 S   FQPESTPSL   0.337   p38MAPK     . 
# sp_Q86Y26-4_NUTM1_HU   660 S   FQPESTPSL   0.288   ATM         . 
# sp_Q86Y26-4_NUTM1_HU   660 S   FQPESTPSL   0.281   RSK         . 
# sp_Q86Y26-4_NUTM1_HU   660 S   FQPESTPSL   0.276   PKG         . 
# sp_Q86Y26-4_NUTM1_HU   660 S   FQPESTPSL   0.241   cdk5        . 
# sp_Q86Y26-4_NUTM1_HU   660 S   FQPESTPSL   0.109   PKC         . 
# sp_Q86Y26-4_NUTM1_HU   660 S   FQPESTPSL   0.088   PKB         . 
#
# sp_Q86Y26-4_NUTM1_HU   661 T   QPESTPSLD   0.888   unsp       YES
# sp_Q86Y26-4_NUTM1_HU   661 T   QPESTPSLD   0.490   p38MAPK     . 
# sp_Q86Y26-4_NUTM1_HU   661 T   QPESTPSLD   0.472   GSK3        . 
# sp_Q86Y26-4_NUTM1_HU   661 T   QPESTPSLD   0.439   CaM-II      . 
# sp_Q86Y26-4_NUTM1_HU   661 T   QPESTPSLD   0.432   cdk5        . 
# sp_Q86Y26-4_NUTM1_HU   661 T   QPESTPSLD   0.394   cdc2        . 
# sp_Q86Y26-4_NUTM1_HU   661 T   QPESTPSLD   0.360   CKI         . 
# sp_Q86Y26-4_NUTM1_HU   661 T   QPESTPSLD   0.357   DNAPK       . 
# sp_Q86Y26-4_NUTM1_HU   661 T   QPESTPSLD   0.354   CKII        . 
# sp_Q86Y26-4_NUTM1_HU   661 T   QPESTPSLD   0.257   PKG         . 
# sp_Q86Y26-4_NUTM1_HU   661 T   QPESTPSLD   0.254   RSK         . 
# sp_Q86Y26-4_NUTM1_HU   661 T   QPESTPSLD   0.246   ATM         . 
# sp_Q86Y26-4_NUTM1_HU   661 T   QPESTPSLD   0.102   PKA         . 
# sp_Q86Y26-4_NUTM1_HU   661 T   QPESTPSLD   0.074   PKB         . 
# sp_Q86Y26-4_NUTM1_HU   661 T   QPESTPSLD   0.040   PKC         . 
#
# sp_Q86Y26-4_NUTM1_HU   663 S   ESTPSLDAG   0.499   DNAPK       . 
# sp_Q86Y26-4_NUTM1_HU   663 S   ESTPSLDAG   0.451   cdc2        . 
# sp_Q86Y26-4_NUTM1_HU   663 S   ESTPSLDAG   0.444   unsp        . 
# sp_Q86Y26-4_NUTM1_HU   663 S   ESTPSLDAG   0.443   CaM-II      . 
# sp_Q86Y26-4_NUTM1_HU   663 S   ESTPSLDAG   0.438   PKA         . 
# sp_Q86Y26-4_NUTM1_HU   663 S   ESTPSLDAG   0.435   GSK3        . 
# sp_Q86Y26-4_NUTM1_HU   663 S   ESTPSLDAG   0.369   CKI         . 
# sp_Q86Y26-4_NUTM1_HU   663 S   ESTPSLDAG   0.327   CKII        . 
# sp_Q86Y26-4_NUTM1_HU   663 S   ESTPSLDAG   0.319   p38MAPK     . 
# sp_Q86Y26-4_NUTM1_HU   663 S   ESTPSLDAG   0.311   ATM         . 
# sp_Q86Y26-4_NUTM1_HU   663 S   ESTPSLDAG   0.264   PKG         . 
# sp_Q86Y26-4_NUTM1_HU   663 S   ESTPSLDAG   0.256   RSK         . 
# sp_Q86Y26-4_NUTM1_HU   663 S   ESTPSLDAG   0.171   cdk5        . 
# sp_Q86Y26-4_NUTM1_HU   663 S   ESTPSLDAG   0.114   PKC         . 
# sp_Q86Y26-4_NUTM1_HU   663 S   ESTPSLDAG   0.079   PKB         . 
#
# sp_Q86Y26-4_NUTM1_HU   692 T   KGQQTGGRG   0.499   unsp        . 
# sp_Q86Y26-4_NUTM1_HU   692 T   KGQQTGGRG   0.437   GSK3        . 
# sp_Q86Y26-4_NUTM1_HU   692 T   KGQQTGGRG   0.431   CaM-II      . 
# sp_Q86Y26-4_NUTM1_HU   692 T   KGQQTGGRG   0.361   CKI         . 
# sp_Q86Y26-4_NUTM1_HU   692 T   KGQQTGGRG   0.360   cdc2        . 
# sp_Q86Y26-4_NUTM1_HU   692 T   KGQQTGGRG   0.343   DNAPK       . 
# sp_Q86Y26-4_NUTM1_HU   692 T   KGQQTGGRG   0.314   p38MAPK     . 
# sp_Q86Y26-4_NUTM1_HU   692 T   KGQQTGGRG   0.310   CKII        . 
# sp_Q86Y26-4_NUTM1_HU   692 T   KGQQTGGRG   0.277   PKC         . 
# sp_Q86Y26-4_NUTM1_HU   692 T   KGQQTGGRG   0.275   PKG         . 
# sp_Q86Y26-4_NUTM1_HU   692 T   KGQQTGGRG   0.246   ATM         . 
# sp_Q86Y26-4_NUTM1_HU   692 T   KGQQTGGRG   0.220   RSK         . 
# sp_Q86Y26-4_NUTM1_HU   692 T   KGQQTGGRG   0.219   cdk5        . 
# sp_Q86Y26-4_NUTM1_HU   692 T   KGQQTGGRG   0.218   PKA         . 
# sp_Q86Y26-4_NUTM1_HU   692 T   KGQQTGGRG   0.096   PKB         . 
#
# sp_Q86Y26-4_NUTM1_HU   712 S   PWEGSSGAM   0.482   CKI         . 
# sp_Q86Y26-4_NUTM1_HU   712 S   PWEGSSGAM   0.461   GSK3        . 
# sp_Q86Y26-4_NUTM1_HU   712 S   PWEGSSGAM   0.436   CaM-II      . 
# sp_Q86Y26-4_NUTM1_HU   712 S   PWEGSSGAM   0.377   cdc2        . 
# sp_Q86Y26-4_NUTM1_HU   712 S   PWEGSSGAM   0.366   DNAPK       . 
# sp_Q86Y26-4_NUTM1_HU   712 S   PWEGSSGAM   0.322   PKA         . 
# sp_Q86Y26-4_NUTM1_HU   712 S   PWEGSSGAM   0.322   CKII        . 
# sp_Q86Y26-4_NUTM1_HU   712 S   PWEGSSGAM   0.282   PKG         . 
# sp_Q86Y26-4_NUTM1_HU   712 S   PWEGSSGAM   0.277   ATM         . 
# sp_Q86Y26-4_NUTM1_HU   712 S   PWEGSSGAM   0.270   p38MAPK     . 
# sp_Q86Y26-4_NUTM1_HU   712 S   PWEGSSGAM   0.257   RSK         . 
# sp_Q86Y26-4_NUTM1_HU   712 S   PWEGSSGAM   0.173   cdk5        . 
# sp_Q86Y26-4_NUTM1_HU   712 S   PWEGSSGAM   0.170   PKC         . 
# sp_Q86Y26-4_NUTM1_HU   712 S   PWEGSSGAM   0.087   PKB         . 
# sp_Q86Y26-4_NUTM1_HU   712 S   PWEGSSGAM   0.003   unsp        . 
#
# sp_Q86Y26-4_NUTM1_HU   713 S   WEGSSGAMW   0.464   cdc2        . 
# sp_Q86Y26-4_NUTM1_HU   713 S   WEGSSGAMW   0.457   GSK3        . 
# sp_Q86Y26-4_NUTM1_HU   713 S   WEGSSGAMW   0.453   CaM-II      . 
# sp_Q86Y26-4_NUTM1_HU   713 S   WEGSSGAMW   0.394   PKA         . 
# sp_Q86Y26-4_NUTM1_HU   713 S   WEGSSGAMW   0.378   CKI         . 
# sp_Q86Y26-4_NUTM1_HU   713 S   WEGSSGAMW   0.368   CKII        . 
# sp_Q86Y26-4_NUTM1_HU   713 S   WEGSSGAMW   0.357   DNAPK       . 
# sp_Q86Y26-4_NUTM1_HU   713 S   WEGSSGAMW   0.323   ATM         . 
# sp_Q86Y26-4_NUTM1_HU   713 S   WEGSSGAMW   0.323   PKG         . 
# sp_Q86Y26-4_NUTM1_HU   713 S   WEGSSGAMW   0.295   p38MAPK     . 
# sp_Q86Y26-4_NUTM1_HU   713 S   WEGSSGAMW   0.270   RSK         . 
# sp_Q86Y26-4_NUTM1_HU   713 S   WEGSSGAMW   0.214   cdk5        . 
# sp_Q86Y26-4_NUTM1_HU   713 S   WEGSSGAMW   0.125   PKC         . 
# sp_Q86Y26-4_NUTM1_HU   713 S   WEGSSGAMW   0.086   PKB         . 
# sp_Q86Y26-4_NUTM1_HU   713 S   WEGSSGAMW   0.014   unsp        . 
#
# sp_Q86Y26-4_NUTM1_HU   723 T   DDRGTPMAQ   0.876   unsp       YES
# sp_Q86Y26-4_NUTM1_HU   723 T   DDRGTPMAQ   0.490   GSK3        . 
# sp_Q86Y26-4_NUTM1_HU   723 T   DDRGTPMAQ   0.478   cdk5        . 
# sp_Q86Y26-4_NUTM1_HU   723 T   DDRGTPMAQ   0.463   p38MAPK     . 
# sp_Q86Y26-4_NUTM1_HU   723 T   DDRGTPMAQ   0.413   CaM-II      . 
# sp_Q86Y26-4_NUTM1_HU   723 T   DDRGTPMAQ   0.382   CKI         . 
# sp_Q86Y26-4_NUTM1_HU   723 T   DDRGTPMAQ   0.378   cdc2        . 
# sp_Q86Y26-4_NUTM1_HU   723 T   DDRGTPMAQ   0.355   CKII        . 
# sp_Q86Y26-4_NUTM1_HU   723 T   DDRGTPMAQ   0.352   DNAPK       . 
# sp_Q86Y26-4_NUTM1_HU   723 T   DDRGTPMAQ   0.324   RSK         . 
# sp_Q86Y26-4_NUTM1_HU   723 T   DDRGTPMAQ   0.266   ATM         . 
# sp_Q86Y26-4_NUTM1_HU   723 T   DDRGTPMAQ   0.239   PKG         . 
# sp_Q86Y26-4_NUTM1_HU   723 T   DDRGTPMAQ   0.149   PKA         . 
# sp_Q86Y26-4_NUTM1_HU   723 T   DDRGTPMAQ   0.144   PKC         . 
# sp_Q86Y26-4_NUTM1_HU   723 T   DDRGTPMAQ   0.104   PKB         . 
#
# sp_Q86Y26-4_NUTM1_HU   728 S   PMAQSYDQN   0.810   PKC        YES
# sp_Q86Y26-4_NUTM1_HU   728 S   PMAQSYDQN   0.613   unsp       YES
# sp_Q86Y26-4_NUTM1_HU   728 S   PMAQSYDQN   0.474   CaM-II      . 
# sp_Q86Y26-4_NUTM1_HU   728 S   PMAQSYDQN   0.444   GSK3        . 
# sp_Q86Y26-4_NUTM1_HU   728 S   PMAQSYDQN   0.415   cdc2        . 
# sp_Q86Y26-4_NUTM1_HU   728 S   PMAQSYDQN   0.395   DNAPK       . 
# sp_Q86Y26-4_NUTM1_HU   728 S   PMAQSYDQN   0.386   CKII        . 
# sp_Q86Y26-4_NUTM1_HU   728 S   PMAQSYDQN   0.363   CKI         . 
# sp_Q86Y26-4_NUTM1_HU   728 S   PMAQSYDQN   0.328   RSK         . 
# sp_Q86Y26-4_NUTM1_HU   728 S   PMAQSYDQN   0.319   ATM         . 
# sp_Q86Y26-4_NUTM1_HU   728 S   PMAQSYDQN   0.313   PKA         . 
# sp_Q86Y26-4_NUTM1_HU   728 S   PMAQSYDQN   0.298   p38MAPK     . 
# sp_Q86Y26-4_NUTM1_HU   728 S   PMAQSYDQN   0.274   PKG         . 
# sp_Q86Y26-4_NUTM1_HU   728 S   PMAQSYDQN   0.234   cdk5        . 
# sp_Q86Y26-4_NUTM1_HU   728 S   PMAQSYDQN   0.135   PKB         . 
#
# sp_Q86Y26-4_NUTM1_HU   729 Y   MAQSYDQNP   0.658   unsp       YES
# sp_Q86Y26-4_NUTM1_HU   729 Y   MAQSYDQNP   0.442   INSR        . 
# sp_Q86Y26-4_NUTM1_HU   729 Y   MAQSYDQNP   0.369   EGFR        . 
# sp_Q86Y26-4_NUTM1_HU   729 Y   MAQSYDQNP   0.309   SRC         . 
#
# sp_Q86Y26-4_NUTM1_HU   734 S   DQNPSPRAA   0.947   unsp       YES
# sp_Q86Y26-4_NUTM1_HU   734 S   DQNPSPRAA   0.541   p38MAPK    YES
# sp_Q86Y26-4_NUTM1_HU   734 S   DQNPSPRAA   0.523   cdk5       YES
# sp_Q86Y26-4_NUTM1_HU   734 S   DQNPSPRAA   0.489   GSK3        . 
# sp_Q86Y26-4_NUTM1_HU   734 S   DQNPSPRAA   0.426   CaM-II      . 
# sp_Q86Y26-4_NUTM1_HU   734 S   DQNPSPRAA   0.371   CKI         . 
# sp_Q86Y26-4_NUTM1_HU   734 S   DQNPSPRAA   0.355   cdc2        . 
# sp_Q86Y26-4_NUTM1_HU   734 S   DQNPSPRAA   0.353   DNAPK       . 
# sp_Q86Y26-4_NUTM1_HU   734 S   DQNPSPRAA   0.312   RSK         . 
# sp_Q86Y26-4_NUTM1_HU   734 S   DQNPSPRAA   0.310   CKII        . 
# sp_Q86Y26-4_NUTM1_HU   734 S   DQNPSPRAA   0.275   ATM         . 
# sp_Q86Y26-4_NUTM1_HU   734 S   DQNPSPRAA   0.228   PKG         . 
# sp_Q86Y26-4_NUTM1_HU   734 S   DQNPSPRAA   0.221   PKC         . 
# sp_Q86Y26-4_NUTM1_HU   734 S   DQNPSPRAA   0.083   PKA         . 
# sp_Q86Y26-4_NUTM1_HU   734 S   DQNPSPRAA   0.077   PKB         . 
#
# sp_Q86Y26-4_NUTM1_HU   747 S   DVCLSPGVW   0.623   p38MAPK    YES
# sp_Q86Y26-4_NUTM1_HU   747 S   DVCLSPGVW   0.503   GSK3       YES
# sp_Q86Y26-4_NUTM1_HU   747 S   DVCLSPGVW   0.481   cdc2        . 
# sp_Q86Y26-4_NUTM1_HU   747 S   DVCLSPGVW   0.457   cdk5        . 
# sp_Q86Y26-4_NUTM1_HU   747 S   DVCLSPGVW   0.442   ATM         . 
# sp_Q86Y26-4_NUTM1_HU   747 S   DVCLSPGVW   0.428   CaM-II      . 
# sp_Q86Y26-4_NUTM1_HU   747 S   DVCLSPGVW   0.396   CKI         . 
# sp_Q86Y26-4_NUTM1_HU   747 S   DVCLSPGVW   0.351   DNAPK       . 
# sp_Q86Y26-4_NUTM1_HU   747 S   DVCLSPGVW   0.321   RSK         . 
# sp_Q86Y26-4_NUTM1_HU   747 S   DVCLSPGVW   0.298   PKA         . 
# sp_Q86Y26-4_NUTM1_HU   747 S   DVCLSPGVW   0.296   unsp        . 
# sp_Q86Y26-4_NUTM1_HU   747 S   DVCLSPGVW   0.287   CKII        . 
# sp_Q86Y26-4_NUTM1_HU   747 S   DVCLSPGVW   0.246   PKG         . 
# sp_Q86Y26-4_NUTM1_HU   747 S   DVCLSPGVW   0.100   PKB         . 
# sp_Q86Y26-4_NUTM1_HU   747 S   DVCLSPGVW   0.081   PKC         . 
#
# sp_Q86Y26-4_NUTM1_HU   753 S   GVWLSSEMD   0.435   GSK3        . 
# sp_Q86Y26-4_NUTM1_HU   753 S   GVWLSSEMD   0.432   CKII        . 
# sp_Q86Y26-4_NUTM1_HU   753 S   GVWLSSEMD   0.412   CaM-II      . 
# sp_Q86Y26-4_NUTM1_HU   753 S   GVWLSSEMD   0.408   cdc2        . 
# sp_Q86Y26-4_NUTM1_HU   753 S   GVWLSSEMD   0.391   DNAPK       . 
# sp_Q86Y26-4_NUTM1_HU   753 S   GVWLSSEMD   0.378   CKI         . 
# sp_Q86Y26-4_NUTM1_HU   753 S   GVWLSSEMD   0.345   ATM         . 
# sp_Q86Y26-4_NUTM1_HU   753 S   GVWLSSEMD   0.327   PKG         . 
# sp_Q86Y26-4_NUTM1_HU   753 S   GVWLSSEMD   0.322   p38MAPK     . 
# sp_Q86Y26-4_NUTM1_HU   753 S   GVWLSSEMD   0.294   PKA         . 
# sp_Q86Y26-4_NUTM1_HU   753 S   GVWLSSEMD   0.288   RSK         . 
# sp_Q86Y26-4_NUTM1_HU   753 S   GVWLSSEMD   0.279   unsp        . 
# sp_Q86Y26-4_NUTM1_HU   753 S   GVWLSSEMD   0.151   cdk5        . 
# sp_Q86Y26-4_NUTM1_HU   753 S   GVWLSSEMD   0.073   PKC         . 
# sp_Q86Y26-4_NUTM1_HU   753 S   GVWLSSEMD   0.072   PKB         . 
#
# sp_Q86Y26-4_NUTM1_HU   754 S   VWLSSEMDA   0.966   unsp       YES
# sp_Q86Y26-4_NUTM1_HU   754 S   VWLSSEMDA   0.556   cdc2       YES
# sp_Q86Y26-4_NUTM1_HU   754 S   VWLSSEMDA   0.472   CKII        . 
# sp_Q86Y26-4_NUTM1_HU   754 S   VWLSSEMDA   0.443   CKI         . 
# sp_Q86Y26-4_NUTM1_HU   754 S   VWLSSEMDA   0.430   GSK3        . 
# sp_Q86Y26-4_NUTM1_HU   754 S   VWLSSEMDA   0.422   CaM-II      . 
# sp_Q86Y26-4_NUTM1_HU   754 S   VWLSSEMDA   0.388   RSK         . 
# sp_Q86Y26-4_NUTM1_HU   754 S   VWLSSEMDA   0.342   DNAPK       . 
# sp_Q86Y26-4_NUTM1_HU   754 S   VWLSSEMDA   0.318   ATM         . 
# sp_Q86Y26-4_NUTM1_HU   754 S   VWLSSEMDA   0.316   p38MAPK     . 
# sp_Q86Y26-4_NUTM1_HU   754 S   VWLSSEMDA   0.241   PKG         . 
# sp_Q86Y26-4_NUTM1_HU   754 S   VWLSSEMDA   0.201   cdk5        . 
# sp_Q86Y26-4_NUTM1_HU   754 S   VWLSSEMDA   0.171   PKA         . 
# sp_Q86Y26-4_NUTM1_HU   754 S   VWLSSEMDA   0.148   PKC         . 
# sp_Q86Y26-4_NUTM1_HU   754 S   VWLSSEMDA   0.099   PKB         . 
#
# sp_Q86Y26-4_NUTM1_HU   773 S   EVIESFQVE   0.500   CKII        . 
# sp_Q86Y26-4_NUTM1_HU   773 S   EVIESFQVE   0.449   GSK3        . 
# sp_Q86Y26-4_NUTM1_HU   773 S   EVIESFQVE   0.447   CaM-II      . 
# sp_Q86Y26-4_NUTM1_HU   773 S   EVIESFQVE   0.407   cdc2        . 
# sp_Q86Y26-4_NUTM1_HU   773 S   EVIESFQVE   0.396   DNAPK       . 
# sp_Q86Y26-4_NUTM1_HU   773 S   EVIESFQVE   0.370   CKI         . 
# sp_Q86Y26-4_NUTM1_HU   773 S   EVIESFQVE   0.353   p38MAPK     . 
# sp_Q86Y26-4_NUTM1_HU   773 S   EVIESFQVE   0.297   PKC         . 
# sp_Q86Y26-4_NUTM1_HU   773 S   EVIESFQVE   0.289   ATM         . 
# sp_Q86Y26-4_NUTM1_HU   773 S   EVIESFQVE   0.259   RSK         . 
# sp_Q86Y26-4_NUTM1_HU   773 S   EVIESFQVE   0.241   PKG         . 
# sp_Q86Y26-4_NUTM1_HU   773 S   EVIESFQVE   0.164   PKA         . 
# sp_Q86Y26-4_NUTM1_HU   773 S   EVIESFQVE   0.155   cdk5        . 
# sp_Q86Y26-4_NUTM1_HU   773 S   EVIESFQVE   0.117   PKB         . 
# sp_Q86Y26-4_NUTM1_HU   773 S   EVIESFQVE   0.019   unsp        . 
#
# sp_Q86Y26-4_NUTM1_HU   781 T   EKCVTEYQE   0.475   CKII        . 
# sp_Q86Y26-4_NUTM1_HU   781 T   EKCVTEYQE   0.462   CaM-II      . 
# sp_Q86Y26-4_NUTM1_HU   781 T   EKCVTEYQE   0.409   GSK3        . 
# sp_Q86Y26-4_NUTM1_HU   781 T   EKCVTEYQE   0.358   CKI         . 
# sp_Q86Y26-4_NUTM1_HU   781 T   EKCVTEYQE   0.350   cdc2        . 
# sp_Q86Y26-4_NUTM1_HU   781 T   EKCVTEYQE   0.340   DNAPK       . 
# sp_Q86Y26-4_NUTM1_HU   781 T   EKCVTEYQE   0.337   p38MAPK     . 
# sp_Q86Y26-4_NUTM1_HU   781 T   EKCVTEYQE   0.273   PKG         . 
# sp_Q86Y26-4_NUTM1_HU   781 T   EKCVTEYQE   0.234   ATM         . 
# sp_Q86Y26-4_NUTM1_HU   781 T   EKCVTEYQE   0.207   PKC         . 
# sp_Q86Y26-4_NUTM1_HU   781 T   EKCVTEYQE   0.189   RSK         . 
# sp_Q86Y26-4_NUTM1_HU   781 T   EKCVTEYQE   0.171   PKA         . 
# sp_Q86Y26-4_NUTM1_HU   781 T   EKCVTEYQE   0.168   unsp        . 
# sp_Q86Y26-4_NUTM1_HU   781 T   EKCVTEYQE   0.145   cdk5        . 
# sp_Q86Y26-4_NUTM1_HU   781 T   EKCVTEYQE   0.101   PKB         . 
#
# sp_Q86Y26-4_NUTM1_HU   783 Y   CVTEYQEGC   0.552   unsp       YES
# sp_Q86Y26-4_NUTM1_HU   783 Y   CVTEYQEGC   0.500   EGFR       YES
# sp_Q86Y26-4_NUTM1_HU   783 Y   CVTEYQEGC   0.478   INSR        . 
# sp_Q86Y26-4_NUTM1_HU   783 Y   CVTEYQEGC   0.450   SRC         . 
#
# sp_Q86Y26-4_NUTM1_HU   792 S   QGLGSRGNI   0.491   PKC         . 
# sp_Q86Y26-4_NUTM1_HU   792 S   QGLGSRGNI   0.468   GSK3        . 
# sp_Q86Y26-4_NUTM1_HU   792 S   QGLGSRGNI   0.444   CaM-II      . 
# sp_Q86Y26-4_NUTM1_HU   792 S   QGLGSRGNI   0.440   cdc2        . 
# sp_Q86Y26-4_NUTM1_HU   792 S   QGLGSRGNI   0.371   ATM         . 
# sp_Q86Y26-4_NUTM1_HU   792 S   QGLGSRGNI   0.367   CKI         . 
# sp_Q86Y26-4_NUTM1_HU   792 S   QGLGSRGNI   0.357   PKA         . 
# sp_Q86Y26-4_NUTM1_HU   792 S   QGLGSRGNI   0.350   DNAPK       . 
# sp_Q86Y26-4_NUTM1_HU   792 S   QGLGSRGNI   0.323   RSK         . 
# sp_Q86Y26-4_NUTM1_HU   792 S   QGLGSRGNI   0.318   p38MAPK     . 
# sp_Q86Y26-4_NUTM1_HU   792 S   QGLGSRGNI   0.291   CKII        . 
# sp_Q86Y26-4_NUTM1_HU   792 S   QGLGSRGNI   0.274   PKG         . 
# sp_Q86Y26-4_NUTM1_HU   792 S   QGLGSRGNI   0.153   cdk5        . 
# sp_Q86Y26-4_NUTM1_HU   792 S   QGLGSRGNI   0.090   PKB         . 
# sp_Q86Y26-4_NUTM1_HU   792 S   QGLGSRGNI   0.089   unsp        . 
#
# sp_Q86Y26-4_NUTM1_HU   797 S   RGNISLGPG   0.686   PKA        YES
# sp_Q86Y26-4_NUTM1_HU   797 S   RGNISLGPG   0.671   unsp       YES
# sp_Q86Y26-4_NUTM1_HU   797 S   RGNISLGPG   0.513   cdc2       YES
# sp_Q86Y26-4_NUTM1_HU   797 S   RGNISLGPG   0.448   GSK3        . 
# sp_Q86Y26-4_NUTM1_HU   797 S   RGNISLGPG   0.413   CaM-II      . 
# sp_Q86Y26-4_NUTM1_HU   797 S   RGNISLGPG   0.400   DNAPK       . 
# sp_Q86Y26-4_NUTM1_HU   797 S   RGNISLGPG   0.370   CKI         . 
# sp_Q86Y26-4_NUTM1_HU   797 S   RGNISLGPG   0.317   CKII        . 
# sp_Q86Y26-4_NUTM1_HU   797 S   RGNISLGPG   0.289   p38MAPK     . 
# sp_Q86Y26-4_NUTM1_HU   797 S   RGNISLGPG   0.276   PKG         . 
# sp_Q86Y26-4_NUTM1_HU   797 S   RGNISLGPG   0.271   ATM         . 
# sp_Q86Y26-4_NUTM1_HU   797 S   RGNISLGPG   0.254   RSK         . 
# sp_Q86Y26-4_NUTM1_HU   797 S   RGNISLGPG   0.148   cdk5        . 
# sp_Q86Y26-4_NUTM1_HU   797 S   RGNISLGPG   0.085   PKB         . 
# sp_Q86Y26-4_NUTM1_HU   797 S   RGNISLGPG   0.080   PKC         . 
#
# sp_Q86Y26-4_NUTM1_HU   803 T   GPGETLVPG   0.580   unsp       YES
# sp_Q86Y26-4_NUTM1_HU   803 T   GPGETLVPG   0.453   GSK3        . 
# sp_Q86Y26-4_NUTM1_HU   803 T   GPGETLVPG   0.452   cdc2        . 
# sp_Q86Y26-4_NUTM1_HU   803 T   GPGETLVPG   0.422   CaM-II      . 
# sp_Q86Y26-4_NUTM1_HU   803 T   GPGETLVPG   0.407   CKI         . 
# sp_Q86Y26-4_NUTM1_HU   803 T   GPGETLVPG   0.350   DNAPK       . 
# sp_Q86Y26-4_NUTM1_HU   803 T   GPGETLVPG   0.327   PKG         . 
# sp_Q86Y26-4_NUTM1_HU   803 T   GPGETLVPG   0.311   CKII        . 
# sp_Q86Y26-4_NUTM1_HU   803 T   GPGETLVPG   0.266   p38MAPK     . 
# sp_Q86Y26-4_NUTM1_HU   803 T   GPGETLVPG   0.237   ATM         . 
# sp_Q86Y26-4_NUTM1_HU   803 T   GPGETLVPG   0.223   PKA         . 
# sp_Q86Y26-4_NUTM1_HU   803 T   GPGETLVPG   0.182   RSK         . 
# sp_Q86Y26-4_NUTM1_HU   803 T   GPGETLVPG   0.162   cdk5        . 
# sp_Q86Y26-4_NUTM1_HU   803 T   GPGETLVPG   0.075   PKB         . 
# sp_Q86Y26-4_NUTM1_HU   803 T   GPGETLVPG   0.061   PKC         . 
#
# sp_Q86Y26-4_NUTM1_HU   809 T   VPGDTESSV   0.738   unsp       YES
# sp_Q86Y26-4_NUTM1_HU   809 T   VPGDTESSV   0.538   CKI        YES
# sp_Q86Y26-4_NUTM1_HU   809 T   VPGDTESSV   0.457   CaM-II      . 
# sp_Q86Y26-4_NUTM1_HU   809 T   VPGDTESSV   0.443   GSK3        . 
# sp_Q86Y26-4_NUTM1_HU   809 T   VPGDTESSV   0.423   cdc2        . 
# sp_Q86Y26-4_NUTM1_HU   809 T   VPGDTESSV   0.346   CKII        . 
# sp_Q86Y26-4_NUTM1_HU   809 T   VPGDTESSV   0.337   DNAPK       . 
# sp_Q86Y26-4_NUTM1_HU   809 T   VPGDTESSV   0.283   p38MAPK     . 
# sp_Q86Y26-4_NUTM1_HU   809 T   VPGDTESSV   0.262   PKG         . 
# sp_Q86Y26-4_NUTM1_HU   809 T   VPGDTESSV   0.240   ATM         . 
# sp_Q86Y26-4_NUTM1_HU   809 T   VPGDTESSV   0.236   RSK         . 
# sp_Q86Y26-4_NUTM1_HU   809 T   VPGDTESSV   0.173   cdk5        . 
# sp_Q86Y26-4_NUTM1_HU   809 T   VPGDTESSV   0.130   PKA         . 
# sp_Q86Y26-4_NUTM1_HU   809 T   VPGDTESSV   0.079   PKB         . 
# sp_Q86Y26-4_NUTM1_HU   809 T   VPGDTESSV   0.063   PKC         . 
#
# sp_Q86Y26-4_NUTM1_HU   811 S   GDTESSVIP   0.476   cdc2        . 
# sp_Q86Y26-4_NUTM1_HU   811 S   GDTESSVIP   0.456   CKI         . 
# sp_Q86Y26-4_NUTM1_HU   811 S   GDTESSVIP   0.452   GSK3        . 
# sp_Q86Y26-4_NUTM1_HU   811 S   GDTESSVIP   0.448   CaM-II      . 
# sp_Q86Y26-4_NUTM1_HU   811 S   GDTESSVIP   0.357   CKII        . 
# sp_Q86Y26-4_NUTM1_HU   811 S   GDTESSVIP   0.355   DNAPK       . 
# sp_Q86Y26-4_NUTM1_HU   811 S   GDTESSVIP   0.338   p38MAPK     . 
# sp_Q86Y26-4_NUTM1_HU   811 S   GDTESSVIP   0.317   PKG         . 
# sp_Q86Y26-4_NUTM1_HU   811 S   GDTESSVIP   0.314   ATM         . 
# sp_Q86Y26-4_NUTM1_HU   811 S   GDTESSVIP   0.264   RSK         . 
# sp_Q86Y26-4_NUTM1_HU   811 S   GDTESSVIP   0.201   PKA         . 
# sp_Q86Y26-4_NUTM1_HU   811 S   GDTESSVIP   0.198   cdk5        . 
# sp_Q86Y26-4_NUTM1_HU   811 S   GDTESSVIP   0.105   PKC         . 
# sp_Q86Y26-4_NUTM1_HU   811 S   GDTESSVIP   0.083   PKB         . 
# sp_Q86Y26-4_NUTM1_HU   811 S   GDTESSVIP   0.017   unsp        . 
#
# sp_Q86Y26-4_NUTM1_HU   812 S   DTESSVIPC   0.500   cdc2        . 
# sp_Q86Y26-4_NUTM1_HU   812 S   DTESSVIPC   0.436   GSK3        . 
# sp_Q86Y26-4_NUTM1_HU   812 S   DTESSVIPC   0.435   CaM-II      . 
# sp_Q86Y26-4_NUTM1_HU   812 S   DTESSVIPC   0.411   CKI         . 
# sp_Q86Y26-4_NUTM1_HU   812 S   DTESSVIPC   0.375   CKII        . 
# sp_Q86Y26-4_NUTM1_HU   812 S   DTESSVIPC   0.348   DNAPK       . 
# sp_Q86Y26-4_NUTM1_HU   812 S   DTESSVIPC   0.337   PKC         . 
# sp_Q86Y26-4_NUTM1_HU   812 S   DTESSVIPC   0.317   PKG         . 
# sp_Q86Y26-4_NUTM1_HU   812 S   DTESSVIPC   0.305   RSK         . 
# sp_Q86Y26-4_NUTM1_HU   812 S   DTESSVIPC   0.296   ATM         . 
# sp_Q86Y26-4_NUTM1_HU   812 S   DTESSVIPC   0.252   p38MAPK     . 
# sp_Q86Y26-4_NUTM1_HU   812 S   DTESSVIPC   0.240   cdk5        . 
# sp_Q86Y26-4_NUTM1_HU   812 S   DTESSVIPC   0.214   PKA         . 
# sp_Q86Y26-4_NUTM1_HU   812 S   DTESSVIPC   0.077   PKB         . 
# sp_Q86Y26-4_NUTM1_HU   812 S   DTESSVIPC   0.066   unsp        . 
#
# sp_Q86Y26-4_NUTM1_HU   819 T   PCGGTVAAA   0.488   PKC         . 
# sp_Q86Y26-4_NUTM1_HU   819 T   PCGGTVAAA   0.459   CaM-II      . 
# sp_Q86Y26-4_NUTM1_HU   819 T   PCGGTVAAA   0.448   cdc2        . 
# sp_Q86Y26-4_NUTM1_HU   819 T   PCGGTVAAA   0.437   GSK3        . 
# sp_Q86Y26-4_NUTM1_HU   819 T   PCGGTVAAA   0.361   CKI         . 
# sp_Q86Y26-4_NUTM1_HU   819 T   PCGGTVAAA   0.345   DNAPK       . 
# sp_Q86Y26-4_NUTM1_HU   819 T   PCGGTVAAA   0.325   p38MAPK     . 
# sp_Q86Y26-4_NUTM1_HU   819 T   PCGGTVAAA   0.306   CKII        . 
# sp_Q86Y26-4_NUTM1_HU   819 T   PCGGTVAAA   0.255   PKG         . 
# sp_Q86Y26-4_NUTM1_HU   819 T   PCGGTVAAA   0.241   ATM         . 
# sp_Q86Y26-4_NUTM1_HU   819 T   PCGGTVAAA   0.234   RSK         . 
# sp_Q86Y26-4_NUTM1_HU   819 T   PCGGTVAAA   0.214   PKA         . 
# sp_Q86Y26-4_NUTM1_HU   819 T   PCGGTVAAA   0.171   cdk5        . 
# sp_Q86Y26-4_NUTM1_HU   819 T   PCGGTVAAA   0.124   unsp        . 
# sp_Q86Y26-4_NUTM1_HU   819 T   PCGGTVAAA   0.077   PKB         . 
#
# sp_Q86Y26-4_NUTM1_HU   830 Y   EKRNYCSLP   0.817   unsp       YES
# sp_Q86Y26-4_NUTM1_HU   830 Y   EKRNYCSLP   0.490   EGFR        . 
# sp_Q86Y26-4_NUTM1_HU   830 Y   EKRNYCSLP   0.449   INSR        . 
# sp_Q86Y26-4_NUTM1_HU   830 Y   EKRNYCSLP   0.388   SRC         . 
#
# sp_Q86Y26-4_NUTM1_HU   832 S   RNYCSLPGP   0.534   PKA        YES
# sp_Q86Y26-4_NUTM1_HU   832 S   RNYCSLPGP   0.488   GSK3        . 
# sp_Q86Y26-4_NUTM1_HU   832 S   RNYCSLPGP   0.457   cdc2        . 
# sp_Q86Y26-4_NUTM1_HU   832 S   RNYCSLPGP   0.447   CaM-II      . 
# sp_Q86Y26-4_NUTM1_HU   832 S   RNYCSLPGP   0.405   CKI         . 
# sp_Q86Y26-4_NUTM1_HU   832 S   RNYCSLPGP   0.400   DNAPK       . 
# sp_Q86Y26-4_NUTM1_HU   832 S   RNYCSLPGP   0.348   p38MAPK     . 
# sp_Q86Y26-4_NUTM1_HU   832 S   RNYCSLPGP   0.303   PKG         . 
# sp_Q86Y26-4_NUTM1_HU   832 S   RNYCSLPGP   0.297   ATM         . 
# sp_Q86Y26-4_NUTM1_HU   832 S   RNYCSLPGP   0.286   PKC         . 
# sp_Q86Y26-4_NUTM1_HU   832 S   RNYCSLPGP   0.266   CKII        . 
# sp_Q86Y26-4_NUTM1_HU   832 S   RNYCSLPGP   0.255   RSK         . 
# sp_Q86Y26-4_NUTM1_HU   832 S   RNYCSLPGP   0.219   cdk5        . 
# sp_Q86Y26-4_NUTM1_HU   832 S   RNYCSLPGP   0.093   PKB         . 
# sp_Q86Y26-4_NUTM1_HU   832 S   RNYCSLPGP   0.011   unsp        . 
#
# sp_Q86Y26-4_NUTM1_HU   841 S   LRANSPPLR   0.715   unsp       YES
# sp_Q86Y26-4_NUTM1_HU   841 S   LRANSPPLR   0.634   cdk5       YES
# sp_Q86Y26-4_NUTM1_HU   841 S   LRANSPPLR   0.516   PKA        YES
# sp_Q86Y26-4_NUTM1_HU   841 S   LRANSPPLR   0.500   GSK3        . 
# sp_Q86Y26-4_NUTM1_HU   841 S   LRANSPPLR   0.461   CaM-II      . 
# sp_Q86Y26-4_NUTM1_HU   841 S   LRANSPPLR   0.440   RSK         . 
# sp_Q86Y26-4_NUTM1_HU   841 S   LRANSPPLR   0.404   PKG         . 
# sp_Q86Y26-4_NUTM1_HU   841 S   LRANSPPLR   0.398   cdc2        . 
# sp_Q86Y26-4_NUTM1_HU   841 S   LRANSPPLR   0.395   p38MAPK     . 
# sp_Q86Y26-4_NUTM1_HU   841 S   LRANSPPLR   0.373   DNAPK       . 
# sp_Q86Y26-4_NUTM1_HU   841 S   LRANSPPLR   0.359   CKI         . 
# sp_Q86Y26-4_NUTM1_HU   841 S   LRANSPPLR   0.316   ATM         . 
# sp_Q86Y26-4_NUTM1_HU   841 S   LRANSPPLR   0.210   CKII        . 
# sp_Q86Y26-4_NUTM1_HU   841 S   LRANSPPLR   0.194   PKB         . 
# sp_Q86Y26-4_NUTM1_HU   841 S   LRANSPPLR   0.050   PKC         . 
#
# sp_Q86Y26-4_NUTM1_HU   846 S   PPLRSKENQ   0.992   unsp       YES
# sp_Q86Y26-4_NUTM1_HU   846 S   PPLRSKENQ   0.452   CaM-II      . 
# sp_Q86Y26-4_NUTM1_HU   846 S   PPLRSKENQ   0.450   GSK3        . 
# sp_Q86Y26-4_NUTM1_HU   846 S   PPLRSKENQ   0.448   cdc2        . 
# sp_Q86Y26-4_NUTM1_HU   846 S   PPLRSKENQ   0.362   CKI         . 
# sp_Q86Y26-4_NUTM1_HU   846 S   PPLRSKENQ   0.346   DNAPK       . 
# sp_Q86Y26-4_NUTM1_HU   846 S   PPLRSKENQ   0.345   PKG         . 
# sp_Q86Y26-4_NUTM1_HU   846 S   PPLRSKENQ   0.343   p38MAPK     . 
# sp_Q86Y26-4_NUTM1_HU   846 S   PPLRSKENQ   0.341   CKII        . 
# sp_Q86Y26-4_NUTM1_HU   846 S   PPLRSKENQ   0.322   RSK         . 
# sp_Q86Y26-4_NUTM1_HU   846 S   PPLRSKENQ   0.307   ATM         . 
# sp_Q86Y26-4_NUTM1_HU   846 S   PPLRSKENQ   0.248   PKA         . 
# sp_Q86Y26-4_NUTM1_HU   846 S   PPLRSKENQ   0.190   cdk5        . 
# sp_Q86Y26-4_NUTM1_HU   846 S   PPLRSKENQ   0.122   PKC         . 
# sp_Q86Y26-4_NUTM1_HU   846 S   PPLRSKENQ   0.089   PKB         . 
#
# sp_Q86Y26-4_NUTM1_HU   853 S   NQEQSCETV   0.461   CKII        . 
# sp_Q86Y26-4_NUTM1_HU   853 S   NQEQSCETV   0.451   CaM-II      . 
# sp_Q86Y26-4_NUTM1_HU   853 S   NQEQSCETV   0.443   GSK3        . 
# sp_Q86Y26-4_NUTM1_HU   853 S   NQEQSCETV   0.423   CKI         . 
# sp_Q86Y26-4_NUTM1_HU   853 S   NQEQSCETV   0.422   cdc2        . 
# sp_Q86Y26-4_NUTM1_HU   853 S   NQEQSCETV   0.375   DNAPK       . 
# sp_Q86Y26-4_NUTM1_HU   853 S   NQEQSCETV   0.325   p38MAPK     . 
# sp_Q86Y26-4_NUTM1_HU   853 S   NQEQSCETV   0.298   ATM         . 
# sp_Q86Y26-4_NUTM1_HU   853 S   NQEQSCETV   0.276   RSK         . 
# sp_Q86Y26-4_NUTM1_HU   853 S   NQEQSCETV   0.236   cdk5        . 
# sp_Q86Y26-4_NUTM1_HU   853 S   NQEQSCETV   0.213   PKG         . 
# sp_Q86Y26-4_NUTM1_HU   853 S   NQEQSCETV   0.132   PKA         . 
# sp_Q86Y26-4_NUTM1_HU   853 S   NQEQSCETV   0.087   PKC         . 
# sp_Q86Y26-4_NUTM1_HU   853 S   NQEQSCETV   0.079   PKB         . 
# sp_Q86Y26-4_NUTM1_HU   853 S   NQEQSCETV   0.041   unsp        . 
#
# sp_Q86Y26-4_NUTM1_HU   856 T   QSCETVGHP   0.688   PKC        YES
# sp_Q86Y26-4_NUTM1_HU   856 T   QSCETVGHP   0.483   CaM-II      . 
# sp_Q86Y26-4_NUTM1_HU   856 T   QSCETVGHP   0.479   cdc2        . 
# sp_Q86Y26-4_NUTM1_HU   856 T   QSCETVGHP   0.442   GSK3        . 
# sp_Q86Y26-4_NUTM1_HU   856 T   QSCETVGHP   0.408   p38MAPK     . 
# sp_Q86Y26-4_NUTM1_HU   856 T   QSCETVGHP   0.401   CKI         . 
# sp_Q86Y26-4_NUTM1_HU   856 T   QSCETVGHP   0.344   DNAPK       . 
# sp_Q86Y26-4_NUTM1_HU   856 T   QSCETVGHP   0.335   CKII        . 
# sp_Q86Y26-4_NUTM1_HU   856 T   QSCETVGHP   0.263   ATM         . 
# sp_Q86Y26-4_NUTM1_HU   856 T   QSCETVGHP   0.243   cdk5        . 
# sp_Q86Y26-4_NUTM1_HU   856 T   QSCETVGHP   0.232   RSK         . 
# sp_Q86Y26-4_NUTM1_HU   856 T   QSCETVGHP   0.227   PKG         . 
# sp_Q86Y26-4_NUTM1_HU   856 T   QSCETVGHP   0.088   PKA         . 
# sp_Q86Y26-4_NUTM1_HU   856 T   QSCETVGHP   0.086   PKB         . 
# sp_Q86Y26-4_NUTM1_HU   856 T   QSCETVGHP   0.040   unsp        . 
#
# sp_Q86Y26-4_NUTM1_HU   861 S   VGHPSDLWA   0.599   CKII       YES
# sp_Q86Y26-4_NUTM1_HU   861 S   VGHPSDLWA   0.503   cdc2       YES
# sp_Q86Y26-4_NUTM1_HU   861 S   VGHPSDLWA   0.500   unsp       YES
# sp_Q86Y26-4_NUTM1_HU   861 S   VGHPSDLWA   0.449   GSK3        . 
# sp_Q86Y26-4_NUTM1_HU   861 S   VGHPSDLWA   0.431   CaM-II      . 
# sp_Q86Y26-4_NUTM1_HU   861 S   VGHPSDLWA   0.374   CKI         . 
# sp_Q86Y26-4_NUTM1_HU   861 S   VGHPSDLWA   0.347   ATM         . 
# sp_Q86Y26-4_NUTM1_HU   861 S   VGHPSDLWA   0.338   DNAPK       . 
# sp_Q86Y26-4_NUTM1_HU   861 S   VGHPSDLWA   0.300   PKA         . 
# sp_Q86Y26-4_NUTM1_HU   861 S   VGHPSDLWA   0.287   p38MAPK     . 
# sp_Q86Y26-4_NUTM1_HU   861 S   VGHPSDLWA   0.284   PKG         . 
# sp_Q86Y26-4_NUTM1_HU   861 S   VGHPSDLWA   0.252   RSK         . 
# sp_Q86Y26-4_NUTM1_HU   861 S   VGHPSDLWA   0.175   cdk5        . 
# sp_Q86Y26-4_NUTM1_HU   861 S   VGHPSDLWA   0.097   PKC         . 
# sp_Q86Y26-4_NUTM1_HU   861 S   VGHPSDLWA   0.075   PKB         . 
#
# sp_Q86Y26-4_NUTM1_HU   874 S   PLLESGDST   0.530   cdc2       YES
# sp_Q86Y26-4_NUTM1_HU   874 S   PLLESGDST   0.469   CaM-II      . 
# sp_Q86Y26-4_NUTM1_HU   874 S   PLLESGDST   0.456   GSK3        . 
# sp_Q86Y26-4_NUTM1_HU   874 S   PLLESGDST   0.382   CKII        . 
# sp_Q86Y26-4_NUTM1_HU   874 S   PLLESGDST   0.367   CKI         . 
# sp_Q86Y26-4_NUTM1_HU   874 S   PLLESGDST   0.359   p38MAPK     . 
# sp_Q86Y26-4_NUTM1_HU   874 S   PLLESGDST   0.350   DNAPK       . 
# sp_Q86Y26-4_NUTM1_HU   874 S   PLLESGDST   0.300   PKA         . 
# sp_Q86Y26-4_NUTM1_HU   874 S   PLLESGDST   0.293   ATM         . 
# sp_Q86Y26-4_NUTM1_HU   874 S   PLLESGDST   0.269   RSK         . 
# sp_Q86Y26-4_NUTM1_HU   874 S   PLLESGDST   0.259   PKC         . 
# sp_Q86Y26-4_NUTM1_HU   874 S   PLLESGDST   0.257   PKG         . 
# sp_Q86Y26-4_NUTM1_HU   874 S   PLLESGDST   0.205   cdk5        . 
# sp_Q86Y26-4_NUTM1_HU   874 S   PLLESGDST   0.195   unsp        . 
# sp_Q86Y26-4_NUTM1_HU   874 S   PLLESGDST   0.091   PKB         . 
#
# sp_Q86Y26-4_NUTM1_HU   877 S   ESGDSTLGS   0.503   CKI        YES
# sp_Q86Y26-4_NUTM1_HU   877 S   ESGDSTLGS   0.499   unsp        . 
# sp_Q86Y26-4_NUTM1_HU   877 S   ESGDSTLGS   0.493   cdc2        . 
# sp_Q86Y26-4_NUTM1_HU   877 S   ESGDSTLGS   0.461   CaM-II      . 
# sp_Q86Y26-4_NUTM1_HU   877 S   ESGDSTLGS   0.460   GSK3        . 
# sp_Q86Y26-4_NUTM1_HU   877 S   ESGDSTLGS   0.339   DNAPK       . 
# sp_Q86Y26-4_NUTM1_HU   877 S   ESGDSTLGS   0.333   CKII        . 
# sp_Q86Y26-4_NUTM1_HU   877 S   ESGDSTLGS   0.303   RSK         . 
# sp_Q86Y26-4_NUTM1_HU   877 S   ESGDSTLGS   0.302   ATM         . 
# sp_Q86Y26-4_NUTM1_HU   877 S   ESGDSTLGS   0.284   p38MAPK     . 
# sp_Q86Y26-4_NUTM1_HU   877 S   ESGDSTLGS   0.215   PKG         . 
# sp_Q86Y26-4_NUTM1_HU   877 S   ESGDSTLGS   0.142   cdk5        . 
# sp_Q86Y26-4_NUTM1_HU   877 S   ESGDSTLGS   0.140   PKC         . 
# sp_Q86Y26-4_NUTM1_HU   877 S   ESGDSTLGS   0.113   PKA         . 
# sp_Q86Y26-4_NUTM1_HU   877 S   ESGDSTLGS   0.094   PKB         . 
#
# sp_Q86Y26-4_NUTM1_HU   878 T   SGDSTLGSS   0.741   PKC        YES
# sp_Q86Y26-4_NUTM1_HU   878 T   SGDSTLGSS   0.568   CKI        YES
# sp_Q86Y26-4_NUTM1_HU   878 T   SGDSTLGSS   0.481   GSK3        . 
# sp_Q86Y26-4_NUTM1_HU   878 T   SGDSTLGSS   0.453   DNAPK       . 
# sp_Q86Y26-4_NUTM1_HU   878 T   SGDSTLGSS   0.430   CaM-II      . 
# sp_Q86Y26-4_NUTM1_HU   878 T   SGDSTLGSS   0.382   cdc2        . 
# sp_Q86Y26-4_NUTM1_HU   878 T   SGDSTLGSS   0.368   CKII        . 
# sp_Q86Y26-4_NUTM1_HU   878 T   SGDSTLGSS   0.353   cdk5        . 
# sp_Q86Y26-4_NUTM1_HU   878 T   SGDSTLGSS   0.344   p38MAPK     . 
# sp_Q86Y26-4_NUTM1_HU   878 T   SGDSTLGSS   0.266   ATM         . 
# sp_Q86Y26-4_NUTM1_HU   878 T   SGDSTLGSS   0.250   unsp        . 
# sp_Q86Y26-4_NUTM1_HU   878 T   SGDSTLGSS   0.224   PKG         . 
# sp_Q86Y26-4_NUTM1_HU   878 T   SGDSTLGSS   0.208   RSK         . 
# sp_Q86Y26-4_NUTM1_HU   878 T   SGDSTLGSS   0.191   PKA         . 
# sp_Q86Y26-4_NUTM1_HU   878 T   SGDSTLGSS   0.098   PKB         . 
#
# sp_Q86Y26-4_NUTM1_HU   881 S   STLGSSKET   0.996   unsp       YES
# sp_Q86Y26-4_NUTM1_HU   881 S   STLGSSKET   0.862   PKC        YES
# sp_Q86Y26-4_NUTM1_HU   881 S   STLGSSKET   0.449   GSK3        . 
# sp_Q86Y26-4_NUTM1_HU   881 S   STLGSSKET   0.447   CaM-II      . 
# sp_Q86Y26-4_NUTM1_HU   881 S   STLGSSKET   0.435   cdc2        . 
# sp_Q86Y26-4_NUTM1_HU   881 S   STLGSSKET   0.425   CKII        . 
# sp_Q86Y26-4_NUTM1_HU   881 S   STLGSSKET   0.387   CKI         . 
# sp_Q86Y26-4_NUTM1_HU   881 S   STLGSSKET   0.375   PKG         . 
# sp_Q86Y26-4_NUTM1_HU   881 S   STLGSSKET   0.343   DNAPK       . 
# sp_Q86Y26-4_NUTM1_HU   881 S   STLGSSKET   0.292   RSK         . 
# sp_Q86Y26-4_NUTM1_HU   881 S   STLGSSKET   0.283   ATM         . 
# sp_Q86Y26-4_NUTM1_HU   881 S   STLGSSKET   0.275   p38MAPK     . 
# sp_Q86Y26-4_NUTM1_HU   881 S   STLGSSKET   0.230   PKA         . 
# sp_Q86Y26-4_NUTM1_HU   881 S   STLGSSKET   0.198   cdk5        . 
# sp_Q86Y26-4_NUTM1_HU   881 S   STLGSSKET   0.093   PKB         . 
#
# sp_Q86Y26-4_NUTM1_HU   882 S   TLGSSKETL   0.967   unsp       YES
# sp_Q86Y26-4_NUTM1_HU   882 S   TLGSSKETL   0.471   CaM-II      . 
# sp_Q86Y26-4_NUTM1_HU   882 S   TLGSSKETL   0.442   GSK3        . 
# sp_Q86Y26-4_NUTM1_HU   882 S   TLGSSKETL   0.431   cdc2        . 
# sp_Q86Y26-4_NUTM1_HU   882 S   TLGSSKETL   0.410   CKI         . 
# sp_Q86Y26-4_NUTM1_HU   882 S   TLGSSKETL   0.364   CKII        . 
# sp_Q86Y26-4_NUTM1_HU   882 S   TLGSSKETL   0.353   DNAPK       . 
# sp_Q86Y26-4_NUTM1_HU   882 S   TLGSSKETL   0.330   ATM         . 
# sp_Q86Y26-4_NUTM1_HU   882 S   TLGSSKETL   0.295   p38MAPK     . 
# sp_Q86Y26-4_NUTM1_HU   882 S   TLGSSKETL   0.270   RSK         . 
# sp_Q86Y26-4_NUTM1_HU   882 S   TLGSSKETL   0.240   PKG         . 
# sp_Q86Y26-4_NUTM1_HU   882 S   TLGSSKETL   0.235   cdk5        . 
# sp_Q86Y26-4_NUTM1_HU   882 S   TLGSSKETL   0.168   PKA         . 
# sp_Q86Y26-4_NUTM1_HU   882 S   TLGSSKETL   0.101   PKC         . 
# sp_Q86Y26-4_NUTM1_HU   882 S   TLGSSKETL   0.078   PKB         . 
#
# sp_Q86Y26-4_NUTM1_HU   885 T   SSKETLPPT   0.468   cdc2        . 
# sp_Q86Y26-4_NUTM1_HU   885 T   SSKETLPPT   0.453   GSK3        . 
# sp_Q86Y26-4_NUTM1_HU   885 T   SSKETLPPT   0.421   CaM-II      . 
# sp_Q86Y26-4_NUTM1_HU   885 T   SSKETLPPT   0.404   unsp        . 
# sp_Q86Y26-4_NUTM1_HU   885 T   SSKETLPPT   0.381   CKI         . 
# sp_Q86Y26-4_NUTM1_HU   885 T   SSKETLPPT   0.367   DNAPK       . 
# sp_Q86Y26-4_NUTM1_HU   885 T   SSKETLPPT   0.365   PKG         . 
# sp_Q86Y26-4_NUTM1_HU   885 T   SSKETLPPT   0.352   PKC         . 
# sp_Q86Y26-4_NUTM1_HU   885 T   SSKETLPPT   0.331   CKII        . 
# sp_Q86Y26-4_NUTM1_HU   885 T   SSKETLPPT   0.304   p38MAPK     . 
# sp_Q86Y26-4_NUTM1_HU   885 T   SSKETLPPT   0.278   PKA         . 
# sp_Q86Y26-4_NUTM1_HU   885 T   SSKETLPPT   0.242   ATM         . 
# sp_Q86Y26-4_NUTM1_HU   885 T   SSKETLPPT   0.211   cdk5        . 
# sp_Q86Y26-4_NUTM1_HU   885 T   SSKETLPPT   0.211   RSK         . 
# sp_Q86Y26-4_NUTM1_HU   885 T   SSKETLPPT   0.082   PKB         . 
#
# sp_Q86Y26-4_NUTM1_HU   889 T   TLPPTCQGN   0.481   GSK3        . 
# sp_Q86Y26-4_NUTM1_HU   889 T   TLPPTCQGN   0.424   CaM-II      . 
# sp_Q86Y26-4_NUTM1_HU   889 T   TLPPTCQGN   0.419   cdc2        . 
# sp_Q86Y26-4_NUTM1_HU   889 T   TLPPTCQGN   0.364   CKI         . 
# sp_Q86Y26-4_NUTM1_HU   889 T   TLPPTCQGN   0.364   p38MAPK     . 
# sp_Q86Y26-4_NUTM1_HU   889 T   TLPPTCQGN   0.341   DNAPK       . 
# sp_Q86Y26-4_NUTM1_HU   889 T   TLPPTCQGN   0.284   CKII        . 
# sp_Q86Y26-4_NUTM1_HU   889 T   TLPPTCQGN   0.279   cdk5        . 
# sp_Q86Y26-4_NUTM1_HU   889 T   TLPPTCQGN   0.262   ATM         . 
# sp_Q86Y26-4_NUTM1_HU   889 T   TLPPTCQGN   0.230   PKG         . 
# sp_Q86Y26-4_NUTM1_HU   889 T   TLPPTCQGN   0.188   RSK         . 
# sp_Q86Y26-4_NUTM1_HU   889 T   TLPPTCQGN   0.123   PKC         . 
# sp_Q86Y26-4_NUTM1_HU   889 T   TLPPTCQGN   0.091   PKA         . 
# sp_Q86Y26-4_NUTM1_HU   889 T   TLPPTCQGN   0.074   PKB         . 
# sp_Q86Y26-4_NUTM1_HU   889 T   TLPPTCQGN   0.008   unsp        . 
#
# sp_Q86Y26-4_NUTM1_HU   899 T   LIMGTEDAS   0.485   CKII        . 
# sp_Q86Y26-4_NUTM1_HU   899 T   LIMGTEDAS   0.445   CaM-II      . 
# sp_Q86Y26-4_NUTM1_HU   899 T   LIMGTEDAS   0.444   GSK3        . 
# sp_Q86Y26-4_NUTM1_HU   899 T   LIMGTEDAS   0.368   PKC         . 
# sp_Q86Y26-4_NUTM1_HU   899 T   LIMGTEDAS   0.363   CKI         . 
# sp_Q86Y26-4_NUTM1_HU   899 T   LIMGTEDAS   0.344   DNAPK       . 
# sp_Q86Y26-4_NUTM1_HU   899 T   LIMGTEDAS   0.318   cdc2        . 
# sp_Q86Y26-4_NUTM1_HU   899 T   LIMGTEDAS   0.313   ATM         . 
# sp_Q86Y26-4_NUTM1_HU   899 T   LIMGTEDAS   0.275   p38MAPK     . 
# sp_Q86Y26-4_NUTM1_HU   899 T   LIMGTEDAS   0.257   RSK         . 
# sp_Q86Y26-4_NUTM1_HU   899 T   LIMGTEDAS   0.249   PKG         . 
# sp_Q86Y26-4_NUTM1_HU   899 T   LIMGTEDAS   0.159   cdk5        . 
# sp_Q86Y26-4_NUTM1_HU   899 T   LIMGTEDAS   0.120   PKA         . 
# sp_Q86Y26-4_NUTM1_HU   899 T   LIMGTEDAS   0.095   unsp        . 
# sp_Q86Y26-4_NUTM1_HU   899 T   LIMGTEDAS   0.083   PKB         . 
#
# sp_Q86Y26-4_NUTM1_HU   903 S   TEDASSLPE   0.536   CKII       YES
# sp_Q86Y26-4_NUTM1_HU   903 S   TEDASSLPE   0.482   cdc2        . 
# sp_Q86Y26-4_NUTM1_HU   903 S   TEDASSLPE   0.443   CaM-II      . 
# sp_Q86Y26-4_NUTM1_HU   903 S   TEDASSLPE   0.437   GSK3        . 
# sp_Q86Y26-4_NUTM1_HU   903 S   TEDASSLPE   0.358   CKI         . 
# sp_Q86Y26-4_NUTM1_HU   903 S   TEDASSLPE   0.351   DNAPK       . 
# sp_Q86Y26-4_NUTM1_HU   903 S   TEDASSLPE   0.309   ATM         . 
# sp_Q86Y26-4_NUTM1_HU   903 S   TEDASSLPE   0.286   PKG         . 
# sp_Q86Y26-4_NUTM1_HU   903 S   TEDASSLPE   0.278   p38MAPK     . 
# sp_Q86Y26-4_NUTM1_HU   903 S   TEDASSLPE   0.224   unsp        . 
# sp_Q86Y26-4_NUTM1_HU   903 S   TEDASSLPE   0.214   RSK         . 
# sp_Q86Y26-4_NUTM1_HU   903 S   TEDASSLPE   0.169   PKA         . 
# sp_Q86Y26-4_NUTM1_HU   903 S   TEDASSLPE   0.152   cdk5        . 
# sp_Q86Y26-4_NUTM1_HU   903 S   TEDASSLPE   0.072   PKB         . 
# sp_Q86Y26-4_NUTM1_HU   903 S   TEDASSLPE   0.051   PKC         . 
#
# sp_Q86Y26-4_NUTM1_HU   904 S   EDASSLPEA   0.993   unsp       YES
# sp_Q86Y26-4_NUTM1_HU   904 S   EDASSLPEA   0.514   CKII       YES
# sp_Q86Y26-4_NUTM1_HU   904 S   EDASSLPEA   0.485   cdc2        . 
# sp_Q86Y26-4_NUTM1_HU   904 S   EDASSLPEA   0.479   DNAPK       . 
# sp_Q86Y26-4_NUTM1_HU   904 S   EDASSLPEA   0.459   CKI         . 
# sp_Q86Y26-4_NUTM1_HU   904 S   EDASSLPEA   0.446   GSK3        . 
# sp_Q86Y26-4_NUTM1_HU   904 S   EDASSLPEA   0.439   CaM-II      . 
# sp_Q86Y26-4_NUTM1_HU   904 S   EDASSLPEA   0.347   PKC         . 
# sp_Q86Y26-4_NUTM1_HU   904 S   EDASSLPEA   0.294   ATM         . 
# sp_Q86Y26-4_NUTM1_HU   904 S   EDASSLPEA   0.288   RSK         . 
# sp_Q86Y26-4_NUTM1_HU   904 S   EDASSLPEA   0.249   PKG         . 
# sp_Q86Y26-4_NUTM1_HU   904 S   EDASSLPEA   0.246   p38MAPK     . 
# sp_Q86Y26-4_NUTM1_HU   904 S   EDASSLPEA   0.228   PKA         . 
# sp_Q86Y26-4_NUTM1_HU   904 S   EDASSLPEA   0.170   cdk5        . 
# sp_Q86Y26-4_NUTM1_HU   904 S   EDASSLPEA   0.094   PKB         . 
#
# sp_Q86Y26-4_NUTM1_HU   909 S   LPEASQEAG   0.963   unsp       YES
# sp_Q86Y26-4_NUTM1_HU   909 S   LPEASQEAG   0.634   DNAPK      YES
# sp_Q86Y26-4_NUTM1_HU   909 S   LPEASQEAG   0.605   ATM        YES
# sp_Q86Y26-4_NUTM1_HU   909 S   LPEASQEAG   0.435   CaM-II      . 
# sp_Q86Y26-4_NUTM1_HU   909 S   LPEASQEAG   0.422   GSK3        . 
# sp_Q86Y26-4_NUTM1_HU   909 S   LPEASQEAG   0.373   cdc2        . 
# sp_Q86Y26-4_NUTM1_HU   909 S   LPEASQEAG   0.371   CKI         . 
# sp_Q86Y26-4_NUTM1_HU   909 S   LPEASQEAG   0.357   CKII        . 
# sp_Q86Y26-4_NUTM1_HU   909 S   LPEASQEAG   0.277   p38MAPK     . 
# sp_Q86Y26-4_NUTM1_HU   909 S   LPEASQEAG   0.224   RSK         . 
# sp_Q86Y26-4_NUTM1_HU   909 S   LPEASQEAG   0.221   PKG         . 
# sp_Q86Y26-4_NUTM1_HU   909 S   LPEASQEAG   0.154   cdk5        . 
# sp_Q86Y26-4_NUTM1_HU   909 S   LPEASQEAG   0.093   PKA         . 
# sp_Q86Y26-4_NUTM1_HU   909 S   LPEASQEAG   0.082   PKB         . 
# sp_Q86Y26-4_NUTM1_HU   909 S   LPEASQEAG   0.049   PKC         . 
#
# sp_Q86Y26-4_NUTM1_HU   914 S   QEAGSRGNS   0.987   unsp       YES
# sp_Q86Y26-4_NUTM1_HU   914 S   QEAGSRGNS   0.490   GSK3        . 
# sp_Q86Y26-4_NUTM1_HU   914 S   QEAGSRGNS   0.457   cdc2        . 
# sp_Q86Y26-4_NUTM1_HU   914 S   QEAGSRGNS   0.449   CKI         . 
# sp_Q86Y26-4_NUTM1_HU   914 S   QEAGSRGNS   0.441   CaM-II      . 
# sp_Q86Y26-4_NUTM1_HU   914 S   QEAGSRGNS   0.412   ATM         . 
# sp_Q86Y26-4_NUTM1_HU   914 S   QEAGSRGNS   0.364   DNAPK       . 
# sp_Q86Y26-4_NUTM1_HU   914 S   QEAGSRGNS   0.352   p38MAPK     . 
# sp_Q86Y26-4_NUTM1_HU   914 S   QEAGSRGNS   0.327   CKII        . 
# sp_Q86Y26-4_NUTM1_HU   914 S   QEAGSRGNS   0.306   PKG         . 
# sp_Q86Y26-4_NUTM1_HU   914 S   QEAGSRGNS   0.273   RSK         . 
# sp_Q86Y26-4_NUTM1_HU   914 S   QEAGSRGNS   0.238   PKA         . 
# sp_Q86Y26-4_NUTM1_HU   914 S   QEAGSRGNS   0.210   PKC         . 
# sp_Q86Y26-4_NUTM1_HU   914 S   QEAGSRGNS   0.174   cdk5        . 
# sp_Q86Y26-4_NUTM1_HU   914 S   QEAGSRGNS   0.094   PKB         . 
#
# sp_Q86Y26-4_NUTM1_HU   918 S   SRGNSFSPL   0.934   unsp       YES
# sp_Q86Y26-4_NUTM1_HU   918 S   SRGNSFSPL   0.793   PKA        YES
# sp_Q86Y26-4_NUTM1_HU   918 S   SRGNSFSPL   0.484   CaM-II      . 
# sp_Q86Y26-4_NUTM1_HU   918 S   SRGNSFSPL   0.478   RSK         . 
# sp_Q86Y26-4_NUTM1_HU   918 S   SRGNSFSPL   0.464   GSK3        . 
# sp_Q86Y26-4_NUTM1_HU   918 S   SRGNSFSPL   0.444   PKG         . 
# sp_Q86Y26-4_NUTM1_HU   918 S   SRGNSFSPL   0.417   cdc2        . 
# sp_Q86Y26-4_NUTM1_HU   918 S   SRGNSFSPL   0.382   CKI         . 
# sp_Q86Y26-4_NUTM1_HU   918 S   SRGNSFSPL   0.360   DNAPK       . 
# sp_Q86Y26-4_NUTM1_HU   918 S   SRGNSFSPL   0.299   ATM         . 
# sp_Q86Y26-4_NUTM1_HU   918 S   SRGNSFSPL   0.291   CKII        . 
# sp_Q86Y26-4_NUTM1_HU   918 S   SRGNSFSPL   0.276   p38MAPK     . 
# sp_Q86Y26-4_NUTM1_HU   918 S   SRGNSFSPL   0.248   cdk5        . 
# sp_Q86Y26-4_NUTM1_HU   918 S   SRGNSFSPL   0.179   PKB         . 
# sp_Q86Y26-4_NUTM1_HU   918 S   SRGNSFSPL   0.084   PKC         . 
#
# sp_Q86Y26-4_NUTM1_HU   920 S   GNSFSPLLE   0.488   GSK3        . 
# sp_Q86Y26-4_NUTM1_HU   920 S   GNSFSPLLE   0.457   p38MAPK     . 
# sp_Q86Y26-4_NUTM1_HU   920 S   GNSFSPLLE   0.449   CKII        . 
# sp_Q86Y26-4_NUTM1_HU   920 S   GNSFSPLLE   0.428   CaM-II      . 
# sp_Q86Y26-4_NUTM1_HU   920 S   GNSFSPLLE   0.411   CKI         . 
# sp_Q86Y26-4_NUTM1_HU   920 S   GNSFSPLLE   0.370   cdc2        . 
# sp_Q86Y26-4_NUTM1_HU   920 S   GNSFSPLLE   0.358   cdk5        . 
# sp_Q86Y26-4_NUTM1_HU   920 S   GNSFSPLLE   0.345   DNAPK       . 
# sp_Q86Y26-4_NUTM1_HU   920 S   GNSFSPLLE   0.327   RSK         . 
# sp_Q86Y26-4_NUTM1_HU   920 S   GNSFSPLLE   0.294   ATM         . 
# sp_Q86Y26-4_NUTM1_HU   920 S   GNSFSPLLE   0.213   PKG         . 
# sp_Q86Y26-4_NUTM1_HU   920 S   GNSFSPLLE   0.152   PKA         . 
# sp_Q86Y26-4_NUTM1_HU   920 S   GNSFSPLLE   0.143   PKB         . 
# sp_Q86Y26-4_NUTM1_HU   920 S   GNSFSPLLE   0.099   unsp        . 
# sp_Q86Y26-4_NUTM1_HU   920 S   GNSFSPLLE   0.056   PKC         . 
#
# sp_Q86Y26-4_NUTM1_HU   925 T   PLLETIEPV   0.436   CaM-II      . 
# sp_Q86Y26-4_NUTM1_HU   925 T   PLLETIEPV   0.426   GSK3        . 
# sp_Q86Y26-4_NUTM1_HU   925 T   PLLETIEPV   0.422   cdc2        . 
# sp_Q86Y26-4_NUTM1_HU   925 T   PLLETIEPV   0.398   CKII        . 
# sp_Q86Y26-4_NUTM1_HU   925 T   PLLETIEPV   0.359   CKI         . 
# sp_Q86Y26-4_NUTM1_HU   925 T   PLLETIEPV   0.347   p38MAPK     . 
# sp_Q86Y26-4_NUTM1_HU   925 T   PLLETIEPV   0.345   DNAPK       . 
# sp_Q86Y26-4_NUTM1_HU   925 T   PLLETIEPV   0.282   PKG         . 
# sp_Q86Y26-4_NUTM1_HU   925 T   PLLETIEPV   0.276   unsp        . 
# sp_Q86Y26-4_NUTM1_HU   925 T   PLLETIEPV   0.244   ATM         . 
# sp_Q86Y26-4_NUTM1_HU   925 T   PLLETIEPV   0.197   RSK         . 
# sp_Q86Y26-4_NUTM1_HU   925 T   PLLETIEPV   0.164   cdk5        . 
# sp_Q86Y26-4_NUTM1_HU   925 T   PLLETIEPV   0.111   PKC         . 
# sp_Q86Y26-4_NUTM1_HU   925 T   PLLETIEPV   0.087   PKA         . 
# sp_Q86Y26-4_NUTM1_HU   925 T   PLLETIEPV   0.083   PKB         . 
#
# sp_Q86Y26-4_NUTM1_HU   945 S   QLRVSEDTC   0.680   unsp       YES
# sp_Q86Y26-4_NUTM1_HU   945 S   QLRVSEDTC   0.486   PKA         . 
# sp_Q86Y26-4_NUTM1_HU   945 S   QLRVSEDTC   0.485   CaM-II      . 
# sp_Q86Y26-4_NUTM1_HU   945 S   QLRVSEDTC   0.433   GSK3        . 
# sp_Q86Y26-4_NUTM1_HU   945 S   QLRVSEDTC   0.417   cdc2        . 
# sp_Q86Y26-4_NUTM1_HU   945 S   QLRVSEDTC   0.407   RSK         . 
# sp_Q86Y26-4_NUTM1_HU   945 S   QLRVSEDTC   0.395   CKI         . 
# sp_Q86Y26-4_NUTM1_HU   945 S   QLRVSEDTC   0.391   CKII        . 
# sp_Q86Y26-4_NUTM1_HU   945 S   QLRVSEDTC   0.351   DNAPK       . 
# sp_Q86Y26-4_NUTM1_HU   945 S   QLRVSEDTC   0.333   PKG         . 
# sp_Q86Y26-4_NUTM1_HU   945 S   QLRVSEDTC   0.282   ATM         . 
# sp_Q86Y26-4_NUTM1_HU   945 S   QLRVSEDTC   0.245   p38MAPK     . 
# sp_Q86Y26-4_NUTM1_HU   945 S   QLRVSEDTC   0.152   cdk5        . 
# sp_Q86Y26-4_NUTM1_HU   945 S   QLRVSEDTC   0.101   PKC         . 
# sp_Q86Y26-4_NUTM1_HU   945 S   QLRVSEDTC   0.087   PKB         . 
#
# sp_Q86Y26-4_NUTM1_HU   948 T   VSEDTCPLN   0.462   GSK3        . 
# sp_Q86Y26-4_NUTM1_HU   948 T   VSEDTCPLN   0.422   CaM-II      . 
# sp_Q86Y26-4_NUTM1_HU   948 T   VSEDTCPLN   0.413   cdc2        . 
# sp_Q86Y26-4_NUTM1_HU   948 T   VSEDTCPLN   0.395   CKII        . 
# sp_Q86Y26-4_NUTM1_HU   948 T   VSEDTCPLN   0.378   CKI         . 
# sp_Q86Y26-4_NUTM1_HU   948 T   VSEDTCPLN   0.358   p38MAPK     . 
# sp_Q86Y26-4_NUTM1_HU   948 T   VSEDTCPLN   0.342   DNAPK       . 
# sp_Q86Y26-4_NUTM1_HU   948 T   VSEDTCPLN   0.246   ATM         . 
# sp_Q86Y26-4_NUTM1_HU   948 T   VSEDTCPLN   0.244   RSK         . 
# sp_Q86Y26-4_NUTM1_HU   948 T   VSEDTCPLN   0.240   PKB         . 
# sp_Q86Y26-4_NUTM1_HU   948 T   VSEDTCPLN   0.230   PKG         . 
# sp_Q86Y26-4_NUTM1_HU   948 T   VSEDTCPLN   0.187   cdk5        . 
# sp_Q86Y26-4_NUTM1_HU   948 T   VSEDTCPLN   0.183   unsp        . 
# sp_Q86Y26-4_NUTM1_HU   948 T   VSEDTCPLN   0.158   PKC         . 
# sp_Q86Y26-4_NUTM1_HU   948 T   VSEDTCPLN   0.111   PKA         . 
#
# sp_Q86Y26-4_NUTM1_HU   955 S   LNVHSYDPQ   0.547   PKG        YES
# sp_Q86Y26-4_NUTM1_HU   955 S   LNVHSYDPQ   0.462   CKII        . 
# sp_Q86Y26-4_NUTM1_HU   955 S   LNVHSYDPQ   0.453   CaM-II      . 
# sp_Q86Y26-4_NUTM1_HU   955 S   LNVHSYDPQ   0.444   GSK3        . 
# sp_Q86Y26-4_NUTM1_HU   955 S   LNVHSYDPQ   0.444   DNAPK       . 
# sp_Q86Y26-4_NUTM1_HU   955 S   LNVHSYDPQ   0.392   cdc2        . 
# sp_Q86Y26-4_NUTM1_HU   955 S   LNVHSYDPQ   0.367   CKI         . 
# sp_Q86Y26-4_NUTM1_HU   955 S   LNVHSYDPQ   0.311   ATM         . 
# sp_Q86Y26-4_NUTM1_HU   955 S   LNVHSYDPQ   0.300   p38MAPK     . 
# sp_Q86Y26-4_NUTM1_HU   955 S   LNVHSYDPQ   0.299   PKA         . 
# sp_Q86Y26-4_NUTM1_HU   955 S   LNVHSYDPQ   0.230   RSK         . 
# sp_Q86Y26-4_NUTM1_HU   955 S   LNVHSYDPQ   0.191   unsp        . 
# sp_Q86Y26-4_NUTM1_HU   955 S   LNVHSYDPQ   0.169   cdk5        . 
# sp_Q86Y26-4_NUTM1_HU   955 S   LNVHSYDPQ   0.089   PKC         . 
# sp_Q86Y26-4_NUTM1_HU   955 S   LNVHSYDPQ   0.084   PKB         . 
#
# sp_Q86Y26-4_NUTM1_HU   956 Y   NVHSYDPQG   0.406   EGFR        . 
# sp_Q86Y26-4_NUTM1_HU   956 Y   NVHSYDPQG   0.382   INSR        . 
# sp_Q86Y26-4_NUTM1_HU   956 Y   NVHSYDPQG   0.304   SRC         . 
# sp_Q86Y26-4_NUTM1_HU   956 Y   NVHSYDPQG   0.075   unsp        . 
#
# sp_Q86Y26-4_NUTM1_HU   969 S   DPDLSKPKN   0.509   PKC        YES
# sp_Q86Y26-4_NUTM1_HU   969 S   DPDLSKPKN   0.458   cdc2        . 
# sp_Q86Y26-4_NUTM1_HU   969 S   DPDLSKPKN   0.448   GSK3        . 
# sp_Q86Y26-4_NUTM1_HU   969 S   DPDLSKPKN   0.419   CaM-II      . 
# sp_Q86Y26-4_NUTM1_HU   969 S   DPDLSKPKN   0.383   DNAPK       . 
# sp_Q86Y26-4_NUTM1_HU   969 S   DPDLSKPKN   0.360   CKI         . 
# sp_Q86Y26-4_NUTM1_HU   969 S   DPDLSKPKN   0.357   p38MAPK     . 
# sp_Q86Y26-4_NUTM1_HU   969 S   DPDLSKPKN   0.334   cdk5        . 
# sp_Q86Y26-4_NUTM1_HU   969 S   DPDLSKPKN   0.310   RSK         . 
# sp_Q86Y26-4_NUTM1_HU   969 S   DPDLSKPKN   0.309   ATM         . 
# sp_Q86Y26-4_NUTM1_HU   969 S   DPDLSKPKN   0.297   PKG         . 
# sp_Q86Y26-4_NUTM1_HU   969 S   DPDLSKPKN   0.294   CKII        . 
# sp_Q86Y26-4_NUTM1_HU   969 S   DPDLSKPKN   0.220   PKA         . 
# sp_Q86Y26-4_NUTM1_HU   969 S   DPDLSKPKN   0.109   unsp        . 
# sp_Q86Y26-4_NUTM1_HU   969 S   DPDLSKPKN   0.090   PKB         . 
#
# sp_Q86Y26-4_NUTM1_HU   980 S   PLQESQESY   0.905   unsp       YES
# sp_Q86Y26-4_NUTM1_HU   980 S   PLQESQESY   0.630   DNAPK      YES
# sp_Q86Y26-4_NUTM1_HU   980 S   PLQESQESY   0.498   cdc2        . 
# sp_Q86Y26-4_NUTM1_HU   980 S   PLQESQESY   0.464   CaM-II      . 
# sp_Q86Y26-4_NUTM1_HU   980 S   PLQESQESY   0.459   ATM         . 
# sp_Q86Y26-4_NUTM1_HU   980 S   PLQESQESY   0.447   GSK3        . 
# sp_Q86Y26-4_NUTM1_HU   980 S   PLQESQESY   0.439   CKI         . 
# sp_Q86Y26-4_NUTM1_HU   980 S   PLQESQESY   0.340   CKII        . 
# sp_Q86Y26-4_NUTM1_HU   980 S   PLQESQESY   0.281   RSK         . 
# sp_Q86Y26-4_NUTM1_HU   980 S   PLQESQESY   0.275   PKG         . 
# sp_Q86Y26-4_NUTM1_HU   980 S   PLQESQESY   0.259   p38MAPK     . 
# sp_Q86Y26-4_NUTM1_HU   980 S   PLQESQESY   0.196   PKA         . 
# sp_Q86Y26-4_NUTM1_HU   980 S   PLQESQESY   0.194   cdk5        . 
# sp_Q86Y26-4_NUTM1_HU   980 S   PLQESQESY   0.129   PKC         . 
# sp_Q86Y26-4_NUTM1_HU   980 S   PLQESQESY   0.077   PKB         . 
#
# sp_Q86Y26-4_NUTM1_HU   983 S   ESQESYTTG   0.722   unsp       YES
# sp_Q86Y26-4_NUTM1_HU   983 S   ESQESYTTG   0.494   CKI         . 
# sp_Q86Y26-4_NUTM1_HU   983 S   ESQESYTTG   0.478   CaM-II      . 
# sp_Q86Y26-4_NUTM1_HU   983 S   ESQESYTTG   0.431   GSK3        . 
# sp_Q86Y26-4_NUTM1_HU   983 S   ESQESYTTG   0.420   cdc2        . 
# sp_Q86Y26-4_NUTM1_HU   983 S   ESQESYTTG   0.419   DNAPK       . 
# sp_Q86Y26-4_NUTM1_HU   983 S   ESQESYTTG   0.395   CKII        . 
# sp_Q86Y26-4_NUTM1_HU   983 S   ESQESYTTG   0.328   p38MAPK     . 
# sp_Q86Y26-4_NUTM1_HU   983 S   ESQESYTTG   0.304   PKA         . 
# sp_Q86Y26-4_NUTM1_HU   983 S   ESQESYTTG   0.289   ATM         . 
# sp_Q86Y26-4_NUTM1_HU   983 S   ESQESYTTG   0.283   RSK         . 
# sp_Q86Y26-4_NUTM1_HU   983 S   ESQESYTTG   0.271   PKG         . 
# sp_Q86Y26-4_NUTM1_HU   983 S   ESQESYTTG   0.158   cdk5        . 
# sp_Q86Y26-4_NUTM1_HU   983 S   ESQESYTTG   0.088   PKB         . 
# sp_Q86Y26-4_NUTM1_HU   983 S   ESQESYTTG   0.075   PKC         . 
#
# sp_Q86Y26-4_NUTM1_HU   984 Y   SQESYTTGT   0.929   unsp       YES
# sp_Q86Y26-4_NUTM1_HU   984 Y   SQESYTTGT   0.459   INSR        . 
# sp_Q86Y26-4_NUTM1_HU   984 Y   SQESYTTGT   0.404   EGFR        . 
# sp_Q86Y26-4_NUTM1_HU   984 Y   SQESYTTGT   0.369   SRC         . 
#
# sp_Q86Y26-4_NUTM1_HU   985 T   QESYTTGTP   0.550   cdc2       YES
# sp_Q86Y26-4_NUTM1_HU   985 T   QESYTTGTP   0.444   GSK3        . 
# sp_Q86Y26-4_NUTM1_HU   985 T   QESYTTGTP   0.427   CaM-II      . 
# sp_Q86Y26-4_NUTM1_HU   985 T   QESYTTGTP   0.384   CKI         . 
# sp_Q86Y26-4_NUTM1_HU   985 T   QESYTTGTP   0.347   CKII        . 
# sp_Q86Y26-4_NUTM1_HU   985 T   QESYTTGTP   0.339   DNAPK       . 
# sp_Q86Y26-4_NUTM1_HU   985 T   QESYTTGTP   0.327   p38MAPK     . 
# sp_Q86Y26-4_NUTM1_HU   985 T   QESYTTGTP   0.256   PKC         . 
# sp_Q86Y26-4_NUTM1_HU   985 T   QESYTTGTP   0.248   ATM         . 
# sp_Q86Y26-4_NUTM1_HU   985 T   QESYTTGTP   0.241   cdk5        . 
# sp_Q86Y26-4_NUTM1_HU   985 T   QESYTTGTP   0.236   PKG         . 
# sp_Q86Y26-4_NUTM1_HU   985 T   QESYTTGTP   0.187   RSK         . 
# sp_Q86Y26-4_NUTM1_HU   985 T   QESYTTGTP   0.097   PKA         . 
# sp_Q86Y26-4_NUTM1_HU   985 T   QESYTTGTP   0.081   PKB         . 
# sp_Q86Y26-4_NUTM1_HU   985 T   QESYTTGTP   0.015   unsp        . 
#
# sp_Q86Y26-4_NUTM1_HU   986 T   ESYTTGTPK   0.517   cdc2       YES
# sp_Q86Y26-4_NUTM1_HU   986 T   ESYTTGTPK   0.437   GSK3        . 
# sp_Q86Y26-4_NUTM1_HU   986 T   ESYTTGTPK   0.430   CaM-II      . 
# sp_Q86Y26-4_NUTM1_HU   986 T   ESYTTGTPK   0.391   p38MAPK     . 
# sp_Q86Y26-4_NUTM1_HU   986 T   ESYTTGTPK   0.391   unsp        . 
# sp_Q86Y26-4_NUTM1_HU   986 T   ESYTTGTPK   0.375   CKI         . 
# sp_Q86Y26-4_NUTM1_HU   986 T   ESYTTGTPK   0.371   CKII        . 
# sp_Q86Y26-4_NUTM1_HU   986 T   ESYTTGTPK   0.364   PKG         . 
# sp_Q86Y26-4_NUTM1_HU   986 T   ESYTTGTPK   0.341   DNAPK       . 
# sp_Q86Y26-4_NUTM1_HU   986 T   ESYTTGTPK   0.241   ATM         . 
# sp_Q86Y26-4_NUTM1_HU   986 T   ESYTTGTPK   0.208   RSK         . 
# sp_Q86Y26-4_NUTM1_HU   986 T   ESYTTGTPK   0.183   cdk5        . 
# sp_Q86Y26-4_NUTM1_HU   986 T   ESYTTGTPK   0.160   PKC         . 
# sp_Q86Y26-4_NUTM1_HU   986 T   ESYTTGTPK   0.088   PKA         . 
# sp_Q86Y26-4_NUTM1_HU   986 T   ESYTTGTPK   0.080   PKB         . 
#
# sp_Q86Y26-4_NUTM1_HU   988 T   YTTGTPKAT   0.992   unsp       YES
# sp_Q86Y26-4_NUTM1_HU   988 T   YTTGTPKAT   0.789   PKC        YES
# sp_Q86Y26-4_NUTM1_HU   988 T   YTTGTPKAT   0.465   GSK3        . 
# sp_Q86Y26-4_NUTM1_HU   988 T   YTTGTPKAT   0.451   p38MAPK     . 
# sp_Q86Y26-4_NUTM1_HU   988 T   YTTGTPKAT   0.426   cdk5        . 
# sp_Q86Y26-4_NUTM1_HU   988 T   YTTGTPKAT   0.426   CaM-II      . 
# sp_Q86Y26-4_NUTM1_HU   988 T   YTTGTPKAT   0.382   cdc2        . 
# sp_Q86Y26-4_NUTM1_HU   988 T   YTTGTPKAT   0.364   CKI         . 
# sp_Q86Y26-4_NUTM1_HU   988 T   YTTGTPKAT   0.349   DNAPK       . 
# sp_Q86Y26-4_NUTM1_HU   988 T   YTTGTPKAT   0.270   ATM         . 
# sp_Q86Y26-4_NUTM1_HU   988 T   YTTGTPKAT   0.233   CKII        . 
# sp_Q86Y26-4_NUTM1_HU   988 T   YTTGTPKAT   0.231   PKG         . 
# sp_Q86Y26-4_NUTM1_HU   988 T   YTTGTPKAT   0.209   RSK         . 
# sp_Q86Y26-4_NUTM1_HU   988 T   YTTGTPKAT   0.096   PKB         . 
# sp_Q86Y26-4_NUTM1_HU   988 T   YTTGTPKAT   0.093   PKA         . 
#
# sp_Q86Y26-4_NUTM1_HU   992 T   TPKATSSHQ   0.503   PKG        YES
# sp_Q86Y26-4_NUTM1_HU   992 T   TPKATSSHQ   0.439   CaM-II      . 
# sp_Q86Y26-4_NUTM1_HU   992 T   TPKATSSHQ   0.432   GSK3        . 
# sp_Q86Y26-4_NUTM1_HU   992 T   TPKATSSHQ   0.373   cdc2        . 
# sp_Q86Y26-4_NUTM1_HU   992 T   TPKATSSHQ   0.361   CKI         . 
# sp_Q86Y26-4_NUTM1_HU   992 T   TPKATSSHQ   0.341   DNAPK       . 
# sp_Q86Y26-4_NUTM1_HU   992 T   TPKATSSHQ   0.336   CKII        . 
# sp_Q86Y26-4_NUTM1_HU   992 T   TPKATSSHQ   0.271   p38MAPK     . 
# sp_Q86Y26-4_NUTM1_HU   992 T   TPKATSSHQ   0.230   cdk5        . 
# sp_Q86Y26-4_NUTM1_HU   992 T   TPKATSSHQ   0.227   RSK         . 
# sp_Q86Y26-4_NUTM1_HU   992 T   TPKATSSHQ   0.227   ATM         . 
# sp_Q86Y26-4_NUTM1_HU   992 T   TPKATSSHQ   0.206   PKC         . 
# sp_Q86Y26-4_NUTM1_HU   992 T   TPKATSSHQ   0.181   PKA         . 
# sp_Q86Y26-4_NUTM1_HU   992 T   TPKATSSHQ   0.078   PKB         . 
# sp_Q86Y26-4_NUTM1_HU   992 T   TPKATSSHQ   0.044   unsp        . 
#
# sp_Q86Y26-4_NUTM1_HU   993 S   PKATSSHQG   0.971   unsp       YES
# sp_Q86Y26-4_NUTM1_HU   993 S   PKATSSHQG   0.562   cdc2       YES
# sp_Q86Y26-4_NUTM1_HU   993 S   PKATSSHQG   0.447   CaM-II      . 
# sp_Q86Y26-4_NUTM1_HU   993 S   PKATSSHQG   0.436   GSK3        . 
# sp_Q86Y26-4_NUTM1_HU   993 S   PKATSSHQG   0.368   CKI         . 
# sp_Q86Y26-4_NUTM1_HU   993 S   PKATSSHQG   0.350   PKA         . 
# sp_Q86Y26-4_NUTM1_HU   993 S   PKATSSHQG   0.341   DNAPK       . 
# sp_Q86Y26-4_NUTM1_HU   993 S   PKATSSHQG   0.318   PKG         . 
# sp_Q86Y26-4_NUTM1_HU   993 S   PKATSSHQG   0.316   PKC         . 
# sp_Q86Y26-4_NUTM1_HU   993 S   PKATSSHQG   0.283   p38MAPK     . 
# sp_Q86Y26-4_NUTM1_HU   993 S   PKATSSHQG   0.269   CKII        . 
# sp_Q86Y26-4_NUTM1_HU   993 S   PKATSSHQG   0.263   ATM         . 
# sp_Q86Y26-4_NUTM1_HU   993 S   PKATSSHQG   0.249   RSK         . 
# sp_Q86Y26-4_NUTM1_HU   993 S   PKATSSHQG   0.188   cdk5        . 
# sp_Q86Y26-4_NUTM1_HU   993 S   PKATSSHQG   0.100   PKB         . 
#
# sp_Q86Y26-4_NUTM1_HU   994 S   KATSSHQGL   0.470   CaM-II      . 
# sp_Q86Y26-4_NUTM1_HU   994 S   KATSSHQGL   0.430   GSK3        . 
# sp_Q86Y26-4_NUTM1_HU   994 S   KATSSHQGL   0.411   CKI         . 
# sp_Q86Y26-4_NUTM1_HU   994 S   KATSSHQGL   0.410   DNAPK       . 
# sp_Q86Y26-4_NUTM1_HU   994 S   KATSSHQGL   0.407   cdc2        . 
# sp_Q86Y26-4_NUTM1_HU   994 S   KATSSHQGL   0.374   RSK         . 
# sp_Q86Y26-4_NUTM1_HU   994 S   KATSSHQGL   0.360   p38MAPK     . 
# sp_Q86Y26-4_NUTM1_HU   994 S   KATSSHQGL   0.311   ATM         . 
# sp_Q86Y26-4_NUTM1_HU   994 S   KATSSHQGL   0.303   PKG         . 
# sp_Q86Y26-4_NUTM1_HU   994 S   KATSSHQGL   0.300   PKA         . 
# sp_Q86Y26-4_NUTM1_HU   994 S   KATSSHQGL   0.285   cdk5        . 
# sp_Q86Y26-4_NUTM1_HU   994 S   KATSSHQGL   0.251   CKII        . 
# sp_Q86Y26-4_NUTM1_HU   994 S   KATSSHQGL   0.250   PKC         . 
# sp_Q86Y26-4_NUTM1_HU   994 S   KATSSHQGL   0.125   unsp        . 
# sp_Q86Y26-4_NUTM1_HU   994 S   KATSSHQGL   0.079   PKB         . 
#
# sp_Q86Y26-4_NUTM1_HU  1000 S   QGLGSTLPR   0.500   PKC         . 
# sp_Q86Y26-4_NUTM1_HU  1000 S   QGLGSTLPR   0.473   cdc2        . 
# sp_Q86Y26-4_NUTM1_HU  1000 S   QGLGSTLPR   0.451   GSK3        . 
# sp_Q86Y26-4_NUTM1_HU  1000 S   QGLGSTLPR   0.422   CaM-II      . 
# sp_Q86Y26-4_NUTM1_HU  1000 S   QGLGSTLPR   0.366   p38MAPK     . 
# sp_Q86Y26-4_NUTM1_HU  1000 S   QGLGSTLPR   0.357   CKI         . 
# sp_Q86Y26-4_NUTM1_HU  1000 S   QGLGSTLPR   0.342   DNAPK       . 
# sp_Q86Y26-4_NUTM1_HU  1000 S   QGLGSTLPR   0.332   PKG         . 
# sp_Q86Y26-4_NUTM1_HU  1000 S   QGLGSTLPR   0.324   CKII        . 
# sp_Q86Y26-4_NUTM1_HU  1000 S   QGLGSTLPR   0.303   ATM         . 
# sp_Q86Y26-4_NUTM1_HU  1000 S   QGLGSTLPR   0.258   RSK         . 
# sp_Q86Y26-4_NUTM1_HU  1000 S   QGLGSTLPR   0.211   cdk5        . 
# sp_Q86Y26-4_NUTM1_HU  1000 S   QGLGSTLPR   0.161   PKA         . 
# sp_Q86Y26-4_NUTM1_HU  1000 S   QGLGSTLPR   0.077   PKB         . 
# sp_Q86Y26-4_NUTM1_HU  1000 S   QGLGSTLPR   0.008   unsp        . 
#
# sp_Q86Y26-4_NUTM1_HU  1001 T   GLGSTLPRR   0.691   PKC        YES
# sp_Q86Y26-4_NUTM1_HU  1001 T   GLGSTLPRR   0.557   cdc2       YES
# sp_Q86Y26-4_NUTM1_HU  1001 T   GLGSTLPRR   0.458   GSK3        . 
# sp_Q86Y26-4_NUTM1_HU  1001 T   GLGSTLPRR   0.399   CaM-II      . 
# sp_Q86Y26-4_NUTM1_HU  1001 T   GLGSTLPRR   0.376   cdk5        . 
# sp_Q86Y26-4_NUTM1_HU  1001 T   GLGSTLPRR   0.375   DNAPK       . 
# sp_Q86Y26-4_NUTM1_HU  1001 T   GLGSTLPRR   0.372   CKI         . 
# sp_Q86Y26-4_NUTM1_HU  1001 T   GLGSTLPRR   0.292   PKG         . 
# sp_Q86Y26-4_NUTM1_HU  1001 T   GLGSTLPRR   0.286   p38MAPK     . 
# sp_Q86Y26-4_NUTM1_HU  1001 T   GLGSTLPRR   0.268   ATM         . 
# sp_Q86Y26-4_NUTM1_HU  1001 T   GLGSTLPRR   0.241   CKII        . 
# sp_Q86Y26-4_NUTM1_HU  1001 T   GLGSTLPRR   0.197   RSK         . 
# sp_Q86Y26-4_NUTM1_HU  1001 T   GLGSTLPRR   0.190   PKA         . 
# sp_Q86Y26-4_NUTM1_HU  1001 T   GLGSTLPRR   0.079   PKB         . 
# sp_Q86Y26-4_NUTM1_HU  1001 T   GLGSTLPRR   0.033   unsp        . 
#
# sp_Q86Y26-4_NUTM1_HU  1007 T   PRRGTRNAI   0.740   unsp       YES
# sp_Q86Y26-4_NUTM1_HU  1007 T   PRRGTRNAI   0.600   PKA        YES
# sp_Q86Y26-4_NUTM1_HU  1007 T   PRRGTRNAI   0.502   PKC        YES
# sp_Q86Y26-4_NUTM1_HU  1007 T   PRRGTRNAI   0.479   CaM-II      . 
# sp_Q86Y26-4_NUTM1_HU  1007 T   PRRGTRNAI   0.474   RSK         . 
# sp_Q86Y26-4_NUTM1_HU  1007 T   PRRGTRNAI   0.455   GSK3        . 
# sp_Q86Y26-4_NUTM1_HU  1007 T   PRRGTRNAI   0.449   PKG         . 
# sp_Q86Y26-4_NUTM1_HU  1007 T   PRRGTRNAI   0.404   cdc2        . 
# sp_Q86Y26-4_NUTM1_HU  1007 T   PRRGTRNAI   0.374   DNAPK       . 
# sp_Q86Y26-4_NUTM1_HU  1007 T   PRRGTRNAI   0.370   CKI         . 
# sp_Q86Y26-4_NUTM1_HU  1007 T   PRRGTRNAI   0.272   p38MAPK     . 
# sp_Q86Y26-4_NUTM1_HU  1007 T   PRRGTRNAI   0.266   ATM         . 
# sp_Q86Y26-4_NUTM1_HU  1007 T   PRRGTRNAI   0.223   cdk5        . 
# sp_Q86Y26-4_NUTM1_HU  1007 T   PRRGTRNAI   0.194   PKB         . 
# sp_Q86Y26-4_NUTM1_HU  1007 T   PRRGTRNAI   0.190   CKII        . 
#
# sp_Q86Y26-4_NUTM1_HU  1016 T   VPRETSVSK   0.958   unsp       YES
# sp_Q86Y26-4_NUTM1_HU  1016 T   VPRETSVSK   0.472   PKC         . 
# sp_Q86Y26-4_NUTM1_HU  1016 T   VPRETSVSK   0.452   GSK3        . 
# sp_Q86Y26-4_NUTM1_HU  1016 T   VPRETSVSK   0.436   cdc2        . 
# sp_Q86Y26-4_NUTM1_HU  1016 T   VPRETSVSK   0.436   CaM-II      . 
# sp_Q86Y26-4_NUTM1_HU  1016 T   VPRETSVSK   0.375   CKI         . 
# sp_Q86Y26-4_NUTM1_HU  1016 T   VPRETSVSK   0.345   DNAPK       . 
# sp_Q86Y26-4_NUTM1_HU  1016 T   VPRETSVSK   0.325   CKII        . 
# sp_Q86Y26-4_NUTM1_HU  1016 T   VPRETSVSK   0.324   p38MAPK     . 
# sp_Q86Y26-4_NUTM1_HU  1016 T   VPRETSVSK   0.314   PKG         . 
# sp_Q86Y26-4_NUTM1_HU  1016 T   VPRETSVSK   0.266   RSK         . 
# sp_Q86Y26-4_NUTM1_HU  1016 T   VPRETSVSK   0.228   cdk5        . 
# sp_Q86Y26-4_NUTM1_HU  1016 T   VPRETSVSK   0.223   ATM         . 
# sp_Q86Y26-4_NUTM1_HU  1016 T   VPRETSVSK   0.154   PKA         . 
# sp_Q86Y26-4_NUTM1_HU  1016 T   VPRETSVSK   0.074   PKB         . 
#
# sp_Q86Y26-4_NUTM1_HU  1017 S   PRETSVSKT   0.973   unsp       YES
# sp_Q86Y26-4_NUTM1_HU  1017 S   PRETSVSKT   0.531   RSK        YES
# sp_Q86Y26-4_NUTM1_HU  1017 S   PRETSVSKT   0.482   CaM-II      . 
# sp_Q86Y26-4_NUTM1_HU  1017 S   PRETSVSKT   0.459   GSK3        . 
# sp_Q86Y26-4_NUTM1_HU  1017 S   PRETSVSKT   0.449   cdc2        . 
# sp_Q86Y26-4_NUTM1_HU  1017 S   PRETSVSKT   0.439   PKA         . 
# sp_Q86Y26-4_NUTM1_HU  1017 S   PRETSVSKT   0.356   CKI         . 
# sp_Q86Y26-4_NUTM1_HU  1017 S   PRETSVSKT   0.353   DNAPK       . 
# sp_Q86Y26-4_NUTM1_HU  1017 S   PRETSVSKT   0.343   PKC         . 
# sp_Q86Y26-4_NUTM1_HU  1017 S   PRETSVSKT   0.339   PKG         . 
# sp_Q86Y26-4_NUTM1_HU  1017 S   PRETSVSKT   0.280   p38MAPK     . 
# sp_Q86Y26-4_NUTM1_HU  1017 S   PRETSVSKT   0.264   ATM         . 
# sp_Q86Y26-4_NUTM1_HU  1017 S   PRETSVSKT   0.260   PKB         . 
# sp_Q86Y26-4_NUTM1_HU  1017 S   PRETSVSKT   0.241   cdk5        . 
# sp_Q86Y26-4_NUTM1_HU  1017 S   PRETSVSKT   0.215   CKII        . 
#
# sp_Q86Y26-4_NUTM1_HU  1019 S   ETSVSKTHR   0.690   unsp       YES
# sp_Q86Y26-4_NUTM1_HU  1019 S   ETSVSKTHR   0.496   PKC         . 
# sp_Q86Y26-4_NUTM1_HU  1019 S   ETSVSKTHR   0.429   GSK3        . 
# sp_Q86Y26-4_NUTM1_HU  1019 S   ETSVSKTHR   0.421   CaM-II      . 
# sp_Q86Y26-4_NUTM1_HU  1019 S   ETSVSKTHR   0.411   cdc2        . 
# sp_Q86Y26-4_NUTM1_HU  1019 S   ETSVSKTHR   0.370   CKI         . 
# sp_Q86Y26-4_NUTM1_HU  1019 S   ETSVSKTHR   0.347   DNAPK       . 
# sp_Q86Y26-4_NUTM1_HU  1019 S   ETSVSKTHR   0.309   CKII        . 
# sp_Q86Y26-4_NUTM1_HU  1019 S   ETSVSKTHR   0.307   RSK         . 
# sp_Q86Y26-4_NUTM1_HU  1019 S   ETSVSKTHR   0.304   PKG         . 
# sp_Q86Y26-4_NUTM1_HU  1019 S   ETSVSKTHR   0.290   ATM         . 
# sp_Q86Y26-4_NUTM1_HU  1019 S   ETSVSKTHR   0.276   p38MAPK     . 
# sp_Q86Y26-4_NUTM1_HU  1019 S   ETSVSKTHR   0.241   PKB         . 
# sp_Q86Y26-4_NUTM1_HU  1019 S   ETSVSKTHR   0.213   PKA         . 
# sp_Q86Y26-4_NUTM1_HU  1019 S   ETSVSKTHR   0.203   cdk5        . 
#
# sp_Q86Y26-4_NUTM1_HU  1021 T   SVSKTHRSA   0.787   PKC        YES
# sp_Q86Y26-4_NUTM1_HU  1021 T   SVSKTHRSA   0.697   unsp       YES
# sp_Q86Y26-4_NUTM1_HU  1021 T   SVSKTHRSA   0.459   GSK3        . 
# sp_Q86Y26-4_NUTM1_HU  1021 T   SVSKTHRSA   0.432   CaM-II      . 
# sp_Q86Y26-4_NUTM1_HU  1021 T   SVSKTHRSA   0.379   CKI         . 
# sp_Q86Y26-4_NUTM1_HU  1021 T   SVSKTHRSA   0.378   cdc2        . 
# sp_Q86Y26-4_NUTM1_HU  1021 T   SVSKTHRSA   0.341   DNAPK       . 
# sp_Q86Y26-4_NUTM1_HU  1021 T   SVSKTHRSA   0.334   p38MAPK     . 
# sp_Q86Y26-4_NUTM1_HU  1021 T   SVSKTHRSA   0.328   cdk5        . 
# sp_Q86Y26-4_NUTM1_HU  1021 T   SVSKTHRSA   0.317   CKII        . 
# sp_Q86Y26-4_NUTM1_HU  1021 T   SVSKTHRSA   0.275   RSK         . 
# sp_Q86Y26-4_NUTM1_HU  1021 T   SVSKTHRSA   0.262   PKG         . 
# sp_Q86Y26-4_NUTM1_HU  1021 T   SVSKTHRSA   0.234   ATM         . 
# sp_Q86Y26-4_NUTM1_HU  1021 T   SVSKTHRSA   0.112   PKA         . 
# sp_Q86Y26-4_NUTM1_HU  1021 T   SVSKTHRSA   0.081   PKB         . 
#
# sp_Q86Y26-4_NUTM1_HU  1024 S   KTHRSADRA   0.933   unsp       YES
# sp_Q86Y26-4_NUTM1_HU  1024 S   KTHRSADRA   0.463   cdc2        . 
# sp_Q86Y26-4_NUTM1_HU  1024 S   KTHRSADRA   0.453   GSK3        . 
# sp_Q86Y26-4_NUTM1_HU  1024 S   KTHRSADRA   0.451   PKC         . 
# sp_Q86Y26-4_NUTM1_HU  1024 S   KTHRSADRA   0.447   CaM-II      . 
# sp_Q86Y26-4_NUTM1_HU  1024 S   KTHRSADRA   0.428   PKG         . 
# sp_Q86Y26-4_NUTM1_HU  1024 S   KTHRSADRA   0.378   CKI         . 
# sp_Q86Y26-4_NUTM1_HU  1024 S   KTHRSADRA   0.365   p38MAPK     . 
# sp_Q86Y26-4_NUTM1_HU  1024 S   KTHRSADRA   0.348   DNAPK       . 
# sp_Q86Y26-4_NUTM1_HU  1024 S   KTHRSADRA   0.329   RSK         . 
# sp_Q86Y26-4_NUTM1_HU  1024 S   KTHRSADRA   0.313   CKII        . 
# sp_Q86Y26-4_NUTM1_HU  1024 S   KTHRSADRA   0.298   ATM         . 
# sp_Q86Y26-4_NUTM1_HU  1024 S   KTHRSADRA   0.210   PKA         . 
# sp_Q86Y26-4_NUTM1_HU  1024 S   KTHRSADRA   0.190   cdk5        . 
# sp_Q86Y26-4_NUTM1_HU  1024 S   KTHRSADRA   0.082   PKB         . 
#
# sp_Q86Y26-4_NUTM1_HU  1046 S   DEELSNFAY   0.514   CKII       YES
# sp_Q86Y26-4_NUTM1_HU  1046 S   DEELSNFAY   0.437   GSK3        . 
# sp_Q86Y26-4_NUTM1_HU  1046 S   DEELSNFAY   0.431   cdc2        . 
# sp_Q86Y26-4_NUTM1_HU  1046 S   DEELSNFAY   0.427   CKI         . 
# sp_Q86Y26-4_NUTM1_HU  1046 S   DEELSNFAY   0.427   CaM-II      . 
# sp_Q86Y26-4_NUTM1_HU  1046 S   DEELSNFAY   0.345   DNAPK       . 
# sp_Q86Y26-4_NUTM1_HU  1046 S   DEELSNFAY   0.329   p38MAPK     . 
# sp_Q86Y26-4_NUTM1_HU  1046 S   DEELSNFAY   0.308   ATM         . 
# sp_Q86Y26-4_NUTM1_HU  1046 S   DEELSNFAY   0.283   RSK         . 
# sp_Q86Y26-4_NUTM1_HU  1046 S   DEELSNFAY   0.234   PKG         . 
# sp_Q86Y26-4_NUTM1_HU  1046 S   DEELSNFAY   0.234   PKA         . 
# sp_Q86Y26-4_NUTM1_HU  1046 S   DEELSNFAY   0.176   cdk5        . 
# sp_Q86Y26-4_NUTM1_HU  1046 S   DEELSNFAY   0.091   PKB         . 
# sp_Q86Y26-4_NUTM1_HU  1046 S   DEELSNFAY   0.087   PKC         . 
# sp_Q86Y26-4_NUTM1_HU  1046 S   DEELSNFAY   0.024   unsp        . 
#
# sp_Q86Y26-4_NUTM1_HU  1050 Y   SNFAYLLAS   0.486   EGFR        . 
# sp_Q86Y26-4_NUTM1_HU  1050 Y   SNFAYLLAS   0.410   SRC         . 
# sp_Q86Y26-4_NUTM1_HU  1050 Y   SNFAYLLAS   0.387   unsp        . 
# sp_Q86Y26-4_NUTM1_HU  1050 Y   SNFAYLLAS   0.372   INSR        . 
#
# sp_Q86Y26-4_NUTM1_HU  1054 S   YLLASKLSL   0.561   PKC        YES
# sp_Q86Y26-4_NUTM1_HU  1054 S   YLLASKLSL   0.508   cdc2       YES
# sp_Q86Y26-4_NUTM1_HU  1054 S   YLLASKLSL   0.478   CaM-II      . 
# sp_Q86Y26-4_NUTM1_HU  1054 S   YLLASKLSL   0.432   GSK3        . 
# sp_Q86Y26-4_NUTM1_HU  1054 S   YLLASKLSL   0.363   CKI         . 
# sp_Q86Y26-4_NUTM1_HU  1054 S   YLLASKLSL   0.356   RSK         . 
# sp_Q86Y26-4_NUTM1_HU  1054 S   YLLASKLSL   0.339   DNAPK       . 
# sp_Q86Y26-4_NUTM1_HU  1054 S   YLLASKLSL   0.328   p38MAPK     . 
# sp_Q86Y26-4_NUTM1_HU  1054 S   YLLASKLSL   0.281   ATM         . 
# sp_Q86Y26-4_NUTM1_HU  1054 S   YLLASKLSL   0.273   CKII        . 
# sp_Q86Y26-4_NUTM1_HU  1054 S   YLLASKLSL   0.238   PKG         . 
# sp_Q86Y26-4_NUTM1_HU  1054 S   YLLASKLSL   0.224   cdk5        . 
# sp_Q86Y26-4_NUTM1_HU  1054 S   YLLASKLSL   0.161   PKA         . 
# sp_Q86Y26-4_NUTM1_HU  1054 S   YLLASKLSL   0.090   PKB         . 
# sp_Q86Y26-4_NUTM1_HU  1054 S   YLLASKLSL   0.020   unsp        . 
#
# sp_Q86Y26-4_NUTM1_HU  1057 S   ASKLSLSPR   0.629   PKA        YES
# sp_Q86Y26-4_NUTM1_HU  1057 S   ASKLSLSPR   0.459   GSK3        . 
# sp_Q86Y26-4_NUTM1_HU  1057 S   ASKLSLSPR   0.454   cdc2        . 
# sp_Q86Y26-4_NUTM1_HU  1057 S   ASKLSLSPR   0.431   CaM-II      . 
# sp_Q86Y26-4_NUTM1_HU  1057 S   ASKLSLSPR   0.389   DNAPK       . 
# sp_Q86Y26-4_NUTM1_HU  1057 S   ASKLSLSPR   0.384   CKI         . 
# sp_Q86Y26-4_NUTM1_HU  1057 S   ASKLSLSPR   0.376   PKG         . 
# sp_Q86Y26-4_NUTM1_HU  1057 S   ASKLSLSPR   0.325   CKII        . 
# sp_Q86Y26-4_NUTM1_HU  1057 S   ASKLSLSPR   0.318   RSK         . 
# sp_Q86Y26-4_NUTM1_HU  1057 S   ASKLSLSPR   0.300   ATM         . 
# sp_Q86Y26-4_NUTM1_HU  1057 S   ASKLSLSPR   0.287   p38MAPK     . 
# sp_Q86Y26-4_NUTM1_HU  1057 S   ASKLSLSPR   0.221   PKC         . 
# sp_Q86Y26-4_NUTM1_HU  1057 S   ASKLSLSPR   0.191   unsp        . 
# sp_Q86Y26-4_NUTM1_HU  1057 S   ASKLSLSPR   0.171   cdk5        . 
# sp_Q86Y26-4_NUTM1_HU  1057 S   ASKLSLSPR   0.075   PKB         . 
#
# sp_Q86Y26-4_NUTM1_HU  1059 S   KLSLSPREH   0.998   unsp       YES
# sp_Q86Y26-4_NUTM1_HU  1059 S   KLSLSPREH   0.599   p38MAPK    YES
# sp_Q86Y26-4_NUTM1_HU  1059 S   KLSLSPREH   0.527   cdc2       YES
# sp_Q86Y26-4_NUTM1_HU  1059 S   KLSLSPREH   0.476   GSK3        . 
# sp_Q86Y26-4_NUTM1_HU  1059 S   KLSLSPREH   0.417   CKII        . 
# sp_Q86Y26-4_NUTM1_HU  1059 S   KLSLSPREH   0.415   CaM-II      . 
# sp_Q86Y26-4_NUTM1_HU  1059 S   KLSLSPREH   0.396   cdk5        . 
# sp_Q86Y26-4_NUTM1_HU  1059 S   KLSLSPREH   0.377   RSK         . 
# sp_Q86Y26-4_NUTM1_HU  1059 S   KLSLSPREH   0.369   CKI         . 
# sp_Q86Y26-4_NUTM1_HU  1059 S   KLSLSPREH   0.349   DNAPK       . 
# sp_Q86Y26-4_NUTM1_HU  1059 S   KLSLSPREH   0.318   ATM         . 
# sp_Q86Y26-4_NUTM1_HU  1059 S   KLSLSPREH   0.262   PKG         . 
# sp_Q86Y26-4_NUTM1_HU  1059 S   KLSLSPREH   0.230   PKC         . 
# sp_Q86Y26-4_NUTM1_HU  1059 S   KLSLSPREH   0.146   PKA         . 
# sp_Q86Y26-4_NUTM1_HU  1059 S   KLSLSPREH   0.082   PKB         . 
#
# sp_Q86Y26-4_NUTM1_HU  1066 S   EHPLSPHHA   0.992   unsp       YES
# sp_Q86Y26-4_NUTM1_HU  1066 S   EHPLSPHHA   0.660   cdk5       YES
# sp_Q86Y26-4_NUTM1_HU  1066 S   EHPLSPHHA   0.568   p38MAPK    YES
# sp_Q86Y26-4_NUTM1_HU  1066 S   EHPLSPHHA   0.524   GSK3       YES
# sp_Q86Y26-4_NUTM1_HU  1066 S   EHPLSPHHA   0.405   CaM-II      . 
# sp_Q86Y26-4_NUTM1_HU  1066 S   EHPLSPHHA   0.397   RSK         . 
# sp_Q86Y26-4_NUTM1_HU  1066 S   EHPLSPHHA   0.383   CKI         . 
# sp_Q86Y26-4_NUTM1_HU  1066 S   EHPLSPHHA   0.371   cdc2        . 
# sp_Q86Y26-4_NUTM1_HU  1066 S   EHPLSPHHA   0.362   ATM         . 
# sp_Q86Y26-4_NUTM1_HU  1066 S   EHPLSPHHA   0.347   DNAPK       . 
# sp_Q86Y26-4_NUTM1_HU  1066 S   EHPLSPHHA   0.333   CKII        . 
# sp_Q86Y26-4_NUTM1_HU  1066 S   EHPLSPHHA   0.268   PKB         . 
# sp_Q86Y26-4_NUTM1_HU  1066 S   EHPLSPHHA   0.259   PKG         . 
# sp_Q86Y26-4_NUTM1_HU  1066 S   EHPLSPHHA   0.099   PKA         . 
# sp_Q86Y26-4_NUTM1_HU  1066 S   EHPLSPHHA   0.063   PKC         . 
#
# sp_Q86Y26-4_NUTM1_HU  1071 S   PHHASGGQG   0.455   GSK3        . 
# sp_Q86Y26-4_NUTM1_HU  1071 S   PHHASGGQG   0.440   CaM-II      . 
# sp_Q86Y26-4_NUTM1_HU  1071 S   PHHASGGQG   0.429   cdc2        . 
# sp_Q86Y26-4_NUTM1_HU  1071 S   PHHASGGQG   0.366   CKI         . 
# sp_Q86Y26-4_NUTM1_HU  1071 S   PHHASGGQG   0.348   PKA         . 
# sp_Q86Y26-4_NUTM1_HU  1071 S   PHHASGGQG   0.346   DNAPK       . 
# sp_Q86Y26-4_NUTM1_HU  1071 S   PHHASGGQG   0.308   ATM         . 
# sp_Q86Y26-4_NUTM1_HU  1071 S   PHHASGGQG   0.287   p38MAPK     . 
# sp_Q86Y26-4_NUTM1_HU  1071 S   PHHASGGQG   0.277   CKII        . 
# sp_Q86Y26-4_NUTM1_HU  1071 S   PHHASGGQG   0.267   unsp        . 
# sp_Q86Y26-4_NUTM1_HU  1071 S   PHHASGGQG   0.251   RSK         . 
# sp_Q86Y26-4_NUTM1_HU  1071 S   PHHASGGQG   0.240   PKG         . 
# sp_Q86Y26-4_NUTM1_HU  1071 S   PHHASGGQG   0.236   cdk5        . 
# sp_Q86Y26-4_NUTM1_HU  1071 S   PHHASGGQG   0.167   PKC         . 
# sp_Q86Y26-4_NUTM1_HU  1071 S   PHHASGGQG   0.111   PKB         . 
#
# sp_Q86Y26-4_NUTM1_HU  1076 S   GGQGSQRAS   0.799   unsp       YES
# sp_Q86Y26-4_NUTM1_HU  1076 S   GGQGSQRAS   0.744   PKC        YES
# sp_Q86Y26-4_NUTM1_HU  1076 S   GGQGSQRAS   0.613   DNAPK      YES
# sp_Q86Y26-4_NUTM1_HU  1076 S   GGQGSQRAS   0.485   ATM         . 
# sp_Q86Y26-4_NUTM1_HU  1076 S   GGQGSQRAS   0.455   GSK3        . 
# sp_Q86Y26-4_NUTM1_HU  1076 S   GGQGSQRAS   0.448   CaM-II      . 
# sp_Q86Y26-4_NUTM1_HU  1076 S   GGQGSQRAS   0.398   cdc2        . 
# sp_Q86Y26-4_NUTM1_HU  1076 S   GGQGSQRAS   0.371   CKI         . 
# sp_Q86Y26-4_NUTM1_HU  1076 S   GGQGSQRAS   0.355   p38MAPK     . 
# sp_Q86Y26-4_NUTM1_HU  1076 S   GGQGSQRAS   0.285   CKII        . 
# sp_Q86Y26-4_NUTM1_HU  1076 S   GGQGSQRAS   0.284   RSK         . 
# sp_Q86Y26-4_NUTM1_HU  1076 S   GGQGSQRAS   0.217   PKG         . 
# sp_Q86Y26-4_NUTM1_HU  1076 S   GGQGSQRAS   0.175   cdk5        . 
# sp_Q86Y26-4_NUTM1_HU  1076 S   GGQGSQRAS   0.141   PKA         . 
# sp_Q86Y26-4_NUTM1_HU  1076 S   GGQGSQRAS   0.081   PKB         . 
#
# sp_Q86Y26-4_NUTM1_HU  1080 S   SQRASHLLP   0.706   unsp       YES
# sp_Q86Y26-4_NUTM1_HU  1080 S   SQRASHLLP   0.503   PKA        YES
# sp_Q86Y26-4_NUTM1_HU  1080 S   SQRASHLLP   0.481   cdc2        . 
# sp_Q86Y26-4_NUTM1_HU  1080 S   SQRASHLLP   0.467   CaM-II      . 
# sp_Q86Y26-4_NUTM1_HU  1080 S   SQRASHLLP   0.456   GSK3        . 
# sp_Q86Y26-4_NUTM1_HU  1080 S   SQRASHLLP   0.389   RSK         . 
# sp_Q86Y26-4_NUTM1_HU  1080 S   SQRASHLLP   0.361   CKI         . 
# sp_Q86Y26-4_NUTM1_HU  1080 S   SQRASHLLP   0.354   DNAPK       . 
# sp_Q86Y26-4_NUTM1_HU  1080 S   SQRASHLLP   0.333   p38MAPK     . 
# sp_Q86Y26-4_NUTM1_HU  1080 S   SQRASHLLP   0.324   ATM         . 
# sp_Q86Y26-4_NUTM1_HU  1080 S   SQRASHLLP   0.312   CKII        . 
# sp_Q86Y26-4_NUTM1_HU  1080 S   SQRASHLLP   0.276   PKG         . 
# sp_Q86Y26-4_NUTM1_HU  1080 S   SQRASHLLP   0.221   cdk5        . 
# sp_Q86Y26-4_NUTM1_HU  1080 S   SQRASHLLP   0.176   PKC         . 
# sp_Q86Y26-4_NUTM1_HU  1080 S   SQRASHLLP   0.079   PKB         . 
#
# sp_Q86Y26-4_NUTM1_HU  1091 S   AKGPSKLPY   0.521   cdc2       YES
# sp_Q86Y26-4_NUTM1_HU  1091 S   AKGPSKLPY   0.484   PKA         . 
# sp_Q86Y26-4_NUTM1_HU  1091 S   AKGPSKLPY   0.482   PKG         . 
# sp_Q86Y26-4_NUTM1_HU  1091 S   AKGPSKLPY   0.453   GSK3        . 
# sp_Q86Y26-4_NUTM1_HU  1091 S   AKGPSKLPY   0.431   CaM-II      . 
# sp_Q86Y26-4_NUTM1_HU  1091 S   AKGPSKLPY   0.368   CKI         . 
# sp_Q86Y26-4_NUTM1_HU  1091 S   AKGPSKLPY   0.338   DNAPK       . 
# sp_Q86Y26-4_NUTM1_HU  1091 S   AKGPSKLPY   0.293   CKII        . 
# sp_Q86Y26-4_NUTM1_HU  1091 S   AKGPSKLPY   0.286   ATM         . 
# sp_Q86Y26-4_NUTM1_HU  1091 S   AKGPSKLPY   0.284   p38MAPK     . 
# sp_Q86Y26-4_NUTM1_HU  1091 S   AKGPSKLPY   0.235   RSK         . 
# sp_Q86Y26-4_NUTM1_HU  1091 S   AKGPSKLPY   0.201   PKC         . 
# sp_Q86Y26-4_NUTM1_HU  1091 S   AKGPSKLPY   0.168   cdk5        . 
# sp_Q86Y26-4_NUTM1_HU  1091 S   AKGPSKLPY   0.135   unsp        . 
# sp_Q86Y26-4_NUTM1_HU  1091 S   AKGPSKLPY   0.098   PKB         . 
#
# sp_Q86Y26-4_NUTM1_HU  1095 Y   SKLPYPVAK   0.604   unsp       YES
# sp_Q86Y26-4_NUTM1_HU  1095 Y   SKLPYPVAK   0.524   INSR       YES
# sp_Q86Y26-4_NUTM1_HU  1095 Y   SKLPYPVAK   0.394   SRC         . 
# sp_Q86Y26-4_NUTM1_HU  1095 Y   SKLPYPVAK   0.333   EGFR        . 
#
# sp_Q86Y26-4_NUTM1_HU  1100 S   PVAKSGKRA   0.993   unsp       YES
# sp_Q86Y26-4_NUTM1_HU  1100 S   PVAKSGKRA   0.851   PKC        YES
# sp_Q86Y26-4_NUTM1_HU  1100 S   PVAKSGKRA   0.504   cdc2       YES
# sp_Q86Y26-4_NUTM1_HU  1100 S   PVAKSGKRA   0.455   GSK3        . 
# sp_Q86Y26-4_NUTM1_HU  1100 S   PVAKSGKRA   0.438   CaM-II      . 
# sp_Q86Y26-4_NUTM1_HU  1100 S   PVAKSGKRA   0.361   CKI         . 
# sp_Q86Y26-4_NUTM1_HU  1100 S   PVAKSGKRA   0.343   DNAPK       . 
# sp_Q86Y26-4_NUTM1_HU  1100 S   PVAKSGKRA   0.300   p38MAPK     . 
# sp_Q86Y26-4_NUTM1_HU  1100 S   PVAKSGKRA   0.288   PKG         . 
# sp_Q86Y26-4_NUTM1_HU  1100 S   PVAKSGKRA   0.263   RSK         . 
# sp_Q86Y26-4_NUTM1_HU  1100 S   PVAKSGKRA   0.257   CKII        . 
# sp_Q86Y26-4_NUTM1_HU  1100 S   PVAKSGKRA   0.251   ATM         . 
# sp_Q86Y26-4_NUTM1_HU  1100 S   PVAKSGKRA   0.222   cdk5        . 
# sp_Q86Y26-4_NUTM1_HU  1100 S   PVAKSGKRA   0.169   PKA         . 
# sp_Q86Y26-4_NUTM1_HU  1100 S   PVAKSGKRA   0.089   PKB         . 
#
# sp_Q86Y26-4_NUTM1_HU  1112 T   GPAPTEKTP   0.692   unsp       YES
# sp_Q86Y26-4_NUTM1_HU  1112 T   GPAPTEKTP   0.462   GSK3        . 
# sp_Q86Y26-4_NUTM1_HU  1112 T   GPAPTEKTP   0.447   CaM-II      . 
# sp_Q86Y26-4_NUTM1_HU  1112 T   GPAPTEKTP   0.398   CKI         . 
# sp_Q86Y26-4_NUTM1_HU  1112 T   GPAPTEKTP   0.362   cdc2        . 
# sp_Q86Y26-4_NUTM1_HU  1112 T   GPAPTEKTP   0.347   CKII        . 
# sp_Q86Y26-4_NUTM1_HU  1112 T   GPAPTEKTP   0.338   PKC         . 
# sp_Q86Y26-4_NUTM1_HU  1112 T   GPAPTEKTP   0.336   DNAPK       . 
# sp_Q86Y26-4_NUTM1_HU  1112 T   GPAPTEKTP   0.313   PKG         . 
# sp_Q86Y26-4_NUTM1_HU  1112 T   GPAPTEKTP   0.279   p38MAPK     . 
# sp_Q86Y26-4_NUTM1_HU  1112 T   GPAPTEKTP   0.234   ATM         . 
# sp_Q86Y26-4_NUTM1_HU  1112 T   GPAPTEKTP   0.222   cdk5        . 
# sp_Q86Y26-4_NUTM1_HU  1112 T   GPAPTEKTP   0.177   RSK         . 
# sp_Q86Y26-4_NUTM1_HU  1112 T   GPAPTEKTP   0.088   PKA         . 
# sp_Q86Y26-4_NUTM1_HU  1112 T   GPAPTEKTP   0.078   PKB         . 
#
# sp_Q86Y26-4_NUTM1_HU  1115 T   PTEKTPHSG   0.933   unsp       YES
# sp_Q86Y26-4_NUTM1_HU  1115 T   PTEKTPHSG   0.511   cdk5       YES
# sp_Q86Y26-4_NUTM1_HU  1115 T   PTEKTPHSG   0.470   p38MAPK     . 
# sp_Q86Y26-4_NUTM1_HU  1115 T   PTEKTPHSG   0.469   GSK3        . 
# sp_Q86Y26-4_NUTM1_HU  1115 T   PTEKTPHSG   0.426   CaM-II      . 
# sp_Q86Y26-4_NUTM1_HU  1115 T   PTEKTPHSG   0.381   cdc2        . 
# sp_Q86Y26-4_NUTM1_HU  1115 T   PTEKTPHSG   0.368   CKI         . 
# sp_Q86Y26-4_NUTM1_HU  1115 T   PTEKTPHSG   0.355   PKG         . 
# sp_Q86Y26-4_NUTM1_HU  1115 T   PTEKTPHSG   0.339   DNAPK       . 
# sp_Q86Y26-4_NUTM1_HU  1115 T   PTEKTPHSG   0.296   RSK         . 
# sp_Q86Y26-4_NUTM1_HU  1115 T   PTEKTPHSG   0.233   ATM         . 
# sp_Q86Y26-4_NUTM1_HU  1115 T   PTEKTPHSG   0.232   CKII        . 
# sp_Q86Y26-4_NUTM1_HU  1115 T   PTEKTPHSG   0.089   PKB         . 
# sp_Q86Y26-4_NUTM1_HU  1115 T   PTEKTPHSG   0.087   PKA         . 
# sp_Q86Y26-4_NUTM1_HU  1115 T   PTEKTPHSG   0.051   PKC         . 
#
# sp_Q86Y26-4_NUTM1_HU  1118 S   KTPHSGAQL   0.638   unsp       YES
# sp_Q86Y26-4_NUTM1_HU  1118 S   KTPHSGAQL   0.620   PKA        YES
# sp_Q86Y26-4_NUTM1_HU  1118 S   KTPHSGAQL   0.461   GSK3        . 
# sp_Q86Y26-4_NUTM1_HU  1118 S   KTPHSGAQL   0.444   CaM-II      . 
# sp_Q86Y26-4_NUTM1_HU  1118 S   KTPHSGAQL   0.400   CKI         . 
# sp_Q86Y26-4_NUTM1_HU  1118 S   KTPHSGAQL   0.372   DNAPK       . 
# sp_Q86Y26-4_NUTM1_HU  1118 S   KTPHSGAQL   0.341   cdc2        . 
# sp_Q86Y26-4_NUTM1_HU  1118 S   KTPHSGAQL   0.334   p38MAPK     . 
# sp_Q86Y26-4_NUTM1_HU  1118 S   KTPHSGAQL   0.315   CKII        . 
# sp_Q86Y26-4_NUTM1_HU  1118 S   KTPHSGAQL   0.314   ATM         . 
# sp_Q86Y26-4_NUTM1_HU  1118 S   KTPHSGAQL   0.303   PKC         . 
# sp_Q86Y26-4_NUTM1_HU  1118 S   KTPHSGAQL   0.299   RSK         . 
# sp_Q86Y26-4_NUTM1_HU  1118 S   KTPHSGAQL   0.281   PKG         . 
# sp_Q86Y26-4_NUTM1_HU  1118 S   KTPHSGAQL   0.201   cdk5        . 
# sp_Q86Y26-4_NUTM1_HU  1118 S   KTPHSGAQL   0.080   PKB         . 
#
# sp_Q86Y26-4_NUTM1_HU  1138 S   VVRPSQPRK   0.992   unsp       YES
# sp_Q86Y26-4_NUTM1_HU  1138 S   VVRPSQPRK   0.635   DNAPK      YES
# sp_Q86Y26-4_NUTM1_HU  1138 S   VVRPSQPRK   0.537   PKC        YES
# sp_Q86Y26-4_NUTM1_HU  1138 S   VVRPSQPRK   0.534   ATM        YES
# sp_Q86Y26-4_NUTM1_HU  1138 S   VVRPSQPRK   0.517   cdc2       YES
# sp_Q86Y26-4_NUTM1_HU  1138 S   VVRPSQPRK   0.469   GSK3        . 
# sp_Q86Y26-4_NUTM1_HU  1138 S   VVRPSQPRK   0.418   CaM-II      . 
# sp_Q86Y26-4_NUTM1_HU  1138 S   VVRPSQPRK   0.369   CKI         . 
# sp_Q86Y26-4_NUTM1_HU  1138 S   VVRPSQPRK   0.354   PKG         . 
# sp_Q86Y26-4_NUTM1_HU  1138 S   VVRPSQPRK   0.318   RSK         . 
# sp_Q86Y26-4_NUTM1_HU  1138 S   VVRPSQPRK   0.310   p38MAPK     . 
# sp_Q86Y26-4_NUTM1_HU  1138 S   VVRPSQPRK   0.291   cdk5        . 
# sp_Q86Y26-4_NUTM1_HU  1138 S   VVRPSQPRK   0.247   CKII        . 
# sp_Q86Y26-4_NUTM1_HU  1138 S   VVRPSQPRK   0.215   PKA         . 
# sp_Q86Y26-4_NUTM1_HU  1138 S   VVRPSQPRK   0.098   PKB         . 
#
# sp_Q86Y26-4_NUTM1_HU  1147 S   RRCDSFVTG   0.932   unsp       YES
# sp_Q86Y26-4_NUTM1_HU  1147 S   RRCDSFVTG   0.610   PKA        YES
# sp_Q86Y26-4_NUTM1_HU  1147 S   RRCDSFVTG   0.510   PKG        YES
# sp_Q86Y26-4_NUTM1_HU  1147 S   RRCDSFVTG   0.482   RSK         . 
# sp_Q86Y26-4_NUTM1_HU  1147 S   RRCDSFVTG   0.477   CaM-II      . 
# sp_Q86Y26-4_NUTM1_HU  1147 S   RRCDSFVTG   0.443   GSK3        . 
# sp_Q86Y26-4_NUTM1_HU  1147 S   RRCDSFVTG   0.417   cdc2        . 
# sp_Q86Y26-4_NUTM1_HU  1147 S   RRCDSFVTG   0.364   CKI         . 
# sp_Q86Y26-4_NUTM1_HU  1147 S   RRCDSFVTG   0.342   DNAPK       . 
# sp_Q86Y26-4_NUTM1_HU  1147 S   RRCDSFVTG   0.309   p38MAPK     . 
# sp_Q86Y26-4_NUTM1_HU  1147 S   RRCDSFVTG   0.291   PKB         . 
# sp_Q86Y26-4_NUTM1_HU  1147 S   RRCDSFVTG   0.285   ATM         . 
# sp_Q86Y26-4_NUTM1_HU  1147 S   RRCDSFVTG   0.217   CKII        . 
# sp_Q86Y26-4_NUTM1_HU  1147 S   RRCDSFVTG   0.189   cdk5        . 
# sp_Q86Y26-4_NUTM1_HU  1147 S   RRCDSFVTG   0.089   PKC         . 
#
# sp_Q86Y26-4_NUTM1_HU  1150 T   DSFVTGRRK   0.909   PKC        YES
# sp_Q86Y26-4_NUTM1_HU  1150 T   DSFVTGRRK   0.816   unsp       YES
# sp_Q86Y26-4_NUTM1_HU  1150 T   DSFVTGRRK   0.487   cdc2        . 
# sp_Q86Y26-4_NUTM1_HU  1150 T   DSFVTGRRK   0.437   CaM-II      . 
# sp_Q86Y26-4_NUTM1_HU  1150 T   DSFVTGRRK   0.420   GSK3        . 
# sp_Q86Y26-4_NUTM1_HU  1150 T   DSFVTGRRK   0.375   p38MAPK     . 
# sp_Q86Y26-4_NUTM1_HU  1150 T   DSFVTGRRK   0.369   CKI         . 
# sp_Q86Y26-4_NUTM1_HU  1150 T   DSFVTGRRK   0.338   DNAPK       . 
# sp_Q86Y26-4_NUTM1_HU  1150 T   DSFVTGRRK   0.301   CKII        . 
# sp_Q86Y26-4_NUTM1_HU  1150 T   DSFVTGRRK   0.227   cdk5        . 
# sp_Q86Y26-4_NUTM1_HU  1150 T   DSFVTGRRK   0.225   ATM         . 
# sp_Q86Y26-4_NUTM1_HU  1150 T   DSFVTGRRK   0.221   RSK         . 
# sp_Q86Y26-4_NUTM1_HU  1150 T   DSFVTGRRK   0.201   PKG         . 
# sp_Q86Y26-4_NUTM1_HU  1150 T   DSFVTGRRK   0.089   PKB         . 
# sp_Q86Y26-4_NUTM1_HU  1150 T   DSFVTGRRK   0.066   PKA         . 
#
# sp_Q86Y26-4_NUTM1_HU  1159 S   KRRRSQ---   0.997   unsp       YES
# sp_Q86Y26-4_NUTM1_HU  1159 S   KRRRSQ---   0.890   PKA        YES
# sp_Q86Y26-4_NUTM1_HU  1159 S   KRRRSQ---   0.679   RSK        YES
# sp_Q86Y26-4_NUTM1_HU  1159 S   KRRRSQ---   0.660   PKG        YES
# sp_Q86Y26-4_NUTM1_HU  1159 S   KRRRSQ---   0.617   DNAPK      YES
# sp_Q86Y26-4_NUTM1_HU  1159 S   KRRRSQ---   0.539   ATM        YES
# sp_Q86Y26-4_NUTM1_HU  1159 S   KRRRSQ---   0.473   cdc2        . 
# sp_Q86Y26-4_NUTM1_HU  1159 S   KRRRSQ---   0.460   CaM-II      . 
# sp_Q86Y26-4_NUTM1_HU  1159 S   KRRRSQ---   0.460   GSK3        . 
# sp_Q86Y26-4_NUTM1_HU  1159 S   KRRRSQ---   0.365   CKI         . 
# sp_Q86Y26-4_NUTM1_HU  1159 S   KRRRSQ---   0.284   PKB         . 
# sp_Q86Y26-4_NUTM1_HU  1159 S   KRRRSQ---   0.275   p38MAPK     . 
# sp_Q86Y26-4_NUTM1_HU  1159 S   KRRRSQ---   0.269   PKC         . 
# sp_Q86Y26-4_NUTM1_HU  1159 S   KRRRSQ---   0.218   CKII        . 
# sp_Q86Y26-4_NUTM1_HU  1159 S   KRRRSQ---   0.197   cdk5        . 
#
    MVVTLGPGPDCLILEASRQPQLVPKPERMASDGASALPGPDMSMKPSAAP   #     50
    SPSPALPFLPPTSDPPDHPPREPPPQPIMPSVFSPDNPLMLSAFPSSLLV   #    100
    TGDGGPCLSGAGAGKVIVKVKTEGGSAEPSQTQNFILTQTALNSTAPGTP   #    150
    CGGLEGPAPPFVTASNVKTILPSKAVGVSQEGPPGLPPQPPPPVAQLVPI   #    200
    VPLEKAWPGPHGTTGEGGPVATLSKPSLGDRSKISKDVYENFRQWQRYKA   #    250
    LARRHLSQSPDTEALSCFLIPVLRSLARLKPTMTLEEGLPLAVQEWEHTS   #    300
    NFDRMIFYEMAERFMEFEAEEMQIQNTQLMNGSQGLSPATPLKLDPLGPL   #    350
    ASEVCQQPVYIPKKAASKTRAPRRRQRKAQRPPAPEAPKEIPPEAVKEYV   #    400
    DIMEWLVGTHLATGESDGKQEEEGQQQEEEGMYPDPGLLSYINELCSQKV   #    450
    FVSKVEAVIHPQFLADLLSPEKQRDPLALIEELEQEEGLTLAQLVQKRLM   #    500
    ALEEEEDAEAPPSFSGAQLDSSPSGSVEDEDGDGRLRPSPGLQGAGGAAC   #    550
    LGKVSSSGKRAREVHGGQEQALDSPRGMHRDGNTLPSPSSWDLQPELAAP   #    600
    QGTPGPLGVERRGSGKVINQVSLHQDGHLGGAGPPGHCLVADRTSEALPL   #    650
    CWQGGFQPESTPSLDAGLAELAPLQGQGLEKQVLGLQKGQQTGGRGVLPQ   #    700
    GKEPLAVPWEGSSGAMWGDDRGTPMAQSYDQNPSPRAAGERDDVCLSPGV   #    750
    WLSSEMDAVGLELPVQIEEVIESFQVEKCVTEYQEGCQGLGSRGNISLGP   #    800
    GETLVPGDTESSVIPCGGTVAAAALEKRNYCSLPGPLRANSPPLRSKENQ   #    850
    EQSCETVGHPSDLWAEGCFPLLESGDSTLGSSKETLPPTCQGNLLIMGTE   #    900
    DASSLPEASQEAGSRGNSFSPLLETIEPVNILDVKDDCGLQLRVSEDTCP   #    950
    LNVHSYDPQGEGRVDPDLSKPKNLAPLQESQESYTTGTPKATSSHQGLGS   #   1000
    TLPRRGTRNAIVPRETSVSKTHRSADRAKGKEKKKKEAEEEDEELSNFAY   #   1050
    LLASKLSLSPREHPLSPHHASGGQGSQRASHLLPAGAKGPSKLPYPVAKS   #   1100
    GKRALAGGPAPTEKTPHSGAQLGVPREKPLALGVVRPSQPRKRRCDSFVT   #   1150
    GRRKKRRRSQ                                           #   1200
%1  ..............................S...S.......S...S...   #     50
%1  S.S........T..................S..S............S...   #    100
%1  .....................T...S...S.T.....T.T........T.   #    150
%1  ......................S.....S.....................   #    200
%1  ............T..........S..S....S..S...Y........Y..   #    250
%1  ......S.S...............S......T.T................   #    300
%1  ................................S...S..T..........   #    350
%1  ................S.T.............................Y.   #    400
%1  ........T......S................Y......S......S...   #    450
%1  ..S...............S...............................   #    500
%1  ............S.......SS.S.S............S...........   #    550
%1  ......S................S.........T..S.SS..........   #    600
%1  ..T..........S..............................S.....   #    650
%1  ..........T.......................................   #    700
%1  ......................T....SY....S............S...   #    750
%1  ...S............................Y.............S...   #    800
%1  ..T.....T....................Y.S........S....S....   #    850
%1  .....T....S............S..ST..SS..................   #    900
%1  ..SS....S....S...S..........................S.....   #    950
%1  ....S.............S..........S..SYTT.T...TS.......   #   1000
%1  T.....T........TS.S.T..S.....................S....   #   1050
%1  ...S..S.S......S.........S...S..........S...Y....S   #   1100
%1  ...........T..T..S...................S........S..T   #   1150
%1  ........S.
