Residue-by-residue listing for Q86Y26-4_trimmed - Chain A                                                                  Page  1
----------------------------------------

This listing highlights the residues in the structure which may need investigation.

The ideal values and standard deviations against which the structure has been compared are shown in the following table:



                          <------------------------------- I D E A L   V A L U E S ------------------------------->

                            Chi-1 dihedral         Proline Phi  Helix  Chi-3   Chi-3 Disulph Omega  H-bond Chirality
                            g(-) trans g(+)  Chi-2   phi  helix  psi  rt-hand lf-hand  bond dihedral  en.   C-alpha
                          ------------------------------------------------------------------------------------------
     Ideal value            64.1 183.6 -66.7 177.4 -65.4 -65.3 -39.4   96.8   -85.8    2.0   180.0   -2.0     33.9
     Standard deviation     15.7  16.8  15.0  18.5  11.2  11.9  11.3   14.8    10.7    0.1     5.8    0.8      3.5
                          ------------------------------------------------------------------------------------------


In the listing below, properties that deviate from these values are highlighted by asterisks and plus-signs. Each asterisk
represents one standard deviation, and each plus-sign represents half a standard deviation. So, a highlight such as +***, indicates
that the value of the parameter is between 3.5 and 4.0 standard deviations from the ideal value shown above.

Where the deviation is greater than 4.5 standard deviations its numerical value is shown; for example, *5.5*.

The final column gives the maximum deviation in each row, while the maximum column deviations are shown at the end of the listing.
Also at the end are the keys to the codes used for the secondary structure and Ramachandran plot assignments.


Full print-out.


...................................................................................................................................
 Residue     Kabsch Region
---------    Sander   of
No.  Type Seq  sec  Ramch.  Chi-1 dihedral   Chi-2 Proline Phi  Helix  Chi-3   Chi-3 Disulph Omega  H-bond Chirality   Bad      Max
  Chain   no. struc  plot   g(-) trans g(+)  trans   phi  helix  psi  rt-hand lf-hand  bond dihedral  en.   C-alpha  contacts   dev
-----------------------------------------------------------------------------------------------------------------------------------
   1A ILE 234         -       -     -  -50.5 165.3    -     -     -      -       -      -    174.7     -      34.8      -
                                           *                                                                                      *
   2A SER 235   h     B     77.8    -     -     -     -     -     -      -       -      -    185.1     -      30.9      -
   3A LYS 236   H     A       -  177.4    -  177.1    -  -55.4 -43.2     -       -      -    183.6     -      33.8      -
   4A ASP 237   H     A       -     -  -53.8    -     -  -68.4 -36.2     -       -      -    174.0     -      34.9      -
                                                                                                 *                                *
   5A VAL 238   H     A       -  169.9    -     -     -  -66.9 -42.5     -       -      -    174.4     -      33.0      -
   6A TYR 239   H     A       -  184.1    -     -     -  -65.0 -40.0     -       -      -    174.6   -2.2     32.6      -
   7A GLU 240   H     A       -     -  -77.6 172.9    -  -64.3 -42.0     -       -      -    172.2   -2.4     32.7      -
                                                                                                 *                                *
   8A ASN 241   H     A       -     -  -70.6    -     -  -62.5 -39.3     -       -      -    173.6   -2.6     32.8      -
                                                                                                 *                                *
   9A PHE 242   H     A       -  165.3    -     -     -  -62.1 -42.8     -       -      -    173.7   -2.4     33.7      -
                                     *                                                           *                                *
  10A ARG 243   H     A       -     -  -59.4    -     -  -66.7 -33.2     -       -      -    174.7   -2.4     32.1      -
  11A GLN 244   H     A       -  201.4    -     -     -  -70.0 -38.6     -       -      -    170.0   -2.2     32.3      -
                                     *                                                          +*                               +*
  12A TRP 245   H     A       -  175.2    -     -     -  -58.0 -46.8     -       -      -    173.3   -2.7     34.9      -
                                                                                                 *                                *
  13A GLN 246   H     A       -     -  -74.7 182.1    -  -55.9 -40.7     -       -      -    173.7   -2.4     32.8      -
                                                                                                 *                                *
  14A ARG 247   H     A       -     -  -68.3 196.3    -  -66.0 -41.1     -       -      -    184.9   -1.8     31.6      -
                                                 *                                                                                *
  15A TYR 248   H     A       -     -  -68.4    -     -  -81.8 -18.3     -       -      -    173.3   -2.5     32.2      -
                                                             *    +*                             *                               +*
  16A LYS 249   H     A       -     -  -80.9 164.0    -  -53.0 -35.4     -       -      -    175.6   -2.2     33.4      -
                                                             *                                                                    *
 
Residue-by-residue listing for Q86Y26-4_trimmed - Chain A                                                                  Page  2
----------------------------------------

...................................................................................................................................
 Residue     Kabsch Region
---------    Sander   of
No.  Type Seq  sec  Ramch.  Chi-1 dihedral   Chi-2 Proline Phi  Helix  Chi-3   Chi-3 Disulph Omega  H-bond Chirality   Bad      Max
  Chain   no. struc  plot   g(-) trans g(+)  trans   phi  helix  psi  rt-hand lf-hand  bond dihedral  en.   C-alpha  contacts   dev
-----------------------------------------------------------------------------------------------------------------------------------
  17A ALA 250   H     A       -     -     -     -     -  -68.0 -34.0     -       -      -    178.7   -0.6     34.3      -
                                                                                                       +*                        +*
  18A LEU 251   H     A       -     -  -58.8 175.3    -  -77.0 -48.7     -       -      -    177.3   -0.8     33.9      -
                                                                                                       +*                        +*
  19A ALA 252   H     A       -     -     -     -     -  -56.6 -37.0     -       -      -    175.6   -2.7     34.5      -
  20A ARG 253   H     A       -     -  -74.0 168.8    -  -65.7 -14.6     -       -      -    169.4   -1.6     33.0      -
                                                                  **                            +*                               **
  21A ARG 254   H     A       -     -  -69.5 173.9    -  -75.7 -27.8     -       -      -    182.9   -2.0     34.0      -
                                                                   *                                                              *
  22A HIS 255   H     A       -     -  -62.2    -     - -101.4 -39.3     -       -      -    180.6   -1.4     33.7      -
                                                           ***                                                                  ***
  23A LEU 256   h     B       -     -  -61.4 178.4    -     -     -      -       -      -    185.8   -2.9     33.2      -
                                                                                                        *                         *
  24A SER 257   S     b     50.6    -     -     -     -     -     -      -       -      -    172.5     -      31.0      -
                                                                                                 *                                *
  25A GLN 258   S     L       -     -  -57.0 189.4    -     -     -      -       -      -    167.5   -1.2     30.0      -
                                                                                                **      *        *               **
  26A SER 259   h     B     59.1    -     -     -     -     -     -      -       -      -    167.6     -      34.7      -
                                                                                                **                               **
  27A PRO 260   H     -       -     -     -     -  -59.9 -59.9 -32.4     -       -      -    171.4     -      36.1      -
                                                                                                 *                                *
  28A ASP 261   H     A       -     -  -44.1    -     -  -53.9 -23.5     -       -      -    178.0     -      36.0      -
                                          +*                       *                                                             +*
  29A THR 262   H     A       -     -  -53.1    -     -  -68.0 -41.2     -       -      -    179.6   -1.5     35.2      -
  30A GLU 263   H     A       -     -  -54.6    -     -  -77.1 -31.1     -       -      -    172.0   -1.1     32.8      -
                                                                                                 *      *                         *
  31A ALA 264   H     A       -     -     -     -     -  -73.6 -37.7     -       -      -    169.2   -1.5     33.6      -
                                                                                                +*                               +*
  32A LEU 265   H     A       -  174.3    -     -     -  -61.8 -40.2     -       -      -    174.2   -2.7     33.5      -
  33A SER 266   H     A       -     -  -55.1    -     -  -59.4 -34.8     -       -      -    171.2   -1.8     34.0      -
                                                                                                +*                               +*
  34A CYS 267   H     A       -     -  -73.8    -     -  -69.0 -42.9     -       -      -    179.5   -1.1     34.5      -
                                                                                                        *                         *
  35A PHE 268   H     A       -  184.4    -     -     -  -64.5 -38.0     -       -      -    178.1   -2.3     35.1      -
  36A LEU 269   H     A       -     -  -70.9 176.2    -  -61.4 -23.4     -       -      -    180.7   -2.6     34.0      -
                                                                   *                                                              *
  37A ILE 270   H     A       -     -  -64.4 169.8    -  -61.6 -61.8     -       -      -    174.0   -0.8     30.1      -
                                                                  +*                             *     +*        *               +*
  38A PRO 271   H     -       -     -     -     -  -68.8 -68.8 -41.0     -       -      -    187.1     -      36.3      -
                                                                                                 *                                *
  39A VAL 272   H     A       -  177.7    -     -     -  -66.1 -47.0     -       -      -    176.3   -1.9     31.1      -
  40A LEU 273   H     A       -     -  -62.4 174.5    -  -66.9 -30.1     -       -      -    173.7   -1.9     32.6      -
                                                                                                 *                                *
  41A ARG 274   H     A       -  182.2    -  185.3    -  -67.4 -41.0     -       -      -    173.3   -1.1     33.4      -
                                                                                                 *      *                         *
  42A SER 275   H     A       -     -  -70.7    -     -  -68.3 -46.1     -       -      -    177.9   -2.7     33.8      -
  43A LEU 276   H     A       -     -  -74.1 175.5    -  -61.0 -42.9     -       -      -    175.6   -2.9     34.0      -
                                                                                                        *                         *
  44A ALA 277   H     A       -     -     -     -     -  -66.4 -28.0     -       -      -    173.3   -2.5     34.3      -
                                                                   *                             *                                *
  45A ARG 278   H     A       -     -  -75.1 170.7    -  -76.0 -40.7     -       -      -    180.7   -1.0     33.6      -
                                                                                                        *                         *
  46A LEU 279   H     A       -     -  -69.8 169.1    -  -75.1 -38.3     -       -      -    177.3   -2.4     34.6      -
  47A LYS 280   h     b       -  187.9    -  185.2    -     -     -      -       -      -    179.7   -2.8     32.8      -
                                                                                                        *                         *
  48A PRO 281   T     -       -     -     -     -  -61.6    -     -      -       -      -    174.0     -      36.4      -
                                                                                                 *                                *
 
Residue-by-residue listing for Q86Y26-4_trimmed - Chain A                                                                  Page  3
----------------------------------------

...................................................................................................................................
 Residue     Kabsch Region
---------    Sander   of
No.  Type Seq  sec  Ramch.  Chi-1 dihedral   Chi-2 Proline Phi  Helix  Chi-3   Chi-3 Disulph Omega  H-bond Chirality   Bad      Max
  Chain   no. struc  plot   g(-) trans g(+)  trans   phi  helix  psi  rt-hand lf-hand  bond dihedral  en.   C-alpha  contacts   dev
-----------------------------------------------------------------------------------------------------------------------------------
  49A THR 282   T     A     51.7    -     -     -     -     -     -      -       -      -    182.0     -      34.7      -
  50A MET 283   t     B       -  195.1    -  153.4    -     -     -      -       -      -    172.0   -2.4     33.9      -
                                                 *                                               *                                *
  51A THR 284   h     B     62.9    -     -     -     -     -     -      -       -      -    175.3     -      33.0      -
  52A LEU 285   H     A       -  179.1    -     -     -  -61.2 -35.1     -       -      -    178.3     -      34.1      -
  53A GLU 286   H     A       -     -  -61.3    -     -  -73.3 -22.4     -       -      -    165.4     -      32.9      -
                                                                  +*                           +**                              +**
  54A GLU 287   H     A       -     -  -76.2 164.1    -  -78.5 -41.2     -       -      -    185.7     -      36.5      -
                                                             *                                                                    *
  55A GLY 288   H     -       -     -     -     -     -  -75.8 -30.5     -       -      -    181.6   -2.3       -       -
  56A LEU 289   H     A       -  178.2    -     -     -  -66.4 -45.7     -       -      -    171.6   -2.4     31.0      -
                                                                                                 *                                *
  57A PRO 290   H     -       -     -     -     -  -57.1 -57.1 -42.0     -       -      -    176.9     -      36.2      -
  58A LEU 291   H     A       -     -  -66.0 172.9    -  -63.5 -41.6     -       -      -    176.2   -1.0     34.3      -
                                                                                                        *                         *
  59A ALA 292   H     A       -     -     -     -     -  -68.8 -31.3     -       -      -    173.2   -2.2     33.8      -
                                                                                                 *                                *
  60A VAL 293   H     A       -  172.1    -     -     -  -71.4 -39.3     -       -      -    172.2   -2.1     32.0      -
                                                                                                 *                                *
  61A GLN 294   H     A       -  180.1    -  179.4    -  -62.7 -42.8     -       -      -    176.2   -2.5     33.6      -
  62A GLU 295   H     A       -  194.7    -     -     -  -64.0 -38.4     -       -      -    171.5   -2.4     33.7      -
                                                                                                 *                                *
  63A TRP 296   H     A       -  173.1    -     -     -  -61.0 -44.1     -       -      -    176.9   -1.9     34.0      -
  64A GLU 297   H     A       -     -  -76.4 178.6    -  -59.6 -40.2     -       -      -    174.4   -2.3     32.0      -
  65A HIS 298   H     A       -     -  -64.9    -     -  -77.8 -21.7     -       -      -    178.3   -2.1     33.3      -
                                                             *    +*                                                             +*
  66A THR 299   h     B       -     -  -61.4    -     -     -     -      -       -      -    185.4   -1.6     33.5      -
  67A SER 300   t     B     95.4    -     -     -     -     -     -      -       -      -    176.7     -      32.7      -
                              +*                                                                                                 +*
  68A ASN 301   T     A       -     -  -73.4    -     -     -     -      -       -      -    171.5     -      33.9      -
                                                                                                 *                                *
  69A PHE 302   T     A       -  179.4    -     -     -     -     -      -       -      -    179.0     -      33.7      -
  70A ASP 303   T     A       -     -  -57.1    -     -     -     -      -       -      -    169.6     -      33.7      -
                                                                                                +*                               +*
  71A ARG 304   h     A       -     -  -69.7 185.6    -     -     -      -       -      -    188.0   -2.3     32.6      -
                                                                                                 *                                *
  72A MET 305   H     A       -  192.0    -  179.8    -  -57.7 -43.1     -       -      -    173.9   -1.4     33.9      -
                                                                                                 *                                *
  73A ILE 306   H     A       -  190.8    -  175.7    -  -51.6 -49.9     -       -      -    182.9     -      33.0      -
                                                             *                                                                    *
  74A PHE 307   H     A       -     -  -56.2    -     -  -68.6 -25.5     -       -      -    169.5     -      33.1      -
                                                                   *                            +*                               +*
  75A TYR 308   H     A       -     -  -73.3    -     -  -69.2 -39.4     -       -      -    180.0   -1.2     33.7      -
                                                                                                        *                         *
  76A GLU 309   H     A       -  186.8    -  165.0    -  -66.1 -47.1     -       -      -    171.1   -1.7     33.5      -
                                                                                                +*                               +*
  77A MET 310   H     A       -  176.7    -  173.3    -  -66.1 -31.4     -       -      -    173.5   -2.1     31.6      -
                                                                                                 *                                *
  78A ALA 311   H     A       -     -     -     -     -  -65.4 -37.0     -       -      -    172.4   -1.4     32.8      -
                                                                                                 *                                *
  79A GLU 312   H     A       -  188.4    -  157.4    -  -63.6 -51.7     -       -      -    175.9   -2.2     30.6      -
                                                 *                 *                                                              *
  80A ARG 313   H     A       -     -  -65.2    -     -  -57.7 -40.8     -       -      -    177.0   -2.5     33.8      -
  81A PHE 314   H     A       -     -  -74.6    -     -  -71.7 -32.1     -       -      -    168.0   -2.8     32.2      -
                                                                                                **                               **
  82A MET 315   H     A       -     -  -75.2 185.7    -  -66.6 -34.5     -       -      -    171.0   -2.0     33.1      -
                                                                                                +*                               +*
 
Residue-by-residue listing for Q86Y26-4_trimmed - Chain A                                                                  Page  4
----------------------------------------

...................................................................................................................................
 Residue     Kabsch Region
---------    Sander   of
No.  Type Seq  sec  Ramch.  Chi-1 dihedral   Chi-2 Proline Phi  Helix  Chi-3   Chi-3 Disulph Omega  H-bond Chirality   Bad      Max
  Chain   no. struc  plot   g(-) trans g(+)  trans   phi  helix  psi  rt-hand lf-hand  bond dihedral  en.   C-alpha  contacts   dev
-----------------------------------------------------------------------------------------------------------------------------------
  83A GLU 316   H     A       -     -  -66.3 189.3    -  -64.0 -44.7     -       -      -    174.4   -2.2     31.8      -
  84A PHE 317   H     A       -     -  -73.4    -     -  -63.1 -36.2     -       -      -    174.7   -2.3     32.7      -
  85A GLU 318   H     A       -  187.6    -  167.4    -  -66.4 -39.0     -       -      -    174.0   -2.1     33.5      -
                                                                                                 *                                *
  86A ALA 319   H     A       -     -     -     -     -  -70.1 -37.7     -       -      -    169.4   -2.0     34.0      -
                                                                                                +*                               +*
  87A GLU 320   H     A       -     -  -84.0    -     -  -59.6 -53.0     -       -      -    180.0   -2.6     34.1      -
                                           *                       *                                                              *
  88A GLU 321   H     A       -  191.4    -  182.4    -  -54.9 -49.5     -       -      -    175.4   -3.0     32.3      -
                                                                                                        *                         *
  89A MET 322   H     A       -  191.6    -  187.7    -  -60.1 -37.5     -       -      -    173.8   -2.3     34.6      -
                                                                                                 *                                *
  90A GLN 323   H     A       -  196.6    -  191.2    -  -67.9 -35.0     -       -      -    173.0   -1.8     32.8      -
                                                                                                 *                                *
  91A ILE 324   H     A       -     -  -35.5 194.1    -  -64.2 -49.0     -       -      -    180.6   -2.2     32.1      -
                                          **                                                                                     **
  92A GLN 325   H     A       -     -  -66.0 178.0    -  -60.4 -46.6     -       -      -    175.3   -2.6     33.7      -
  93A ASN 326   H     A       -  191.3    -     -     -  -62.9 -43.4     -       -      -    176.7   -2.7     34.0      -
  94A THR 327   H     A       -     -  -60.0    -     -  -64.7 -36.1     -       -      -    173.2   -2.5     33.2      -
                                                                                                 *                                *
  95A GLN 328   H     A       -     -  -74.0 182.6    -  -66.2 -44.2     -       -      -    175.7   -2.6     32.8      -
  96A LEU 329   H     A       -  187.8    -     -     -  -59.9 -43.1     -       -      -    178.0   -2.5     34.8      -
  97A MET 330   H     A       -     -  -66.2    -     -  -71.4 -26.9     -       -      -    175.0   -2.6     34.3      -
                                                                   *                                                              *
  98A ASN 331   H     A       -     -  -74.6    -     -  -83.8 -34.5     -       -      -    178.8   -1.4     33.4      -
                                                            +*                                                                   +*
  99A GLY 332   H     -       -     -     -     -     -  -64.8 -16.7     -       -      -    180.1   -2.6       -       -
                                                                  **                                                             **
 100A SER 333   h     A     40.0    -     -     -     -     -     -      -       -      -    175.3   -0.6     31.4      -
                              +*                                                                       +*                        +*
 101A GLN 334   t     b       -     -  -64.0 192.6    -     -     -      -       -      -    196.0   -1.5     31.3      -
                                                                                               +**                              +**
 102A GLY 335   S     -       -     -     -     -     -     -     -      -       -      -    170.1   -1.0       -       -
                                                                                                +*      *                        +*
 103A LEU 336         b       -     - -107.4 170.6    -     -     -      -       -      -    176.8     -      33.3      -
                                         +**                                                                                    +**
 104A SER 337         B       -     -  -58.8    -     -     -     -      -       -      -    179.8     -      34.9      -
 105A PRO 338         -       -     -     -     -  -74.4    -     -      -       -      -    180.2     -      35.2      -
 106A ALA 339         B       -     -     -     -     -     -     -      -       -      -    166.9   -1.8     33.4      -
                                                                                                **                               **
 107A THR 340         ~l    44.8    -     -     -     -     -     -      -       -      -    163.9   -0.7     31.8      -
                      **       *                                                               +**     +*                       +**
 108A PRO 341         -       -     -     -     -  -72.2    -     -      -       -      -    171.5     -      36.3      -
                                                                                                 *                                *
 109A LEU 342         B       -     -  -70.0 174.5    -     -     -      -       -      -    180.1     -      32.6      -
 110A LYS 343         B       -     -  -89.5 180.9    -     -     -      -       -      -    137.1     -      36.3      -
                                          +*                                                 *7.4*                            *7.4*
 111A LEU 344         B       -     -  -76.4 169.0    -     -     -      -       -      -    186.4     -      32.5      -
                                                                                                 *                                *
 112A ASP 345         B       -     -  -86.6    -     -     -     -      -       -      -    191.8     -      31.6      -
                                           *                                                    **                               **
 113A PRO 346         -       -     -     -     -  -83.3    -     -      -       -      -    153.9     -      37.0      -
                                                      +*                                      ****                             ****
 114A LEU 347         B       -     -  -92.2 165.5    -     -     -      -       -      -    189.2     -      31.5      -
                                          +*                                                    +*                               +*
 115A GLY 348         -       -     -     -     -     -     -     -      -       -      -    196.8     -        -       -
                                                                                               +**                              +**
 
Residue-by-residue listing for Q86Y26-4_trimmed - Chain A                                                                  Page  5
----------------------------------------

...................................................................................................................................
 Residue     Kabsch Region
---------    Sander   of
No.  Type Seq  sec  Ramch.  Chi-1 dihedral   Chi-2 Proline Phi  Helix  Chi-3   Chi-3 Disulph Omega  H-bond Chirality   Bad      Max
  Chain   no. struc  plot   g(-) trans g(+)  trans   phi  helix  psi  rt-hand lf-hand  bond dihedral  en.   C-alpha  contacts   dev
-----------------------------------------------------------------------------------------------------------------------------------
 116A PRO 349         -       -     -     -     -  -84.9    -     -      -       -      -    145.7     -      37.3      -
                                                      +*                                     *5.9*                            *5.9*
 117A LEU 350         B       -     -  -74.8 169.7    -     -     -      -       -      -    174.6     -      33.0      -
 118A ALA 351         B       -     -     -     -     -     -     -      -       -      -     52.3     -      34.4      -
                                                                                            *22.0*                           *22.0*
 119A SER 352         ~l      -  177.1    -     -     -     -     -      -       -      -    156.1     -      29.4      -
                      **                                                                      ****               *             ****
 120A GLU 353         B       -  199.0    -  163.6    -     -     -      -       -      -    151.8     -      29.8      -
                                                                                             *4.9*               *            *4.9*
 121A VAL 354         ~l      -  195.3    -     -     -     -     -      -       -      -    144.3     -      31.7      -
                      **                                                                     *6.2*                            *6.2*
 122A CYS 355         B       -     -  -79.8    -     -     -     -      -       -      -    178.1     -      32.9      -
 123A GLN 356         B       -     -  -77.6    -     -     -     -      -       -      -    184.4     -      34.3      -
 124A GLN 357         B       -  188.3    -  177.0    -     -     -      -       -      -    177.4   -0.9     34.8      -
                                                                                                        *                         *
 125A PRO 358         -       -     -     -     -  -73.0    -     -      -       -      -    182.9     -      34.5      -
 126A VAL 359         B       -  186.1    -     -     -     -     -      -       -      -    169.6   -1.2     32.8      -
                                                                                                +*      *                        +*
 127A TYR 360         b       -  186.0    -     -     -     -     -      -       -      -    174.0   -0.9     32.0      -
                                                                                                 *     +*                        +*
 128A ILE 361         B       -     -  -64.5 163.3    -     -     -      -       -      -    173.7   -1.1     33.6      -
                                                                                                 *      *                         *
 129A PRO 362         -       -     -     -     -  -75.8    -     -      -       -      -    176.8     -      34.2      -
 130A LYS 363         b       -     -  -92.8 185.4    -     -     -      -       -      -    166.8   -1.8     32.5      -
                                          +*                                                    **                               **
 131A LYS 364         B       -     -  -76.5 187.9    -     -     -      -       -      -    162.6   -1.0     33.5      -
                                                                                               +**      *                       +**
 132A ALA 365         B       -     -     -     -     -     -     -      -       -      -    198.4   -0.5     33.2      -
                                                                                               ***     **                       ***
 133A ALA 366         B       -     -     -     -     -     -     -      -       -      -    154.2     -      33.8      -
                                                                                              ****                             ****
 134A SER 367         ~l    72.0    -     -     -     -     -     -      -       -      -    100.6     -      31.8      -
                      **                                                                    *13.7*                           *13.7*
 135A LYS 368         b       -     -  -92.6 161.6    -     -     -      -       -      -    151.8     -      33.0      -
                                          +*                                                 *4.9*                            *4.9*
 136A THR 369         ~l      -     -  -43.9    -     -     -     -      -       -      -    148.2     -      35.1      -
                      **                  +*                                                 *5.5*                            *5.5*
 137A ARG 370         B       -  196.7    -  174.0    -     -     -      -       -      -    171.6     -      33.5      -
                                                                                                 *                                *
 138A ALA 371         B       -     -     -     -     -     -     -      -       -      -    172.7     -      34.7      -
                                                                                                 *                                *
 139A PRO 372         -       -     -     -     -  -61.9    -     -      -       -      -    171.6     -      35.6      -
                                                                                                 *                                *
 140A ARG 373         B       -     -  -72.9 195.4    -     -     -      -       -      -    161.1   -1.0     32.9      -
                                                                                               ***      *                       ***
 141A ARG 374         b       -     -  -78.7 184.0    -     -     -      -       -      -    176.0     -      35.8      -
 142A ARG 375         b       -     -  -79.6 187.0    -     -     -      -       -      -    156.5     -      32.5      -
                                                                                              ****                             ****
 143A GLN 376         b       -     -  -76.3 187.0    -     -     -      -       -      -    161.8   -2.3     33.7      -
                                                                                               ***                              ***
 144A ARG 377         b       -     -  -83.9 179.8    -     -     -      -       -      -    169.6   -1.4     33.6      -
                                           *                                                    +*                               +*
 145A LYS 378         b       -  179.1    -     -     -     -     -      -       -      -    183.8   -1.0     35.5      -
                                                                                                        *                         *
 146A ALA 379         b       -     -     -     -     -     -     -      -       -      -    148.1     -      33.6      -
                                                                                             *5.5*                            *5.5*
 
Residue-by-residue listing for Q86Y26-4_trimmed - Chain A                                                                  Page  6
----------------------------------------

...................................................................................................................................
 Residue     Kabsch Region
---------    Sander   of
No.  Type Seq  sec  Ramch.  Chi-1 dihedral   Chi-2 Proline Phi  Helix  Chi-3   Chi-3 Disulph Omega  H-bond Chirality   Bad      Max
  Chain   no. struc  plot   g(-) trans g(+)  trans   phi  helix  psi  rt-hand lf-hand  bond dihedral  en.   C-alpha  contacts   dev
-----------------------------------------------------------------------------------------------------------------------------------
 147A GLN 380         b       -     -  -77.5 196.7    -     -     -      -       -      -    188.1   -0.6     33.5      -
                                                 *                                               *     +*                        +*
 148A ARG 381         B       -  189.8    -  181.0    -     -     -      -       -      -    176.8   -0.6     35.3      -
                                                                                                       +*                        +*
 149A PRO 382         -       -     -     -     -  -60.1    -     -      -       -      -    155.4     -      36.0      -
                                                                                              ****                             ****
 150A PRO 383   S     -       -     -     -     -  -45.4    -     -      -       -      -    191.5     -      36.1      -
                                                      +*                                        +*                               +*
 151A ALA 384         B       -     -     -     -     -     -     -      -       -      -    188.8     -      33.7      -
                                                                                                +*                               +*
 152A PRO 385         -       -     -     -     -  -58.2    -     -      -       -      -    152.9     -      35.6      -
                                                                                             *4.7*                            *4.7*
 153A GLU 386         B       -     -  -63.4 189.3    -     -     -      -       -      -    178.2     -      33.7      -
 154A ALA 387   S     b       -     -     -     -     -     -     -      -       -      -    186.9     -      34.0      -
                                                                                                 *                                *
 155A PRO 388         -       -     -     -     -  -50.1    -     -      -       -      -    192.2     -      36.0      -
                                                       *                                        **                               **
 156A LYS 389         B       -     -  -67.3 187.4    -     -     -      -       -      -    175.7     -      31.6      -
 157A GLU 390         b       -  189.8    -  171.7    -     -     -      -       -      -    188.4     -      34.5      -
                                                                                                 *                                *
 158A ILE 391         B       -     -  -58.2 174.7    -     -     -      -       -      -    184.7     -      33.1      -
 159A PRO 392   h     -       -     -     -     -  -57.1    -     -      -       -      -    188.5     -      35.1      -
                                                                                                 *                                *
 160A PRO 393   H     -       -     -     -     -  -61.2 -61.2 -21.5     -       -      -    172.2     -      35.8      -
                                                                  +*                             *                               +*
 161A GLU 394   H     A       -     -  -68.4 145.5    -  -65.9 -38.7     -       -      -    175.6     -      34.3      -
                                                +*                                                                               +*
 162A ALA 395   H     A       -     -     -     -     -  -77.7 -29.9     -       -      -    168.2   -1.3     34.1      -
                                                             *                                  **                               **
 163A VAL 396   H     A       -  183.4    -     -     -  -66.5 -40.7     -       -      -    174.4   -1.6     32.8      -
 164A LYS 397   H     A       -  193.1    -  199.2    -  -64.7 -46.5     -       -      -    177.1   -2.3     32.7      -
                                                 *                                                                                *
 165A GLU 398   H     A       -  184.2    -  177.9    -  -57.6 -43.6     -       -      -    172.6   -2.8     34.5      -
                                                                                                 *                                *
 166A TYR 399   H     A       -  177.2    -     -     -  -62.2 -41.5     -       -      -    175.4   -2.1     33.8      -
 167A VAL 400   H     A       -  169.5    -     -     -  -66.5 -41.4     -       -      -    178.2   -2.0     32.0      -
 168A ASP 401   H     A       -     -  -65.5    -     -  -64.5 -41.1     -       -      -    174.8   -3.2     35.1      -
                                                                                                       +*                        +*
 169A ILE 402   H     A       -     -  -70.9 165.3    -  -65.5 -43.5     -       -      -    176.9   -2.6     33.0      -
 170A MET 403   H     A       -     -  -70.9    -     -  -69.1 -37.0     -       -      -    174.9   -2.2     33.4      -
 171A GLU 404   H     A       -  183.7    -  168.0    -  -69.4 -35.5     -       -      -    171.0   -2.8     32.9      -
                                                                                                +*      *                        +*
 172A TRP 405   H     A       -  183.8    -     -     -  -63.9 -52.4     -       -      -    179.0   -2.4     32.8      -
                                                                   *                                                              *
 173A LEU 406   H     A       -     -  -72.9 169.6    -  -62.2 -30.2     -       -      -    178.7   -2.6     35.1      -
 174A VAL 407   H     A       -  173.3    -     -     -  -91.7 -25.9     -       -      -    189.5   -1.6     32.6      -
                                                            **     *                            +*                               **
 175A GLY 408   H     -       -     -     -     -     -  -90.6 -26.6     -       -      -    186.2   -2.0       -       -
                                                            **     *                             *                               **
 176A THR 409   h     A     44.7    -     -     -     -     -     -      -       -      -    188.5   -1.8     31.9      -
                               *                                                                 *                                *
 177A HIS 410   T     A       -     -  -56.5    -     -     -     -      -       -      -    185.4     -      32.5      -
 178A LEU 411   t     b       -     -  -82.8 169.5    -     -     -      -       -      -    170.7   -1.0     31.7      -
                                           *                                                    +*      *                        +*
 179A ALA 412         b       -     -     -     -     -     -     -      -       -      -    181.5     -      32.3      -
 180A THR 413         B       -     -  -58.2    -     -     -     -      -       -      -    195.3   -0.9     33.9      -
                                                                                               +**     +*                       +**
 
Residue-by-residue listing for Q86Y26-4_trimmed - Chain A                                                                  Page  7
----------------------------------------

...................................................................................................................................
 Residue     Kabsch Region
---------    Sander   of
No.  Type Seq  sec  Ramch.  Chi-1 dihedral   Chi-2 Proline Phi  Helix  Chi-3   Chi-3 Disulph Omega  H-bond Chirality   Bad      Max
  Chain   no. struc  plot   g(-) trans g(+)  trans   phi  helix  psi  rt-hand lf-hand  bond dihedral  en.   C-alpha  contacts   dev
-----------------------------------------------------------------------------------------------------------------------------------
 181A GLY 414         -       -     -     -     -     -     -     -      -       -      -    150.4     -        -       -
                                                                                             *5.1*                            *5.1*
 182A GLU 415         b       -     - -109.2 193.0    -     -     -      -       -      -    147.1     -      33.6      -
                                         +**                                                 *5.7*                            *5.7*
 183A SER 416         b     60.2    -     -     -     -     -     -      -       -      -    171.9     -      32.9      -
                                                                                                 *                                *
 184A ASP 417         B       -  173.4    -     -     -     -     -      -       -      -    179.6     -      34.9      -
 185A GLY 418         -       -     -     -     -     -     -     -      -       -      -    174.1     -        -       -
                                                                                                 *                                *
 186A LYS 419         ~b      -     -  -61.3 183.9    -     -     -      -       -      -    149.4     -      39.4      -
                      **                                                                     *5.3*              +*            *5.3*
 187A GLN 420         ~l      -  195.5    -  194.7    -     -     -      -       -      -    103.1     -      29.4      -
                      **                                                                    *13.3*               *           *13.3*
 188A GLU 421         b       -     - -110.8 134.2    -     -     -      -       -      -    156.1     -      30.6      -
                                         +**    **                                            ****                             ****
 189A GLU 422         B       -     -  -68.6 174.3    -     -     -      -       -      -    188.8     -      33.8      -
                                                                                                +*                               +*
 190A GLU 423   S     ~l      -     -  -51.0 190.7    -     -     -      -       -      -    171.5     -      28.7      -
                      **                   *                                                     *               *               **
 191A GLY 424   S     -       -     -     -     -     -     -     -      -       -      -    191.7     -        -       -
                                                                                                **                               **
 192A GLN 425         b       -     -  -72.6 167.8    -     -     -      -       -      -    167.3     -      33.0      -
                                                                                                **                               **
 193A GLN 426         a       -     -  -73.9 192.2    -     -     -      -       -      -    190.9     -      32.4      -
                                                                                                +*                               +*
 194A GLN 427         b       -  200.2    -  178.0    -     -     -      -       -      -    170.2     -      31.5      -
                                                                                                +*                               +*
 195A GLU 428   S     a       -  221.6    -  162.1    -     -     -      -       -      -    168.7     -      29.3      -
                                    **                                                          +*               *               **
 196A GLU 429         a       -  204.1    -  183.7    -     -     -      -       -      -    183.0     -      30.2      -
                                     *                                                                           *                *
 197A GLU 430         b       -  195.7    -  168.0    -     -     -      -       -      -    190.3     -      30.9      -
                                                                                                +*                               +*
 198A GLY 431         -       -     -     -     -     -     -     -      -       -      -    188.6     -        -       -
                                                                                                 *                                *
 199A MET 432         a       -  203.4    -     -     -     -     -      -       -      -    173.4     -      31.8      -
                                     *                                                           *                                *
 200A TYR 433         B       -  209.6    -     -     -     -     -      -       -      -    174.9     -      32.6      -
                                    +*                                                                                           +*
 201A PRO 434         -       -     -     -     -  -65.8    -     -      -       -      -    182.8     -      35.5      -
 202A ASP 435   h     b       -  162.2    -     -     -     -     -      -       -      -    173.5     -      33.9      -
                                     *                                                           *                                *
 203A PRO 436   H     -       -     -     -     -  -53.7 -53.7 -30.2     -       -      -    171.7     -      36.5      -
                                                       *                                         *                                *
 204A GLY 437   H     -       -     -     -     -     -  -64.3 -52.9     -       -      -    174.6     -        -       -
                                                                   *                                                              *
 205A LEU 438   H     A       -  180.5    -     -     -  -59.2 -44.2     -       -      -    173.5     -      34.1      -
                                                                                                 *                                *
 206A LEU 439   H     A       -     -  -77.3 176.6    -  -59.0 -45.4     -       -      -    176.5   -3.0     34.8      -
                                                                                                        *                         *
 207A SER 440   H     A       -  191.0    -     -     -  -64.0 -38.0     -       -      -    177.8   -2.2     33.9      -
 208A TYR 441   H     A       -  176.1    -     -     -  -69.8 -41.8     -       -      -    173.2   -2.4     34.0      -
                                                                                                 *                                *
 209A ILE 442   H     A       -     -  -68.9 167.2    -  -62.2 -42.3     -       -      -    176.4   -2.8     32.5      -
                                                                                                        *                         *
 210A ASN 443   H     A       -  191.4    -     -     -  -65.9 -36.9     -       -      -    172.4   -2.4     33.8      -
                                                                                                 *                                *
 
Residue-by-residue listing for Q86Y26-4_trimmed - Chain A                                                                  Page  8
----------------------------------------

...................................................................................................................................
 Residue     Kabsch Region
---------    Sander   of
No.  Type Seq  sec  Ramch.  Chi-1 dihedral   Chi-2 Proline Phi  Helix  Chi-3   Chi-3 Disulph Omega  H-bond Chirality   Bad      Max
  Chain   no. struc  plot   g(-) trans g(+)  trans   phi  helix  psi  rt-hand lf-hand  bond dihedral  en.   C-alpha  contacts   dev
-----------------------------------------------------------------------------------------------------------------------------------
 211A GLU 444   H     A       -  186.1    -     -     -  -63.5 -42.0     -       -      -    174.6   -2.1     34.6      -
 212A LEU 445   H     A       -     -  -73.3 178.9    -  -66.2 -47.3     -       -      -    176.5   -2.4     34.2      -
 213A CYS 446   H     A       -     -  -70.0    -     -  -64.6 -24.7     -       -      -    171.6   -2.9     33.8      -
                                                                   *                             *      *                         *
 214A SER 447   H     A       -     -  -62.4    -     -  -74.7 -20.9     -       -      -    177.4   -1.6     34.1      -
                                                                  +*                                                             +*
 215A GLN 448   h     B       -     -  -71.7 170.4    -     -     -      -       -      -    176.5   -1.1     33.3      -
                                                                                                        *                         *
 216A LYS 449   H     A       -  183.4    -  168.7    -  -50.9 -33.4     -       -      -    177.0   -1.1     32.5      -
                                                             *                                          *                         *
 217A VAL 450   H     A       -  181.2    -     -     -  -69.7 -30.9     -       -      -    171.9     -      33.3      -
                                                                                                 *                                *
 218A PHE 451   H     A       -  174.9    -     -     -  -72.8 -50.4     -       -      -    178.7   -1.5     33.5      -
 219A VAL 452   H     A       -  178.3    -     -     -  -54.1 -54.0     -       -      -    180.6   -2.2     32.4      -
                                                                   *                                                              *
 220A SER 453   H     A       -     -  -64.2    -     -  -69.7 -15.7     -       -      -    168.2   -2.7     31.8      -
                                                                  **                            **                               **
 221A LYS 454   H     A       -     -  -83.9 178.0    -  -77.7 -38.9     -       -      -    176.4   -0.7     34.2      -
                                           *                 *                                         +*                        +*
 222A VAL 455   H     A       -  173.7    -     -     -  -69.8 -46.8     -       -      -    173.8   -2.1     33.0      -
                                                                                                 *                                *
 223A GLU 456   H     A       -  185.9    -  176.6    -  -51.8 -44.5     -       -      -    179.4   -3.0     36.0      -
                                                             *                                          *                         *
 224A ALA 457   h     A       -     -     -     -     -     -     -      -       -      -    174.7   -1.2     34.3      -
                                                                                                        *                         *
 225A VAL 458   T     A       -  173.7    -     -     -     -     -      -       -      -    176.0   -1.6     33.1      -
 226A ILE 459   t     B       -     -  -54.0 170.1    -     -     -      -       -      -    175.0   -1.8     32.0      -
 227A HIS 460   h     B       -  205.1    -     -     -     -     -      -       -      -    170.8     -      33.3      -
                                     *                                                          +*                               +*
 228A PRO 461   H     -       -     -     -     -  -53.6 -53.6 -47.1     -       -      -    171.5     -      34.5      -
                                                       *                                         *                                *
 229A GLN 462   H     A       -  202.6    -     -     -  -55.0 -38.2     -       -      -    177.9     -      35.0      -
                                     *                                                                                            *
 230A PHE 463   H     A       -  176.5    -     -     -  -71.4 -38.8     -       -      -    170.0     -      34.0      -
                                                                                                +*                               +*
 231A LEU 464   H     A       -     -  -69.5 173.7    -  -64.7 -42.0     -       -      -    177.3   -2.4     33.8      -
 232A ALA 465   H     A       -     -     -     -     -  -64.2 -41.4     -       -      -    175.1   -2.9     33.6      -
                                                                                                        *                         *
 233A ASP 466   H     A       -     -  -81.0    -     -  -68.5 -41.7     -       -      -    175.7   -2.6     33.2      -
 234A LEU 467   H     A       -     -  -90.8 170.9    -  -65.7 -35.0     -       -      -    180.3   -2.4     35.4      -
                                          +*                                                                                     +*
 235A LEU 468   H     A       -     -  -61.9 172.4    -  -92.3  -2.8     -       -      -    176.5   -2.1     32.9      -
                                                            **   ***                                                            ***
 236A SER 469   h     B       -     -  -79.6    -     -     -     -      -       -      -    175.1   -0.5     34.8      -
                                                                                                       +*                        +*
 237A PRO 470   T     -       -     -     -     -  -69.0    -     -      -       -      -    192.7     -      36.8      -
                                                                                                **                               **
 238A GLU 471   T     A       -  199.9    -  159.5    -     -     -      -       -      -    174.9     -      33.7      -
 239A LYS 472   t     b       -     -  -81.0 178.6    -     -     -      -       -      -    168.1   -0.9     34.4      -
                                                                                                **      *                        **
 240A GLN 473         b       -  191.6    -  169.7    -     -     -      -       -      -    168.4   -0.5     31.7      -
                                                                                                +*     **                        **
 241A ARG 474         B       -     - -111.4 176.4    -     -     -      -       -      -    178.2   -2.1     32.9      -
                                         +**                                                                                    +**
 242A ASP 475   h     B       -  185.8    -     -     -     -     -      -       -      -    174.1     -      34.0      -
                                                                                                 *                                *
 243A PRO 476   H     -       -     -     -     -  -54.3 -54.3 -30.3     -       -      -    176.1     -      36.4      -
 
Residue-by-residue listing for Q86Y26-4_trimmed - Chain A                                                                  Page  9
----------------------------------------

...................................................................................................................................
 Residue     Kabsch Region
---------    Sander   of
No.  Type Seq  sec  Ramch.  Chi-1 dihedral   Chi-2 Proline Phi  Helix  Chi-3   Chi-3 Disulph Omega  H-bond Chirality   Bad      Max
  Chain   no. struc  plot   g(-) trans g(+)  trans   phi  helix  psi  rt-hand lf-hand  bond dihedral  en.   C-alpha  contacts   dev
-----------------------------------------------------------------------------------------------------------------------------------
 244A LEU 477   H     A       -     -  -61.2 175.9    -  -67.8 -37.8     -       -      -    175.3     -      33.9      -
 245A ALA 478   H     A       -     -     -     -     -  -70.9 -32.5     -       -      -    172.0   -0.6     34.1      -
                                                                                                 *     +*                        +*
 246A LEU 479   H     A       -     -  -69.8 172.3    -  -70.1 -32.7     -       -      -    171.8   -1.8     34.1      -
                                                                                                 *                                *
 247A ILE 480   H     A       -     -  -70.4 161.8    -  -70.2 -44.1     -       -      -    174.9   -1.8     32.0      -
 248A GLU 481   H     A       -  186.0    -  176.0    -  -60.0 -41.9     -       -      -    175.4   -2.6     33.4      -
 249A GLU 482   H     A       -  189.4    -  170.2    -  -62.2 -35.4     -       -      -    173.8   -2.2     31.8      -
                                                                                                 *                                *
 250A LEU 483   H     A       -     -  -72.8 174.7    -  -73.9 -38.0     -       -      -    176.6   -1.3     34.0      -
 251A GLU 484   H     A       -  189.2    -  179.2    -  -62.9 -37.9     -       -      -    171.1   -2.5     33.8      -
                                                                                                +*                               +*
 252A GLN 485   H     A       -     -  -61.9    -     -  -68.0 -18.4     -       -      -    175.7   -2.2     33.9      -
                                                                  +*                                                             +*
 253A GLU 486   H     A       -     -  -73.2 189.2    -  -92.9 -24.7     -       -      -    175.9   -0.8     33.0      -
                                                            **     *                                   +*                        **
 254A GLU 487   H     A       -  187.8    -  161.0    -  -61.8 -30.2     -       -      -    171.6   -1.7     33.2      -
                                                                                                 *                                *
 255A GLY 488   h     -       -     -     -     -     -     -     -      -       -      -    178.0   -0.9       -       -
                                                                                                       +*                        +*
 256A LEU 489   t     B       -     -  -61.0 176.2    -     -     -      -       -      -    168.0   -1.9     33.8      -
                                                                                                **                               **
 257A THR 490   h     B     65.0    -     -     -     -     -     -      -       -      -    181.8     -      32.5      -
 258A LEU 491   H     A       -  180.5    -     -     -  -50.1 -36.5     -       -      -    175.9     -      34.5      -
                                                             *                                                                    *
 259A ALA 492   H     A       -     -     -     -     -  -68.2 -38.4     -       -      -    174.3     -      34.3      -
 260A GLN 493   H     A       -     -  -68.0 167.2    -  -71.2 -37.1     -       -      -    174.9   -0.9     34.8      -
                                                                                                        *                         *
 261A LEU 494   H     A       -  187.5    -     -     -  -63.3 -49.4     -       -      -    174.1   -2.5     33.4      -
                                                                                                 *                                *
 262A VAL 495   H     A       -  169.6    -     -     -  -59.1 -40.3     -       -      -    174.9   -2.5     32.6      -
 263A GLN 496   H     A       -  189.0    -  176.1    -  -65.1 -43.6     -       -      -    175.1   -2.0     32.1      -
 264A LYS 497   H     A       -  187.2    -  189.3    -  -58.6 -45.9     -       -      -    177.8   -2.8     33.0      -
                                                                                                        *                         *
 265A ARG 498   H     A       -     -  -66.8    -     -  -61.8 -42.8     -       -      -    177.3   -2.7     34.5      -
 266A LEU 499   H     A       -     -  -74.0 169.5    -  -67.3 -44.4     -       -      -    175.7   -2.3     33.6      -
 267A MET 500   h     -       -     -  -68.7    -     -     -     -      -       -      -       -    -2.6     35.0      -
-----------------------------------------------------------------------------------------------------------------------------------
Max deviations:      **       +*    **   +**    **    +*   ***   ***                        *22.0*     **       +*           *22.0* 
-----------------------------------------------------------------------------------------------------------------------------------
Mean values:                60.3 185.9 -70.5 176.0 -63.7 -66.1 -37.9     -       -      -    173.9   -1.9     33.5
                                                                                                 *                                *
Standard deviations:        15.9  10.5  12.5  10.8  10.4   8.3   8.8     -       -      -     13.3    0.7      1.5

Numbers of values:            12    84   117   112    22   147   147      0       0      0     266    160      256      0
 
Residue-by-residue listing for Q86Y26-4_trimmed - Chain A                                                                  Page 10
----------------------------------------



   KEY TO CODES:
   ------------

         Regions of the Ramachandran plot                           Secondary structure (extended Kabsch/Sander)   
         --------------------------------                           --------------------------------------------   

         A  - Core alpha                                            B - residue in isolated beta-bridge             
         a  - Allowed alpha                                         E - extended strand, participates in beta-ladder
         ~a - Generous alpha              ** Generous               G - 3-helix (3/10 helix)                        
         B  - Core beta                                             H - 4-helix (alpha-helix)                       
         b  - Allowed beta                                          I - 5-helix (pi-helix)                          
         ~b - Generous beta               ** Generous               S - bend                                        
         L  - Core left-handed alpha                                T - hydrogen-bonded turn                        
         l  - Allowed left-handed alpha                                                                             
         ~l - Generous left-handed alpha  ** Generous               e - extension of beta-strand                    
         p  - Allowed epsilon                                       g - extension of 3/10 helix                     
         ~p - Generous epsilon            ** Generous               h - extension of alpha-helix                    
         XX - Outside major areas       **** Disallowed    



 
Residue-by-residue listing for Q86Y26-4_trimmed - Chain A                                                                  Page 11
----------------------------------------



                          M A I N   C H A I N   B O N D   L E N G T H S   A N D   B O N D   A N G L E S


                  ..................................... Small molecule data .........................................

                  <---------- Bond lengths ---------->    <---------------------- Bond angles ---------------------->

                  C-N     C-O     CA-C    CA-CB   N-CA    C-N-CA   CA-C-N   CA-C-O  CB-CA-C   N-CA-C  N-CA-CB   O-C-N
                  ---------------------------------------------------------------------------------------------------
Any                 -     1.231     -       -       -        -        -        -        -        -        -        -  
                        ( 0.020)                                                                                       
Pro               1.341     -       -       -     1.466   122.60   116.90      -        -     111.80   103.00   122.00
                ( 0.016)                        ( 0.015) (  5.00) (  1.50)                   (  2.50) (  1.10) (  1.40)
Except Pro        1.329     -       -       -       -        -        -        -        -        -        -     123.00
                ( 0.014)                                                                                       (  1.60)
Gly                 -       -     1.516     -     1.451   120.60   116.40   120.80      -     112.50      -        -  
                                ( 0.018)        ( 0.016) (  1.70) (  2.10) (  2.10)          (  2.90)                  
Except Gly          -       -     1.525     -       -        -        -     120.80      -        -        -        -  
                                ( 0.021)                                   (  1.70)                                    
Ala                 -       -       -     1.521     -        -        -        -     110.50      -     110.40      -  
                                        ( 0.033)                                    (  1.50)          (  1.50)         
Ile,Thr,Val         -       -       -     1.540     -        -        -        -     109.10      -     111.50      -  
                                        ( 0.027)                                    (  2.20)          (  1.70)         
Except Gly,Pro      -       -       -       -     1.458   121.70   116.20      -        -     111.20      -        -  
                                                ( 0.019) (  1.80) (  2.00)                   (  2.80)                  
The rest            -       -       -     1.530     -        -        -        -     110.10      -     110.50      -  
                                        ( 0.020)                                    (  1.90)          (  1.70)         

Note. The table above shows the mean values obtained from small molecule data by Engh & Huber (1991). The values shown in brackets
      are standard deviations


...................................................................................................................................
   Residue 
-------------     <---------- Bond lengths ---------->    <---------------------- Bond angles ---------------------->
 No.  Type Seq                                                                                                                  Max
  Chain    no.    C-N     C-O     CA-C    CA-CB   N-CA    C-N-CA   CA-C-N   CA-C-O  CB-CA-C   N-CA-C  N-CA-CB   O-C-N           dev
-----------------------------------------------------------------------------------------------------------------------------------
   1A ILE 234       -     1.239   1.527   1.552   1.464      -     118.77   118.62   110.12   105.43   111.36   122.61
                                                                        *        *                **                             **
   2A SER 235     1.329   1.238   1.542   1.535   1.462   121.50   116.79   122.22   113.93   111.46   110.91   120.94
                                                                                         **                          *           **
   3A LYS 236     1.342   1.229   1.532   1.539   1.478   123.59   116.10   120.28   112.20   111.44   108.64   123.49
                                                      *        *                          *                 *                     *
   4A ASP 237     1.326   1.231   1.538   1.540   1.460   125.12   118.10   120.64   110.83   111.47   108.61   121.18
                                                              +*                                            *        *           +*
   5A VAL 238     1.339   1.232   1.530   1.541   1.473   123.87   118.69   119.39   112.04   110.85   110.19   121.79
                                                               *        *                 *                                       *
   6A TYR 239     1.337   1.230   1.540   1.533   1.465   121.89   118.99   119.93   112.00   112.15   110.25   120.98
                                                                        *                                            *            *
   7A GLU 240     1.335   1.234   1.535   1.539   1.471   123.17   118.61   119.71   112.11   112.24   110.11   121.46
                                                                        *                 *                                       *
   8A ASN 241     1.338   1.230   1.547   1.541   1.465   122.92   119.82   118.96   112.69   111.60   109.65   121.03
                                      *                                +*        *        *                          *           +*
   9A PHE 242     1.340   1.235   1.541   1.537   1.473   123.76   118.92   120.42   111.39   112.58   109.33   120.55
                                                               *        *                                           +*           +*
  10A ARG 243     1.342   1.231   1.533   1.541   1.477   121.83   119.08   119.24   111.56   111.79   111.56   121.59
                                                                        *                                                         *
  11A GLN 244     1.335   1.229   1.535   1.539   1.467   122.35   118.41   119.39   112.28   112.45   110.38   121.98
                                                                        *                 *                                       *
 
Residue-by-residue listing for Q86Y26-4_trimmed - Chain A                                                                  Page 12
----------------------------------------



...................................................................................................................................
   Residue 
-------------     <---------- Bond lengths ---------->    <---------------------- Bond angles ---------------------->
 No.  Type Seq                                                                                                                  Max
  Chain    no.    C-N     C-O     CA-C    CA-CB   N-CA    C-N-CA   CA-C-N   CA-C-O  CB-CA-C   N-CA-C  N-CA-CB   O-C-N           dev
-----------------------------------------------------------------------------------------------------------------------------------
  12A TRP 245     1.335   1.231   1.535   1.530   1.465   124.34   118.29   119.64   110.90   111.32   108.52   121.81
                                                               *        *                                   *                     *
  13A GLN 246     1.342   1.233   1.542   1.541   1.471   122.96   118.99   119.05   110.93   112.35   111.10   121.87
                                                                        *        *                                                *
  14A ARG 247     1.346   1.230   1.541   1.554   1.480   123.37   118.99   119.66   112.55   112.27   111.20   121.31
                      *                       *       *                 *                 *                          *            *
  15A TYR 248     1.333   1.231   1.536   1.534   1.472   123.87   119.91   118.56   112.01   115.46   109.51   121.24
                                                               *       +*        *        *       +*                 *           +*
  16A LYS 249     1.339   1.229   1.528   1.538   1.480   123.82   118.39   119.85   111.09   113.68   109.56   121.73
                                                      *        *        *                                                         *
  17A ALA 250     1.333   1.229   1.543   1.533   1.464   122.69   117.78   119.76   111.67   112.92   108.07   122.43
                                                                                                           +*                    +*
  18A LEU 251     1.338   1.225   1.530   1.539   1.464   124.52   118.50   119.51   110.94   111.10   110.10   121.79
                                                              +*        *                                                        +*
  19A ALA 252     1.337   1.229   1.541   1.530   1.464   122.69   117.85   120.04   111.48   112.05   108.27   121.87
                                                                                                            *                     *
  20A ARG 253     1.344   1.229   1.537   1.540   1.477   124.74   119.67   118.16   111.09   114.99   109.70   122.16
                      *                                       +*       +*       +*                 *                             +*
  21A ARG 254     1.343   1.224   1.535   1.542   1.479   123.61   118.18   118.67   108.90   112.34   111.42   123.15
                                                      *        *                 *                                                *
  22A HIS 255     1.336   1.227   1.535   1.537   1.469   124.22   117.88   120.19   111.60   112.53   109.10   121.88
                                                               *                                                                  *
  23A LEU 256     1.337   1.231   1.536   1.540   1.463   124.75   116.83   121.94   112.93   110.30   109.33   121.23
                                                              +*                          *                          *           +*
  24A SER 257     1.334   1.227   1.536   1.536   1.468   123.23   116.44   121.80   113.25   112.35   111.16   121.70
                                                                                         +*                                      +*
  25A GLN 258     1.338   1.233   1.548   1.547   1.480   125.29   117.87   120.88   112.38   115.62   111.82   121.20
                                      *               *       +*                          *       +*                 *           +*
  26A SER 259     1.332   1.232   1.542   1.531   1.470   124.14   120.57   119.09   110.49   111.64   108.97   120.27
                                                               *       **        *                                  +*           **
  27A PRO 260     1.350   1.230   1.540   1.532   1.470   121.51   117.19   120.33   112.18   111.58   105.32   122.20
                                                                                          *                **                    **
  28A ASP 261     1.337   1.222   1.539   1.546   1.465   126.54   119.34   119.78   107.23   112.54   110.44   120.87
                                                             +**       +*                +*                          *          +**
  29A THR 262     1.338   1.232   1.532   1.536   1.474   123.62   117.32   121.18   108.68   111.78   110.12   121.49
                                                               *                                                                  *
  30A GLU 263     1.334   1.230   1.544   1.541   1.465   123.23   118.22   119.53   113.08   110.30   109.66   121.98
                                                                        *                +*                                      +*
  31A ALA 264     1.342   1.227   1.545   1.530   1.469   124.50   119.27   119.98   112.13   113.36   108.36   120.48
                                                              +*       +*                 *                 *       +*           +*
  32A LEU 265     1.337   1.225   1.536   1.542   1.468   123.41   118.40   120.28   112.13   110.36   109.58   121.18
                                                                        *                 *                          *            *
  33A SER 266     1.337   1.229   1.536   1.531   1.474   122.47   117.76   119.81   109.40   112.20   110.93   122.40
  34A CYS 267     1.339   1.229   1.541   1.539   1.464   124.68   118.19   119.72   111.25   112.45   108.36   122.06
                                                              +*                                            *                    +*
  35A PHE 268     1.336   1.232   1.536   1.533   1.470   125.59   117.37   121.12   111.29   113.45   107.12   121.37
                                                              **                                           +*        *           **
  36A LEU 269     1.336   1.230   1.543   1.543   1.464   123.57   119.65   119.01   111.30   113.34   108.83   121.32
                                                               *       +*        *                                   *           +*
  37A ILE 270     1.341   1.234   1.537   1.545   1.476   124.09   121.01   117.84   114.05   112.12   111.64   121.15
                                                               *       **       +*       **                          *           **
  38A PRO 271     1.347   1.226   1.530   1.525   1.459   122.24   120.62   117.91   111.02   113.28   105.90   121.43
                                                                       **       +*                        +**                   +**
  39A VAL 272     1.342   1.230   1.525   1.540   1.477   120.67   119.31   119.19   111.85   112.04   112.55   121.31
                                                                       +*                 *                          *           +*
 
Residue-by-residue listing for Q86Y26-4_trimmed - Chain A                                                                  Page 13
----------------------------------------



...................................................................................................................................
   Residue 
-------------     <---------- Bond lengths ---------->    <---------------------- Bond angles ---------------------->
 No.  Type Seq                                                                                                                  Max
  Chain    no.    C-N     C-O     CA-C    CA-CB   N-CA    C-N-CA   CA-C-N   CA-C-O  CB-CA-C   N-CA-C  N-CA-CB   O-C-N           dev
-----------------------------------------------------------------------------------------------------------------------------------
  40A LEU 273     1.338   1.229   1.539   1.538   1.468   121.23   118.54   119.66   111.86   111.73   110.59   121.69
                                                                        *                                                         *
  41A ARG 274     1.342   1.229   1.537   1.540   1.474   124.41   119.02   118.85   113.42   112.03   107.88   122.09
                                                              +*        *        *       +*                +*                    +*
  42A SER 275     1.334   1.229   1.529   1.536   1.471   124.22   118.39   119.65   109.85   111.51   111.07   121.83
                                                               *        *                                                         *
  43A LEU 276     1.337   1.229   1.538   1.540   1.466   123.60   118.82   119.12   111.21   112.38   109.25   121.94
                                                               *        *                                                         *
  44A ALA 277     1.337   1.228   1.541   1.535   1.466   123.13   118.87   119.77   111.10   113.21   108.49   121.34
                                                                        *                                   *        *            *
  45A ARG 278     1.342   1.225   1.531   1.535   1.475   123.37   117.92   119.02   110.89   112.44   109.93   123.06
                                                                                 *                                                *
  46A LEU 279     1.335   1.227   1.537   1.540   1.469   124.29   117.87   120.21   110.60   112.63   108.91   121.90
                                                               *                                                                  *
  47A LYS 280     1.338   1.232   1.541   1.545   1.469   124.89   119.19   119.43   114.61   109.94   108.22   121.31
                                                              +*        *                **                 *        *           **
  48A PRO 281     1.351   1.226   1.536   1.533   1.473   123.53   117.83   120.49   110.53   115.08   105.65   121.67
                                                                                                   *       **                    **
  49A THR 282     1.335   1.228   1.531   1.536   1.470   125.18   119.33   118.92   108.87   113.76   110.12   121.71
                                                              +*       +*        *                                               +*
  50A MET 283     1.339   1.230   1.527   1.532   1.462   123.02   116.80   120.91   110.36   112.05   110.25   122.18
  51A THR 284     1.330   1.232   1.534   1.533   1.466   122.25   117.18   121.79   110.32   111.94   111.55   120.98
                                                                                                                     *            *
  52A LEU 285     1.338   1.226   1.541   1.539   1.469   122.49   118.02   119.52   111.93   112.39   108.27   122.42
                                                                                                            *                     *
  53A GLU 286     1.335   1.227   1.552   1.545   1.472   123.82   119.91   119.36   112.54   112.24   109.40   120.58
                                      *                        *       +*                 *                         +*           +*
  54A GLU 287     1.343   1.230   1.540   1.536   1.481   123.53   117.64   120.78   106.21   112.49   110.45   121.55
                      *                               *        *                         **                                      **
  55A GLY 288     1.339   1.231   1.529     -     1.466   123.31   118.11   119.90      -     114.32      -     121.99
                                                              +*                                                                 +*
  56A LEU 289     1.335   1.230   1.547   1.542   1.462   123.69   122.05   117.03   115.56   113.02   108.56   120.75
                                      *                        *      +**       **      +**                 *        *          +**
  57A PRO 290     1.352   1.229   1.533   1.533   1.467   122.71   118.24   119.42   111.08   113.70   105.80   122.25
                                                                                                          +**                   +**
  58A LEU 291     1.340   1.226   1.534   1.541   1.470   122.91   117.82   120.27   110.54   111.55   109.75   121.82
  59A ALA 292     1.335   1.227   1.542   1.531   1.459   122.45   119.05   119.85   112.34   113.00   108.00   121.07
                                                                        *                 *                +*        *           +*
  60A VAL 293     1.337   1.227   1.532   1.540   1.474   122.91   118.85   118.96   112.80   111.11   110.79   121.98
                                                                        *        *       +*                                      +*
  61A GLN 294     1.336   1.230   1.541   1.538   1.466   122.83   118.68   119.99   112.21   111.71   108.90   121.29
                                                                        *                 *                          *            *
  62A GLU 295     1.335   1.230   1.539   1.539   1.470   122.49   118.56   120.33   111.55   111.44   109.49   120.97
                                                                        *                                            *            *
  63A TRP 296     1.340   1.231   1.532   1.534   1.469   123.00   118.51   119.48   110.47   111.82   110.07   121.96
                                                                        *                                                         *
  64A GLU 297     1.337   1.232   1.537   1.539   1.468   123.57   118.65   118.49   112.09   112.35   111.01   122.58
                                                               *        *        *        *                                       *
  65A HIS 298     1.340   1.232   1.541   1.538   1.473   123.88   119.30   119.67   110.93   114.33   109.59   121.01
                                                               *       +*                          *                 *           +*
  66A THR 299     1.339   1.237   1.531   1.539   1.476   123.74   117.36   120.54   109.86   110.48   111.86   122.08
                                                               *                                                                  *
  67A SER 300     1.338   1.227   1.535   1.540   1.469   123.22   118.20   121.27   110.97   112.72   111.08   120.40
                                                                        *                                           +*           +*
 
Residue-by-residue listing for Q86Y26-4_trimmed - Chain A                                                                  Page 14
----------------------------------------



...................................................................................................................................
   Residue 
-------------     <---------- Bond lengths ---------->    <---------------------- Bond angles ---------------------->
 No.  Type Seq                                                                                                                  Max
  Chain    no.    C-N     C-O     CA-C    CA-CB   N-CA    C-N-CA   CA-C-N   CA-C-O  CB-CA-C   N-CA-C  N-CA-CB   O-C-N           dev
-----------------------------------------------------------------------------------------------------------------------------------
  68A ASN 301     1.337   1.230   1.544   1.538   1.472   122.05   118.60   119.20   110.51   113.87   109.44   122.20
                                                                        *                                                         *
  69A PHE 302     1.339   1.228   1.533   1.534   1.463   123.15   117.62   120.11   112.55   110.44   108.89   121.99
                                                                                          *                                       *
  70A ASP 303     1.334   1.225   1.536   1.532   1.467   123.57   119.38   119.70   110.75   112.95   109.82   120.82
                                                               *       +*                                            *           +*
  71A ARG 304     1.341   1.229   1.534   1.537   1.475   123.44   119.44   118.53   110.34   113.34   111.57   122.03
                                                                       +*        *                                               +*
  72A MET 305     1.340   1.227   1.533   1.537   1.476   124.37   116.36   120.08   111.05   112.54   109.42   123.31
                                                               *                                                                  *
  73A ILE 306     1.334   1.228   1.545   1.554   1.467   125.41   119.14   121.11   115.08   111.26   107.07   119.50
                                                              **        *               +**               +**       **          +**
  74A PHE 307     1.337   1.232   1.537   1.533   1.468   123.03   118.70   118.90   111.36   113.42   109.84   122.35
                                                                        *        *                                                *
  75A TYR 308     1.340   1.228   1.533   1.536   1.468   122.89   118.35   119.19   109.87   112.23   110.92   122.42
                                                                        *                                                         *
  76A GLU 309     1.333   1.234   1.539   1.534   1.468   124.07   118.90   120.06   113.70   111.80   107.50   120.62
                                                               *        *                +*                +*        *           +*
  77A MET 310     1.342   1.228   1.532   1.534   1.474   120.95   120.08   118.69   111.55   112.57   111.93   121.19
                                                                       +*        *                                   *           +*
  78A ALA 311     1.339   1.230   1.539   1.531   1.464   121.04   119.23   118.97   111.96   111.90   110.23   121.75
                                                                       +*        *                                               +*
  79A GLU 312     1.338   1.233   1.537   1.546   1.469   123.06   118.81   118.98   114.79   110.64   110.94   121.75
                                                                        *        *       **                                      **
  80A ARG 313     1.342   1.229   1.539   1.542   1.478   123.34   119.08   120.55   110.42   113.14   109.86   120.32
                                                      *                 *                                           +*           +*
  81A PHE 314     1.332   1.233   1.539   1.538   1.469   123.27   119.62   119.38   112.71   112.94   109.89   120.82
                                                                       +*                 *                          *           +*
  82A MET 315     1.337   1.234   1.538   1.537   1.471   122.23   118.98   119.21   110.71   112.28   110.88   121.74
                                                                        *                                                         *
  83A GLU 316     1.338   1.234   1.539   1.543   1.470   122.68   119.26   119.02   111.80   111.43   111.98   121.48
                                                                       +*        *                                               +*
  84A PHE 317     1.342   1.230   1.539   1.535   1.472   122.72   119.55   119.52   110.41   113.61   111.26   120.86
                                                                       +*                                            *           +*
  85A GLU 318     1.337   1.237   1.543   1.542   1.475   123.32   117.53   121.05   112.69   111.79   108.48   121.30
                                                                                          *                 *        *            *
  86A ALA 319     1.337   1.237   1.544   1.533   1.462   123.56   118.18   119.91   112.15   112.70   108.13   121.88
                                                               *                          *                +*                    +*
  87A GLU 320     1.337   1.232   1.536   1.543   1.467   125.28   119.40   118.23   110.02   110.70   110.84   122.27
                                                              +*       +*       +*                                               +*
  88A GLU 321     1.345   1.238   1.537   1.551   1.477   125.59   117.01   120.88   111.63   110.59   111.77   121.85
                      *                       *       *       **                                                                 **
  89A MET 322     1.337   1.237   1.539   1.535   1.465   123.87   118.62   120.41   111.18   112.15   108.46   120.91
                                                               *        *                                   *        *            *
  90A GLN 323     1.338   1.234   1.538   1.538   1.462   122.73   120.32   118.38   111.63   112.07   110.52   121.25
                                                                       **        *                                   *           **
  91A ILE 324     1.343   1.229   1.527   1.554   1.476   122.56   118.17   119.47   108.61   109.90   115.30   122.34
                                                                                                           **                    **
  92A GLN 325     1.335   1.233   1.541   1.537   1.465   123.61   118.03   120.36   111.75   111.32   109.36   121.30
                                                               *                                                     *            *
  93A ASN 326     1.338   1.230   1.545   1.539   1.466   123.92   118.39   121.02   113.65   111.86   106.89   120.37
                                                               *        *                +*                **       +*           **
  94A THR 327     1.337   1.230   1.533   1.537   1.475   122.83   119.07   119.78   110.71   112.09   110.84   121.11
                                                                        *                                            *            *
 
Residue-by-residue listing for Q86Y26-4_trimmed - Chain A                                                                  Page 15
----------------------------------------



...................................................................................................................................
   Residue 
-------------     <---------- Bond lengths ---------->    <---------------------- Bond angles ---------------------->
 No.  Type Seq                                                                                                                  Max
  Chain    no.    C-N     C-O     CA-C    CA-CB   N-CA    C-N-CA   CA-C-N   CA-C-O  CB-CA-C   N-CA-C  N-CA-CB   O-C-N           dev
-----------------------------------------------------------------------------------------------------------------------------------
  95A GLN 328     1.335   1.230   1.536   1.537   1.465   123.19   118.69   118.98   112.04   111.43   110.36   122.07
                                                                        *        *        *                                       *
  96A LEU 329     1.338   1.235   1.546   1.543   1.470   124.31   117.36   121.18   112.23   112.40   107.02   121.37
                                      *                        *                          *                **        *           **
  97A MET 330     1.337   1.231   1.537   1.538   1.472   124.11   118.47   120.00   110.15   113.40   109.40   121.52
                                                               *        *                                                         *
  98A ASN 331     1.336   1.230   1.539   1.536   1.466   123.14   118.67   119.43   112.06   112.44   109.07   121.84
                                                                        *                 *                                       *
  99A GLY 332     1.338   1.228   1.534     -     1.470   124.08   118.05   120.15      -     114.47      -     121.76
                                      *               *       **                                                                 **
 100A SER 333     1.336   1.231   1.542   1.538   1.469   124.87   119.96   119.52   113.07   114.78   109.83   120.42
                                                              +*       +*                +*        *                +*           +*
 101A GLN 334     1.341   1.230   1.539   1.538   1.476   123.59   117.01   120.74   113.04   111.98   111.12   122.23
                                                               *                         +*                                      +*
 102A GLY 335     1.342   1.224   1.533     -     1.472   121.66   122.04   116.82      -     119.49      -     121.12
                                                      *               +**       +*                **                 *          +**
 103A LEU 336     1.342   1.228   1.540   1.552   1.478   123.49   117.45   120.86   110.83   111.25   110.97   121.70
                                              *       *                                                                           *
 104A SER 337     1.336   1.232   1.538   1.532   1.475   122.99   120.49   118.02   108.99   110.90   110.39   121.43
                                                                       **       +*                                               **
 105A PRO 338     1.349   1.231   1.540   1.534   1.465   123.06   116.67   121.77   113.79   111.44   105.09   121.55
                                                                                         +*                +*                    +*
 106A ALA 339     1.334   1.227   1.542   1.534   1.458   123.93   116.19   120.49   112.69   111.78   108.71   123.19
                                                               *                          *                 *                     *
 107A THR 340     1.340   1.230   1.545   1.543   1.485   127.81   119.42   119.72   108.69   118.11   112.18   120.43
                                                      *      ***       +*                         **                +*          ***
 108A PRO 341     1.351   1.232   1.538   1.532   1.462   121.74   117.46   120.67   112.24   110.36   105.29   121.86
                                                                                          *                **                    **
 109A LEU 342     1.334   1.228   1.534   1.541   1.466   123.17   116.31   120.72   112.69   110.03   110.49   122.96
                                                                                          *                                       *
 110A LYS 343     1.339   1.229   1.534   1.541   1.470   124.63   115.37   120.10   107.00   112.59   110.16   123.61
                                                              +*                         +*                                      +*
 111A LEU 344     1.329   1.232   1.537   1.540   1.464   123.44   117.37   119.73   113.74   107.14   110.50   122.68
                                                                                         +*        *                             +*
 112A ASP 345     1.334   1.235   1.547   1.545   1.471   123.07   118.41   120.21   113.11   112.30   110.49   121.35
                                      *                                 *                +*                          *           +*
 113A PRO 346     1.348   1.231   1.535   1.533   1.460   122.93   116.36   120.87   111.15   113.44   104.74   122.38
                                                                                                           +*                    +*
 114A LEU 347     1.336   1.230   1.535   1.541   1.465   122.96   115.73   120.82   113.94   109.39   111.01   123.31
                                                                                         **                                      **
 115A GLY 348     1.334   1.231   1.536     -     1.465   124.53   117.51   120.36      -     114.72      -     122.13
                                      *                       **                                                                 **
 116A PRO 349     1.345   1.231   1.533   1.532   1.458   122.70   115.39   121.25   110.80   114.04   104.59   122.82
                                                                        *                                   *                     *
 117A LEU 350     1.334   1.231   1.536   1.541   1.461   122.89   116.94   120.29   113.07   107.71   110.38   122.71
                                                                                         +*        *                             +*
 118A ALA 351     1.334   1.225   1.547   1.536   1.465   123.73   122.38   118.92   113.39   109.20   107.36   118.23
                                      *                        *      ***        *       +*                **      +**          ***
 119A SER 352     1.338   1.228   1.528   1.538   1.477   131.68   116.75   119.61   110.85   112.49   115.53   123.08
                                                      *    *5.5*                                          +**                 *5.5*
 120A GLU 353     1.338   1.225   1.543   1.538   1.465   122.35   113.89   122.87   114.16   112.10   111.96   123.16
                                                                        *        *       **                                      **
 121A VAL 354     1.336   1.227   1.544   1.549   1.474   129.39   115.85   122.01   111.54   118.46   109.38   120.97
                                                            ****                          *      +**        *        *         ****
 
Residue-by-residue listing for Q86Y26-4_trimmed - Chain A                                                                  Page 16
----------------------------------------



...................................................................................................................................
   Residue 
-------------     <---------- Bond lengths ---------->    <---------------------- Bond angles ---------------------->
 No.  Type Seq                                                                                                                  Max
  Chain    no.    C-N     C-O     CA-C    CA-CB   N-CA    C-N-CA   CA-C-N   CA-C-O  CB-CA-C   N-CA-C  N-CA-CB   O-C-N           dev
-----------------------------------------------------------------------------------------------------------------------------------
 122A CYS 355     1.336   1.230   1.540   1.536   1.469   122.88   117.60   120.87   112.87   108.65   110.23   121.49
                                                                                          *                                       *
 123A GLN 356     1.338   1.227   1.537   1.540   1.472   123.89   117.12   120.55   110.80   110.26   109.80   122.33
                                                               *                                                                  *
 124A GLN 357     1.334   1.234   1.547   1.539   1.466   124.60   120.67   119.04   112.42   111.54   107.09   120.24
                                      *                       +*       **        *        *                **       +*           **
 125A PRO 358     1.351   1.230   1.540   1.539   1.466   122.47   117.16   121.86   113.63   111.54   106.22   120.98
                                                                                         +*               +**                   +**
 126A VAL 359     1.335   1.234   1.536   1.545   1.473   123.14   117.87   120.92   111.00   111.47   111.32   121.06
                                                                                                                     *            *
 127A TYR 360     1.337   1.229   1.537   1.534   1.467   122.19   116.80   121.50   111.94   111.43   111.48   121.69
 128A ILE 361     1.337   1.237   1.541   1.548   1.473   124.31   120.38   118.81   111.23   109.72   110.65   120.53
                                                               *       **        *                                  +*           **
 129A PRO 362     1.349   1.234   1.539   1.543   1.461   122.70   117.58   121.85   114.46   110.31   106.25   120.56
                                                                                         **               +**        *          +**
 130A LYS 363     1.340   1.229   1.534   1.544   1.475   123.01   116.93   121.10   111.25   110.93   111.68   121.87
 131A LYS 364     1.337   1.226   1.533   1.542   1.471   123.01   116.33   120.33   110.41   110.21   111.42   123.17
 132A ALA 365     1.329   1.231   1.538   1.531   1.461   125.27   117.93   120.34   112.97   108.39   109.72   121.61
                                                              +*                         +*        *                             +*
 133A ALA 366     1.333   1.225   1.539   1.534   1.463   122.12   115.02   121.44   111.35   114.70   108.47   122.84
                                                                                                   *        *                     *
 134A SER 367     1.338   1.227   1.546   1.541   1.474   126.77   116.59   121.37   111.13   119.26   109.29   120.99
                                                             +**                                 +**                 *          +**
 135A LYS 368     1.345   1.222   1.539   1.548   1.486   123.03   114.42   121.85   109.06   112.83   112.47   123.67
                      *                               *                                                     *                     *
 136A THR 369     1.331   1.231   1.539   1.541   1.475   129.67   116.71   120.97   109.12   119.03   107.55   121.43
                                                            ****                                 +**       **                  ****
 137A ARG 370     1.339   1.224   1.530   1.541   1.473   123.32   117.63   119.53   112.16   109.14   109.95   122.84
                                                                                          *                                       *
 138A ALA 371     1.334   1.241   1.545   1.534   1.466   122.39   119.69   118.20   111.62   110.53   108.30   122.08
                                                                       +*       +*                          *                    +*
 139A PRO 372     1.349   1.229   1.531   1.535   1.459   122.49   116.94   122.08   113.12   108.89   105.93   120.95
                                                                                         +*        *      +**                   +**
 140A ARG 373     1.337   1.231   1.524   1.539   1.462   120.83   116.64   118.62   111.11   107.12   112.61   124.63
                                                                                 *                 *        *        *            *
 141A ARG 374     1.343   1.237   1.529   1.546   1.474   124.19   118.14   118.50   108.06   108.78   110.81   123.35
                      *                                        *                 *        *                                       *
 142A ARG 375     1.339   1.225   1.534   1.548   1.472   123.52   116.71   121.31   111.60   110.08   111.68   121.92
                                                               *                                                                  *
 143A GLN 376     1.332   1.233   1.528   1.543   1.455   123.06   116.46   120.47   111.32   106.08   111.59   123.06
                                                                                                  +*                             +*
 144A ARG 377     1.339   1.228   1.528   1.547   1.462   123.23   116.16   121.02   112.23   105.79   110.96   122.67
                                                                                          *       +*                             +*
 145A LYS 378     1.337   1.227   1.523   1.541   1.464   124.11   117.72   118.27   111.80   105.10   108.57   123.93
                                                               *                 *                **        *                    **
 146A ALA 379     1.329   1.235   1.536   1.536   1.453   121.32   116.92   120.27   112.83   109.38   109.09   122.81
                                                                                         +*                                      +*
 147A GLN 380     1.337   1.229   1.521   1.532   1.453   119.59   115.34   120.42   110.88   104.53   112.80   123.75
                                                               *                                  **        *                    **
 148A ARG 381     1.331   1.231   1.532   1.535   1.459   124.29   120.14   116.96   113.25   107.36   106.61   122.90
                                                               *       +*       **       +*        *       **                    **
 149A PRO 382     1.346   1.243   1.534   1.536   1.453   120.36   119.11   118.90   112.23   108.80   106.30   121.95
                                                                        *        *        *        *      ***                   ***
 150A PRO 383     1.345   1.233   1.533   1.534   1.457   121.06   117.20   119.65   112.78   107.85   105.81   122.79
                                                                                          *       +*      +**                   +**
 
Residue-by-residue listing for Q86Y26-4_trimmed - Chain A                                                                  Page 17
----------------------------------------



...................................................................................................................................
   Residue 
-------------     <---------- Bond lengths ---------->    <---------------------- Bond angles ---------------------->
 No.  Type Seq                                                                                                                  Max
  Chain    no.    C-N     C-O     CA-C    CA-CB   N-CA    C-N-CA   CA-C-N   CA-C-O  CB-CA-C   N-CA-C  N-CA-CB   O-C-N           dev
-----------------------------------------------------------------------------------------------------------------------------------
 151A ALA 384     1.337   1.234   1.538   1.533   1.462   121.73   118.98   118.03   112.04   109.87   109.59   122.96
                                                                        *       +*        *                                      +*
 152A PRO 385     1.347   1.234   1.528   1.535   1.452   121.42   116.19   120.53   112.90   109.89   106.06   123.26
                                                                                          *               +**                   +**
 153A GLU 386     1.336   1.237   1.536   1.542   1.460   120.39   117.33   120.01   110.53   107.34   111.89   122.61
                                                                                                   *                              *
 154A ALA 387     1.336   1.237   1.544   1.534   1.461   121.88   118.95   118.07   112.38   109.74   108.86   122.92
                                                                        *       +*        *                 *                    +*
 155A PRO 388     1.352   1.230   1.524   1.534   1.462   122.69   116.06   119.57   112.32   108.98   106.25   124.15
                                                                                          *        *      +**       +*          +**
 156A LYS 389     1.339   1.228   1.520   1.542   1.462   122.55   114.50   120.22   113.35   108.15   111.96   125.18
                                                                                         +*        *                 *           +*
 157A GLU 390     1.329   1.235   1.530   1.536   1.456   125.01   116.65   119.67   113.88   107.77   107.22   123.38
                                                              +*                         +*        *       +*                    +*
 158A ILE 391     1.338   1.235   1.533   1.548   1.467   122.56   119.55   118.14   111.94   106.90   111.67   122.26
                                                                       +*       +*        *       +*                             +*
 159A PRO 392     1.349   1.235   1.534   1.532   1.454   121.19   118.83   119.30   113.33   108.87   106.46   121.87
                                                                        *                +*        *      ***                   ***
 160A PRO 393     1.345   1.222   1.532   1.532   1.461   122.23   118.19   119.30   112.42   112.39   105.44   122.43
                                                                                          *                **                    **
 161A GLU 394     1.334   1.221   1.538   1.538   1.465   125.03   119.90   118.35   111.80   112.67   108.08   121.51
                                                              +*       +*        *                          *                    +*
 162A ALA 395     1.339   1.230   1.542   1.533   1.470   123.21   117.89   120.92   111.43   112.46   108.63   121.16
                                                                                                            *        *            *
 163A VAL 396     1.341   1.229   1.531   1.542   1.476   121.95   117.84   119.52   110.50   110.01   112.34   122.60
 164A LYS 397     1.341   1.212   1.526   1.536   1.463   123.64   119.96   117.49   111.56   111.13   111.16   122.42
                                                               *       +*       +*                                               +*
 165A GLU 398     1.331   1.227   1.538   1.537   1.470   123.94   118.48   120.11   111.78   111.76   108.11   121.17
                                                               *        *                                   *        *            *
 166A TYR 399     1.339   1.229   1.540   1.534   1.466   122.17   118.62   119.81   111.21   112.65   109.29   121.56
                                                                        *                                                         *
 167A VAL 400     1.338   1.221   1.530   1.543   1.474   122.79   119.36   117.94   112.02   111.56   111.45   122.58
                                                                       +*       +*        *                                      +*
 168A ASP 401     1.332   1.227   1.539   1.544   1.467   125.54   118.37   120.15   108.93   110.83   110.46   121.43
                                                              **        *                                                        **
 169A ILE 402     1.340   1.230   1.534   1.550   1.474   124.00   118.30   119.99   112.16   110.72   110.24   121.70
                                                               *        *                 *                                       *
 170A MET 403     1.336   1.226   1.537   1.537   1.467   122.39   119.18   119.21   111.13   112.30   110.08   121.58
                                                                        *                                                         *
 171A GLU 404     1.334   1.227   1.534   1.543   1.469   124.81   118.91   119.32   112.43   111.28   109.91   121.56
                                                              +*        *                 *                                      +*
 172A TRP 405     1.336   1.229   1.537   1.536   1.463   123.27   118.34   119.29   113.13   111.27   109.25   122.10
                                                                        *                +*                                      +*
 173A LEU 406     1.341   1.229   1.541   1.543   1.473   124.16   118.48   119.93   109.27   114.02   109.05   121.57
                                                               *        *                          *                              *
 174A VAL 407     1.337   1.231   1.539   1.547   1.477   123.99   118.48   120.05   112.90   112.05   109.51   121.46
                                                      *        *        *                +*                 *                    +*
 175A GLY 408     1.335   1.231   1.530     -     1.465   124.73   119.83   119.00      -     115.71      -     121.12
                                                              **       +*                          *                 *           **
 176A THR 409     1.338   1.229   1.534   1.541   1.483   123.29   119.24   119.30   110.24   115.76   111.53   121.46
                                                      *                +*                         +*                             +*
 177A HIS 410     1.340   1.229   1.543   1.540   1.472   123.44   119.80   119.10   112.98   115.47   108.17   121.08
                                                                       +*                +*       +*        *        *           +*
 178A LEU 411     1.344   1.230   1.545   1.548   1.479   123.73   116.86   121.81   113.52   113.76   109.44   121.26
                      *                               *        *                         +*                          *           +*
 
Residue-by-residue listing for Q86Y26-4_trimmed - Chain A                                                                  Page 18
----------------------------------------



...................................................................................................................................
   Residue 
-------------     <---------- Bond lengths ---------->    <---------------------- Bond angles ---------------------->
 No.  Type Seq                                                                                                                  Max
  Chain    no.    C-N     C-O     CA-C    CA-CB   N-CA    C-N-CA   CA-C-N   CA-C-O  CB-CA-C   N-CA-C  N-CA-CB   O-C-N           dev
-----------------------------------------------------------------------------------------------------------------------------------
 179A ALA 412     1.336   1.230   1.548   1.534   1.469   124.19   117.01   121.58   114.16   111.64   108.74   121.38
                                      *                        *                         **                 *        *           **
 180A THR 413     1.337   1.229   1.534   1.534   1.478   124.13   116.67   120.46   110.10   112.08   110.37   122.87
                                                      *        *                                                                  *
 181A GLY 414     1.337   1.224   1.533     -     1.466   123.81   114.39   121.68      -     118.44      -     123.79
                                                              +*                                  **                             **
 182A GLU 415     1.341   1.228   1.553   1.554   1.476   126.38   118.89   119.93   109.36   110.91   112.11   121.14
                                      *       *              +**        *                                            *          +**
 183A SER 416     1.345   1.228   1.540   1.541   1.485   124.02   117.18   120.23   107.37   112.76   114.21   122.53
                      *                               *        *                          *                **                    **
 184A ASP 417     1.336   1.232   1.546   1.545   1.477   126.14   118.22   120.14   111.96   111.84   107.33   121.61
                                      *               *       **        *                                  +*                    **
 185A GLY 418     1.341   1.221   1.535     -     1.470   122.96   116.47   120.33      -     115.62      -     123.17
                                      *               *        *                                   *                              *
 186A LYS 419     1.338   1.225   1.547   1.538   1.484   129.07   112.77   120.11   103.58   118.93   107.67   124.36
                                      *               *     ****       +*               ***      +**       +*                  ****
 187A GLN 420     1.346   1.221   1.542   1.550   1.480   128.71   117.07   120.00   113.25   116.62   111.21   122.64
                      *                       *       *     +***                         +*       +*                           +***
 188A GLU 421     1.339   1.228   1.549   1.557   1.481   122.50   116.82   121.72   112.66   110.80   112.93   121.44
                                      *       *       *                                   *                 *                     *
 189A GLU 422     1.340   1.229   1.546   1.548   1.474   122.52   118.39   119.37   111.33   108.50   110.58   122.21
                                      *                                 *                                                         *
 190A GLU 423     1.341   1.229   1.550   1.553   1.485   125.97   117.59   121.72   112.43   114.83   113.67   120.56
                                      *       *       *       **                          *        *       +*       +*           **
 191A GLY 424     1.344   1.227   1.534     -     1.474   121.50   118.93   119.35      -     116.95      -     121.72
                      *                               *                 *                         +*                             +*
 192A GLN 425     1.339   1.227   1.541   1.542   1.473   123.01   116.01   121.45   112.95   112.23   108.76   122.53
                                                                                         +*                 *                    +*
 193A GLN 426     1.337   1.227   1.545   1.546   1.477   126.05   117.69   120.96   111.50   110.67   111.59   121.21
                                                      *       **                                                     *           **
 194A GLN 427     1.338   1.226   1.538   1.544   1.468   123.11   117.43   120.63   114.24   112.69   109.36   121.93
                                                                                         **                                      **
 195A GLU 428     1.339   1.225   1.549   1.551   1.476   122.29   117.37   121.52   115.36   113.55   110.71   121.09
                                      *       *                                         +**                          *          +**
 196A GLU 429     1.343   1.227   1.550   1.545   1.483   124.49   117.10   122.76   114.04   111.51   111.76   120.13
                      *               *               *       +*                 *       **                         +*           **
 197A GLU 430     1.337   1.227   1.544   1.543   1.475   124.74   116.74   121.76   115.75   110.92   109.32   121.40
                                                              +*                        +**                          *          +**
 198A GLY 431     1.342   1.227   1.534     -     1.477   123.37   119.50   118.77      -     117.44      -     121.73
                                      *              +*       +*        *                         +*                             +*
 199A MET 432     1.340   1.230   1.541   1.544   1.477   123.33   117.56   121.20   113.59   113.47   109.26   121.24
                                                                                         +*                          *           +*
 200A TYR 433     1.337   1.233   1.540   1.536   1.467   122.71   120.31   118.79   112.36   110.26   110.60   120.90
                                                                       **        *        *                          *           **
 201A PRO 434     1.348   1.232   1.535   1.531   1.460   121.78   116.62   120.53   112.91   110.56   105.81   122.84
                                                                                          *               +**                   +**
 202A ASP 435     1.336   1.236   1.549   1.541   1.469   124.31   119.54   119.43   111.44   112.18   109.05   120.99
                                      *                        *       +*                                            *           +*
 203A PRO 436     1.350   1.233   1.538   1.533   1.461   123.30   118.80   119.29   111.28   114.25   105.06   121.88
                                                                        *                                  +*                    +*
 204A GLY 437     1.339   1.233   1.531     -     1.464   124.15   117.47   120.11      -     112.30      -     122.31
                                                              **                                                                 **
 205A LEU 438     1.333   1.229   1.537   1.540   1.463   125.39   118.97   119.11   111.83   112.25   108.53   121.84
                                                              **        *                                   *                    **
 206A LEU 439     1.337   1.233   1.533   1.541   1.469   123.45   117.92   120.06   109.27   111.44   110.33   121.98
 
Residue-by-residue listing for Q86Y26-4_trimmed - Chain A                                                                  Page 19
----------------------------------------



...................................................................................................................................
   Residue 
-------------     <---------- Bond lengths ---------->    <---------------------- Bond angles ---------------------->
 No.  Type Seq                                                                                                                  Max
  Chain    no.    C-N     C-O     CA-C    CA-CB   N-CA    C-N-CA   CA-C-N   CA-C-O  CB-CA-C   N-CA-C  N-CA-CB   O-C-N           dev
-----------------------------------------------------------------------------------------------------------------------------------
 207A SER 440     1.337   1.228   1.531   1.530   1.465   122.43   118.80   119.12   109.88   112.01   110.70   122.07
                                                                        *                                                         *
 208A TYR 441     1.335   1.230   1.536   1.532   1.465   124.16   118.44   120.00   111.35   112.61   108.95   121.44
                                                               *        *                                                         *
 209A ILE 442     1.336   1.229   1.535   1.548   1.469   123.16   118.57   119.76   113.10   109.93   110.34   121.51
                                                                        *                +*                                      +*
 210A ASN 443     1.336   1.232   1.548   1.535   1.464   122.89   118.55   120.05   112.89   112.75   107.52   121.31
                                      *                                 *                 *                +*        *           +*
 211A GLU 444     1.337   1.232   1.544   1.543   1.474   124.86   118.56   120.28   111.05   111.45   108.72   121.10
                                                              +*        *                                   *        *           +*
 212A LEU 445     1.340   1.230   1.535   1.540   1.470   123.65   118.66   119.90   109.92   112.04   110.37   121.37
                                                               *        *                                            *            *
 213A CYS 446     1.335   1.229   1.541   1.534   1.466   123.40   118.54   119.84   111.85   112.82   108.65   121.51
                                                                        *                                   *                     *
 214A SER 447     1.337   1.234   1.538   1.532   1.471   123.80   118.93   120.62   109.88   113.23   110.03   120.43
                                                               *        *                                           +*           +*
 215A GLN 448     1.338   1.229   1.532   1.537   1.462   123.18   117.51   121.37   111.06   110.87   110.76   120.83
                                                                                                                     *            *
 216A LYS 449     1.341   1.225   1.542   1.541   1.479   122.98   118.62   119.78   111.97   113.96   109.75   121.58
                                                      *                 *                                                         *
 217A VAL 450     1.337   1.228   1.536   1.545   1.480   123.46   118.86   119.18   110.40   112.45   110.93   121.96
                                                      *                 *                                                         *
 218A PHE 451     1.335   1.229   1.532   1.535   1.464   123.33   117.77   119.22   112.26   110.22   109.52   122.77
                                                                                          *                                       *
 219A VAL 452     1.339   1.225   1.529   1.542   1.475   123.51   119.05   118.84   111.45   111.11   111.63   121.75
                                                               *        *        *        *                                       *
 220A SER 453     1.338   1.227   1.539   1.528   1.471   121.76   119.63   119.50   111.16   114.59   111.14   120.84
                                                                       +*                          *                 *           +*
 221A LYS 454     1.343   1.225   1.528   1.535   1.477   122.63   118.18   118.83   109.00   112.23   111.15   122.98
                      *                               *                          *                                                *
 222A VAL 455     1.334   1.229   1.531   1.544   1.473   123.71   116.82   120.21   112.49   110.01   110.17   122.76
                                                               *                         +*                                      +*
 223A GLU 456     1.333   1.224   1.538   1.536   1.468   126.70   118.54   119.57   111.84   112.21   105.80   121.65
                                                             +**        *                                 +**                   +**
 224A ALA 457     1.340   1.232   1.549   1.534   1.467   123.77   119.19   119.49   111.14   115.50   107.71   121.30
                                      *                        *        *                         +*       +*        *           +*
 225A VAL 458     1.339   1.236   1.535   1.544   1.480   124.12   117.00   121.14   112.00   110.98   110.03   121.85
                                                      *        *                          *                                       *
 226A ILE 459     1.332   1.229   1.544   1.550   1.465   124.02   119.03   121.01   114.63   108.99   109.79   119.86
                                                               *        *               +**                 *       +*          +**
 227A HIS 460     1.336   1.233   1.540   1.539   1.468   120.72   120.89   117.74   111.94   109.72   110.34   121.26
                                                                       **       +*                                   *           **
 228A PRO 461     1.350   1.225   1.536   1.535   1.467   122.15   118.29   119.28   113.41   111.86   106.35   121.87
                                                                                         +*               ***                   ***
 229A GLN 462     1.338   1.225   1.544   1.540   1.468   123.93   119.35   119.42   109.88   114.47   108.44   121.18
                                                               *       +*                          *        *        *           +*
 230A PHE 463     1.339   1.227   1.535   1.539   1.475   124.01   118.41   119.75   111.77   111.76   108.78   121.77
                                                               *        *                                   *                     *
 231A LEU 464     1.341   1.225   1.533   1.542   1.469   122.59   118.28   119.45   110.45   110.99   110.70   122.22
                                                                        *                                                         *
 232A ALA 465     1.334   1.227   1.536   1.534   1.458   123.59   119.36   118.87   112.14   112.04   108.95   121.70
                                                               *       +*        *        *                                      +*
 233A ASP 466     1.337   1.227   1.542   1.542   1.468   123.74   119.59   118.86   110.94   111.93   110.60   121.44
                                                               *       +*        *                                               +*
 
Residue-by-residue listing for Q86Y26-4_trimmed - Chain A                                                                  Page 20
----------------------------------------



...................................................................................................................................
   Residue 
-------------     <---------- Bond lengths ---------->    <---------------------- Bond angles ---------------------->
 No.  Type Seq                                                                                                                  Max
  Chain    no.    C-N     C-O     CA-C    CA-CB   N-CA    C-N-CA   CA-C-N   CA-C-O  CB-CA-C   N-CA-C  N-CA-CB   O-C-N           dev
-----------------------------------------------------------------------------------------------------------------------------------
 234A LEU 467     1.343   1.229   1.535   1.541   1.477   123.57   117.45   120.13   107.95   113.62   110.03   122.37
                                                      *        *                          *                                       *
 235A LEU 468     1.334   1.231   1.540   1.543   1.465   124.23   118.83   119.30   112.64   112.59   109.22   121.86
                                                               *        *                 *                                       *
 236A SER 469     1.339   1.231   1.533   1.533   1.466   124.00   120.10   119.17   108.11   110.96   111.57   120.37
                                                               *       +*                 *                         +*           +*
 237A PRO 470     1.348   1.228   1.543   1.532   1.467   122.22   117.84   120.14   111.65   113.41   104.48   121.99
                                                                                                            *                     *
 238A GLU 471     1.337   1.230   1.548   1.540   1.468   125.81   118.47   120.51   114.26   113.34   106.19   120.93
                                      *                       **        *                **               +**        *          +**
 239A LYS 472     1.345   1.226   1.530   1.536   1.475   124.91   117.14   121.25   109.14   111.04   111.05   121.40
                      *                                       +*                                                     *           +*
 240A GLN 473     1.329   1.230   1.545   1.538   1.467   122.42   117.07   121.24   115.36   110.45   108.78   121.62
                                                                                        +**                 *                   +**
 241A ARG 474     1.342   1.228   1.533   1.550   1.474   123.63   117.07   120.13   112.36   108.87   110.86   122.80
                                                               *                          *                                       *
 242A ASP 475     1.331   1.238   1.545   1.541   1.467   122.89   119.81   118.81   112.04   109.99   109.08   121.37
                                                                       +*        *        *                          *           +*
 243A PRO 476     1.349   1.227   1.533   1.533   1.459   122.75   119.17   119.04   111.22   113.45   105.58   121.73
                                                                       +*        *                         **                    **
 244A LEU 477     1.339   1.226   1.534   1.539   1.465   123.12   118.53   119.26   110.78   112.05   109.85   122.09
                                                                        *                                                         *
 245A ALA 478     1.337   1.228   1.542   1.533   1.465   122.81   117.94   120.31   111.78   112.05   108.55   121.72
                                                                                                            *                     *
 246A LEU 479     1.339   1.229   1.541   1.540   1.469   123.18   118.32   119.64   111.08   112.27   109.22   122.02
                                                                        *                                                         *
 247A ILE 480     1.337   1.227   1.535   1.547   1.471   123.80   119.10   118.62   113.33   110.49   110.51   122.15
                                                               *        *        *       +*                                      +*
 248A GLU 481     1.337   1.231   1.542   1.545   1.472   123.41   118.92   119.96   112.17   111.29   109.42   120.97
                                                                        *                 *                          *            *
 249A GLU 482     1.340   1.233   1.545   1.550   1.471   122.71   118.81   119.34   113.03   112.41   110.36   121.76
                                                                        *                +*                                      +*
 250A LEU 483     1.340   1.229   1.539   1.539   1.470   123.68   119.26   118.99   110.09   113.26   110.00   121.71
                                                               *       +*        *                                               +*
 251A GLU 484     1.335   1.232   1.543   1.544   1.474   124.10   117.85   121.15   112.44   110.95   108.59   120.70
                                                               *                          *                 *        *            *
 252A GLN 485     1.341   1.234   1.546   1.541   1.472   122.94   119.09   119.81   109.59   113.62   110.44   121.10
                                                                        *                                            *            *
 253A GLU 486     1.338   1.231   1.532   1.536   1.470   124.35   119.14   118.83   110.27   113.84   110.96   121.96
                                                               *        *        *                                                *
 254A GLU 487     1.335   1.229   1.542   1.541   1.471   124.05   117.51   120.94   113.35   111.97   108.29   121.20
                                                               *                         +*                 *        *           +*
 255A GLY 488     1.339   1.235   1.542     -     1.468   124.45   119.87   119.22      -     116.07      -     120.89
                                      *               *       **       +*                          *                 *           **
 256A LEU 489     1.340   1.229   1.532   1.542   1.469   124.02   117.42   121.72   109.99   111.44   111.01   120.55
                                                               *                                                    +*           +*
 257A THR 490     1.338   1.231   1.532   1.536   1.473   120.15   118.10   120.36   109.49   110.38   113.64   121.42
                                                                                                            *                     *
 258A LEU 491     1.338   1.227   1.544   1.542   1.472   123.54   118.18   120.21   111.48   113.54   107.81   121.54
                                                               *                                           +*                    +*
 259A ALA 492     1.338   1.228   1.543   1.533   1.464   123.03   118.39   119.69   111.51   113.06   108.11   121.90
                                                                        *                                  +*                    +*
 260A GLN 493     1.338   1.226   1.530   1.533   1.468   123.54   118.68   118.75   108.82   111.76   110.53   122.54
                                                               *        *        *                                                *
 
Residue-by-residue listing for Q86Y26-4_trimmed - Chain A                                                                  Page 21
----------------------------------------



...................................................................................................................................
   Residue 
-------------     <---------- Bond lengths ---------->    <---------------------- Bond angles ---------------------->
 No.  Type Seq                                                                                                                  Max
  Chain    no.    C-N     C-O     CA-C    CA-CB   N-CA    C-N-CA   CA-C-N   CA-C-O  CB-CA-C   N-CA-C  N-CA-CB   O-C-N           dev
-----------------------------------------------------------------------------------------------------------------------------------
 261A LEU 494     1.338   1.227   1.536   1.540   1.463   123.00   118.06   119.76   112.36   110.57   109.44   121.97
                                                                                          *                                       *
 262A VAL 495     1.339   1.227   1.532   1.543   1.475   123.17   119.29   119.29   111.85   111.26   110.81   121.31
                                                                       +*                 *                          *           +*
 263A GLN 496     1.338   1.226   1.541   1.538   1.465   121.67   119.90   118.35   112.62   112.38   110.33   121.68
                                                                       +*        *        *                                      +*
 264A LYS 497     1.344   1.225   1.534   1.549   1.478   123.78   117.50   119.57   111.57   110.68   110.77   122.86
                      *                               *        *                                                                  *
 265A ARG 498     1.339   1.223   1.531   1.538   1.475   124.70   118.35   118.76   109.90   112.56   109.75   122.88
                                                              +*        *        *                                               +*
 266A LEU 499     1.337   1.225   1.535   1.539   1.469   123.17   118.41   118.76   111.03   112.13   109.93   122.75
                                                                        *        *                                                *
 267A MET 500     1.339   1.223   1.536   1.538   1.471   122.66      -     119.71   108.84   111.69   110.33      -  
-----------------------------------------------------------------------------------------------------------------------------------
Max deviations:       *               *       *      +*    *5.5*      ***       **      ***      +**      ***      +**        *5.5* 
-----------------------------------------------------------------------------------------------------------------------------------
 
Residue-by-residue listing for Q86Y26-4_trimmed - Chain A                                                                  Page 22
----------------------------------------



              A N A L Y S I S   O F   M A I N   C H A I N   B O N D   L E N G T H S   A N D   B O N D   A N G L E S


                                                       +------------------+
                                                       |   BOND LENGTHS   |
                                                       +------------------+

          -------------------------------------------------------------------------------------------------------------
                                                 (Small molecule data)   Number of  Min     Max       Mean    Standard 
          Bond      X-PLOR labelling                  Mean  St. dev       values   value   value      value   deviation
          -------------------------------------------------------------------------------------------------------------
          C-N       C-NH1            (except Pro)    1.329   0.014          244    1.326   1.346       1.338     0.003
                                                                                               *                                   
                    C-N              (Pro)           1.341   0.016           22    1.345   1.352       1.349     0.002
          C-O       C-O                              1.231   0.020          267    1.212   1.243       1.230     0.004
          CA-C      CH1E-C           (except Gly)    1.525   0.021          256    1.520   1.553       1.538     0.006
                                                                                               *                                   
                    CH2G*-C          (Gly)           1.516   0.018           11    1.529   1.542       1.534     0.003
                                                                                               *                                   
          CA-CB     CH1E-CH3E        (Ala)           1.521   0.033           21    1.530   1.536       1.533     0.002
                    CH1E-CH1E        (Ile,Thr,Val)   1.540   0.027           33    1.533   1.554       1.544     0.005
                    CH1E-CH2E        (the rest)      1.530   0.020          202    1.525   1.557       1.539     0.005
                                                                                               *                                   
          N-CA      NH1-CH1E         (except Gly,Pro)1.458   0.019          234    1.453   1.486       1.470     0.006
                                                                                               *                                   
                    NH1-CH2G*        (Gly)           1.451   0.016           11    1.464   1.477       1.469     0.004
                                                                                              +*          *                        
                    N-CH1E           (Pro)           1.466   0.015           22    1.452   1.473       1.461     0.005
          -------------------------------------------------------------------------------------------------------------
 
Residue-by-residue listing for Q86Y26-4_trimmed - Chain A                                                                  Page 23
----------------------------------------



                                                       +-----------------+
                                                       |   BOND ANGLES   |
                                                       +-----------------+

          -------------------------------------------------------------------------------------------------------------
                                                 (Small molecule data)   Number of  Min     Max       Mean    Standard 
          Angle     X-PLOR labelling                  Mean  St. dev       values   value   value      value   deviation
          -------------------------------------------------------------------------------------------------------------
          CA-C-N    CH1E-C-NH1       (except Gly,Pro)116.2     2.0          233   112.77  122.38      118.25      1.30
                                                                                      +*     ***          *                        
                    CH2G*-C-NH1      (Gly)           116.4     2.1           11   114.39  122.04      118.38      1.92
                                                                                             +**                                   
                    CH1E-C-N         (Pro)           116.9     1.5           22   115.39  120.62      117.62      1.20
                                                                                       *      **                                   
          O-C-N     O-C-NH1          (except Pro)    123.0     1.6          244   118.23  125.18      121.77      0.89
                                                                                     +**       *                                   
                    O-C-N            (Pro)           122.0     1.4           22   120.56  124.15      122.07      0.79
                                                                                       *      +*                                   
          C-N-CA    C-NH1-CH1E       (except Gly,Pro)121.7     1.8          233   119.59  131.68      123.62      1.48
                                                                                       *   *5.5*          *                        
                    C-NH1-CH2G*      (Gly)           120.6     1.7           11   121.50  124.73      123.51      1.05
                                                                                              **         +*                        
                    C-N-CH1E         (Pro)           122.6     5.0           22   120.36  123.53      122.24      0.76
          CA-C-O    CH1E-C-O         (except Gly)    120.8     1.7          256   116.96  122.87      119.89      1.04
                                                                                      **       *                                   
                    CH2G*-C-O        (Gly)           120.8     2.1           11   116.82  121.68      119.61      1.17
                                                                                      +*                                           
          CB-CA-C   CH3E-CH1E-C      (Ala)           110.5     1.5           21   111.10  114.16      112.11      0.75
                                                                                              **          *                        
                    CH1E-CH1E-C      (Ile,Thr,Val)   109.1     2.2           33   108.61  115.08      111.31      1.68
                                                                                             +**          *                        
                    CH2E-CH1E-C      (the rest)      110.1     1.9          202   103.58  115.75      111.59      1.68
                                                                                     ***     +**                                   
          N-CA-C    NH1-CH1E-C       (except Gly,Pro)111.2     2.8          234   104.53  119.26      111.78      2.11
                                                                                      **     +**                                   
                    NH1-CH2G*-C      (Gly)           112.5     2.9           11   112.30  119.49      115.96      1.95
                                                                                              **          *                        
                    N-CH1E-C         (Pro)           111.8     2.5           22   107.85  115.08      111.54      2.07
                                                                                      +*       *                                   
          N-CA-CB   NH1-CH1E-CH3E    (Ala)           110.4     1.5           21   107.36  110.23      108.59      0.66
                                                                                      **                  *                        
                    NH1-CH1E-CH1E    (Ile,Thr,Val)   111.5     1.7           33   107.07  115.30      110.89      1.49
                                                                                     +**      **                                   
                    N-CH1E-CH2E      (Pro)           103.0     1.1           22   104.48  106.46      105.65      0.58
                                                                                       *     ***         **                        
                    NH1-CH1E-CH2E    (the rest)      110.5     1.7          180   105.80  115.53      109.97      1.45
                                                                                     +**     +**                                   
          -------------------------------------------------------------------------------------------------------------

The small molecule data used in the above analysis is from Engh & Huber (1991). The atom labelling follows that used in the
X-PLOR dictionary, with some additional atoms (marked with an asterisk) as defined by Engh & Huber.
 
Residue-by-residue listing for Q86Y26-4_trimmed - Chain A                                                                  Page 24
----------------------------------------



                                     R A M A C H A N D R A N   P L O T   S T A T I S T I C S

                             Residues in most favoured regions      [A,B,L]          193       83.2%
                             Residues in additional allowed regions [a,b,l,p]         31       13.4%
                             Residues in generously allowed regions [~a,~b,~l,~p]      8        3.4%
                             Residues in disallowed regions         [XX]               0        0.0%
                                                                                    ----      ------
                             Number of non-glycine and non-proline residues          232      100.0%

                             Number of end-residues (excl. Gly and Pro)                2

                             Number of glycine residues                               11
                             Number of proline residues                               22
                                                                                    ----
                             Total number of residues                                267


   Based on the analysis of 118 structures of resolution of at least 2.0 Angstroms and R-factor no greater than 20%, a good
   quality model would be expected to have over 90% in the most favoured regions [E,H,L].


                                S T E R E O C H E M I S T R Y   O F   M A I N - C H A I N

                                                                      Comparison values    No. of   
                                                   No. of   Parameter  Typical   Band    band widths
                      Stereochemical parameter    data pts    value     value    width    from mean 
                      ------------------------    --------    -----     -----    -----    --------- 
                   a. %-tage residues in A, B, L    232        83.2      83.8    10.0       -0.1   Inside 
                   b. Omega angle st dev            266        13.3       6.0     3.0        2.4   WORSE  
                   c. Bad contacts / 100 residues     0         0.0       4.2    10.0       -0.4   Inside 
                   d. Zeta angle st dev             256         1.5       3.1     1.6       -1.0   BETTER 
                   e. H-bond energy st dev          160         0.7       0.8     0.2       -0.6   Inside 
                   f. Overall G-factor              267        -0.1      -0.4     0.3        1.0   BETTER 


                                S T E R E O C H E M I S T R Y   O F   S I D E - C H A I N

                                                                      Comparison values    No. of   
                                                   No. of   Parameter  Typical   Band    band widths
                      Stereochemical parameter    data pts    value     value    width    from mean 
                      ------------------------    --------    -----     -----    -----    --------- 
                   a. Chi-1 gauche minus st dev      12        15.9      18.1     6.5       -0.3   Inside 
                   b. Chi-1 trans st dev             84        10.5      19.0     5.3       -1.6   BETTER 
                   c. Chi-1 gauche plus st dev      117        12.5      17.5     4.9       -1.0   BETTER 
                   d. Chi-1 pooled st dev           213        12.3      18.2     4.8       -1.2   BETTER 
                   e. Chi-2 trans st dev            112        10.8      20.4     5.0       -1.9   BETTER 


                                   M O R R I S   E T   A L .   C L A S S I F I C A T I O N

                                       Mean  St.dev                 Classification
               Parameter                 m     s           1         2          3        4       Value     Class
               ---------               ----   ---      ------------------------------------      -----     -----
               Phi-psi distribution     -      -        >75.0%    >65.0%    >55.0%    <55.0%      83.2       1
               Chi-1 st.dev.           18.2   6.2       <12.0     <18.2     <24.4     >24.4       13.1       2
               H-bond energy st dev     0.87  0.24      <0.63     <0.87     <1.11     >1.11       0.69       2
 
Residue-by-residue listing for Q86Y26-4_trimmed - Chain A                                                                  Page 25
----------------------------------------



                                                      G - F A C T O R S

                                                                                       Average
                             Parameter                                 Score            Score
                             ---------                                 -----            -----
                             Dihedral angles:-
                                  Phi-psi distribution                 -0.26
                                  Chi1-chi2 distribution                0.31
                                  Chi1 only                             0.09
                                  Chi3 & chi4                           0.57
                                  Omega                                -1.04
                                                                      ------            -0.25
                                                                                        =====
                             Main-chain covalent forces:-
                                  Main-chain bond lengths               0.47
                                  Main-chain bond angles               -0.11
                                                                      ------             0.13
                                                                                        =====


                             OVERALL AVERAGE                                            -0.09
                                                                                        =====

                             Ideally, scores should be above -0.5. Values below -1.0 may need investigation.
