pdbid,chainid,variant,wt_idx,mt_idx,wt_nlf,mt_nlf,score_ml_fermi,score_ml,pos,wt_AA,mt_AA,wt
Q86Y26-4_234-500_processed,A,I234A,7,0,2.8540177271228053,2.4839824262174384,0.43026552,2.2980801565276168,234,I,A,I
Q86Y26-4_234-500_processed,A,I234C,7,1,2.8540177271228053,4.335140045203785,0.4264555,2.259181218351626,234,I,C,I
Q86Y26-4_234-500_processed,A,I234D,7,2,2.8540177271228053,2.8246796259135976,0.47297475,2.7294838348560226,234,I,D,I
Q86Y26-4_234-500_processed,A,I234E,7,3,2.8540177271228053,2.712832422359037,0.44552347,2.4530636275469995,234,I,E,I
Q86Y26-4_234-500_processed,A,I234F,7,4,2.8540177271228053,3.2079371983380796,0.3622917,1.5864217309072606,234,I,F,I
Q86Y26-4_234-500_processed,A,I234G,7,5,2.8540177271228053,2.5602131485714543,0.501327,3.0132698132191327,234,I,G,I
Q86Y26-4_234-500_processed,A,I234H,7,6,2.8540177271228053,3.772712370515455,0.39541504,1.9384843311247097,234,I,H,I
Q86Y26-4_234-500_processed,A,I234I,7,7,2.8540177271228053,2.8540177271228053,0.3188983,1.1029014118799307,234,I,I,I
Q86Y26-4_234-500_processed,A,I234K,7,8,2.8540177271228053,2.828313162223749,0.45564726,2.5553037537399756,234,I,K,I
Q86Y26-4_234-500_processed,A,I234L,7,9,2.8540177271228053,2.4331137753126835,0.29230782,0.7894955469733691,234,I,L,I
Q86Y26-4_234-500_processed,A,I234M,7,10,2.8540177271228053,3.785956884138847,0.33729014,1.311515557679475,234,I,M,I
Q86Y26-4_234-500_processed,A,I234N,7,11,2.8540177271228053,3.127101928086014,0.40995595,2.0896312848690304,234,I,N,I
Q86Y26-4_234-500_processed,A,I234P,7,12,2.8540177271228053,3.0805551433480183,0.5544093,3.5462562666547406,234,I,P,I
Q86Y26-4_234-500_processed,A,I234Q,7,13,2.8540177271228053,3.3385149556513554,0.40744358,2.06364097369079,234,I,Q,I
Q86Y26-4_234-500_processed,A,I234R,7,14,2.8540177271228053,3.0355669859078964,0.40989366,2.0889875235969932,234,I,R,I
Q86Y26-4_234-500_processed,A,I234S,7,15,2.8540177271228053,2.8445017352648363,0.43498802,2.3461789088673988,234,I,S,I
Q86Y26-4_234-500_processed,A,I234T,7,16,2.8540177271228053,2.8968826778292005,0.39562583,1.9406884917153504,234,I,T,I
Q86Y26-4_234-500_processed,A,I234V,7,17,2.8540177271228053,2.623741420309898,0.33581287,1.2949753084547737,234,I,V,I
Q86Y26-4_234-500_processed,A,I234W,7,18,2.8540177271228053,4.250501482991098,0.36874,1.6559348346448923,234,I,W,I
Q86Y26-4_234-500_processed,A,I234Y,7,19,2.8540177271228053,3.311579602010778,0.40427518,2.030792327853761,234,I,Y,I
Q86Y26-4_234-500_processed,A,S235A,15,0,2.8445017352648363,2.4839824262174384,0.25148737,0.2732617874979515,235,S,A,S
Q86Y26-4_234-500_processed,A,S235C,15,1,2.8445017352648363,4.335140045203785,0.30615065,0.9545560389845076,235,S,C,S
Q86Y26-4_234-500_processed,A,S235D,15,2,2.8445017352648363,2.8246796259135976,0.23966463,0.11370238477756256,235,S,D,S
Q86Y26-4_234-500_processed,A,S235E,15,3,2.8445017352648363,2.712832422359037,0.232899,0.019965955498120747,235,S,E,S
Q86Y26-4_234-500_processed,A,S235F,15,4,2.8445017352648363,3.2079371983380796,0.2409976,0.1319550555806559,235,S,F,S
Q86Y26-4_234-500_processed,A,S235G,15,5,2.8445017352648363,2.5602131485714543,0.29031646,0.7653810731005783,235,S,G,S
Q86Y26-4_234-500_processed,A,S235H,15,6,2.8445017352648363,3.772712370515455,0.22864781,-0.03990543845597161,235,S,H,S
Q86Y26-4_234-500_processed,A,S235I,15,7,2.8445017352648363,2.8540177271228053,0.24658976,0.20779051226617995,235,S,I,S
Q86Y26-4_234-500_processed,A,S235K,15,8,2.8445017352648363,2.828313162223749,0.23694402,0.07623128172482674,235,S,K,S
Q86Y26-4_234-500_processed,A,S235L,15,9,2.8445017352648363,2.4331137753126835,0.22826979,-0.04526706469175412,235,S,L,S
Q86Y26-4_234-500_processed,A,S235M,15,10,2.8445017352648363,3.785956884138847,0.25229755,0.2840101063835476,235,S,M,S
Q86Y26-4_234-500_processed,A,S235N,15,11,2.8445017352648363,3.127101928086014,0.24310225,0.16063494641640919,235,S,N,S
Q86Y26-4_234-500_processed,A,S235P,15,12,2.8445017352648363,3.0805551433480183,0.31231526,1.0267064969866657,235,S,P,S
Q86Y26-4_234-500_processed,A,S235Q,15,13,2.8445017352648363,3.3385149556513554,0.25931862,0.37621738046721087,235,S,Q,S
Q86Y26-4_234-500_processed,A,S235R,15,14,2.8445017352648363,3.0355669859078964,0.23022255,-0.01763745074818024,235,S,R,S
Q86Y26-4_234-500_processed,A,S235S,15,15,2.8445017352648363,2.8445017352648363,0.25293565,0.2924594294400401,235,S,S,S
Q86Y26-4_234-500_processed,A,S235T,15,16,2.8445017352648363,2.8968826778292005,0.25938684,0.3771052183316925,235,S,T,S
Q86Y26-4_234-500_processed,A,S235V,15,17,2.8445017352648363,2.623741420309898,0.25909236,0.37327157281105583,235,S,V,S
Q86Y26-4_234-500_processed,A,S235W,15,18,2.8445017352648363,4.250501482991098,0.21122095,-0.293953755719667,235,S,W,S
Q86Y26-4_234-500_processed,A,S235Y,15,19,2.8445017352648363,3.311579602010778,0.23665363,0.07221421667554628,235,S,Y,S
Q86Y26-4_234-500_processed,A,K236A,8,0,2.828313162223749,2.4839824262174384,0.2577155,0.3553090903966427,236,K,A,K
Q86Y26-4_234-500_processed,A,K236C,8,1,2.828313162223749,4.335140045203785,0.31675428,1.0781794444009114,236,K,C,K
Q86Y26-4_234-500_processed,A,K236D,8,2,2.828313162223749,2.8246796259135976,0.24772865,0.22309218689467614,236,K,D,K
Q86Y26-4_234-500_processed,A,K236E,8,3,2.828313162223749,2.712832422359037,0.23353817,0.028901523308113575,236,K,E,K
Q86Y26-4_234-500_processed,A,K236F,8,4,2.828313162223749,3.2079371983380796,0.25175908,0.27686899458432834,236,K,F,K
Q86Y26-4_234-500_processed,A,K236G,8,5,2.828313162223749,2.5602131485714543,0.3119108,1.0219970162045577,236,K,G,K
Q86Y26-4_234-500_processed,A,K236H,8,6,2.828313162223749,3.772712370515455,0.24000369,0.11835180223860986,236,K,H,K
Q86Y26-4_234-500_processed,A,K236I,8,7,2.828313162223749,2.8540177271228053,0.23982148,0.11585376449187945,236,K,I,K
Q86Y26-4_234-500_processed,A,K236K,8,8,2.828313162223749,2.828313162223749,0.2410002,0.1319906958274536,236,K,K,K
Q86Y26-4_234-500_processed,A,K236L,8,9,2.828313162223749,2.4331137753126835,0.22444607,-0.09985512146478248,236,K,L,K
Q86Y26-4_234-500_processed,A,K236M,8,10,2.828313162223749,3.785956884138847,0.24830861,0.23086633625702624,236,K,M,K
Q86Y26-4_234-500_processed,A,K236N,8,11,2.828313162223749,3.127101928086014,0.26211128,0.41244025103464144,236,K,N,K
Q86Y26-4_234-500_processed,A,K236P,8,12,2.828313162223749,3.0805551433480183,0.2938891,0.8085755090451624,236,K,P,K
Q86Y26-4_234-500_processed,A,K236Q,8,13,2.828313162223749,3.3385149556513554,0.25418922,0.30901761119807414,236,K,Q,K
Q86Y26-4_234-500_processed,A,K236R,8,14,2.828313162223749,3.0355669859078964,0.23205967,0.008206289857040638,236,K,R,K
Q86Y26-4_234-500_processed,A,K236S,8,15,2.828313162223749,2.8445017352648363,0.2636114,0.4317952796913871,236,K,S,K
Q86Y26-4_234-500_processed,A,K236T,8,16,2.828313162223749,2.8968826778292005,0.26367941,0.432671066794309,236,K,T,K
Q86Y26-4_234-500_processed,A,K236V,8,17,2.828313162223749,2.623741420309898,0.25136808,0.2716771540823848,236,K,V,K
Q86Y26-4_234-500_processed,A,K236W,8,18,2.828313162223749,4.250501482991098,0.2141167,-0.25071767599138817,236,K,W,K
Q86Y26-4_234-500_processed,A,K236Y,8,19,2.828313162223749,3.311579602010778,0.25160533,0.27482811646230454,236,K,Y,K
Q86Y26-4_234-500_processed,A,D237A,2,0,2.8246796259135976,2.4839824262174384,0.2611542,0.40005455629077646,237,D,A,D
Q86Y26-4_234-500_processed,A,D237C,2,1,2.8246796259135976,4.335140045203785,0.32302245,1.1502093421308897,237,D,C,D
Q86Y26-4_234-500_processed,A,D237D,2,2,2.8246796259135976,2.8246796259135976,0.24834816,0.23139600765617885,237,D,D,D
Q86Y26-4_234-500_processed,A,D237E,2,3,2.8246796259135976,2.712832422359037,0.23194848,0.006646159662060391,237,D,E,D
Q86Y26-4_234-500_processed,A,D237F,2,4,2.8246796259135976,3.2079371983380796,0.225824,-0.08010827990519442,237,D,F,D
Q86Y26-4_234-500_processed,A,D237G,2,5,2.8246796259135976,2.5602131485714543,0.3041481,0.930944850481813,237,D,G,D
Q86Y26-4_234-500_processed,A,D237H,2,6,2.8246796259135976,3.772712370515455,0.22667032,-0.06802199356874095,237,D,H,D
Q86Y26-4_234-500_processed,A,D237I,2,7,2.8246796259135976,2.8540177271228053,0.24978757,0.2506360628224552,237,D,I,D
Q86Y26-4_234-500_processed,A,D237K,2,8,2.8246796259135976,2.828313162223749,0.24514362,0.18829187139896175,237,D,K,D
Q86Y26-4_234-500_processed,A,D237L,2,9,2.8246796259135976,2.4331137753126835,0.22799219,-0.049208204291638635,237,D,L,D
Q86Y26-4_234-500_processed,A,D237M,2,10,2.8246796259135976,3.785956884138847,0.24759127,0.2212489804847012,237,D,M,D
Q86Y26-4_234-500_processed,A,D237N,2,11,2.8246796259135976,3.127101928086014,0.25518423,0.3221221811462116,237,D,N,D
Q86Y26-4_234-500_processed,A,D237P,2,12,2.8246796259135976,3.0805551433480183,0.38444543,1.8231956202694461,237,D,P,D
Q86Y26-4_234-500_processed,A,D237Q,2,13,2.8246796259135976,3.3385149556513554,0.25941738,0.37750273743751117,237,D,Q,D
Q86Y26-4_234-500_processed,A,D237R,2,14,2.8246796259135976,3.0355669859078964,0.23960285,0.11285473077146724,237,D,R,D
Q86Y26-4_234-500_processed,A,D237S,2,15,2.8246796259135976,2.8445017352648363,0.26583186,0.4603147926138995,237,D,S,D
Q86Y26-4_234-500_processed,A,D237T,2,16,2.8246796259135976,2.8968826778292005,0.2616114,0.4059749071635499,237,D,T,D
Q86Y26-4_234-500_processed,A,D237V,2,17,2.8246796259135976,2.623741420309898,0.25727937,0.34960636593637073,237,D,V,D
Q86Y26-4_234-500_processed,A,D237W,2,18,2.8246796259135976,4.250501482991098,0.18705527,-0.6731473947981792,237,D,W,D
Q86Y26-4_234-500_processed,A,D237Y,2,19,2.8246796259135976,3.311579602010778,0.23100534,-0.006607984188282123,237,D,Y,D
Q86Y26-4_234-500_processed,A,V238A,17,0,2.623741420309898,2.4839824262174384,0.28622314,0.7155033506558336,238,V,A,V
Q86Y26-4_234-500_processed,A,V238C,17,1,2.623741420309898,4.335140045203785,0.3377609,1.3167788989357927,238,V,C,V
Q86Y26-4_234-500_processed,A,V238D,17,2,2.623741420309898,2.8246796259135976,0.3035129,0.9234371172359479,238,V,D,V
Q86Y26-4_234-500_processed,A,V238E,17,3,2.623741420309898,2.712832422359037,0.27279243,0.5487480433117361,238,V,E,V
Q86Y26-4_234-500_processed,A,V238F,17,4,2.623741420309898,3.2079371983380796,0.24013604,0.12016547772189412,238,V,F,V
Q86Y26-4_234-500_processed,A,V238G,17,5,2.623741420309898,2.5602131485714543,0.36685225,1.6356384675788584,238,V,G,V
Q86Y26-4_234-500_processed,A,V238H,17,6,2.623741420309898,3.772712370515455,0.26338175,0.42883679453445844,238,V,H,V
Q86Y26-4_234-500_processed,A,V238I,17,7,2.623741420309898,2.8540177271228053,0.22013226,-0.16223946211921414,238,V,I,V
Q86Y26-4_234-500_processed,A,V238K,17,8,2.623741420309898,2.828313162223749,0.27374452,0.5607335666207205,238,V,K,V
Q86Y26-4_234-500_processed,A,V238L,17,9,2.623741420309898,2.4331137753126835,0.21717082,-0.2055757014443943,238,V,L,V
Q86Y26-4_234-500_processed,A,V238M,17,10,2.623741420309898,3.785956884138847,0.24510291,0.18774184917079884,238,V,M,V
Q86Y26-4_234-500_processed,A,V238N,17,11,2.623741420309898,3.127101928086014,0.29385266,0.8081363964458743,238,V,N,V
Q86Y26-4_234-500_processed,A,V238P,17,12,2.623741420309898,3.0805551433480183,0.713724,5.283850091122055,238,V,P,V
Q86Y26-4_234-500_processed,A,V238Q,17,13,2.623741420309898,3.3385149556513554,0.28111783,0.6526910626376772,238,V,Q,V
Q86Y26-4_234-500_processed,A,V238R,17,14,2.623741420309898,3.0355669859078964,0.25755012,0.3531474426869674,238,V,R,V
Q86Y26-4_234-500_processed,A,V238S,17,15,2.623741420309898,2.8445017352648363,0.31110922,1.0126531953781777,238,V,S,V
Q86Y26-4_234-500_processed,A,V238T,17,16,2.623741420309898,2.8968826778292005,0.272053,0.5394216840659524,238,V,T,V
Q86Y26-4_234-500_processed,A,V238V,17,17,2.623741420309898,2.623741420309898,0.23600729,0.06326109148945769,238,V,V,V
Q86Y26-4_234-500_processed,A,V238W,17,18,2.623741420309898,4.250501482991098,0.2105676,-0.30376875790347535,238,V,W,V
Q86Y26-4_234-500_processed,A,V238Y,17,19,2.623741420309898,3.311579602010778,0.24903156,0.24054000299291944,238,V,Y,V
Q86Y26-4_234-500_processed,A,Y239A,19,0,3.311579602010778,2.4839824262174384,0.4202261,2.1953867198358656,239,Y,A,Y
Q86Y26-4_234-500_processed,A,Y239C,19,1,3.311579602010778,4.335140045203785,0.4536255,2.5349183262972184,239,Y,C,Y
Q86Y26-4_234-500_processed,A,Y239D,19,2,3.311579602010778,2.8246796259135976,0.4310931,2.3065181559601355,239,Y,D,Y
Q86Y26-4_234-500_processed,A,Y239E,19,3,3.311579602010778,2.712832422359037,0.4020452,2.007623285232887,239,Y,E,Y
Q86Y26-4_234-500_processed,A,Y239F,19,4,3.311579602010778,3.2079371983380796,0.26591465,0.4613752095717427,239,Y,F,Y
Q86Y26-4_234-500_processed,A,Y239G,19,5,3.311579602010778,2.5602131485714543,0.5262965,3.263207822792851,239,Y,G,Y
Q86Y26-4_234-500_processed,A,Y239H,19,6,3.311579602010778,3.772712370515455,0.34723637,1.4219765491178737,239,Y,H,Y
Q86Y26-4_234-500_processed,A,Y239I,19,7,3.311579602010778,2.8540177271228053,0.32109052,1.1280881738710637,239,Y,I,Y
Q86Y26-4_234-500_processed,A,Y239K,19,8,3.311579602010778,2.828313162223749,0.40635863,2.05240177445967,239,Y,K,Y
Q86Y26-4_234-500_processed,A,Y239L,19,9,3.311579602010778,2.4331137753126835,0.287028,0.7253442366412868,239,Y,L,Y
Q86Y26-4_234-500_processed,A,Y239M,19,10,3.311579602010778,3.785956884138847,0.32034588,1.119543147341895,239,Y,M,Y
Q86Y26-4_234-500_processed,A,Y239N,19,11,3.311579602010778,3.127101928086014,0.39697286,1.9547643298780026,239,Y,N,Y
Q86Y26-4_234-500_processed,A,Y239P,19,12,3.311579602010778,3.0805551433480183,0.76808035,5.993758488936256,239,Y,P,Y
Q86Y26-4_234-500_processed,A,Y239Q,19,13,3.311579602010778,3.3385149556513554,0.4074932,2.0641547793780504,239,Y,Q,Y
Q86Y26-4_234-500_processed,A,Y239R,19,14,3.311579602010778,3.0355669859078964,0.3541447,1.4978251716422757,239,Y,R,Y
Q86Y26-4_234-500_processed,A,Y239S,19,15,3.311579602010778,2.8445017352648363,0.46956027,2.695225753289335,239,Y,S,Y
Q86Y26-4_234-500_processed,A,Y239T,19,16,3.311579602010778,2.8968826778292005,0.4249601,2.243889698809146,239,Y,T,Y
Q86Y26-4_234-500_processed,A,Y239V,19,17,3.311579602010778,2.623741420309898,0.33837268,1.3236136101092433,239,Y,V,Y
Q86Y26-4_234-500_processed,A,Y239W,19,18,3.311579602010778,4.250501482991098,0.24047518,0.12480967355779415,239,Y,W,Y
Q86Y26-4_234-500_processed,A,Y239Y,19,19,3.311579602010778,3.311579602010778,0.27969116,0.6350148214210979,239,Y,Y,Y
Q86Y26-4_234-500_processed,A,E240A,3,0,2.712832422359037,2.4839824262174384,0.24840844,0.23220317891530895,240,E,A,E
Q86Y26-4_234-500_processed,A,E240C,3,1,2.712832422359037,4.335140045203785,0.30098334,0.8934508405829211,240,E,C,E
Q86Y26-4_234-500_processed,A,E240D,3,2,2.712832422359037,2.8246796259135976,0.25569257,0.32880417475016466,240,E,D,E
Q86Y26-4_234-500_processed,A,E240E,3,3,2.712832422359037,2.712832422359037,0.2319236,0.006296930122710598,240,E,E,E
Q86Y26-4_234-500_processed,A,E240F,3,4,2.712832422359037,3.2079371983380796,0.21619584,-0.21993637335576632,240,E,F,E
Q86Y26-4_234-500_processed,A,E240G,3,5,2.712832422359037,2.5602131485714543,0.32008964,1.1166002687400307,240,E,G,E
Q86Y26-4_234-500_processed,A,E240H,3,6,2.712832422359037,3.772712370515455,0.22341277,-0.11471985909043969,240,E,H,E
Q86Y26-4_234-500_processed,A,E240I,3,7,2.712832422359037,2.8540177271228053,0.201677,-0.4396147587903404,240,E,I,E
Q86Y26-4_234-500_processed,A,E240K,3,8,2.712832422359037,2.828313162223749,0.23768039,0.08640242801087494,240,E,K,E
Q86Y26-4_234-500_processed,A,E240L,3,9,2.712832422359037,2.4331137753126835,0.19732563,-0.5077344853065757,240,E,L,E
Q86Y26-4_234-500_processed,A,E240M,3,10,2.712832422359037,3.785956884138847,0.22518836,-0.08920687324921517,240,E,M,E
Q86Y26-4_234-500_processed,A,E240N,3,11,2.712832422359037,3.127101928086014,0.2584575,0.36499713760672403,240,E,N,E
Q86Y26-4_234-500_processed,A,E240P,3,12,2.712832422359037,3.0805551433480183,0.7940847,6.374313453059559,240,E,P,E
Q86Y26-4_234-500_processed,A,E240Q,3,13,2.712832422359037,3.3385149556513554,0.24691185,0.21212280854751797,240,E,Q,E
Q86Y26-4_234-500_processed,A,E240R,3,14,2.712832422359037,3.0355669859078964,0.22232053,-0.13048573975762923,240,E,R,E
Q86Y26-4_234-500_processed,A,E240S,3,15,2.712832422359037,2.8445017352648363,0.27619603,0.5914757124819044,240,E,S,E
Q86Y26-4_234-500_processed,A,E240T,3,16,2.712832422359037,2.8968826778292005,0.2489343,0.23923967066949103,240,E,T,E
Q86Y26-4_234-500_processed,A,E240V,3,17,2.712832422359037,2.623741420309898,0.21732168,-0.20335783787465755,240,E,V,E
Q86Y26-4_234-500_processed,A,E240W,3,18,2.712832422359037,4.250501482991098,0.18302533,-0.739958825259372,240,E,W,E
Q86Y26-4_234-500_processed,A,E240Y,3,19,2.712832422359037,3.311579602010778,0.2167031,-0.2124589526999815,240,E,Y,E
Q86Y26-4_234-500_processed,A,N241A,11,0,3.127101928086014,2.4839824262174384,0.24714677,0.21528019370544105,241,N,A,N
Q86Y26-4_234-500_processed,A,N241C,11,1,3.127101928086014,4.335140045203785,0.293986,0.8097426112918995,241,N,C,N
Q86Y26-4_234-500_processed,A,N241D,11,2,3.127101928086014,2.8246796259135976,0.2972312,0.8487057825458966,241,N,D,N
Q86Y26-4_234-500_processed,A,N241E,11,3,3.127101928086014,2.712832422359037,0.27606866,0.5898825935878943,241,N,E,N
Q86Y26-4_234-500_processed,A,N241F,11,4,3.127101928086014,3.2079371983380796,0.17999665,-0.790925390646014,241,N,F,N
Q86Y26-4_234-500_processed,A,N241G,11,5,3.127101928086014,2.5602131485714543,0.3509688,1.4630414398874285,241,N,G,N
Q86Y26-4_234-500_processed,A,N241H,11,6,3.127101928086014,3.772712370515455,0.21672688,-0.21210869778625463,241,N,H,N
Q86Y26-4_234-500_processed,A,N241I,11,7,3.127101928086014,2.8540177271228053,0.22341678,-0.11466210119073339,241,N,I,N
Q86Y26-4_234-500_processed,A,N241K,11,8,3.127101928086014,2.828313162223749,0.25814682,0.36094288167001887,241,N,K,N
Q86Y26-4_234-500_processed,A,N241L,11,9,3.127101928086014,2.4331137753126835,0.1855196,-0.6984744704641377,241,N,L,N
Q86Y26-4_234-500_processed,A,N241M,11,10,3.127101928086014,3.785956884138847,0.20784357,-0.3449328598518264,241,N,M,N
Q86Y26-4_234-500_processed,A,N241N,11,11,3.127101928086014,3.127101928086014,0.25744477,0.3517698885872639,241,N,N,N
Q86Y26-4_234-500_processed,A,N241P,11,12,3.127101928086014,3.0805551433480183,0.68095064,4.895360012577165,241,N,P,N
Q86Y26-4_234-500_processed,A,N241Q,11,13,3.127101928086014,3.3385149556513554,0.25972062,0.3814471937589886,241,N,Q,N
Q86Y26-4_234-500_processed,A,N241R,11,14,3.127101928086014,3.0355669859078964,0.21829689,-0.18904755787349126,241,N,R,N
Q86Y26-4_234-500_processed,A,N241S,11,15,3.127101928086014,2.8445017352648363,0.29268414,0.7940416736045366,241,N,S,N
Q86Y26-4_234-500_processed,A,N241T,11,16,3.127101928086014,2.8968826778292005,0.2713116,0.5300545634429127,241,N,T,N
Q86Y26-4_234-500_processed,A,N241V,11,17,3.127101928086014,2.623741420309898,0.23685461,0.07499486256651922,241,N,V,N
Q86Y26-4_234-500_processed,A,N241W,11,18,3.127101928086014,4.250501482991098,0.1531984,-1.274331420785697,241,N,W,N
Q86Y26-4_234-500_processed,A,N241Y,11,19,3.127101928086014,3.311579602010778,0.18720458,-0.6706934574284695,241,N,Y,N
Q86Y26-4_234-500_processed,A,F242A,4,0,3.2079371983380796,2.4839824262174384,0.58557355,3.8642407369773077,242,F,A,F
Q86Y26-4_234-500_processed,A,F242C,4,1,3.2079371983380796,4.335140045203785,0.61184883,4.137725925010304,242,F,C,F
Q86Y26-4_234-500_processed,A,F242D,4,2,3.2079371983380796,2.8246796259135976,0.65975416,4.6554971313973486,242,F,D,F
Q86Y26-4_234-500_processed,A,F242E,4,3,3.2079371983380796,2.712832422359037,0.6140431,4.160848714593721,242,F,E,F
Q86Y26-4_234-500_processed,A,F242F,4,4,3.2079371983380796,3.2079371983380796,0.27537778,0.581233645519631,242,F,F,F
Q86Y26-4_234-500_processed,A,F242G,4,5,3.2079371983380796,2.5602131485714543,0.72768295,5.45724605770802,242,F,G,F
Q86Y26-4_234-500_processed,A,F242H,4,6,3.2079371983380796,3.772712370515455,0.45336387,2.532279148886578,242,F,H,F
Q86Y26-4_234-500_processed,A,F242I,4,7,3.2079371983380796,2.8540177271228053,0.44576195,2.4554769319391982,242,F,I,F
Q86Y26-4_234-500_processed,A,F242K,4,8,3.2079371983380796,2.828313162223749,0.6002956,4.016742350746255,242,F,K,F
Q86Y26-4_234-500_processed,A,F242L,4,9,3.2079371983380796,2.4331137753126835,0.4176567,2.168999063100209,242,F,L,F
Q86Y26-4_234-500_processed,A,F242M,4,10,3.2079371983380796,3.785956884138847,0.45769417,2.575927792998717,242,F,M,F
Q86Y26-4_234-500_processed,A,F242N,4,11,3.2079371983380796,3.127101928086014,0.59154886,3.925929962587563,242,F,N,F
Q86Y26-4_234-500_processed,A,F242P,4,12,3.2079371983380796,3.0805551433480183,0.88677484,8.145531707227216,242,F,P,F
Q86Y26-4_234-500_processed,A,F242Q,4,13,3.2079371983380796,3.3385149556513554,0.58942395,3.903961372378131,242,F,Q,F
Q86Y26-4_234-500_processed,A,F242R,4,14,3.2079371983380796,3.0355669859078964,0.54741126,3.4755413100387824,242,F,R,F
Q86Y26-4_234-500_processed,A,F242S,4,15,3.2079371983380796,2.8445017352648363,0.653138,4.5821533825176575,242,F,S,F
Q86Y26-4_234-500_processed,A,F242T,4,16,3.2079371983380796,2.8968826778292005,0.5891178,3.9007992791362356,242,F,T,F
Q86Y26-4_234-500_processed,A,F242V,4,17,3.2079371983380796,2.623741420309898,0.48122966,2.81220837738796,242,F,V,F
Q86Y26-4_234-500_processed,A,F242W,4,18,3.2079371983380796,4.250501482991098,0.29303744,0.7983067377356151,242,F,W,F
Q86Y26-4_234-500_processed,A,F242Y,4,19,3.2079371983380796,3.311579602010778,0.2946921,0.8182415826143657,242,F,Y,F
Q86Y26-4_234-500_processed,A,R243A,14,0,3.0355669859078964,2.4839824262174384,0.3327308,1.260350478876366,243,R,A,R
Q86Y26-4_234-500_processed,A,R243C,14,1,3.0355669859078964,4.335140045203785,0.3751249,1.7242681348920756,243,R,C,R
Q86Y26-4_234-500_processed,A,R243D,14,2,3.0355669859078964,2.8246796259135976,0.36811,1.6491662071370397,243,R,D,R
Q86Y26-4_234-500_processed,A,R243E,14,3,3.0355669859078964,2.712832422359037,0.3180375,1.0929866877257421,243,R,E,R
Q86Y26-4_234-500_processed,A,R243F,14,4,3.0355669859078964,3.2079371983380796,0.2326707,0.01677018645473649,243,R,F,R
Q86Y26-4_234-500_processed,A,R243G,14,5,3.0355669859078964,2.5602131485714543,0.42021587,2.1952818274392705,243,R,G,R
Q86Y26-4_234-500_processed,A,R243H,14,6,3.0355669859078964,3.772712370515455,0.28304073,0.6764294681771079,243,R,H,R
Q86Y26-4_234-500_processed,A,R243I,14,7,3.0355669859078964,2.8540177271228053,0.24347812,0.16573905834898983,243,R,I,R
Q86Y26-4_234-500_processed,A,R243K,14,8,3.0355669859078964,2.828313162223749,0.30206585,0.9063006983130325,243,R,K,R
Q86Y26-4_234-500_processed,A,R243L,14,9,3.0355669859078964,2.4331137753126835,0.225211,-0.08888256325003674,243,R,L,R
Q86Y26-4_234-500_processed,A,R243M,14,10,3.0355669859078964,3.785956884138847,0.2722346,0.541713487052628,243,R,M,R
Q86Y26-4_234-500_processed,A,R243N,14,11,3.0355669859078964,3.127101928086014,0.32270926,1.1466279267047335,243,R,N,R
Q86Y26-4_234-500_processed,A,R243P,14,12,3.0355669859078964,3.0805551433480183,0.81496704,6.7065341861077465,243,R,P,R
Q86Y26-4_234-500_processed,A,R243Q,14,13,3.0355669859078964,3.3385149556513554,0.31854415,1.0988240392187447,243,R,Q,R
Q86Y26-4_234-500_processed,A,R243R,14,14,3.0355669859078964,3.0355669859078964,0.2662596,0.46579134914514875,243,R,R,R
Q86Y26-4_234-500_processed,A,R243S,14,15,3.0355669859078964,2.8445017352648363,0.36764547,1.6441722121297822,243,R,S,R
Q86Y26-4_234-500_processed,A,R243T,14,16,3.0355669859078964,2.8968826778292005,0.32452437,1.1673589163876086,243,R,T,R
Q86Y26-4_234-500_processed,A,R243V,14,17,3.0355669859078964,2.623741420309898,0.2557034,0.3289462833128054,243,R,V,R
Q86Y26-4_234-500_processed,A,R243W,14,18,3.0355669859078964,4.250501482991098,0.20907933,-0.3262098791866658,243,R,W,R
Q86Y26-4_234-500_processed,A,R243Y,14,19,3.0355669859078964,3.311579602010778,0.2505617,0.2609532011194904,243,R,Y,R
Q86Y26-4_234-500_processed,A,Q244A,13,0,3.3385149556513554,2.4839824262174384,0.2594041,0.3773297718864682,244,Q,A,Q
Q86Y26-4_234-500_processed,A,Q244C,13,1,3.3385149556513554,4.335140045203785,0.31735295,1.0850915058925195,244,Q,C,Q
Q86Y26-4_234-500_processed,A,Q244D,13,2,3.3385149556513554,2.8246796259135976,0.31418172,1.0483970697635696,244,Q,D,Q
Q86Y26-4_234-500_processed,A,Q244E,13,3,3.3385149556513554,2.712832422359037,0.26340848,0.4291812556857555,244,Q,E,Q
Q86Y26-4_234-500_processed,A,Q244F,13,4,3.3385149556513554,3.2079371983380796,0.21545008,-0.23095244504398427,244,Q,F,Q
Q86Y26-4_234-500_processed,A,Q244G,13,5,3.3385149556513554,2.5602131485714543,0.35092697,1.4625822048392858,244,Q,G,Q
Q86Y26-4_234-500_processed,A,Q244H,13,6,3.3385149556513554,3.772712370515455,0.24070428,0.1279445593254691,244,Q,H,Q
Q86Y26-4_234-500_processed,A,Q244I,13,7,3.3385149556513554,2.8540177271228053,0.20641652,-0.36665671335821326,244,Q,I,Q
Q86Y26-4_234-500_processed,A,Q244K,13,8,3.3385149556513554,2.828313162223749,0.25621173,0.3356193767925486,244,Q,K,Q
Q86Y26-4_234-500_processed,A,Q244L,13,9,3.3385149556513554,2.4331137753126835,0.192519,-0.5843117812103604,244,Q,L,Q
Q86Y26-4_234-500_processed,A,Q244M,13,10,3.3385149556513554,3.785956884138847,0.2156002,-0.22873257157917548,244,Q,M,Q
Q86Y26-4_234-500_processed,A,Q244N,13,11,3.3385149556513554,3.127101928086014,0.28527796,0.7039257613049262,244,Q,N,Q
Q86Y26-4_234-500_processed,A,Q244P,13,12,3.3385149556513554,3.0805551433480183,0.81383634,6.687832711149928,244,Q,P,Q
Q86Y26-4_234-500_processed,A,Q244Q,13,13,3.3385149556513554,3.3385149556513554,0.25152522,0.2737644272385531,244,Q,Q,Q
Q86Y26-4_234-500_processed,A,Q244R,13,14,3.3385149556513554,3.0355669859078964,0.22318318,-0.11802918097252646,244,Q,R,Q
Q86Y26-4_234-500_processed,A,Q244S,13,15,3.3385149556513554,2.8445017352648363,0.3145301,1.0524380273786837,244,Q,S,Q
Q86Y26-4_234-500_processed,A,Q244T,13,16,3.3385149556513554,2.8968826778292005,0.26798233,0.4877910309007455,244,Q,T,Q
Q86Y26-4_234-500_processed,A,Q244V,13,17,3.3385149556513554,2.623741420309898,0.22269171,-0.125121662946856,244,Q,V,Q
Q86Y26-4_234-500_processed,A,Q244W,13,18,3.3385149556513554,4.250501482991098,0.1905568,-0.6159908182634005,244,Q,W,Q
Q86Y26-4_234-500_processed,A,Q244Y,13,19,3.3385149556513554,3.311579602010778,0.23246028,0.013822786932535802,244,Q,Y,Q
Q86Y26-4_234-500_processed,A,W245A,18,0,4.250501482991098,2.4839824262174384,0.73408717,5.5386480730527055,245,W,A,W
Q86Y26-4_234-500_processed,A,W245C,18,1,4.250501482991098,4.335140045203785,0.75907475,5.869033811646551,245,W,C,W
Q86Y26-4_234-500_processed,A,W245D,18,2,4.250501482991098,2.8246796259135976,0.8210211,6.808201879241623,245,W,D,W
Q86Y26-4_234-500_processed,A,W245E,18,3,4.250501482991098,2.712832422359037,0.7959779,6.403357604437576,245,W,E,W
Q86Y26-4_234-500_processed,A,W245F,18,4,4.250501482991098,3.2079371983380796,0.33943173,1.3354309253262024,245,W,F,W
Q86Y26-4_234-500_processed,A,W245G,18,5,4.250501482991098,2.5602131485714543,0.8245805,6.869236147203897,245,W,G,W
Q86Y26-4_234-500_processed,A,W245H,18,6,4.250501482991098,3.772712370515455,0.6146856,4.167628180514948,245,W,H,W
Q86Y26-4_234-500_processed,A,W245I,18,7,4.250501482991098,2.8540177271228053,0.6301137,4.331761769552807,245,W,I,W
Q86Y26-4_234-500_processed,A,W245K,18,8,4.250501482991098,2.828313162223749,0.8444473,7.229244654396085,245,W,K,W
Q86Y26-4_234-500_processed,A,W245L,18,9,4.250501482991098,2.4331137753126835,0.52344203,3.2345922873450315,245,W,L,W
Q86Y26-4_234-500_processed,A,W245M,18,10,4.250501482991098,3.785956884138847,0.5683909,3.6882227315430614,245,W,M,W
Q86Y26-4_234-500_processed,A,W245N,18,11,4.250501482991098,3.127101928086014,0.73988664,5.613448642706991,245,W,N,W
Q86Y26-4_234-500_processed,A,W245P,18,12,4.250501482991098,3.0805551433480183,0.94759697,10.23741201162271,245,W,P,W
Q86Y26-4_234-500_processed,A,W245Q,18,13,4.250501482991098,3.3385149556513554,0.71901315,5.348929495157164,245,W,Q,W
Q86Y26-4_234-500_processed,A,W245R,18,14,4.250501482991098,3.0355669859078964,0.762857,5.921018427334642,245,W,R,W
Q86Y26-4_234-500_processed,A,W245S,18,15,4.250501482991098,2.8445017352648363,0.8031852,6.515805731553923,245,W,S,W
Q86Y26-4_234-500_processed,A,W245T,18,16,4.250501482991098,2.8968826778292005,0.7623318,5.91376555268125,245,W,T,W
Q86Y26-4_234-500_processed,A,W245V,18,17,4.250501482991098,2.623741420309898,0.6630822,4.692649754913596,245,W,V,W
Q86Y26-4_234-500_processed,A,W245W,18,18,4.250501482991098,4.250501482991098,0.4348804,2.3450842091081663,245,W,W,W
Q86Y26-4_234-500_processed,A,W245Y,18,19,4.250501482991098,3.311579602010778,0.39240968,1.9070139164198552,245,W,Y,W
Q86Y26-4_234-500_processed,A,Q246A,13,0,3.3385149556513554,2.4839824262174384,0.3018879,0.9041901577619688,246,Q,A,Q
Q86Y26-4_234-500_processed,A,Q246C,13,1,3.3385149556513554,4.335140045203785,0.3305347,1.2355807417281168,246,Q,C,Q
Q86Y26-4_234-500_processed,A,Q246D,13,2,3.3385149556513554,2.8246796259135976,0.32642186,1.1889664244732996,246,Q,D,Q
Q86Y26-4_234-500_processed,A,Q246E,13,3,3.3385149556513554,2.712832422359037,0.28330228,0.6796506997377544,246,Q,E,Q
Q86Y26-4_234-500_processed,A,Q246F,13,4,3.3385149556513554,3.2079371983380796,0.24139123,0.1373319250110544,246,Q,F,Q
Q86Y26-4_234-500_processed,A,Q246G,13,5,3.3385149556513554,2.5602131485714543,0.38712704,1.8514881104003784,246,Q,G,Q
Q86Y26-4_234-500_processed,A,Q246H,13,6,3.3385149556513554,3.772712370515455,0.25988173,0.3835416759036686,246,Q,H,Q
Q86Y26-4_234-500_processed,A,Q246I,13,7,3.3385149556513554,2.8540177271228053,0.21755269,-0.19996375161205948,246,Q,I,Q
Q86Y26-4_234-500_processed,A,Q246K,13,8,3.3385149556513554,2.828313162223749,0.267708,0.48429377678925634,246,Q,K,Q
Q86Y26-4_234-500_processed,A,Q246L,13,9,3.3385149556513554,2.4331137753126835,0.20376407,-0.40733188871606874,246,Q,L,Q
Q86Y26-4_234-500_processed,A,Q246M,13,10,3.3385149556513554,3.785956884138847,0.23840147,0.0963414052436018,246,Q,M,Q
Q86Y26-4_234-500_processed,A,Q246N,13,11,3.3385149556513554,3.127101928086014,0.3044648,0.9346844993442405,246,Q,N,Q
Q86Y26-4_234-500_processed,A,Q246P,13,12,3.3385149556513554,3.0805551433480183,0.6984245,5.0995169266298985,246,Q,P,Q
Q86Y26-4_234-500_processed,A,Q246Q,13,13,3.3385149556513554,3.3385149556513554,0.278299,0.6177129217552269,246,Q,Q,Q
Q86Y26-4_234-500_processed,A,Q246R,13,14,3.3385149556513554,3.0355669859078964,0.24541481,0.19195422794467953,246,Q,R,Q
Q86Y26-4_234-500_processed,A,Q246S,13,15,3.3385149556513554,2.8445017352648363,0.334281,1.2777857147002747,246,Q,S,Q
Q86Y26-4_234-500_processed,A,Q246T,13,16,3.3385149556513554,2.8968826778292005,0.29145494,0.7791794070715932,246,Q,T,Q
Q86Y26-4_234-500_processed,A,Q246V,13,17,3.3385149556513554,2.623741420309898,0.23224033,0.010740023660047449,246,Q,V,Q
Q86Y26-4_234-500_processed,A,Q246W,13,18,3.3385149556513554,4.250501482991098,0.23351644,0.028598075997296468,246,Q,W,Q
Q86Y26-4_234-500_processed,A,Q246Y,13,19,3.3385149556513554,3.311579602010778,0.26199538,0.41094190055891155,246,Q,Y,Q
Q86Y26-4_234-500_processed,A,R247A,14,0,3.0355669859078964,2.4839824262174384,0.26705185,0.47591962525723563,247,R,A,R
Q86Y26-4_234-500_processed,A,R247C,14,1,3.0355669859078964,4.335140045203785,0.32735705,1.1995920858855882,247,R,C,R
Q86Y26-4_234-500_processed,A,R247D,14,2,3.0355669859078964,2.8246796259135976,0.2985565,0.8645471793182965,247,R,D,R
Q86Y26-4_234-500_processed,A,R247E,14,3,3.0355669859078964,2.712832422359037,0.2668302,0.47308801368957987,247,R,E,R
Q86Y26-4_234-500_processed,A,R247F,14,4,3.0355669859078964,3.2079371983380796,0.23757248,0.08491321758386461,247,R,F,R
Q86Y26-4_234-500_processed,A,R247G,14,5,3.0355669859078964,2.5602131485714543,0.3386127,1.3262935053232183,247,R,G,R
Q86Y26-4_234-500_processed,A,R247H,14,6,3.0355669859078964,3.772712370515455,0.24924952,0.24345281427573418,247,R,H,R
Q86Y26-4_234-500_processed,A,R247I,14,7,3.0355669859078964,2.8540177271228053,0.23500471,0.049339673442655996,247,R,I,R
Q86Y26-4_234-500_processed,A,R247K,14,8,3.0355669859078964,2.828313162223749,0.24804775,0.22737116427302306,247,R,K,R
Q86Y26-4_234-500_processed,A,R247L,14,9,3.0355669859078964,2.4331137753126835,0.21144563,-0.290583658184595,247,R,L,R
Q86Y26-4_234-500_processed,A,R247M,14,10,3.0355669859078964,3.785956884138847,0.24972993,0.24986706530647107,247,R,M,R
Q86Y26-4_234-500_processed,A,R247N,14,11,3.0355669859078964,3.127101928086014,0.2770254,0.6018377913483325,247,R,N,R
Q86Y26-4_234-500_processed,A,R247P,14,12,3.0355669859078964,3.0805551433480183,0.81088704,6.639460606667593,247,R,P,R
Q86Y26-4_234-500_processed,A,R247Q,14,13,3.0355669859078964,3.3385149556513554,0.2744523,0.5696266295200914,247,R,Q,R
Q86Y26-4_234-500_processed,A,R247R,14,14,3.0355669859078964,3.0355669859078964,0.23025237,-0.01721684572958293,247,R,R,R
Q86Y26-4_234-500_processed,A,R247S,14,15,3.0355669859078964,2.8445017352648363,0.30201495,0.9056970518449808,247,R,S,R
Q86Y26-4_234-500_processed,A,R247T,14,16,3.0355669859078964,2.8968826778292005,0.27436122,0.5684830787909136,247,R,T,R
Q86Y26-4_234-500_processed,A,R247V,14,17,3.0355669859078964,2.623741420309898,0.24505045,0.18703288984488864,247,R,V,R
Q86Y26-4_234-500_processed,A,R247W,14,18,3.0355669859078964,4.250501482991098,0.20431837,-0.3987992548002267,247,R,W,R
Q86Y26-4_234-500_processed,A,R247Y,14,19,3.0355669859078964,3.311579602010778,0.2416519,0.1408892644355686,247,R,Y,R
Q86Y26-4_234-500_processed,A,Y248A,19,0,3.311579602010778,2.4839824262174384,0.5781009,3.787455789639878,248,Y,A,Y
Q86Y26-4_234-500_processed,A,Y248C,19,1,3.311579602010778,4.335140045203785,0.59520584,3.963821546547579,248,Y,C,Y
Q86Y26-4_234-500_processed,A,Y248D,19,2,3.311579602010778,2.8246796259135976,0.6940434,5.047728057177135,248,Y,D,Y
Q86Y26-4_234-500_processed,A,Y248E,19,3,3.311579602010778,2.712832422359037,0.63814604,4.418316167963195,248,Y,E,Y
Q86Y26-4_234-500_processed,A,Y248F,19,4,3.311579602010778,3.2079371983380796,0.28254178,0.6702793142279636,248,Y,F,Y
Q86Y26-4_234-500_processed,A,Y248G,19,5,3.311579602010778,2.5602131485714543,0.7635892,5.931147492625419,248,Y,G,Y
Q86Y26-4_234-500_processed,A,Y248H,19,6,3.311579602010778,3.772712370515455,0.4611469,2.6106840489185226,248,Y,H,Y
Q86Y26-4_234-500_processed,A,Y248I,19,7,3.311579602010778,2.8540177271228053,0.4409588,2.4068206629371636,248,Y,I,Y
Q86Y26-4_234-500_processed,A,Y248K,19,8,3.311579602010778,2.828313162223749,0.67904633,4.8734814711048555,248,Y,K,Y
Q86Y26-4_234-500_processed,A,Y248L,19,9,3.311579602010778,2.4331137753126835,0.36713606,1.638692664597901,248,Y,L,Y
Q86Y26-4_234-500_processed,A,Y248M,19,10,3.311579602010778,3.785956884138847,0.40073323,1.9939727414355435,248,Y,M,Y
Q86Y26-4_234-500_processed,A,Y248N,19,11,3.311579602010778,3.127101928086014,0.56980354,3.702624075276373,248,Y,N,Y
Q86Y26-4_234-500_processed,A,Y248P,19,12,3.311579602010778,3.0805551433480183,0.9157016,8.963320054137897,248,Y,P,Y
Q86Y26-4_234-500_processed,A,Y248Q,19,13,3.311579602010778,3.3385149556513554,0.5519785,3.5216699728773504,248,Y,Q,Y
Q86Y26-4_234-500_processed,A,Y248R,19,14,3.311579602010778,3.0355669859078964,0.5796503,3.803344841081444,248,Y,R,Y
Q86Y26-4_234-500_processed,A,Y248S,19,15,3.311579602010778,2.8445017352648363,0.6792204,4.875478219473877,248,Y,S,Y
Q86Y26-4_234-500_processed,A,Y248T,19,16,3.311579602010778,2.8968826778292005,0.5950763,3.96247767981852,248,Y,T,Y
Q86Y26-4_234-500_processed,A,Y248V,19,17,3.311579602010778,2.623741420309898,0.4737165,2.736922475557908,248,Y,V,Y
Q86Y26-4_234-500_processed,A,Y248W,19,18,3.311579602010778,4.250501482991098,0.3418017,1.3618112596558387,248,Y,W,Y
Q86Y26-4_234-500_processed,A,Y248Y,19,19,3.311579602010778,3.311579602010778,0.3463353,1.4120320403793551,248,Y,Y,Y
Q86Y26-4_234-500_processed,A,K249A,8,0,2.828313162223749,2.4839824262174384,0.24588509,0.19829887718557482,249,K,A,K
Q86Y26-4_234-500_processed,A,K249C,8,1,2.828313162223749,4.335140045203785,0.28905073,0.7500028066566619,249,K,C,K
Q86Y26-4_234-500_processed,A,K249D,8,2,2.828313162223749,2.8246796259135976,0.35576215,1.515486040565337,249,K,D,K
Q86Y26-4_234-500_processed,A,K249E,8,3,2.828313162223749,2.712832422359037,0.3018337,0.9035470643228957,249,K,E,K
Q86Y26-4_234-500_processed,A,K249F,8,4,2.828313162223749,3.2079371983380796,0.2305503,-0.0130162531840039,249,K,F,K
Q86Y26-4_234-500_processed,A,K249G,8,5,2.828313162223749,2.5602131485714543,0.3569061,1.5279547852129185,249,K,G,K
Q86Y26-4_234-500_processed,A,K249H,8,6,2.828313162223749,3.772712370515455,0.24907663,0.24114253921369344,249,K,H,K
Q86Y26-4_234-500_processed,A,K249I,8,7,2.828313162223749,2.8540177271228053,0.17137839,-0.9397242440143033,249,K,I,K
Q86Y26-4_234-500_processed,A,K249K,8,8,2.828313162223749,2.828313162223749,0.2572837,0.34966290196377814,249,K,K,K
Q86Y26-4_234-500_processed,A,K249L,8,9,2.828313162223749,2.4331137753126835,0.15184408,-1.300525622061518,249,K,L,K
Q86Y26-4_234-500_processed,A,K249M,8,10,2.828313162223749,3.785956884138847,0.18944867,-0.6339913906046701,249,K,M,K
Q86Y26-4_234-500_processed,A,K249N,8,11,2.828313162223749,3.127101928086014,0.2690034,0.5007879148347472,249,K,N,K
Q86Y26-4_234-500_processed,A,K249P,8,12,2.828313162223749,3.0805551433480183,0.5961563,3.9736873885264576,249,K,P,K
Q86Y26-4_234-500_processed,A,K249Q,8,13,2.828313162223749,3.3385149556513554,0.26157993,0.40556759324238856,249,K,Q,K
Q86Y26-4_234-500_processed,A,K249R,8,14,2.828313162223749,3.0355669859078964,0.2194443,-0.17226908170526412,249,K,R,K
Q86Y26-4_234-500_processed,A,K249S,8,15,2.828313162223749,2.8445017352648363,0.29619136,0.8362481315394273,249,K,S,K
Q86Y26-4_234-500_processed,A,K249T,8,16,2.828313162223749,2.8968826778292005,0.25990167,0.38380081237840147,249,K,T,K
Q86Y26-4_234-500_processed,A,K249V,8,17,2.828313162223749,2.623741420309898,0.19708964,-0.5114610281489373,249,K,V,K
Q86Y26-4_234-500_processed,A,K249W,8,18,2.828313162223749,4.250501482991098,0.19588819,-0.530485700306319,249,K,W,K
Q86Y26-4_234-500_processed,A,K249Y,8,19,2.828313162223749,3.311579602010778,0.24926305,0.24363357669673402,249,K,Y,K
Q86Y26-4_234-500_processed,A,A250A,0,0,2.4839824262174384,2.4839824262174384,0.21747401,-0.20111941456139482,250,A,A,A
Q86Y26-4_234-500_processed,A,A250C,0,1,2.4839824262174384,4.335140045203785,0.27933106,0.6305445017954314,250,A,C,A
Q86Y26-4_234-500_processed,A,A250D,0,2,2.4839824262174384,2.8246796259135976,0.20701328,-0.3575588351039255,250,A,D,A
Q86Y26-4_234-500_processed,A,A250E,0,3,2.4839824262174384,2.712832422359037,0.20374618,-0.40760742968151464,250,A,E,A
Q86Y26-4_234-500_processed,A,A250F,0,4,2.4839824262174384,3.2079371983380796,0.18711938,-0.6720936334458988,250,A,F,A
Q86Y26-4_234-500_processed,A,A250G,0,5,2.4839824262174384,2.5602131485714543,0.25576904,0.3298086371368414,250,A,G,A
Q86Y26-4_234-500_processed,A,A250H,0,6,2.4839824262174384,3.772712370515455,0.18848942,-0.6496388301654082,250,A,H,A
Q86Y26-4_234-500_processed,A,A250I,0,7,2.4839824262174384,2.8540177271228053,0.19030298,-0.620106689134981,250,A,I,A
Q86Y26-4_234-500_processed,A,A250K,0,8,2.4839824262174384,2.828313162223749,0.19650471,-0.5207122737195258,250,A,K,A
Q86Y26-4_234-500_processed,A,A250L,0,9,2.4839824262174384,2.4331137753126835,0.179102,-0.8061084068489083,250,A,L,A
Q86Y26-4_234-500_processed,A,A250M,0,10,2.4839824262174384,3.785956884138847,0.2022112,-0.4313279940744358,250,A,M,A
Q86Y26-4_234-500_processed,A,A250N,0,11,2.4839824262174384,3.127101928086014,0.22163813,-0.14036387093440628,250,A,N,A
Q86Y26-4_234-500_processed,A,A250P,0,12,2.4839824262174384,3.0805551433480183,0.3826611,1.8043290376986083,250,A,P,A
Q86Y26-4_234-500_processed,A,A250Q,0,13,2.4839824262174384,3.3385149556513554,0.2200721,-0.1631155684479485,250,A,Q,A
Q86Y26-4_234-500_processed,A,A250R,0,14,2.4839824262174384,3.0355669859078964,0.1868419,-0.6766567929904893,250,A,R,A
Q86Y26-4_234-500_processed,A,A250S,0,15,2.4839824262174384,2.8445017352648363,0.21971491,-0.16832127939995833,250,A,S,A
Q86Y26-4_234-500_processed,A,A250T,0,16,2.4839824262174384,2.8968826778292005,0.21735132,-0.20292223858979108,250,A,T,A
Q86Y26-4_234-500_processed,A,A250V,0,17,2.4839824262174384,2.623741420309898,0.21000147,-0.31229140523402976,250,A,V,A
Q86Y26-4_234-500_processed,A,A250W,0,18,2.4839824262174384,4.250501482991098,0.16807356,-0.9983556215946926,250,A,W,A
Q86Y26-4_234-500_processed,A,A250Y,0,19,2.4839824262174384,3.311579602010778,0.19038741,-0.6187370855736402,250,A,Y,A
Q86Y26-4_234-500_processed,A,L251A,9,0,2.4331137753126835,2.4839824262174384,0.42209756,2.2145785549965877,251,L,A,L
Q86Y26-4_234-500_processed,A,L251C,9,1,2.4331137753126835,4.335140045203785,0.4872266,2.8722382552370878,251,L,C,L
Q86Y26-4_234-500_processed,A,L251D,9,2,2.4331137753126835,2.8246796259135976,0.5163738,3.1637967005186654,251,L,D,L
Q86Y26-4_234-500_processed,A,L251E,9,3,2.4331137753126835,2.712832422359037,0.45784217,2.5774184105681663,251,L,E,L
Q86Y26-4_234-500_processed,A,L251F,9,4,2.4331137753126835,3.2079371983380796,0.2569771,0.3456504219179046,251,L,F,L
Q86Y26-4_234-500_processed,A,L251G,9,5,2.4331137753126835,2.5602131485714543,0.57544816,3.7602875216446296,251,L,G,L
Q86Y26-4_234-500_processed,A,L251H,9,6,2.4331137753126835,3.772712370515455,0.37090212,1.6791283705030815,251,L,H,L
Q86Y26-4_234-500_processed,A,L251I,9,7,2.4331137753126835,2.8540177271228053,0.35306516,1.4860176584042566,251,L,I,L
Q86Y26-4_234-500_processed,A,L251K,9,8,2.4331137753126835,2.828313162223749,0.4498572,2.4968808474957602,251,L,K,L
Q86Y26-4_234-500_processed,A,L251L,9,9,2.4331137753126835,2.4331137753126835,0.300769,0.8909034360826864,251,L,L,L
Q86Y26-4_234-500_processed,A,L251M,9,10,2.4331137753126835,3.785956884138847,0.34351712,1.380850888044184,251,L,M,L
Q86Y26-4_234-500_processed,A,L251N,9,11,2.4331137753126835,3.127101928086014,0.44080225,2.405232949985865,251,L,N,L
Q86Y26-4_234-500_processed,A,L251P,9,12,2.4331137753126835,3.0805551433480183,0.8632336,7.606027991020192,251,L,P,L
Q86Y26-4_234-500_processed,A,L251Q,9,13,2.4331137753126835,3.3385149556513554,0.42009693,2.194061293122504,251,L,Q,L
Q86Y26-4_234-500_processed,A,L251R,9,14,2.4331137753126835,3.0355669859078964,0.3943183,1.9270097564024085,251,L,R,L
Q86Y26-4_234-500_processed,A,L251S,9,15,2.4331137753126835,2.8445017352648363,0.52258044,3.225958146088273,251,L,S,L
Q86Y26-4_234-500_processed,A,L251T,9,16,2.4331137753126835,2.8968826778292005,0.45175236,2.5160177240480768,251,L,T,L
Q86Y26-4_234-500_processed,A,L251V,9,17,2.4331137753126835,2.623741420309898,0.3886657,1.8676891765627583,251,L,V,L
Q86Y26-4_234-500_processed,A,L251W,9,18,2.4331137753126835,4.250501482991098,0.2676953,0.4841318716603149,251,L,W,L
Q86Y26-4_234-500_processed,A,L251Y,9,19,2.4331137753126835,3.311579602010778,0.30283627,0.9154300060855899,251,L,Y,L
Q86Y26-4_234-500_processed,A,A252A,0,0,2.4839824262174384,2.4839824262174384,0.27960357,0.6339278107062748,252,A,A,A
Q86Y26-4_234-500_processed,A,A252C,0,1,2.4839824262174384,4.335140045203785,0.320113,1.1168686637989433,252,A,C,A
Q86Y26-4_234-500_processed,A,A252D,0,2,2.4839824262174384,2.8246796259135976,0.48492494,2.849203718712035,252,A,D,A
Q86Y26-4_234-500_processed,A,A252E,0,3,2.4839824262174384,2.712832422359037,0.5588608,3.591349670469,252,A,E,A
Q86Y26-4_234-500_processed,A,A252F,0,4,2.4839824262174384,3.2079371983380796,0.56445783,3.6481851750249037,252,A,F,A
Q86Y26-4_234-500_processed,A,A252G,0,5,2.4839824262174384,2.5602131485714543,0.42487732,2.24304269128815,252,A,G,A
Q86Y26-4_234-500_processed,A,A252H,0,6,2.4839824262174384,3.772712370515455,0.6146715,4.167479702936261,252,A,H,A
Q86Y26-4_234-500_processed,A,A252I,0,7,2.4839824262174384,2.8540177271228053,0.328003,1.2069220746895997,252,A,I,A
Q86Y26-4_234-500_processed,A,A252K,0,8,2.4839824262174384,2.828313162223749,0.8058464,6.558108778010583,252,A,K,A
Q86Y26-4_234-500_processed,A,A252L,0,9,2.4839824262174384,2.4331137753126835,0.3504711,1.4575773968829215,252,A,L,A
Q86Y26-4_234-500_processed,A,A252M,0,10,2.4839824262174384,3.785956884138847,0.40919828,2.0817984648684984,252,A,M,A
Q86Y26-4_234-500_processed,A,A252N,0,11,2.4839824262174384,3.127101928086014,0.37794548,1.7543055559920062,252,A,N,A
Q86Y26-4_234-500_processed,A,A252P,0,12,2.4839824262174384,3.0805551433480183,0.8506384,7.3490420822371005,252,A,P,A
Q86Y26-4_234-500_processed,A,A252Q,0,13,2.4839824262174384,3.3385149556513554,0.494723,2.947227962379815,252,A,Q,A
Q86Y26-4_234-500_processed,A,A252R,0,14,2.4839824262174384,3.0355669859078964,0.7251452,5.425322641445553,252,A,R,A
Q86Y26-4_234-500_processed,A,A252S,0,15,2.4839824262174384,2.8445017352648363,0.3571139,1.53021799699891,252,A,S,A
Q86Y26-4_234-500_processed,A,A252T,0,16,2.4839824262174384,2.8968826778292005,0.31867263,1.100303536446704,252,A,T,A
Q86Y26-4_234-500_processed,A,A252V,0,17,2.4839824262174384,2.623741420309898,0.24119656,0.13467354904225515,252,A,V,A
Q86Y26-4_234-500_processed,A,A252W,0,18,2.4839824262174384,4.250501482991098,0.73650724,5.569732897823203,252,A,W,A
Q86Y26-4_234-500_processed,A,A252Y,0,19,2.4839824262174384,3.311579602010778,0.68903244,4.988999332965589,252,A,Y,A
Q86Y26-4_234-500_processed,A,R253A,14,0,3.0355669859078964,2.4839824262174384,0.27790114,0.6127584958452786,253,R,A,R
Q86Y26-4_234-500_processed,A,R253C,14,1,3.0355669859078964,4.335140045203785,0.334336,1.2784037330651543,253,R,C,R
Q86Y26-4_234-500_processed,A,R253D,14,2,3.0355669859078964,2.8246796259135976,0.33392784,1.2738172717144443,253,R,D,R
Q86Y26-4_234-500_processed,A,R253E,14,3,3.0355669859078964,2.712832422359037,0.29808047,0.8588618389062169,253,R,E,R
Q86Y26-4_234-500_processed,A,R253F,14,4,3.0355669859078964,3.2079371983380796,0.23969328,0.11409549332789648,253,R,F,R
Q86Y26-4_234-500_processed,A,R253G,14,5,3.0355669859078964,2.5602131485714543,0.34732503,1.4229543940485452,253,R,G,R
Q86Y26-4_234-500_processed,A,R253H,14,6,3.0355669859078964,3.772712370515455,0.2606383,0.39336589599663907,253,R,H,R
Q86Y26-4_234-500_processed,A,R253I,14,7,3.0355669859078964,2.8540177271228053,0.255781,0.32996559103986356,253,R,I,R
Q86Y26-4_234-500_processed,A,R253K,14,8,3.0355669859078964,2.828313162223749,0.27266535,0.5471463482450162,253,R,K,R
Q86Y26-4_234-500_processed,A,R253L,14,9,3.0355669859078964,2.4331137753126835,0.21258458,-0.27353999868545753,253,R,L,R
Q86Y26-4_234-500_processed,A,R253M,14,10,3.0355669859078964,3.785956884138847,0.24595405,0.19922857693237428,253,R,M,R
Q86Y26-4_234-500_processed,A,R253N,14,11,3.0355669859078964,3.127101928086014,0.30296317,0.9169324617013302,253,R,N,R
Q86Y26-4_234-500_processed,A,R253P,14,12,3.0355669859078964,3.0805551433480183,0.8854252,8.112100488373883,253,R,P,R
Q86Y26-4_234-500_processed,A,R253Q,14,13,3.0355669859078964,3.3385149556513554,0.28640455,0.717722792691435,253,R,Q,R
Q86Y26-4_234-500_processed,A,R253R,14,14,3.0355669859078964,3.0355669859078964,0.2402678,0.12197030636156236,253,R,R,R
Q86Y26-4_234-500_processed,A,R253S,14,15,3.0355669859078964,2.8445017352648363,0.3187742,1.1014729073312963,253,R,S,R
Q86Y26-4_234-500_processed,A,R253T,14,16,3.0355669859078964,2.8968826778292005,0.3032091,0.9198432068516462,253,R,T,R
Q86Y26-4_234-500_processed,A,R253V,14,17,3.0355669859078964,2.623741420309898,0.2762517,0.5921718604025217,253,R,V,R
Q86Y26-4_234-500_processed,A,R253W,14,18,3.0355669859078964,4.250501482991098,0.20657742,-0.364201771612071,253,R,W,R
Q86Y26-4_234-500_processed,A,R253Y,14,19,3.0355669859078964,3.311579602010778,0.24773388,0.22316235074441748,253,R,Y,R
Q86Y26-4_234-500_processed,A,R254A,14,0,3.0355669859078964,2.4839824262174384,0.27101249,0.5262707110133904,254,R,A,R
Q86Y26-4_234-500_processed,A,R254C,14,1,3.0355669859078964,4.335140045203785,0.3190297,1.104413644108321,254,R,C,R
Q86Y26-4_234-500_processed,A,R254D,14,2,3.0355669859078964,2.8246796259135976,0.2843884,0.693008285513847,254,R,D,R
Q86Y26-4_234-500_processed,A,R254E,14,3,3.0355669859078964,2.712832422359037,0.2635067,0.430446775193255,254,R,E,R
Q86Y26-4_234-500_processed,A,R254F,14,4,3.0355669859078964,3.2079371983380796,0.24816999,0.22900924607649698,254,R,F,R
Q86Y26-4_234-500_processed,A,R254G,14,5,3.0355669859078964,2.5602131485714543,0.3247728,1.170191641990094,254,R,G,R
Q86Y26-4_234-500_processed,A,R254H,14,6,3.0355669859078964,3.772712370515455,0.25526085,0.3231299168378726,254,R,H,R
Q86Y26-4_234-500_processed,A,R254I,14,7,3.0355669859078964,2.8540177271228053,0.23819642,0.09351715314340425,254,R,I,R
Q86Y26-4_234-500_processed,A,R254K,14,8,3.0355669859078964,2.828313162223749,0.2603663,0.38983593574455966,254,R,K,R
Q86Y26-4_234-500_processed,A,R254L,14,9,3.0355669859078964,2.4331137753126835,0.20726372,-0.3537464900135501,254,R,L,R
Q86Y26-4_234-500_processed,A,R254M,14,10,3.0355669859078964,3.785956884138847,0.23305304,0.022121100516562242,254,R,M,R
Q86Y26-4_234-500_processed,A,R254N,14,11,3.0355669859078964,3.127101928086014,0.27151582,0.5326361976510424,254,R,N,R
Q86Y26-4_234-500_processed,A,R254P,14,12,3.0355669859078964,3.0805551433480183,0.760158,5.8838648655751475,254,R,P,R
Q86Y26-4_234-500_processed,A,R254Q,14,13,3.0355669859078964,3.3385149556513554,0.26422128,0.43964379179730284,254,R,Q,R
Q86Y26-4_234-500_processed,A,R254R,14,14,3.0355669859078964,3.0355669859078964,0.24139807,0.13742529972179396,254,R,R,R
Q86Y26-4_234-500_processed,A,R254S,14,15,3.0355669859078964,2.8445017352648363,0.294765,0.8191183170458383,254,R,S,R
Q86Y26-4_234-500_processed,A,R254T,14,16,3.0355669859078964,2.8968826778292005,0.28081182,0.6489042490730303,254,R,T,R
Q86Y26-4_234-500_processed,A,R254V,14,17,3.0355669859078964,2.623741420309898,0.25377908,0.3036061185808486,254,R,V,R
Q86Y26-4_234-500_processed,A,R254W,14,18,3.0355669859078964,4.250501482991098,0.2088109,-0.3302699302529316,254,R,W,R
Q86Y26-4_234-500_processed,A,R254Y,14,19,3.0355669859078964,3.311579602010778,0.2605015,0.39159096514520597,254,R,Y,R
Q86Y26-4_234-500_processed,A,H255A,6,0,3.772712370515455,2.4839824262174384,0.39583194,1.9428433341658635,255,H,A,H
Q86Y26-4_234-500_processed,A,H255C,6,1,3.772712370515455,4.335140045203785,0.40397424,2.0276680135443628,255,H,C,H
Q86Y26-4_234-500_processed,A,H255D,6,2,3.772712370515455,2.8246796259135976,0.43672457,2.3638350212993635,255,H,D,H
Q86Y26-4_234-500_processed,A,H255E,6,3,3.772712370515455,2.712832422359037,0.4063853,2.0526781979906175,255,H,E,H
Q86Y26-4_234-500_processed,A,H255F,6,4,3.772712370515455,3.2079371983380796,0.20899284,-0.32751758363476324,255,H,F,H
Q86Y26-4_234-500_processed,A,H255G,6,5,3.772712370515455,2.5602131485714543,0.5037315,3.037315584599777,255,H,G,H
Q86Y26-4_234-500_processed,A,H255H,6,6,3.772712370515455,3.772712370515455,0.28746158,0.7306384434857738,255,H,H,H
Q86Y26-4_234-500_processed,A,H255I,6,7,3.772712370515455,2.8540177271228053,0.29221162,0.7883328119183564,255,H,I,H
Q86Y26-4_234-500_processed,A,H255K,6,8,3.772712370515455,2.828313162223749,0.37824833,1.757525464141873,255,H,K,H
Q86Y26-4_234-500_processed,A,H255L,6,9,3.772712370515455,2.4331137753126835,0.28044918,0.6444134618907879,255,H,L,H
Q86Y26-4_234-500_processed,A,H255M,6,10,3.772712370515455,3.785956884138847,0.3136248,1.0419323662997597,255,H,M,H
Q86Y26-4_234-500_processed,A,H255N,6,11,3.772712370515455,3.127101928086014,0.3833301,1.8114066343221826,255,H,N,H
Q86Y26-4_234-500_processed,A,H255P,6,12,3.772712370515455,3.0805551433480183,0.7495262,5.740217408995449,255,H,P,H
Q86Y26-4_234-500_processed,A,H255Q,6,13,3.772712370515455,3.3385149556513554,0.37875262,1.7628847751553645,255,H,Q,H
Q86Y26-4_234-500_processed,A,H255R,6,14,3.772712370515455,3.0355669859078964,0.32544416,1.1778411115484488,255,H,R,H
Q86Y26-4_234-500_processed,A,H255S,6,15,3.772712370515455,2.8445017352648363,0.45367453,2.53541282385955,255,H,S,H
Q86Y26-4_234-500_processed,A,H255T,6,16,3.772712370515455,2.8968826778292005,0.39408994,1.9246189661537005,255,H,T,H
Q86Y26-4_234-500_processed,A,H255V,6,17,3.772712370515455,2.623741420309898,0.30317548,0.9194454037927513,255,H,V,H
Q86Y26-4_234-500_processed,A,H255W,6,18,3.772712370515455,4.250501482991098,0.2193959,-0.172975533224361,255,H,W,H
Q86Y26-4_234-500_processed,A,H255Y,6,19,3.772712370515455,3.311579602010778,0.22543631,-0.08565545464250368,255,H,Y,H
Q86Y26-4_234-500_processed,A,L256A,9,0,2.4331137753126835,2.4839824262174384,0.37850305,1.7602328653323773,256,L,A,L
Q86Y26-4_234-500_processed,A,L256C,9,1,2.4331137753126835,4.335140045203785,0.3950475,1.9346400224604459,256,L,C,L
Q86Y26-4_234-500_processed,A,L256D,9,2,2.4331137753126835,2.8246796259135976,0.38772562,1.8577935382469595,256,L,D,L
Q86Y26-4_234-500_processed,A,L256E,9,3,2.4331137753126835,2.712832422359037,0.36910656,1.6598710335515927,256,L,E,L
Q86Y26-4_234-500_processed,A,L256F,9,4,2.4331137753126835,3.2079371983380796,0.2998431,0.87988724472395,256,L,F,L
Q86Y26-4_234-500_processed,A,L256G,9,5,2.4331137753126835,2.5602131485714543,0.45851484,2.584192486252195,256,L,G,L
Q86Y26-4_234-500_processed,A,L256H,9,6,2.4331137753126835,3.772712370515455,0.34023324,1.3443624710825552,256,L,H,L
Q86Y26-4_234-500_processed,A,L256I,9,7,2.4331137753126835,2.8540177271228053,0.30441728,0.9341236563585281,256,L,I,L
Q86Y26-4_234-500_processed,A,L256K,9,8,2.4331137753126835,2.828313162223749,0.36819047,1.6500310057265024,256,L,K,L
Q86Y26-4_234-500_processed,A,L256L,9,9,2.4331137753126835,2.4331137753126835,0.27219698,0.5412388807109455,256,L,L,L
Q86Y26-4_234-500_processed,A,L256M,9,10,2.4331137753126835,3.785956884138847,0.3100223,0.9999623163367821,256,L,M,L
Q86Y26-4_234-500_processed,A,L256N,9,11,2.4331137753126835,3.127101928086014,0.36723688,1.6397774146754907,256,L,N,L
Q86Y26-4_234-500_processed,A,L256P,9,12,2.4331137753126835,3.0805551433480183,0.7267625,5.445645564413686,256,L,P,L
Q86Y26-4_234-500_processed,A,L256Q,9,13,2.4331137753126835,3.3385149556513554,0.35420555,1.4984903115925818,256,L,Q,L
Q86Y26-4_234-500_processed,A,L256R,9,14,2.4331137753126835,3.0355669859078964,0.33941913,1.3352903645142915,256,L,R,L
Q86Y26-4_234-500_processed,A,L256S,9,15,2.4331137753126835,2.8445017352648363,0.412141,2.112195952595519,256,L,S,L
Q86Y26-4_234-500_processed,A,L256T,9,16,2.4331137753126835,2.8968826778292005,0.38097876,1.7865101329890047,256,L,T,L
Q86Y26-4_234-500_processed,A,L256V,9,17,2.4331137753126835,2.623741420309898,0.32978845,1.2271449082558383,256,L,V,L
Q86Y26-4_234-500_processed,A,L256W,9,18,2.4331137753126835,4.250501482991098,0.2952411,0.8248412323434653,256,L,W,L
Q86Y26-4_234-500_processed,A,L256Y,9,19,2.4331137753126835,3.311579602010778,0.31922877,1.106704170586991,256,L,Y,L
Q86Y26-4_234-500_processed,A,S257A,15,0,2.8445017352648363,2.4839824262174384,0.241361,0.13691934587217902,257,S,A,S
Q86Y26-4_234-500_processed,A,S257C,15,1,2.8445017352648363,4.335140045203785,0.27912256,0.6279545946457782,257,S,C,S
Q86Y26-4_234-500_processed,A,S257D,15,2,2.8445017352648363,2.8246796259135976,0.22419482,-0.10346499741413662,257,S,D,S
Q86Y26-4_234-500_processed,A,S257E,15,3,2.8445017352648363,2.712832422359037,0.22068979,-0.15412785229173276,257,S,E,S
Q86Y26-4_234-500_processed,A,S257F,15,4,2.8445017352648363,3.2079371983380796,0.19688812,-0.5146459739258508,257,S,F,S
Q86Y26-4_234-500_processed,A,S257G,15,5,2.8445017352648363,2.5602131485714543,0.2818834,0.6621537582782047,257,S,G,S
Q86Y26-4_234-500_processed,A,S257H,15,6,2.8445017352648363,3.772712370515455,0.20172267,-0.43890564023943923,257,S,H,S
Q86Y26-4_234-500_processed,A,S257I,15,7,2.8445017352648363,2.8540177271228053,0.19910716,-0.47971003293143577,257,S,I,S
Q86Y26-4_234-500_processed,A,S257K,15,8,2.8445017352648363,2.828313162223749,0.21442723,-0.24610663006384925,257,S,K,S
Q86Y26-4_234-500_processed,A,S257L,15,9,2.8445017352648363,2.4331137753126835,0.18508452,-0.705679512478119,257,S,L,S
Q86Y26-4_234-500_processed,A,S257M,15,10,2.8445017352648363,3.785956884138847,0.2141398,-0.25037454008462356,257,S,M,S
Q86Y26-4_234-500_processed,A,S257N,15,11,2.8445017352648363,3.127101928086014,0.21942393,-0.17256639540121077,257,S,N,S
Q86Y26-4_234-500_processed,A,S257P,15,12,2.8445017352648363,3.0805551433480183,0.31570226,1.0660160919953916,257,S,P,S
Q86Y26-4_234-500_processed,A,S257Q,15,13,2.8445017352648363,3.3385149556513554,0.23650514,0.07015881522305034,257,S,Q,S
Q86Y26-4_234-500_processed,A,S257R,15,14,2.8445017352648363,3.0355669859078964,0.2042545,-0.3997817203218923,257,S,R,S
Q86Y26-4_234-500_processed,A,S257S,15,15,2.8445017352648363,2.8445017352648363,0.24035427,0.12315444667013287,257,S,S,S
Q86Y26-4_234-500_processed,A,S257T,15,16,2.8445017352648363,2.8968826778292005,0.2336825,0.03091693098803361,257,S,T,S
Q86Y26-4_234-500_processed,A,S257V,15,17,2.8445017352648363,2.623741420309898,0.21133389,-0.29225943867067394,257,S,V,S
Q86Y26-4_234-500_processed,A,S257W,15,18,2.8445017352648363,4.250501482991098,0.18209538,-0.7555378043766592,257,S,W,S
Q86Y26-4_234-500_processed,A,S257Y,15,19,2.8445017352648363,3.311579602010778,0.20629618,-0.36849372988550844,257,S,Y,S
Q86Y26-4_234-500_processed,A,Q258A,13,0,3.3385149556513554,2.4839824262174384,0.19894019,-0.48232850284385065,258,Q,A,Q
Q86Y26-4_234-500_processed,A,Q258C,13,1,3.3385149556513554,4.335140045203785,0.2316872,0.002978153251874116,258,Q,C,Q
Q86Y26-4_234-500_processed,A,Q258D,13,2,3.3385149556513554,2.8246796259135976,0.16953406,-0.9723327120115377,258,Q,D,Q
Q86Y26-4_234-500_processed,A,Q258E,13,3,3.3385149556513554,2.712832422359037,0.16920383,-0.9782009489908172,258,Q,E,Q
Q86Y26-4_234-500_processed,A,Q258F,13,4,3.3385149556513554,3.2079371983380796,0.17349747,-0.9025999338283941,258,Q,F,Q
Q86Y26-4_234-500_processed,A,Q258G,13,5,3.3385149556513554,2.5602131485714543,0.21535364,-0.23237904404397214,258,Q,G,Q
Q86Y26-4_234-500_processed,A,Q258H,13,6,3.3385149556513554,3.772712370515455,0.16301894,-1.0898375941250176,258,Q,H,Q
Q86Y26-4_234-500_processed,A,Q258I,13,7,3.3385149556513554,2.8540177271228053,0.18247455,-0.7491782462750152,258,Q,I,Q
Q86Y26-4_234-500_processed,A,Q258K,13,8,3.3385149556513554,2.828313162223749,0.17999558,-0.7909435630997053,258,Q,K,Q
Q86Y26-4_234-500_processed,A,Q258L,13,9,3.3385149556513554,2.4331137753126835,0.16295226,-1.0910595935450211,258,Q,L,Q
Q86Y26-4_234-500_processed,A,Q258M,13,10,3.3385149556513554,3.785956884138847,0.17757392,-0.8321790953778135,258,Q,M,Q
Q86Y26-4_234-500_processed,A,Q258N,13,11,3.3385149556513554,3.127101928086014,0.17167358,-0.934531034151867,258,Q,N,Q
Q86Y26-4_234-500_processed,A,Q258P,13,12,3.3385149556513554,3.0805551433480183,0.42203936,2.213982023932348,258,Q,P,Q
Q86Y26-4_234-500_processed,A,Q258Q,13,13,3.3385149556513554,3.3385149556513554,0.18902713,-0.640860118395089,258,Q,Q,Q
Q86Y26-4_234-500_processed,A,Q258R,13,14,3.3385149556513554,3.0355669859078964,0.17000033,-0.9640623192835801,258,Q,R,Q
Q86Y26-4_234-500_processed,A,Q258S,13,15,3.3385149556513554,2.8445017352648363,0.19585392,-0.5310296916644847,258,Q,S,Q
Q86Y26-4_234-500_processed,A,Q258T,13,16,3.3385149556513554,2.8968826778292005,0.18715255,-0.6715484908558328,258,Q,T,Q
Q86Y26-4_234-500_processed,A,Q258V,13,17,3.3385149556513554,2.623741420309898,0.18770754,-0.6624382808403129,258,Q,V,Q
Q86Y26-4_234-500_processed,A,Q258W,13,18,3.3385149556513554,4.250501482991098,0.15836444,-1.1761202435450917,258,Q,W,Q
Q86Y26-4_234-500_processed,A,Q258Y,13,19,3.3385149556513554,3.311579602010778,0.17338905,-0.9044906342824127,258,Q,Y,Q
Q86Y26-4_234-500_processed,A,S259A,15,0,2.8445017352648363,2.4839824262174384,0.22075373,-0.15319849878940195,259,S,A,S
Q86Y26-4_234-500_processed,A,S259C,15,1,2.8445017352648363,4.335140045203785,0.2600505,0.3857348258980292,259,S,C,S
Q86Y26-4_234-500_processed,A,S259D,15,2,2.8445017352648363,2.8246796259135976,0.24632339,0.2042047474400216,259,S,D,S
Q86Y26-4_234-500_processed,A,S259E,15,3,2.8445017352648363,2.712832422359037,0.21558896,-0.22889888551657522,259,S,E,S
Q86Y26-4_234-500_processed,A,S259F,15,4,2.8445017352648363,3.2079371983380796,0.17208932,-0.9272290148703416,259,S,F,S
Q86Y26-4_234-500_processed,A,S259G,15,5,2.8445017352648363,2.5602131485714543,0.2932009,0.8002790529500475,259,S,G,S
Q86Y26-4_234-500_processed,A,S259H,15,6,2.8445017352648363,3.772712370515455,0.18977827,-0.6286289276882745,259,S,H,S
Q86Y26-4_234-500_processed,A,S259I,15,7,2.8445017352648363,2.8540177271228053,0.19367376,-0.5657833319727829,259,S,I,S
Q86Y26-4_234-500_processed,A,S259K,15,8,2.8445017352648363,2.828313162223749,0.21330322,-0.26282036856662805,259,S,K,S
Q86Y26-4_234-500_processed,A,S259L,15,9,2.8445017352648363,2.4331137753126835,0.1590788,-1.1627455776028477,259,S,L,S
Q86Y26-4_234-500_processed,A,S259M,15,10,2.8445017352648363,3.785956884138847,0.18627205,-0.6860445611753152,259,S,M,S
Q86Y26-4_234-500_processed,A,S259N,15,11,2.8445017352648363,3.127101928086014,0.22186962,-0.13701048739054866,259,S,N,S
Q86Y26-4_234-500_processed,A,S259P,15,12,2.8445017352648363,3.0805551433480183,0.42639908,2.2586045750370207,259,S,P,S
Q86Y26-4_234-500_processed,A,S259Q,15,13,2.8445017352648363,3.3385149556513554,0.2164286,-0.21650382184857764,259,S,Q,S
Q86Y26-4_234-500_processed,A,S259R,15,14,2.8445017352648363,3.0355669859078964,0.18621737,-0.686946648156127,259,S,R,S
Q86Y26-4_234-500_processed,A,S259S,15,15,2.8445017352648363,2.8445017352648363,0.24080622,0.12933874992437533,259,S,S,S
Q86Y26-4_234-500_processed,A,S259T,15,16,2.8445017352648363,2.8968826778292005,0.22594735,-0.07834471373786178,259,S,T,S
Q86Y26-4_234-500_processed,A,S259V,15,17,2.8445017352648363,2.623741420309898,0.19287702,-0.5785580903966792,259,S,V,S
Q86Y26-4_234-500_processed,A,S259W,15,18,2.8445017352648363,4.250501482991098,0.15250787,-1.2876633526325365,259,S,W,S
Q86Y26-4_234-500_processed,A,S259Y,15,19,2.8445017352648363,3.311579602010778,0.17316052,-0.9084788231863394,259,S,Y,S
Q86Y26-4_234-500_processed,A,P260A,12,0,3.0805551433480183,2.4839824262174384,0.2196522,-0.1692357453588872,260,P,A,P
Q86Y26-4_234-500_processed,A,P260C,12,1,3.0805551433480183,4.335140045203785,0.27779317,0.6114131827376109,260,P,C,P
Q86Y26-4_234-500_processed,A,P260D,12,2,3.0805551433480183,2.8246796259135976,0.21872209,-0.1828224898865194,260,P,D,P
Q86Y26-4_234-500_processed,A,P260E,12,3,3.0805551433480183,2.712832422359037,0.20536777,-0.3826925222372435,260,P,E,P
Q86Y26-4_234-500_processed,A,P260F,12,4,3.0805551433480183,3.2079371983380796,0.18816036,-0.6550206398004199,260,P,F,P
Q86Y26-4_234-500_processed,A,P260G,12,5,3.0805551433480183,2.5602131485714543,0.27572137,0.5855366656870192,260,P,G,P
Q86Y26-4_234-500_processed,A,P260H,12,6,3.0805551433480183,3.772712370515455,0.19252332,-0.5842422870186664,260,P,H,P
Q86Y26-4_234-500_processed,A,P260I,12,7,3.0805551433480183,2.8540177271228053,0.18381877,-0.7267152077062167,260,P,I,P
Q86Y26-4_234-500_processed,A,P260K,12,8,3.0805551433480183,2.828313162223749,0.19923286,-0.4777397325868643,260,P,K,P
Q86Y26-4_234-500_processed,A,P260L,12,9,3.0805551433480183,2.4331137753126835,0.16759689,-1.0068879699866344,260,P,L,P
Q86Y26-4_234-500_processed,A,P260M,12,10,3.0805551433480183,3.785956884138847,0.19032522,-0.6197459930700167,260,P,M,P
Q86Y26-4_234-500_processed,A,P260N,12,11,3.0805551433480183,3.127101928086014,0.22030005,-0.15979673406890327,260,P,N,P
Q86Y26-4_234-500_processed,A,P260P,12,12,3.0805551433480183,3.0805551433480183,0.30622151,0.9553900533232906,260,P,P,P
Q86Y26-4_234-500_processed,A,P260Q,12,13,3.0805551433480183,3.3385149556513554,0.2189449,-0.17956388976294535,260,P,Q,P
Q86Y26-4_234-500_processed,A,P260R,12,14,3.0805551433480183,3.0355669859078964,0.18495947,-0.7077527848487453,260,P,R,P
Q86Y26-4_234-500_processed,A,P260S,12,15,3.0805551433480183,2.8445017352648363,0.22729221,-0.059161247034368314,260,P,S,P
Q86Y26-4_234-500_processed,A,P260T,12,16,3.0805551433480183,2.8968826778292005,0.21443452,-0.24599848735223362,260,P,T,P
Q86Y26-4_234-500_processed,A,P260V,12,17,3.0805551433480183,2.623741420309898,0.19617362,-0.5259579920321611,260,P,V,P
Q86Y26-4_234-500_processed,A,P260W,12,18,3.0805551433480183,4.250501482991098,0.15996955,-1.146136579046395,260,P,W,P
Q86Y26-4_234-500_processed,A,P260Y,12,19,3.0805551433480183,3.311579602010778,0.19253899,-0.5839902008178899,260,P,Y,P
Q86Y26-4_234-500_processed,A,D261A,2,0,2.8246796259135976,2.4839824262174384,0.2610137,0.398233612448759,261,D,A,D
Q86Y26-4_234-500_processed,A,D261C,2,1,2.8246796259135976,4.335140045203785,0.3131471,1.036382220367152,261,D,C,D
Q86Y26-4_234-500_processed,A,D261D,2,2,2.8246796259135976,2.8246796259135976,0.27211314,0.5401808346611353,261,D,D,D
Q86Y26-4_234-500_processed,A,D261E,2,3,2.8246796259135976,2.712832422359037,0.26441973,0.4421951981822675,261,D,E,D
Q86Y26-4_234-500_processed,A,D261F,2,4,2.8246796259135976,3.2079371983380796,0.24139246,0.1373488098962683,261,D,F,D
Q86Y26-4_234-500_processed,A,D261G,2,5,2.8246796259135976,2.5602131485714543,0.35965535,1.5578491667101095,261,D,G,D
Q86Y26-4_234-500_processed,A,D261H,2,6,2.8246796259135976,3.772712370515455,0.24700418,0.2133639726764297,261,D,H,D
Q86Y26-4_234-500_processed,A,D261I,2,7,2.8246796259135976,2.8540177271228053,0.25510475,0.3210766068342724,261,D,I,D
Q86Y26-4_234-500_processed,A,D261K,2,8,2.8246796259135976,2.828313162223749,0.27092388,0.5251494150811489,261,D,K,D
Q86Y26-4_234-500_processed,A,D261L,2,9,2.8246796259135976,2.4331137753126835,0.23336872,0.026534404955748103,261,D,L,D
Q86Y26-4_234-500_processed,A,D261M,2,10,2.8246796259135976,3.785956884138847,0.25261623,0.28823160119116453,261,D,M,D
Q86Y26-4_234-500_processed,A,D261N,2,11,2.8246796259135976,3.127101928086014,0.2621434,0.4128555062915862,261,D,N,D
Q86Y26-4_234-500_processed,A,D261P,2,12,2.8246796259135976,3.0805551433480183,0.64248127,4.465374752824736,261,D,P,D
Q86Y26-4_234-500_processed,A,D261Q,2,13,2.8246796259135976,3.3385149556513554,0.28194687,0.6629376851701526,261,D,Q,D
Q86Y26-4_234-500_processed,A,D261R,2,14,2.8246796259135976,3.0355669859078964,0.24861965,0.23503053669185148,261,D,R,D
Q86Y26-4_234-500_processed,A,D261S,2,15,2.8246796259135976,2.8445017352648363,0.30485606,0.939302019707309,261,D,S,D
Q86Y26-4_234-500_processed,A,D261T,2,16,2.8246796259135976,2.8968826778292005,0.28422448,0.6909943803657836,261,D,T,D
Q86Y26-4_234-500_processed,A,D261V,2,17,2.8246796259135976,2.623741420309898,0.26433545,0.4411117954403937,261,D,V,D
Q86Y26-4_234-500_processed,A,D261W,2,18,2.8246796259135976,4.250501482991098,0.2118149,-0.2850505224757499,261,D,W,D
Q86Y26-4_234-500_processed,A,D261Y,2,19,2.8246796259135976,3.311579602010778,0.24101265,0.13216074709558434,261,D,Y,D
Q86Y26-4_234-500_processed,A,T262A,16,0,2.8968826778292005,2.4839824262174384,0.24185413,0.1436474368130508,262,T,A,T
Q86Y26-4_234-500_processed,A,T262C,16,1,2.8968826778292005,4.335140045203785,0.28374687,0.6851222297119891,262,T,C,T
Q86Y26-4_234-500_processed,A,T262D,16,2,2.8968826778292005,2.8246796259135976,0.28092775,0.6503391673510056,262,T,D,T
Q86Y26-4_234-500_processed,A,T262E,16,3,2.8968826778292005,2.712832422359037,0.25084713,0.2647516341726702,262,T,E,T
Q86Y26-4_234-500_processed,A,T262F,16,4,2.8968826778292005,3.2079371983380796,0.2030936,-0.4176756371789575,262,T,F,T
Q86Y26-4_234-500_processed,A,T262G,16,5,2.8968826778292005,2.5602131485714543,0.34992173,1.4515418592143163,262,T,G,T
Q86Y26-4_234-500_processed,A,T262H,16,6,2.8968826778292005,3.772712370515455,0.2316825,0.002912021477871618,262,T,H,T
Q86Y26-4_234-500_processed,A,T262I,16,7,2.8968826778292005,2.8540177271228053,0.17558032,-0.8664577491625847,262,T,I,T
Q86Y26-4_234-500_processed,A,T262K,16,8,2.8968826778292005,2.828313162223749,0.26078287,0.3952410988325944,262,T,K,T
Q86Y26-4_234-500_processed,A,T262L,16,9,2.8968826778292005,2.4331137753126835,0.19300544,-0.5764963384454719,262,T,L,T
Q86Y26-4_234-500_processed,A,T262M,16,10,2.8968826778292005,3.785956884138847,0.22532102,-0.08730639149784558,262,T,M,T
Q86Y26-4_234-500_processed,A,T262N,16,11,2.8968826778292005,3.127101928086014,0.26031202,0.38913135958669576,262,T,N,T
Q86Y26-4_234-500_processed,A,T262P,16,12,2.8968826778292005,3.0805551433480183,0.53316003,3.3320877602571035,262,T,P,T
Q86Y26-4_234-500_processed,A,T262Q,16,13,2.8968826778292005,3.3385149556513554,0.2510674,0.2676810901207871,262,T,Q,T
Q86Y26-4_234-500_processed,A,T262R,16,14,2.8968826778292005,3.0355669859078964,0.23279351,0.01848963593108821,262,T,R,T
Q86Y26-4_234-500_processed,A,T262S,16,15,2.8968826778292005,2.8445017352648363,0.272335,0.5429802819246338,262,T,S,T
Q86Y26-4_234-500_processed,A,T262T,16,16,2.8968826778292005,2.8968826778292005,0.2348303,0.04691378512493849,262,T,T,T
Q86Y26-4_234-500_processed,A,T262V,16,17,2.8968826778292005,2.623741420309898,0.17956707,-0.7982084630687725,262,T,V,T
Q86Y26-4_234-500_processed,A,T262W,16,18,2.8968826778292005,4.250501482991098,0.18726072,-0.6697712939685313,262,T,W,T
Q86Y26-4_234-500_processed,A,T262Y,16,19,2.8968826778292005,3.311579602010778,0.21109697,-0.29581449036881424,262,T,Y,T
Q86Y26-4_234-500_processed,A,E263A,3,0,2.712832422359037,2.4839824262174384,0.28610158,0.7140155940988557,263,E,A,E
Q86Y26-4_234-500_processed,A,E263C,3,1,2.712832422359037,4.335140045203785,0.33958012,1.3370852317800346,263,E,C,E
Q86Y26-4_234-500_processed,A,E263D,3,2,2.712832422359037,2.8246796259135976,0.2980593,0.8586090043198802,263,E,D,E
Q86Y26-4_234-500_processed,A,E263E,3,3,2.712832422359037,2.712832422359037,0.2863344,0.7168645770261652,263,E,E,E
Q86Y26-4_234-500_processed,A,E263F,3,4,2.712832422359037,3.2079371983380796,0.19764745,-0.5026579922306973,263,E,F,E
Q86Y26-4_234-500_processed,A,E263G,3,5,2.712832422359037,2.5602131485714543,0.37078652,1.6778896875914922,263,E,G,E
Q86Y26-4_234-500_processed,A,E263H,3,6,2.712832422359037,3.772712370515455,0.2490166,0.24034000461172766,263,E,H,E
Q86Y26-4_234-500_processed,A,E263I,3,7,2.712832422359037,2.8540177271228053,0.22290836,-0.12199380765243462,263,E,I,E
Q86Y26-4_234-500_processed,A,E263K,3,8,2.712832422359037,2.828313162223749,0.30507392,0.9418715328418533,263,E,K,E
Q86Y26-4_234-500_processed,A,E263L,3,9,2.712832422359037,2.4331137753126835,0.19219163,-0.58957978368471,263,E,L,E
Q86Y26-4_234-500_processed,A,E263M,3,10,2.712832422359037,3.785956884138847,0.22866319,-0.039687461904991395,263,E,M,E
Q86Y26-4_234-500_processed,A,E263N,3,11,2.712832422359037,3.127101928086014,0.2866655,0.7209139302032475,263,E,N,E
Q86Y26-4_234-500_processed,A,E263P,3,12,2.712832422359037,3.0805551433480183,0.41926977,2.185570569795151,263,E,P,E
Q86Y26-4_234-500_processed,A,E263Q,3,13,2.712832422359037,3.3385149556513554,0.28754643,0.7316739462499346,263,E,Q,E
Q86Y26-4_234-500_processed,A,E263R,3,14,2.712832422359037,3.0355669859078964,0.26449922,0.4432167194137099,263,E,R,E
Q86Y26-4_234-500_processed,A,E263S,3,15,2.712832422359037,2.8445017352648363,0.31732416,1.0847592757538944,263,E,S,E
Q86Y26-4_234-500_processed,A,E263T,3,16,2.712832422359037,2.8968826778292005,0.29883638,0.8678873286885949,263,E,T,E
Q86Y26-4_234-500_processed,A,E263V,3,17,2.712832422359037,2.623741420309898,0.25340647,0.29868468419881444,263,E,V,E
Q86Y26-4_234-500_processed,A,E263W,3,18,2.712832422359037,4.250501482991098,0.18086453,-0.7762529897948861,263,E,W,E
Q86Y26-4_234-500_processed,A,E263Y,3,19,2.712832422359037,3.311579602010778,0.21646135,-0.216021017902725,263,E,Y,E
Q86Y26-4_234-500_processed,A,A264A,0,0,2.4839824262174384,2.4839824262174384,0.30719423,0.9668263665659615,264,A,A,A
Q86Y26-4_234-500_processed,A,A264C,0,1,2.4839824262174384,4.335140045203785,0.37073514,1.6773391109469467,264,A,C,A
Q86Y26-4_234-500_processed,A,A264D,0,2,2.4839824262174384,2.8246796259135976,0.5592782,3.595582865932494,264,A,D,A
Q86Y26-4_234-500_processed,A,A264E,0,3,2.4839824262174384,2.712832422359037,0.6059964,4.076284687047412,264,A,E,A
Q86Y26-4_234-500_processed,A,A264F,0,4,2.4839824262174384,3.2079371983380796,0.5850774,3.8591304246391998,264,A,F,A
Q86Y26-4_234-500_processed,A,A264G,0,5,2.4839824262174384,2.5602131485714543,0.4400693,2.397797849502171,264,A,G,A
Q86Y26-4_234-500_processed,A,A264H,0,6,2.4839824262174384,3.772712370515455,0.62033904,4.227468765781511,264,A,H,A
Q86Y26-4_234-500_processed,A,A264I,0,7,2.4839824262174384,2.8540177271228053,0.43485978,2.344874417371032,264,A,I,A
Q86Y26-4_234-500_processed,A,A264K,0,8,2.4839824262174384,2.828313162223749,0.7115792,5.257665545408032,264,A,K,A
Q86Y26-4_234-500_processed,A,A264L,0,9,2.4839824262174384,2.4331137753126835,0.45111907,2.509624415441344,264,A,L,A
Q86Y26-4_234-500_processed,A,A264M,0,10,2.4839824262174384,3.785956884138847,0.48707476,2.8707188234370533,264,A,M,A
Q86Y26-4_234-500_processed,A,A264N,0,11,2.4839824262174384,3.127101928086014,0.44027403,2.3998750092761747,264,A,N,A
Q86Y26-4_234-500_processed,A,A264P,0,12,2.4839824262174384,3.0805551433480183,0.7753128,6.09639310236314,264,A,P,A
Q86Y26-4_234-500_processed,A,A264Q,0,13,2.4839824262174384,3.3385149556513554,0.51120055,3.1120242129426976,264,A,Q,A
Q86Y26-4_234-500_processed,A,A264R,0,14,2.4839824262174384,3.0355669859078964,0.6433167,4.474472011034714,264,A,R,A
Q86Y26-4_234-500_processed,A,A264S,0,15,2.4839824262174384,2.8445017352648363,0.39163342,1.8988715656349033,264,A,S,A
Q86Y26-4_234-500_processed,A,A264T,0,16,2.4839824262174384,2.8968826778292005,0.38644037,1.8442502588265435,264,A,T,A
Q86Y26-4_234-500_processed,A,A264V,0,17,2.4839824262174384,2.623741420309898,0.32498926,1.1726588258039854,264,A,V,A
Q86Y26-4_234-500_processed,A,A264W,0,18,2.4839824262174384,4.250501482991098,0.67618316,4.840714893997019,264,A,W,A
Q86Y26-4_234-500_processed,A,A264Y,0,19,2.4839824262174384,3.311579602010778,0.6475395,4.520603051646129,264,A,Y,A
Q86Y26-4_234-500_processed,A,L265A,9,0,2.4331137753126835,2.4839824262174384,0.55481136,3.5503251383872834,265,L,A,L
Q86Y26-4_234-500_processed,A,L265C,9,1,2.4331137753126835,4.335140045203785,0.5809758,3.8169507737835233,265,L,C,L
Q86Y26-4_234-500_processed,A,L265D,9,2,2.4331137753126835,2.8246796259135976,0.6542755,4.5947154987082675,265,L,D,L
Q86Y26-4_234-500_processed,A,L265E,9,3,2.4331137753126835,2.712832422359037,0.5922688,3.9333813847632237,265,L,E,L
Q86Y26-4_234-500_processed,A,L265F,9,4,2.4331137753126835,3.2079371983380796,0.2996844,0.8779971392896343,265,L,F,L
Q86Y26-4_234-500_processed,A,L265G,9,5,2.4331137753126835,2.5602131485714543,0.7237924,5.408379311652929,265,L,G,L
Q86Y26-4_234-500_processed,A,L265H,9,6,2.4331137753126835,3.772712370515455,0.45799065,2.578913755475513,265,L,H,L
Q86Y26-4_234-500_processed,A,L265I,9,7,2.4331137753126835,2.8540177271228053,0.38380015,1.8163765682136994,265,L,I,L
Q86Y26-4_234-500_processed,A,L265K,9,8,2.4331137753126835,2.828313162223749,0.65777344,4.63346890087676,265,L,K,L
Q86Y26-4_234-500_processed,A,L265L,9,9,2.4331137753126835,2.4331137753126835,0.3208006,1.1247625147254636,265,L,L,L
Q86Y26-4_234-500_processed,A,L265M,9,10,2.4331137753126835,3.785956884138847,0.3684505,1.652825047544146,265,L,M,L
Q86Y26-4_234-500_processed,A,L265N,9,11,2.4331137753126835,3.127101928086014,0.5482785,3.484293931796939,265,L,N,L
Q86Y26-4_234-500_processed,A,L265P,9,12,2.4331137753126835,3.0805551433480183,0.9410555,9.926013434364963,265,L,P,L
Q86Y26-4_234-500_processed,A,L265Q,9,13,2.4331137753126835,3.3385149556513554,0.52370584,3.237236266342831,265,L,Q,L
Q86Y26-4_234-500_processed,A,L265R,9,14,2.4331137753126835,3.0355669859078964,0.55306005,3.532605897317457,265,L,R,L
Q86Y26-4_234-500_processed,A,L265S,9,15,2.4331137753126835,2.8445017352648363,0.6460287,4.504070206661153,265,L,S,L
Q86Y26-4_234-500_processed,A,L265T,9,16,2.4331137753126835,2.8968826778292005,0.57191813,3.7242034727628286,265,L,T,L
Q86Y26-4_234-500_processed,A,L265V,9,17,2.4331137753126835,2.623741420309898,0.43535724,2.3499342473256526,265,L,V,L
Q86Y26-4_234-500_processed,A,L265W,9,18,2.4331137753126835,4.250501482991098,0.3772919,1.7473530941663464,265,L,W,L
Q86Y26-4_234-500_processed,A,L265Y,9,19,2.4331137753126835,3.311579602010778,0.38077092,1.7843066417441338,265,L,Y,L
Q86Y26-4_234-500_processed,A,S266A,15,0,2.8445017352648363,2.4839824262174384,0.18513188,-0.7048946593178079,266,S,A,S
Q86Y26-4_234-500_processed,A,S266C,15,1,2.8445017352648363,4.335140045203785,0.23075284,-0.010162844233131407,266,S,C,S
Q86Y26-4_234-500_processed,A,S266D,15,2,2.8445017352648363,2.8246796259135976,0.495479,2.954788644775402,266,S,D,S
Q86Y26-4_234-500_processed,A,S266E,15,3,2.8445017352648363,2.712832422359037,0.6494806,4.54189207468792,266,S,E,S
Q86Y26-4_234-500_processed,A,S266F,15,4,2.8445017352648363,3.2079371983380796,0.59783465,3.9911271863028683,266,S,F,S
Q86Y26-4_234-500_processed,A,S266G,15,5,2.8445017352648363,2.5602131485714543,0.32345745,1.1551805769133645,266,S,G,S
Q86Y26-4_234-500_processed,A,S266H,15,6,2.8445017352648363,3.772712370515455,0.6201721,4.225696735509112,266,S,H,S
Q86Y26-4_234-500_processed,A,S266I,15,7,2.8445017352648363,2.8540177271228053,0.35364172,1.492325852931838,266,S,I,S
Q86Y26-4_234-500_processed,A,S266K,15,8,2.8445017352648363,2.828313162223749,0.7981211,6.436480736928429,266,S,K,S
Q86Y26-4_234-500_processed,A,S266L,15,9,2.8445017352648363,2.4331137753126835,0.4040925,2.028895799345377,266,S,L,S
Q86Y26-4_234-500_processed,A,S266M,15,10,2.8445017352648363,3.785956884138847,0.48252898,2.8252186894700637,266,S,M,S
Q86Y26-4_234-500_processed,A,S266N,15,11,2.8445017352648363,3.127101928086014,0.3490105,1.441521207296112,266,S,N,S
Q86Y26-4_234-500_processed,A,S266P,15,12,2.8445017352648363,3.0805551433480183,0.8466687,7.271771722504605,266,S,P,S
Q86Y26-4_234-500_processed,A,S266Q,15,13,2.8445017352648363,3.3385149556513554,0.53505075,3.351083353683555,266,S,Q,S
Q86Y26-4_234-500_processed,A,S266R,15,14,2.8445017352648363,3.0355669859078964,0.73718345,5.5784513099643815,266,S,R,S
Q86Y26-4_234-500_processed,A,S266S,15,15,2.8445017352648363,2.8445017352648363,0.26043278,0.39069901824073494,266,S,S,S
Q86Y26-4_234-500_processed,A,S266T,15,16,2.8445017352648363,2.8968826778292005,0.25756323,0.35331888052241744,266,S,T,S
Q86Y26-4_234-500_processed,A,S266V,15,17,2.8445017352648363,2.623741420309898,0.23329711,0.025533573231972806,266,S,V,S
Q86Y26-4_234-500_processed,A,S266W,15,18,2.8445017352648363,4.250501482991098,0.72881866,5.471592939327265,266,S,W,S
Q86Y26-4_234-500_processed,A,S266Y,15,19,2.8445017352648363,3.311579602010778,0.68343866,4.924049680385033,266,S,Y,S
Q86Y26-4_234-500_processed,A,C267A,1,0,4.335140045203785,2.4839824262174384,0.22117074,-0.14714217659175743,267,C,A,C
Q86Y26-4_234-500_processed,A,C267C,1,1,4.335140045203785,4.335140045203785,0.26018265,0.3874513681011227,267,C,C,C
Q86Y26-4_234-500_processed,A,C267D,1,2,4.335140045203785,2.8246796259135976,0.38398808,1.8183630165671365,267,C,D,C
Q86Y26-4_234-500_processed,A,C267E,1,3,4.335140045203785,2.712832422359037,0.4444721,2.442421176118626,267,C,E,C
Q86Y26-4_234-500_processed,A,C267F,1,4,4.335140045203785,3.2079371983380796,0.42554173,2.249838883273884,267,C,F,C
Q86Y26-4_234-500_processed,A,C267G,1,5,4.335140045203785,2.5602131485714543,0.40241584,2.0114771548584076,267,C,G,C
Q86Y26-4_234-500_processed,A,C267H,1,6,4.335140045203785,3.772712370515455,0.41886973,2.18146257931476,267,C,H,C
Q86Y26-4_234-500_processed,A,C267I,1,7,4.335140045203785,2.8540177271228053,0.26414168,0.43862004884623773,267,C,I,C
Q86Y26-4_234-500_processed,A,C267K,1,8,4.335140045203785,2.828313162223749,0.7373554,5.580670676885832,267,C,K,C
Q86Y26-4_234-500_processed,A,C267L,1,9,4.335140045203785,2.4331137753126835,0.2297441,-0.024391698930851802,267,C,L,C
Q86Y26-4_234-500_processed,A,C267M,1,10,4.335140045203785,3.785956884138847,0.28364497,0.6838686882437836,267,C,M,C
Q86Y26-4_234-500_processed,A,C267N,1,11,4.335140045203785,3.127101928086014,0.2742745,0.5673939415968451,267,C,N,C
Q86Y26-4_234-500_processed,A,C267P,1,12,4.335140045203785,3.0805551433480183,0.8219029,6.823232892905052,267,C,P,C
Q86Y26-4_234-500_processed,A,C267Q,1,13,4.335140045203785,3.3385149556513554,0.34370244,1.3829049485134703,267,C,Q,C
Q86Y26-4_234-500_processed,A,C267R,1,14,4.335140045203785,3.0355669859078964,0.651565,4.564813824091528,267,C,R,C
Q86Y26-4_234-500_processed,A,C267S,1,15,4.335140045203785,2.8445017352648363,0.31699145,1.0809185418281788,267,C,S,C
Q86Y26-4_234-500_processed,A,C267T,1,16,4.335140045203785,2.8968826778292005,0.2711592,0.5281269621707909,267,C,T,C
Q86Y26-4_234-500_processed,A,C267V,1,17,4.335140045203785,2.623741420309898,0.21420161,-0.24945639654205376,267,C,V,C
Q86Y26-4_234-500_processed,A,C267W,1,18,4.335140045203785,4.250501482991098,0.7148949,5.298194023627008,267,C,W,C
Q86Y26-4_234-500_processed,A,C267Y,1,19,4.335140045203785,3.311579602010778,0.5930007,3.9409603884292532,267,C,Y,C
Q86Y26-4_234-500_processed,A,F268A,4,0,3.2079371983380796,2.4839824262174384,0.54455125,3.446697194309732,268,F,A,F
Q86Y26-4_234-500_processed,A,F268C,4,1,3.2079371983380796,4.335140045203785,0.5977792,3.9905508081198793,268,F,C,F
Q86Y26-4_234-500_processed,A,F268D,4,2,3.2079371983380796,2.8246796259135976,0.67664963,4.846042834661565,268,F,D,F
Q86Y26-4_234-500_processed,A,F268E,4,3,3.2079371983380796,2.712832422359037,0.62412685,4.26775480040298,268,F,E,F
Q86Y26-4_234-500_processed,A,F268F,4,4,3.2079371983380796,3.2079371983380796,0.23472033,0.045383490403259064,268,F,F,F
Q86Y26-4_234-500_processed,A,F268G,4,5,3.2079371983380796,2.5602131485714543,0.7078315,5.212188474665707,268,F,G,F
Q86Y26-4_234-500_processed,A,F268H,4,6,3.2079371983380796,3.772712370515455,0.4183239,2.1758556670313336,268,F,H,F
Q86Y26-4_234-500_processed,A,F268I,4,7,3.2079371983380796,2.8540177271228053,0.4855335,2.855294669290812,268,F,I,F
Q86Y26-4_234-500_processed,A,F268K,4,8,3.2079371983380796,2.828313162223749,0.60677224,4.084411322302823,268,F,K,F
Q86Y26-4_234-500_processed,A,F268L,4,9,3.2079371983380796,2.4331137753126835,0.4364932,2.3614833691079977,268,F,L,F
Q86Y26-4_234-500_processed,A,F268M,4,10,3.2079371983380796,3.785956884138847,0.4556715,2.555547967204677,268,F,M,F
Q86Y26-4_234-500_processed,A,F268N,4,11,3.2079371983380796,3.127101928086014,0.5644495,3.648100318452242,268,F,N,F
Q86Y26-4_234-500_processed,A,F268P,4,12,3.2079371983380796,3.0805551433480183,0.9322306,9.55367328279948,268,F,P,F
Q86Y26-4_234-500_processed,A,F268Q,4,13,3.2079371983380796,3.3385149556513554,0.5584205,3.5868852676698006,268,F,Q,F
Q86Y26-4_234-500_processed,A,F268R,4,14,3.2079371983380796,3.0355669859078964,0.5251093,3.2513043083031783,268,F,R,F
Q86Y26-4_234-500_processed,A,F268S,4,15,3.2079371983380796,2.8445017352648363,0.6415428,4.455166501201766,268,F,S,F
Q86Y26-4_234-500_processed,A,F268T,4,16,3.2079371983380796,2.8968826778292005,0.5742183,3.7477068855677835,268,F,T,F
Q86Y26-4_234-500_processed,A,F268V,4,17,3.2079371983380796,2.623741420309898,0.482387,2.823797157075177,268,F,V,F
Q86Y26-4_234-500_processed,A,F268W,4,18,3.2079371983380796,4.250501482991098,0.2572236,0.3488768005484766,268,F,W,F
Q86Y26-4_234-500_processed,A,F268Y,4,19,3.2079371983380796,3.311579602010778,0.25407916,0.30756601564254193,268,F,Y,F
Q86Y26-4_234-500_processed,A,L269A,9,0,2.4331137753126835,2.4839824262174384,0.5770099,3.776276790904359,269,L,A,L
Q86Y26-4_234-500_processed,A,L269C,9,1,2.4331137753126835,4.335140045203785,0.59869444,4.000070585904166,269,L,C,L
Q86Y26-4_234-500_processed,A,L269D,9,2,2.4331137753126835,2.8246796259135976,0.691244,5.014853951913243,269,L,D,L
Q86Y26-4_234-500_processed,A,L269E,9,3,2.4331137753126835,2.712832422359037,0.64271677,4.467938241212083,269,L,E,L
Q86Y26-4_234-500_processed,A,L269F,9,4,2.4331137753126835,3.2079371983380796,0.33412188,1.2759979972657287,269,L,F,L
Q86Y26-4_234-500_processed,A,L269G,9,5,2.4331137753126835,2.5602131485714543,0.78068376,6.1741385511945905,269,L,G,L
Q86Y26-4_234-500_processed,A,L269H,9,6,2.4331137753126835,3.772712370515455,0.4935949,2.935945642808395,269,L,H,L
Q86Y26-4_234-500_processed,A,L269I,9,7,2.4331137753126835,2.8540177271228053,0.36634022,1.6301256963988209,269,L,I,L
Q86Y26-4_234-500_processed,A,L269K,9,8,2.4331137753126835,2.828313162223749,0.7791742,6.152151339278633,269,L,K,L
Q86Y26-4_234-500_processed,A,L269L,9,9,2.4331137753126835,2.4331137753126835,0.3083681,0.9806006493735808,269,L,L,L
Q86Y26-4_234-500_processed,A,L269M,9,10,2.4331137753126835,3.785956884138847,0.35360858,1.4919633869021902,269,L,M,L
Q86Y26-4_234-500_processed,A,L269N,9,11,2.4331137753126835,3.127101928086014,0.56176585,3.620829419561258,269,L,N,L
Q86Y26-4_234-500_processed,A,L269P,9,12,2.4331137753126835,3.0805551433480183,0.9138141,8.90280229085841,269,L,P,L
Q86Y26-4_234-500_processed,A,L269Q,9,13,2.4331137753126835,3.3385149556513554,0.5107917,3.1079339518344806,269,L,Q,L
Q86Y26-4_234-500_processed,A,L269R,9,14,2.4331137753126835,3.0355669859078964,0.6845678,4.937109926223428,269,L,R,L
Q86Y26-4_234-500_processed,A,L269S,9,15,2.4331137753126835,2.8445017352648363,0.6894135,4.993446835424239,269,L,S,L
Q86Y26-4_234-500_processed,A,L269T,9,16,2.4331137753126835,2.8968826778292005,0.5914691,3.9251048135969033,269,L,T,L
Q86Y26-4_234-500_processed,A,L269V,9,17,2.4331137753126835,2.623741420309898,0.42162827,2.2097681039119825,269,L,V,L
Q86Y26-4_234-500_processed,A,L269W,9,18,2.4331137753126835,4.250501482991098,0.50434446,3.0434457268505115,269,L,W,L
Q86Y26-4_234-500_processed,A,L269Y,9,19,2.4331137753126835,3.311579602010778,0.454808,2.546843281405942,269,L,Y,L
Q86Y26-4_234-500_processed,A,I270A,7,0,2.8540177271228053,2.4839824262174384,0.5095469,3.0954803637978294,270,I,A,I
Q86Y26-4_234-500_processed,A,I270C,7,1,2.8540177271228053,4.335140045203785,0.50568104,3.0568128238938885,270,I,C,I
Q86Y26-4_234-500_processed,A,I270D,7,2,2.8540177271228053,2.8246796259135976,0.6081867,4.099241369653228,270,I,D,I
Q86Y26-4_234-500_processed,A,I270E,7,3,2.8540177271228053,2.712832422359037,0.5629882,3.633246399323996,270,I,E,I
Q86Y26-4_234-500_processed,A,I270F,7,4,2.8540177271228053,3.2079371983380796,0.38396165,1.8180836255054116,270,I,F,I
Q86Y26-4_234-500_processed,A,I270G,7,5,2.8540177271228053,2.5602131485714543,0.6583694,4.64009058312037,270,I,G,I
Q86Y26-4_234-500_processed,A,I270H,7,6,2.8540177271228053,3.772712370515455,0.4759251,2.759064568683505,270,I,H,I
Q86Y26-4_234-500_processed,A,I270I,7,7,2.8540177271228053,2.8540177271228053,0.28349528,0.6820265630591257,270,I,I,I
Q86Y26-4_234-500_processed,A,I270K,7,8,2.8540177271228053,2.828313162223749,0.5978517,3.9913044433152076,270,I,K,I
Q86Y26-4_234-500_processed,A,I270L,7,9,2.8540177271228053,2.4331137753126835,0.3063506,0.9569087486594613,270,I,L,I
Q86Y26-4_234-500_processed,A,I270M,7,10,2.8540177271228053,3.785956884138847,0.37403396,1.7126261631612811,270,I,M,I
Q86Y26-4_234-500_processed,A,I270N,7,11,2.8540177271228053,3.127101928086014,0.4784956,2.7848232379582565,270,I,N,I
Q86Y26-4_234-500_processed,A,I270P,7,12,2.8540177271228053,3.0805551433480183,0.8278244,6.925715662495908,270,I,P,I
Q86Y26-4_234-500_processed,A,I270Q,7,13,2.8540177271228053,3.3385149556513554,0.49014065,2.9013936853544187,270,I,Q,I
Q86Y26-4_234-500_processed,A,I270R,7,14,2.8540177271228053,3.0355669859078964,0.5017858,3.017858223555262,270,I,R,I
Q86Y26-4_234-500_processed,A,I270S,7,15,2.8540177271228053,2.8445017352648363,0.5672186,3.676280059115793,270,I,S,I
Q86Y26-4_234-500_processed,A,I270T,7,16,2.8540177271228053,2.8968826778292005,0.48091918,2.809099116672459,270,I,T,I
Q86Y26-4_234-500_processed,A,I270V,7,17,2.8540177271228053,2.623741420309898,0.30986443,0.9981170756640856,270,I,V,I
Q86Y26-4_234-500_processed,A,I270W,7,18,2.8540177271228053,4.250501482991098,0.44272566,2.4247316101283576,270,I,W,I
Q86Y26-4_234-500_processed,A,I270Y,7,19,2.8540177271228053,3.311579602010778,0.44262117,2.423672822568962,270,I,Y,I
Q86Y26-4_234-500_processed,A,P271A,12,0,3.0805551433480183,2.4839824262174384,0.19170733,-0.5973858382185371,271,P,A,P
Q86Y26-4_234-500_processed,A,P271C,12,1,3.0805551433480183,4.335140045203785,0.24683203,0.2110494589170947,271,P,C,P
Q86Y26-4_234-500_processed,A,P271D,12,2,3.0805551433480183,2.8246796259135976,0.16955537,-0.9719543603407316,271,P,D,P
Q86Y26-4_234-500_processed,A,P271E,12,3,3.0805551433480183,2.712832422359037,0.1621218,-1.106312050908013,271,P,E,P
Q86Y26-4_234-500_processed,A,P271F,12,4,3.0805551433480183,3.2079371983380796,0.16065644,-1.1333798960463415,271,P,F,P
Q86Y26-4_234-500_processed,A,P271G,12,5,3.0805551433480183,2.5602131485714543,0.23366445,0.030665000348794602,271,P,G,P
Q86Y26-4_234-500_processed,A,P271H,12,6,3.0805551433480183,3.772712370515455,0.14858672,-1.3643222211170825,271,P,H,P
Q86Y26-4_234-500_processed,A,P271I,12,7,3.0805551433480183,2.8540177271228053,0.17016195,-0.9611998689532858,271,P,I,P
Q86Y26-4_234-500_processed,A,P271K,12,8,3.0805551433480183,2.828313162223749,0.16720662,-1.0138882735391135,271,P,K,P
Q86Y26-4_234-500_processed,A,P271L,12,9,3.0805551433480183,2.4331137753126835,0.15049835,-1.3267444949957667,271,P,L,P
Q86Y26-4_234-500_processed,A,P271M,12,10,3.0805551433480183,3.785956884138847,0.17146797,-0.9381474434340864,271,P,M,P
Q86Y26-4_234-500_processed,A,P271N,12,11,3.0805551433480183,3.127101928086014,0.17795648,-0.8256358337503755,271,P,N,P
Q86Y26-4_234-500_processed,A,P271P,12,12,3.0805551433480183,3.0805551433480183,0.23368908,0.03100887918244588,271,P,P,P
Q86Y26-4_234-500_processed,A,P271Q,12,13,3.0805551433480183,3.3385149556513554,0.18237075,-0.750918193133745,271,P,Q,P
Q86Y26-4_234-500_processed,A,P271R,12,14,3.0805551433480183,3.0355669859078964,0.15852873,-1.1730400771616534,271,P,R,P
Q86Y26-4_234-500_processed,A,P271S,12,15,3.0805551433480183,2.8445017352648363,0.18457164,-0.7141897451858381,271,P,S,P
Q86Y26-4_234-500_processed,A,P271T,12,16,3.0805551433480183,2.8968826778292005,0.19005749,-0.6240917214077157,271,P,T,P
Q86Y26-4_234-500_processed,A,P271V,12,17,3.0805551433480183,2.623741420309898,0.18017113,-0.7879712194013361,271,P,V,P
Q86Y26-4_234-500_processed,A,P271W,12,18,3.0805551433480183,4.250501482991098,0.13831486,-1.573393181895718,271,P,W,P
Q86Y26-4_234-500_processed,A,P271Y,12,19,3.0805551433480183,3.311579602010778,0.16534224,-1.0475106348498853,271,P,Y,P
Q86Y26-4_234-500_processed,A,V272A,17,0,2.623741420309898,2.4839824262174384,0.35598922,1.5179624365524071,272,V,A,V
Q86Y26-4_234-500_processed,A,V272C,17,1,2.623741420309898,4.335140045203785,0.38778242,1.8583917166947488,272,V,C,V
Q86Y26-4_234-500_processed,A,V272D,17,2,2.623741420309898,2.8246796259135976,0.4450565,2.4483373143575324,272,V,D,V
Q86Y26-4_234-500_processed,A,V272E,17,3,2.623741420309898,2.712832422359037,0.38664493,1.8464069383083204,272,V,E,V
Q86Y26-4_234-500_processed,A,V272F,17,4,2.623741420309898,3.2079371983380796,0.2528286,0.2910429209138399,272,V,F,V
Q86Y26-4_234-500_processed,A,V272G,17,5,2.623741420309898,2.5602131485714543,0.51369756,3.1370099278805696,272,V,G,V
Q86Y26-4_234-500_processed,A,V272H,17,6,2.623741420309898,3.772712370515455,0.32102317,1.127315701044333,272,V,H,V
Q86Y26-4_234-500_processed,A,V272I,17,7,2.623741420309898,2.8540177271228053,0.25350317,0.2999624409154422,272,V,I,V
Q86Y26-4_234-500_processed,A,V272K,17,8,2.623741420309898,2.828313162223749,0.3467124,1.4161955071811734,272,V,K,V
Q86Y26-4_234-500_processed,A,V272L,17,9,2.623741420309898,2.4331137753126835,0.26944557,0.5064066395074729,272,V,L,V
Q86Y26-4_234-500_processed,A,V272M,17,10,2.623741420309898,3.785956884138847,0.29999807,0.8817324295838214,272,V,M,V
Q86Y26-4_234-500_processed,A,V272N,17,11,2.623741420309898,3.127101928086014,0.36956146,1.6647535060102903,272,V,N,V
Q86Y26-4_234-500_processed,A,V272P,17,12,2.623741420309898,3.0805551433480183,0.85293216,7.394464993825807,272,V,P,V
Q86Y26-4_234-500_processed,A,V272Q,17,13,2.623741420309898,3.3385149556513554,0.35193223,1.4736083599078278,272,V,Q,V
Q86Y26-4_234-500_processed,A,V272R,17,14,2.623741420309898,3.0355669859078964,0.31673127,1.0779136679697532,272,V,R,V
Q86Y26-4_234-500_processed,A,V272S,17,15,2.623741420309898,2.8445017352648363,0.4132362,2.1234924795271906,272,V,S,V
Q86Y26-4_234-500_processed,A,V272T,17,16,2.623741420309898,2.8968826778292005,0.35444054,1.5010582058808726,272,V,T,V
Q86Y26-4_234-500_processed,A,V272V,17,17,2.623741420309898,2.623741420309898,0.26251286,0.41762858597199026,272,V,V,V
Q86Y26-4_234-500_processed,A,V272W,17,18,2.623741420309898,4.250501482991098,0.24859291,0.2346727675288357,272,V,W,V
Q86Y26-4_234-500_processed,A,V272Y,17,19,2.623741420309898,3.311579602010778,0.27437988,0.5687173462974143,272,V,Y,V
Q86Y26-4_234-500_processed,A,L273A,9,0,2.4331137753126835,2.4839824262174384,0.53478265,3.3483891980978844,273,L,A,L
Q86Y26-4_234-500_processed,A,L273C,9,1,2.4331137753126835,4.335140045203785,0.54552877,3.4565523278941193,273,L,C,L
Q86Y26-4_234-500_processed,A,L273D,9,2,2.4331137753126835,2.8246796259135976,0.6518907,4.5684009432486175,273,L,D,L
Q86Y26-4_234-500_processed,A,L273E,9,3,2.4331137753126835,2.712832422359037,0.61824316,4.205244930944527,273,L,E,L
Q86Y26-4_234-500_processed,A,L273F,9,4,2.4331137753126835,3.2079371983380796,0.43247288,2.3205777535218908,273,L,F,L
Q86Y26-4_234-500_processed,A,L273G,9,5,2.4331137753126835,2.5602131485714543,0.7047363,5.174886995560266,273,L,G,L
Q86Y26-4_234-500_processed,A,L273H,9,6,2.4331137753126835,3.772712370515455,0.5347345,3.3479052538431566,273,L,H,L
Q86Y26-4_234-500_processed,A,L273I,9,7,2.4331137753126835,2.8540177271228053,0.35567504,1.5145357929964693,273,L,I,L
Q86Y26-4_234-500_processed,A,L273K,9,8,2.4331137753126835,2.828313162223749,0.6776969,4.858019139916723,273,L,K,L
Q86Y26-4_234-500_processed,A,L273L,9,9,2.4331137753126835,2.4331137753126835,0.31807172,1.0933810366932644,273,L,L,L
Q86Y26-4_234-500_processed,A,L273M,9,10,2.4331137753126835,3.785956884138847,0.3896925,1.8784874410013157,273,L,M,L
Q86Y26-4_234-500_processed,A,L273N,9,11,2.4331137753126835,3.127101928086014,0.52357537,3.2359285973509553,273,L,N,L
Q86Y26-4_234-500_processed,A,L273P,9,12,2.4331137753126835,3.0805551433480183,0.935017,9.666097110780523,273,L,P,L
Q86Y26-4_234-500_processed,A,L273Q,9,13,2.4331137753126835,3.3385149556513554,0.51936233,3.1937201773361235,273,L,Q,L
Q86Y26-4_234-500_processed,A,L273R,9,14,2.4331137753126835,3.0355669859078964,0.5926993,3.937838525587748,273,L,R,L
Q86Y26-4_234-500_processed,A,L273S,9,15,2.4331137753126835,2.8445017352648363,0.62455225,4.2722891972197194,273,L,S,L
Q86Y26-4_234-500_processed,A,L273T,9,16,2.4331137753126835,2.8968826778292005,0.52469474,3.2471484967708664,273,L,T,L
Q86Y26-4_234-500_processed,A,L273V,9,17,2.4331137753126835,2.623741420309898,0.40077326,1.9943894029533145,273,L,V,L
Q86Y26-4_234-500_processed,A,L273W,9,18,2.4331137753126835,4.250501482991098,0.55705214,3.573016900480636,273,L,W,L
Q86Y26-4_234-500_processed,A,L273Y,9,19,2.4331137753126835,3.311579602010778,0.53657347,3.3663890831912755,273,L,Y,L
Q86Y26-4_234-500_processed,A,R274A,14,0,3.0355669859078964,2.4839824262174384,0.3062074,0.955223820214704,274,R,A,R
Q86Y26-4_234-500_processed,A,R274C,14,1,3.0355669859078964,4.335140045203785,0.35239854,1.4787182367294498,274,R,C,R
Q86Y26-4_234-500_processed,A,R274D,14,2,3.0355669859078964,2.8246796259135976,0.32457587,1.1679462149686926,274,R,D,R
Q86Y26-4_234-500_processed,A,R274E,14,3,3.0355669859078964,2.712832422359037,0.31018075,1.0018140038516916,274,R,E,R
Q86Y26-4_234-500_processed,A,R274F,14,4,3.0355669859078964,3.2079371983380796,0.27218443,0.5410805441073654,274,R,F,R
Q86Y26-4_234-500_processed,A,R274G,14,5,3.0355669859078964,2.5602131485714543,0.36502415,1.61594136647946,274,R,G,R
Q86Y26-4_234-500_processed,A,R274H,14,6,3.0355669859078964,3.772712370515455,0.2797199,0.6353713185390475,274,R,H,R
Q86Y26-4_234-500_processed,A,R274I,14,7,3.0355669859078964,2.8540177271228053,0.26553807,0.45655009959407966,274,R,I,R
Q86Y26-4_234-500_processed,A,R274K,14,8,3.0355669859078964,2.828313162223749,0.28078437,0.6485644636341614,274,R,K,R
Q86Y26-4_234-500_processed,A,R274L,14,9,3.0355669859078964,2.4331137753126835,0.23273756,0.017706344658771078,274,R,L,R
Q86Y26-4_234-500_processed,A,R274M,14,10,3.0355669859078964,3.785956884138847,0.2732145,0.5540644020563157,274,R,M,R
Q86Y26-4_234-500_processed,A,R274N,14,11,3.0355669859078964,3.127101928086014,0.30690312,0.9634058961958599,274,R,N,R
Q86Y26-4_234-500_processed,A,R274P,14,12,3.0355669859078964,3.0805551433480183,0.80460304,6.538289643776629,274,R,P,R
Q86Y26-4_234-500_processed,A,R274Q,14,13,3.0355669859078964,3.3385149556513554,0.30530834,0.9446353341266722,274,R,Q,R
Q86Y26-4_234-500_processed,A,R274R,14,14,3.0355669859078964,3.0355669859078964,0.25556085,0.3270735002927022,274,R,R,R
Q86Y26-4_234-500_processed,A,R274S,14,15,3.0355669859078964,2.8445017352648363,0.3382903,1.3226937002589363,274,R,S,R
Q86Y26-4_234-500_processed,A,R274T,14,16,3.0355669859078964,2.8968826778292005,0.3232716,1.1530570924154464,274,R,T,R
Q86Y26-4_234-500_processed,A,R274V,14,17,3.0355669859078964,2.623741420309898,0.2759853,0.5888397752222152,274,R,V,R
Q86Y26-4_234-500_processed,A,R274W,14,18,3.0355669859078964,4.250501482991098,0.23794834,0.09009815009325628,274,R,W,R
Q86Y26-4_234-500_processed,A,R274Y,14,19,3.0355669859078964,3.311579602010778,0.2772279,0.6043649882599927,274,R,Y,R
Q86Y26-4_234-500_processed,A,S275A,15,0,2.8445017352648363,2.4839824262174384,0.20555247,-0.37986397502269287,275,S,A,S
Q86Y26-4_234-500_processed,A,S275C,15,1,2.8445017352648363,4.335140045203785,0.2595716,0.37950925995091034,275,S,C,S
Q86Y26-4_234-500_processed,A,S275D,15,2,2.8445017352648363,2.8246796259135976,0.22744721,-0.05695541395568826,275,S,D,S
Q86Y26-4_234-500_processed,A,S275E,15,3,2.8445017352648363,2.712832422359037,0.2064512,-0.3661273193371384,275,S,E,S
Q86Y26-4_234-500_processed,A,S275F,15,4,2.8445017352648363,3.2079371983380796,0.18687999,-0.6760301248675288,275,S,F,S
Q86Y26-4_234-500_processed,A,S275G,15,5,2.8445017352648363,2.5602131485714543,0.26512647,0.4512713109203853,275,S,G,S
Q86Y26-4_234-500_processed,A,S275H,15,6,2.8445017352648363,3.772712370515455,0.19415332,-0.5581133019552798,275,S,H,S
Q86Y26-4_234-500_processed,A,S275I,15,7,2.8445017352648363,2.8540177271228053,0.18035097,-0.7849285556186597,275,S,I,S
Q86Y26-4_234-500_processed,A,S275K,15,8,2.8445017352648363,2.828313162223749,0.20160015,-0.4408081534712027,275,S,K,S
Q86Y26-4_234-500_processed,A,S275L,15,9,2.8445017352648363,2.4331137753126835,0.15964746,-1.152133624037414,275,S,L,S
Q86Y26-4_234-500_processed,A,S275M,15,10,2.8445017352648363,3.785956884138847,0.18991955,-0.6263325666986458,275,S,M,S
Q86Y26-4_234-500_processed,A,S275N,15,11,2.8445017352648363,3.127101928086014,0.21147671,-0.2901176208508782,275,S,N,S
Q86Y26-4_234-500_processed,A,S275P,15,12,2.8445017352648363,3.0805551433480183,0.69094133,5.011309506151733,275,S,P,S
Q86Y26-4_234-500_processed,A,S275Q,15,13,2.8445017352648363,3.3385149556513554,0.21353574,-0.259357636806935,275,S,Q,S
Q86Y26-4_234-500_processed,A,S275R,15,14,2.8445017352648363,3.0355669859078964,0.17774773,-0.829204930704393,275,S,R,S
Q86Y26-4_234-500_processed,A,S275S,15,15,2.8445017352648363,2.8445017352648363,0.23889144,0.1030830194552429,275,S,S,S
Q86Y26-4_234-500_processed,A,S275T,15,16,2.8445017352648363,2.8968826778292005,0.21609911,-0.22136358114809962,275,S,T,S
Q86Y26-4_234-500_processed,A,S275V,15,17,2.8445017352648363,2.623741420309898,0.19129488,-0.6040456191333804,275,S,V,S
Q86Y26-4_234-500_processed,A,S275W,15,18,2.8445017352648363,4.250501482991098,0.14592993,-1.417216609476103,275,S,W,S
Q86Y26-4_234-500_processed,A,S275Y,15,19,2.8445017352648363,3.311579602010778,0.19176035,-0.5965305491808343,275,S,Y,S
Q86Y26-4_234-500_processed,A,L276A,9,0,2.4331137753126835,2.4839824262174384,0.40677005,2.0566648559411442,276,L,A,L
Q86Y26-4_234-500_processed,A,L276C,9,1,2.4331137753126835,4.335140045203785,0.44048157,2.4019803797785095,276,L,C,L
Q86Y26-4_234-500_processed,A,L276D,9,2,2.4331137753126835,2.8246796259135976,0.4417152,2.4144903684003225,276,L,D,L
Q86Y26-4_234-500_processed,A,L276E,9,3,2.4331137753126835,2.712832422359037,0.39798996,1.9653816244171045,276,L,E,L
Q86Y26-4_234-500_processed,A,L276F,9,4,2.4331137753126835,3.2079371983380796,0.23030439,-0.016483137955656257,276,L,F,L
Q86Y26-4_234-500_processed,A,L276G,9,5,2.4331137753126835,2.5602131485714543,0.53321517,3.332641543004021,276,L,G,L
Q86Y26-4_234-500_processed,A,L276H,9,6,2.4331137753126835,3.772712370515455,0.3329734,1.2630816009653412,276,L,H,L
Q86Y26-4_234-500_processed,A,L276I,9,7,2.4331137753126835,2.8540177271228053,0.29913393,0.8714364257553614,276,L,I,L
Q86Y26-4_234-500_processed,A,L276K,9,8,2.4331137753126835,2.828313162223749,0.40107894,1.9975711508170295,276,L,K,L
Q86Y26-4_234-500_processed,A,L276L,9,9,2.4331137753126835,2.4331137753126835,0.25565195,0.32827054730579175,276,L,L,L
Q86Y26-4_234-500_processed,A,L276M,9,10,2.4331137753126835,3.785956884138847,0.29875124,0.8668713536818973,276,L,M,L
Q86Y26-4_234-500_processed,A,L276N,9,11,2.4331137753126835,3.127101928086014,0.40699866,2.059033128794823,276,L,N,L
Q86Y26-4_234-500_processed,A,L276P,9,12,2.4331137753126835,3.0805551433480183,0.818374,6.763424175036664,276,L,P,L
Q86Y26-4_234-500_processed,A,L276Q,9,13,2.4331137753126835,3.3385149556513554,0.382319,1.8007080246350742,276,L,Q,L
Q86Y26-4_234-500_processed,A,L276R,9,14,2.4331137753126835,3.0355669859078964,0.35517216,1.5090481284626547,276,L,R,L
Q86Y26-4_234-500_processed,A,L276S,9,15,2.4331137753126835,2.8445017352648363,0.47076392,2.7073053390246686,276,L,S,L
Q86Y26-4_234-500_processed,A,L276T,9,16,2.4331137753126835,2.8968826778292005,0.41321868,2.1233118001875444,276,L,T,L
Q86Y26-4_234-500_processed,A,L276V,9,17,2.4331137753126835,2.623741420309898,0.34885335,1.439791865698717,276,L,V,L
Q86Y26-4_234-500_processed,A,L276W,9,18,2.4331137753126835,4.250501482991098,0.23360583,0.029846496493943775,276,L,W,L
Q86Y26-4_234-500_processed,A,L276Y,9,19,2.4331137753126835,3.311579602010778,0.2671781,0.4775317995765005,276,L,Y,L
Q86Y26-4_234-500_processed,A,A277A,0,0,2.4839824262174384,2.4839824262174384,0.2688271,0.4985462962390175,277,A,A,A
Q86Y26-4_234-500_processed,A,A277C,0,1,2.4839824262174384,4.335140045203785,0.3268167,1.193454609581851,277,A,C,A
Q86Y26-4_234-500_processed,A,A277D,0,2,2.4839824262174384,2.8246796259135976,0.28787476,0.7356793026426375,277,A,D,A
Q86Y26-4_234-500_processed,A,A277E,0,3,2.4839824262174384,2.712832422359037,0.26953515,0.507544292750652,277,A,E,A
Q86Y26-4_234-500_processed,A,A277F,0,4,2.4839824262174384,3.2079371983380796,0.21565525,-0.22791893554926834,277,A,F,A
Q86Y26-4_234-500_processed,A,A277G,0,5,2.4839824262174384,2.5602131485714543,0.32994536,1.2289194600891875,277,A,G,A
Q86Y26-4_234-500_processed,A,A277H,0,6,2.4839824262174384,3.772712370515455,0.24337032,0.16427579529308733,277,A,H,A
Q86Y26-4_234-500_processed,A,A277I,0,7,2.4839824262174384,2.8540177271228053,0.23329253,0.02546963435551275,277,A,I,A
Q86Y26-4_234-500_processed,A,A277K,0,8,2.4839824262174384,2.828313162223749,0.25591385,0.3317101560201363,277,A,K,A
Q86Y26-4_234-500_processed,A,A277L,0,9,2.4839824262174384,2.4331137753126835,0.20086226,-0.4522848253650108,277,A,L,A
Q86Y26-4_234-500_processed,A,A277M,0,10,2.4839824262174384,3.785956884138847,0.23201425,0.0075690871751349365,277,A,M,A
Q86Y26-4_234-500_processed,A,A277N,0,11,2.4839824262174384,3.127101928086014,0.27160418,0.53375294578028,277,A,N,A
Q86Y26-4_234-500_processed,A,A277P,0,12,2.4839824262174384,3.0805551433480183,0.62234926,4.248829139198761,277,A,P,A
Q86Y26-4_234-500_processed,A,A277Q,0,13,2.4839824262174384,3.3385149556513554,0.2696276,0.5087180281107525,277,A,Q,A
Q86Y26-4_234-500_processed,A,A277R,0,14,2.4839824262174384,3.0355669859078964,0.22663201,-0.0685684163552086,277,A,R,A
Q86Y26-4_234-500_processed,A,A277S,0,15,2.4839824262174384,2.8445017352648363,0.28680956,0.722674944394471,277,A,S,A
Q86Y26-4_234-500_processed,A,A277T,0,16,2.4839824262174384,2.8968826778292005,0.27114818,0.5279874730411444,277,A,T,A
Q86Y26-4_234-500_processed,A,A277V,0,17,2.4839824262174384,2.623741420309898,0.25095832,0.26623064643158667,277,A,V,A
Q86Y26-4_234-500_processed,A,A277W,0,18,2.4839824262174384,4.250501482991098,0.18522297,-0.7033854014989266,277,A,W,A
Q86Y26-4_234-500_processed,A,A277Y,0,19,2.4839824262174384,3.311579602010778,0.22530095,-0.08759387832400656,277,A,Y,A
Q86Y26-4_234-500_processed,A,R278A,14,0,3.0355669859078964,2.4839824262174384,0.27323833,0.5543645658399079,278,R,A,R
Q86Y26-4_234-500_processed,A,R278C,14,1,3.0355669859078964,4.335140045203785,0.3323104,1.255615286640122,278,R,C,R
Q86Y26-4_234-500_processed,A,R278D,14,2,3.0355669859078964,2.8246796259135976,0.29944715,0.8751703189768525,278,R,D,R
Q86Y26-4_234-500_processed,A,R278E,14,3,3.0355669859078964,2.712832422359037,0.27354735,0.5582535861943577,278,R,E,R
Q86Y26-4_234-500_processed,A,R278F,14,4,3.0355669859078964,3.2079371983380796,0.24133757,0.13659930831013356,278,R,F,R
Q86Y26-4_234-500_processed,A,R278G,14,5,3.0355669859078964,2.5602131485714543,0.32404256,1.1618618590923646,278,R,G,R
Q86Y26-4_234-500_processed,A,R278H,14,6,3.0355669859078964,3.772712370515455,0.2549163,0.3185968730118327,278,R,H,R
Q86Y26-4_234-500_processed,A,R278I,14,7,3.0355669859078964,2.8540177271228053,0.24342738,0.16505036403541729,278,R,I,R
Q86Y26-4_234-500_processed,A,R278K,14,8,3.0355669859078964,2.828313162223749,0.25777128,0.35603813542788576,278,R,K,R
Q86Y26-4_234-500_processed,A,R278L,14,9,3.0355669859078964,2.4331137753126835,0.20878069,-0.3307270221667402,278,R,L,R
Q86Y26-4_234-500_processed,A,R278M,14,10,3.0355669859078964,3.785956884138847,0.2398722,0.1165492924103756,278,R,M,R
Q86Y26-4_234-500_processed,A,R278N,14,11,3.0355669859078964,3.127101928086014,0.27932185,0.6304301355278008,278,R,N,R
Q86Y26-4_234-500_processed,A,R278P,14,12,3.0355669859078964,3.0805551433480183,0.8514203,7.364460624264281,278,R,P,R
Q86Y26-4_234-500_processed,A,R278Q,14,13,3.0355669859078964,3.3385149556513554,0.2770754,0.6024619791334862,278,R,Q,R
Q86Y26-4_234-500_processed,A,R278R,14,14,3.0355669859078964,3.0355669859078964,0.23769026,0.08653853532527345,278,R,R,R
Q86Y26-4_234-500_processed,A,R278S,14,15,3.0355669859078964,2.8445017352648363,0.30616045,0.9546714325948771,278,R,S,R
Q86Y26-4_234-500_processed,A,R278T,14,16,3.0355669859078964,2.8968826778292005,0.28630903,0.7165542905063546,278,R,T,R
Q86Y26-4_234-500_processed,A,R278V,14,17,3.0355669859078964,2.623741420309898,0.25629026,0.3366494753618843,278,R,V,R
Q86Y26-4_234-500_processed,A,R278W,14,18,3.0355669859078964,4.250501482991098,0.21405521,-0.2516314343449272,278,R,W,R
Q86Y26-4_234-500_processed,A,R278Y,14,19,3.0355669859078964,3.311579602010778,0.2526963,0.28929184883303816,278,R,Y,R
Q86Y26-4_234-500_processed,A,L279A,9,0,2.4331137753126835,2.4839824262174384,0.29559535,0.8290961752357845,279,L,A,L
Q86Y26-4_234-500_processed,A,L279C,9,1,2.4331137753126835,4.335140045203785,0.35514823,1.5087868945587728,279,L,C,L
Q86Y26-4_234-500_processed,A,L279D,9,2,2.4331137753126835,2.8246796259135976,0.3154725,1.0633568948526784,279,L,D,L
Q86Y26-4_234-500_processed,A,L279E,9,3,2.4331137753126835,2.712832422359037,0.27977136,0.6360099249128404,279,L,E,L
Q86Y26-4_234-500_processed,A,L279F,9,4,2.4331137753126835,3.2079371983380796,0.25231013,0.2841767748958629,279,L,F,L
Q86Y26-4_234-500_processed,A,L279G,9,5,2.4331137753126835,2.5602131485714543,0.3678637,1.6465187921688986,279,L,G,L
Q86Y26-4_234-500_processed,A,L279H,9,6,2.4331137753126835,3.772712370515455,0.2692589,0.5040351934875911,279,L,H,L
Q86Y26-4_234-500_processed,A,L279I,9,7,2.4331137753126835,2.8540177271228053,0.24060136,0.1265365087948367,279,L,I,L
Q86Y26-4_234-500_processed,A,L279K,9,8,2.4331137753126835,2.828313162223749,0.28281057,0.6735932498471339,279,L,K,L
Q86Y26-4_234-500_processed,A,L279L,9,9,2.4331137753126835,2.4331137753126835,0.22919205,-0.03219740407737981,279,L,L,L
Q86Y26-4_234-500_processed,A,L279M,9,10,2.4331137753126835,3.785956884138847,0.25987735,0.3834847338734293,279,L,M,L
Q86Y26-4_234-500_processed,A,L279N,9,11,2.4331137753126835,3.127101928086014,0.29732794,0.8498634691138215,279,L,N,L
Q86Y26-4_234-500_processed,A,L279P,9,12,2.4331137753126835,3.0805551433480183,0.8431825,7.20525186513991,279,L,P,L
Q86Y26-4_234-500_processed,A,L279Q,9,13,2.4331137753126835,3.3385149556513554,0.29384062,0.8079913350922282,279,L,Q,L
Q86Y26-4_234-500_processed,A,L279R,9,14,2.4331137753126835,3.0355669859078964,0.25744122,0.3517235090726878,279,L,R,L
Q86Y26-4_234-500_processed,A,L279S,9,15,2.4331137753126835,2.8445017352648363,0.32699263,1.1954533905540246,279,L,S,L
Q86Y26-4_234-500_processed,A,L279T,9,16,2.4331137753126835,2.8968826778292005,0.2986114,0.8652024754158871,279,L,T,L
Q86Y26-4_234-500_processed,A,L279V,9,17,2.4331137753126835,2.623741420309898,0.25775096,0.3557725444114346,279,L,V,L
Q86Y26-4_234-500_processed,A,L279W,9,18,2.4331137753126835,4.250501482991098,0.22279988,-0.1235597230250135,279,L,W,L
Q86Y26-4_234-500_processed,A,L279Y,9,19,2.4331137753126835,3.311579602010778,0.2617435,0.4076840464239162,279,L,Y,L
Q86Y26-4_234-500_processed,A,K280A,8,0,2.828313162223749,2.4839824262174384,0.28576043,0.709838440827974,280,K,A,K
Q86Y26-4_234-500_processed,A,K280C,8,1,2.828313162223749,4.335140045203785,0.3040498,0.9297833750600654,280,K,C,K
Q86Y26-4_234-500_processed,A,K280D,8,2,2.828313162223749,2.8246796259135976,0.25680706,0.3434234266926667,280,K,D,K
Q86Y26-4_234-500_processed,A,K280E,8,3,2.828313162223749,2.712832422359037,0.2657284,0.4589895478844985,280,K,E,K
Q86Y26-4_234-500_processed,A,K280F,8,4,2.828313162223749,3.2079371983380796,0.2217441,-0.1388283646521693,280,K,F,K
Q86Y26-4_234-500_processed,A,K280G,8,5,2.828313162223749,2.5602131485714543,0.3219368,1.137786726798337,280,K,G,K
Q86Y26-4_234-500_processed,A,K280H,8,6,2.828313162223749,3.772712370515455,0.22693431,-0.06425852929307974,280,K,H,K
Q86Y26-4_234-500_processed,A,K280I,8,7,2.828313162223749,2.8540177271228053,0.24285348,0.1572537431140475,280,K,I,K
Q86Y26-4_234-500_processed,A,K280K,8,8,2.828313162223749,2.828313162223749,0.25557327,0.32723680387609866,280,K,K,K
Q86Y26-4_234-500_processed,A,K280L,8,9,2.828313162223749,2.4331137753126835,0.21086912,-0.29923634969303947,280,K,L,K
Q86Y26-4_234-500_processed,A,K280M,8,10,2.828313162223749,3.785956884138847,0.23208643,0.008581713681964365,280,K,M,K
Q86Y26-4_234-500_processed,A,K280N,8,11,2.828313162223749,3.127101928086014,0.23728912,0.08100063948511815,280,K,N,K
Q86Y26-4_234-500_processed,A,K280P,8,12,2.828313162223749,3.0805551433480183,0.5465659,3.4670122550657334,280,K,P,K
Q86Y26-4_234-500_processed,A,K280Q,8,13,2.828313162223749,3.3385149556513554,0.25650764,0.33949983502781,280,K,Q,K
Q86Y26-4_234-500_processed,A,K280R,8,14,2.828313162223749,3.0355669859078964,0.23463336,0.044172795472385284,280,K,R,K
Q86Y26-4_234-500_processed,A,K280S,8,15,2.828313162223749,2.8445017352648363,0.2952305,0.8247141147628323,280,K,S,K
Q86Y26-4_234-500_processed,A,K280T,8,16,2.828313162223749,2.8968826778292005,0.2715308,0.5328256654114324,280,K,T,K
Q86Y26-4_234-500_processed,A,K280V,8,17,2.828313162223749,2.623741420309898,0.24759577,0.221309371907365,280,K,V,K
Q86Y26-4_234-500_processed,A,K280W,8,18,2.828313162223749,4.250501482991098,0.21265322,-0.27251506161384387,280,K,W,K
Q86Y26-4_234-500_processed,A,K280Y,8,19,2.828313162223749,3.311579602010778,0.23077206,-0.00989212182018917,280,K,Y,K
Q86Y26-4_234-500_processed,A,P281A,12,0,3.0805551433480183,2.4839824262174384,0.204702,-0.39290398686505523,281,P,A,P
Q86Y26-4_234-500_processed,A,P281C,12,1,3.0805551433480183,4.335140045203785,0.27448472,0.5700337005726169,281,P,C,P
Q86Y26-4_234-500_processed,A,P281D,12,2,3.0805551433480183,2.8246796259135976,0.19875847,-0.4851802014405243,281,P,D,P
Q86Y26-4_234-500_processed,A,P281E,12,3,3.0805551433480183,2.712832422359037,0.19566952,-0.5339578384646643,281,P,E,P
Q86Y26-4_234-500_processed,A,P281F,12,4,3.0805551433480183,3.2079371983380796,0.19828112,-0.4926804359452064,281,P,F,P
Q86Y26-4_234-500_processed,A,P281G,12,5,3.0805551433480183,2.5602131485714543,0.25079542,0.26406371123986305,281,P,G,P
Q86Y26-4_234-500_processed,A,P281H,12,6,3.0805551433480183,3.772712370515455,0.18369403,-0.7287943068877295,281,P,H,P
Q86Y26-4_234-500_processed,A,P281I,12,7,3.0805551433480183,2.8540177271228053,0.2058637,-0.37510203461161684,281,P,I,P
Q86Y26-4_234-500_processed,A,P281K,12,8,3.0805551433480183,2.828313162223749,0.20845476,-0.3356625206453745,281,P,K,P
Q86Y26-4_234-500_processed,A,P281L,12,9,3.0805551433480183,2.4331137753126835,0.17872967,-0.8124447386396055,281,P,L,P
Q86Y26-4_234-500_processed,A,P281M,12,10,3.0805551433480183,3.785956884138847,0.20347333,-0.4118141895311517,281,P,M,P
Q86Y26-4_234-500_processed,A,P281N,12,11,3.0805551433480183,3.127101928086014,0.20394243,-0.4045843518487008,281,P,N,P
Q86Y26-4_234-500_processed,A,P281P,12,12,3.0805551433480183,3.0805551433480183,0.23214906,0.009460162641775627,281,P,P,P
Q86Y26-4_234-500_processed,A,P281Q,12,13,3.0805551433480183,3.3385149556513554,0.21183456,-0.28475598905112254,281,P,Q,P
Q86Y26-4_234-500_processed,A,P281R,12,14,3.0805551433480183,3.0355669859078964,0.20147465,-0.44275784156242504,281,P,R,P
Q86Y26-4_234-500_processed,A,P281S,12,15,3.0805551433480183,2.8445017352648363,0.20387162,-0.40567488926928186,281,P,S,P
Q86Y26-4_234-500_processed,A,P281T,12,16,3.0805551433480183,2.8968826778292005,0.211702,-0.2867413527800128,281,P,T,P
Q86Y26-4_234-500_processed,A,P281V,12,17,3.0805551433480183,2.623741420309898,0.21523003,-0.2342081581114397,281,P,V,P
Q86Y26-4_234-500_processed,A,P281W,12,18,3.0805551433480183,4.250501482991098,0.16294582,-1.0911775821760172,281,P,W,P
Q86Y26-4_234-500_processed,A,P281Y,12,19,3.0805551433480183,3.311579602010778,0.19873893,-0.4854868844872301,281,P,Y,P
Q86Y26-4_234-500_processed,A,T282A,16,0,2.8968826778292005,2.4839824262174384,0.24940501,0.24552979358803573,282,T,A,T
Q86Y26-4_234-500_processed,A,T282C,16,1,2.8968826778292005,4.335140045203785,0.2976841,0.8541239246593507,282,T,C,T
Q86Y26-4_234-500_processed,A,T282D,16,2,2.8968826778292005,2.8246796259135976,0.23665912,0.07229031028698762,282,T,D,T
Q86Y26-4_234-500_processed,A,T282E,16,3,2.8968826778292005,2.712832422359037,0.22602707,-0.07720529880155369,282,T,E,T
Q86Y26-4_234-500_processed,A,T282F,16,4,2.8968826778292005,3.2079371983380796,0.20574836,-0.37686610702258705,282,T,F,T
Q86Y26-4_234-500_processed,A,T282G,16,5,2.8968826778292005,2.5602131485714543,0.30507895,0.9419309252753174,282,T,G,T
Q86Y26-4_234-500_processed,A,T282H,16,6,2.8968826778292005,3.772712370515455,0.21862185,-0.1842892362925802,282,T,H,T
Q86Y26-4_234-500_processed,A,T282I,16,7,2.8968826778292005,2.8540177271228053,0.22447468,-0.09944423894105714,282,T,I,T
Q86Y26-4_234-500_processed,A,T282K,16,8,2.8968826778292005,2.828313162223749,0.23598768,0.0629891885827838,282,T,K,T
Q86Y26-4_234-500_processed,A,T282L,16,9,2.8968826778292005,2.4331137753126835,0.2068085,-0.3606784770685717,282,T,L,T
Q86Y26-4_234-500_processed,A,T282M,16,10,2.8968826778292005,3.785956884138847,0.22463359,-0.09716280588865978,282,T,M,T
Q86Y26-4_234-500_processed,A,T282N,16,11,2.8968826778292005,3.127101928086014,0.24010907,0.1197959371003049,282,T,N,T
Q86Y26-4_234-500_processed,A,T282P,16,12,2.8968826778292005,3.0805551433480183,0.38641074,1.84393790746803,282,T,P,T
Q86Y26-4_234-500_processed,A,T282Q,16,13,2.8968826778292005,3.3385149556513554,0.24708217,0.21441218896759484,282,T,Q,T
Q86Y26-4_234-500_processed,A,T282R,16,14,2.8968826778292005,3.0355669859078964,0.22149464,-0.1424436435922316,282,T,R,T
Q86Y26-4_234-500_processed,A,T282S,16,15,2.8968826778292005,2.8445017352648363,0.2521843,0.2825090518331985,282,T,S,T
Q86Y26-4_234-500_processed,A,T282T,16,16,2.8968826778292005,2.8968826778292005,0.24513651,0.1881958434121056,282,T,T,T
Q86Y26-4_234-500_processed,A,T282V,16,17,2.8968826778292005,2.623741420309898,0.22890562,-0.036252524775092776,282,T,V,T
Q86Y26-4_234-500_processed,A,T282W,16,18,2.8968826778292005,4.250501482991098,0.18035692,-0.7848280058642693,282,T,W,T
Q86Y26-4_234-500_processed,A,T282Y,16,19,2.8968826778292005,3.311579602010778,0.20779788,-0.3456266369128935,282,T,Y,T
Q86Y26-4_234-500_processed,A,M283A,10,0,3.785956884138847,2.4839824262174384,0.43309444,2.3269077228698576,283,M,A,M
Q86Y26-4_234-500_processed,A,M283C,10,1,3.785956884138847,4.335140045203785,0.4448566,2.446313951179646,283,M,C,M
Q86Y26-4_234-500_processed,A,M283D,10,2,3.785956884138847,2.8246796259135976,0.5464208,3.465548824408705,283,M,D,M
Q86Y26-4_234-500_processed,A,M283E,10,3,3.785956884138847,2.712832422359037,0.4773317,2.7731614789174612,283,M,E,M
Q86Y26-4_234-500_processed,A,M283F,10,4,3.785956884138847,3.2079371983380796,0.3607271,1.5694757169976121,283,M,F,M
Q86Y26-4_234-500_processed,A,M283G,10,5,3.785956884138847,2.5602131485714543,0.5902955,3.912967660957477,283,M,G,M
Q86Y26-4_234-500_processed,A,M283H,10,6,3.785956884138847,3.772712370515455,0.42795858,2.2745375128906926,283,M,H,M
Q86Y26-4_234-500_processed,A,M283I,10,7,3.785956884138847,2.8540177271228053,0.2969709,0.8455897194430695,283,M,I,M
Q86Y26-4_234-500_processed,A,M283K,10,8,3.785956884138847,2.828313162223749,0.49864393,2.98643931401537,283,M,K,M
Q86Y26-4_234-500_processed,A,M283L,10,9,3.785956884138847,2.4331137753126835,0.2653146,0.4536848912638053,283,M,L,M
Q86Y26-4_234-500_processed,A,M283M,10,10,3.785956884138847,3.785956884138847,0.31061366,1.0068701473687784,283,M,M,M
Q86Y26-4_234-500_processed,A,M283N,10,11,3.785956884138847,3.127101928086014,0.44368356,2.434435888706105,283,M,N,M
Q86Y26-4_234-500_processed,A,M283P,10,12,3.785956884138847,3.0805551433480183,0.8158103,6.720539497858062,283,M,P,M
Q86Y26-4_234-500_processed,A,M283Q,10,13,3.785956884138847,3.3385149556513554,0.4128263,2.119265586340718,283,M,Q,M
Q86Y26-4_234-500_processed,A,M283R,10,14,3.785956884138847,3.0355669859078964,0.4248593,2.24285822209126,283,M,R,M
Q86Y26-4_234-500_processed,A,M283S,10,15,3.785956884138847,2.8445017352648363,0.509658,3.096591804309684,283,M,S,M
Q86Y26-4_234-500_processed,A,M283T,10,16,3.785956884138847,2.8968826778292005,0.40216616,2.008881180657758,283,M,T,M
Q86Y26-4_234-500_processed,A,M283V,10,17,3.785956884138847,2.623741420309898,0.32819745,1.209127333788057,283,M,V,M
Q86Y26-4_234-500_processed,A,M283W,10,18,3.785956884138847,4.250501482991098,0.3613668,1.5764081944358157,283,M,W,M
Q86Y26-4_234-500_processed,A,M283Y,10,19,3.785956884138847,3.311579602010778,0.4116666,2.107300030664297,283,M,Y,M
Q86Y26-4_234-500_processed,A,T284A,16,0,2.8968826778292005,2.4839824262174384,0.27402025,0.5641997751900929,284,T,A,T
Q86Y26-4_234-500_processed,A,T284C,16,1,2.8968826778292005,4.335140045203785,0.3058428,0.9509318388257582,284,T,C,T
Q86Y26-4_234-500_processed,A,T284D,16,2,2.8968826778292005,2.8246796259135976,0.2546825,0.3155185692027862,284,T,D,T
Q86Y26-4_234-500_processed,A,T284E,16,3,2.8968826778292005,2.712832422359037,0.26367706,0.4326407505579455,284,T,E,T
Q86Y26-4_234-500_processed,A,T284F,16,4,2.8968826778292005,3.2079371983380796,0.27850026,0.6202174243093911,284,T,F,T
Q86Y26-4_234-500_processed,A,T284G,16,5,2.8968826778292005,2.5602131485714543,0.28277853,0.6731983527283963,284,T,G,T
Q86Y26-4_234-500_processed,A,T284H,16,6,2.8968826778292005,3.772712370515455,0.2533117,0.29743220944537685,284,T,H,T
Q86Y26-4_234-500_processed,A,T284I,16,7,2.8968826778292005,2.8540177271228053,0.2811609,0.6532237735691732,284,T,I,T
Q86Y26-4_234-500_processed,A,T284K,16,8,2.8968826778292005,2.828313162223749,0.27205256,0.5394160408286072,284,T,K,T
Q86Y26-4_234-500_processed,A,T284L,16,9,2.8968826778292005,2.4331137753126835,0.25385746,0.3046407326343459,284,T,L,T
Q86Y26-4_234-500_processed,A,T284M,16,10,2.8968826778292005,3.785956884138847,0.27556857,0.5836235030618261,284,T,M,T
Q86Y26-4_234-500_processed,A,T284N,16,11,2.8968826778292005,3.127101928086014,0.25810853,0.36044292829334246,284,T,N,T
Q86Y26-4_234-500_processed,A,T284P,16,12,2.8968826778292005,3.0805551433480183,0.42991534,2.294508560962796,284,T,P,T
Q86Y26-4_234-500_processed,A,T284Q,16,13,2.8968826778292005,3.3385149556513554,0.27617896,0.5912621550711239,284,T,Q,T
Q86Y26-4_234-500_processed,A,T284R,16,14,2.8968826778292005,3.0355669859078964,0.26575923,0.4593843685444893,284,T,R,T
Q86Y26-4_234-500_processed,A,T284S,16,15,2.8968826778292005,2.8445017352648363,0.2590608,0.37286053232636396,284,T,S,T
Q86Y26-4_234-500_processed,A,T284T,16,16,2.8968826778292005,2.8968826778292005,0.2697631,0.5104380641525549,284,T,T,T
Q86Y26-4_234-500_processed,A,T284V,16,17,2.8968826778292005,2.623741420309898,0.28540725,0.7055107098139046,284,T,V,T
Q86Y26-4_234-500_processed,A,T284W,16,18,2.8968826778292005,4.250501482991098,0.25152597,0.2737743212175958,284,T,W,T
Q86Y26-4_234-500_processed,A,T284Y,16,19,2.8968826778292005,3.311579602010778,0.2778063,0.6115769545785144,284,T,Y,T
Q86Y26-4_234-500_processed,A,L285A,9,0,2.4331137753126835,2.4839824262174384,0.40200084,2.007162118827861,285,L,A,L
Q86Y26-4_234-500_processed,A,L285C,9,1,2.4331137753126835,4.335140045203785,0.44902313,2.4884539024038443,285,L,C,L
Q86Y26-4_234-500_processed,A,L285D,9,2,2.4331137753126835,2.8246796259135976,0.4379361,2.376143635485132,285,L,D,L
Q86Y26-4_234-500_processed,A,L285E,9,3,2.4331137753126835,2.712832422359037,0.4061439,2.05017627913659,285,L,E,L
Q86Y26-4_234-500_processed,A,L285F,9,4,2.4331137753126835,3.2079371983380796,0.29517272,0.8240197553963102,285,L,F,L
Q86Y26-4_234-500_processed,A,L285G,9,5,2.4331137753126835,2.5602131485714543,0.49754643,2.9754641470803236,285,L,G,L
Q86Y26-4_234-500_processed,A,L285H,9,6,2.4331137753126835,3.772712370515455,0.35291618,1.4843868629670927,285,L,H,L
Q86Y26-4_234-500_processed,A,L285I,9,7,2.4331137753126835,2.8540177271228053,0.30304134,0.9178578226702616,285,L,I,L
Q86Y26-4_234-500_processed,A,L285K,9,8,2.4331137753126835,2.828313162223749,0.38723788,1.8526559129956122,285,L,K,L
Q86Y26-4_234-500_processed,A,L285L,9,9,2.4331137753126835,2.4331137753126835,0.26917326,0.5029471762613746,285,L,L,L
Q86Y26-4_234-500_processed,A,L285M,9,10,2.4331137753126835,3.785956884138847,0.30771345,0.9729225714743406,285,L,M,L
Q86Y26-4_234-500_processed,A,L285N,9,11,2.4331137753126835,3.127101928086014,0.41612652,2.1532625770404534,285,L,N,L
Q86Y26-4_234-500_processed,A,L285P,9,12,2.4331137753126835,3.0805551433480183,0.47212088,2.7209193518135675,285,L,P,L
Q86Y26-4_234-500_processed,A,L285Q,9,13,2.4331137753126835,3.3385149556513554,0.38425127,1.8211442480189948,285,L,Q,L
Q86Y26-4_234-500_processed,A,L285R,9,14,2.4331137753126835,3.0355669859078964,0.3508397,1.461624402948591,285,L,R,L
Q86Y26-4_234-500_processed,A,L285S,9,15,2.4331137753126835,2.8445017352648363,0.43794176,2.3762011459210624,285,L,S,L
Q86Y26-4_234-500_processed,A,L285T,9,16,2.4331137753126835,2.8968826778292005,0.3906753,1.8888137799868354,285,L,T,L
Q86Y26-4_234-500_processed,A,L285V,9,17,2.4331137753126835,2.623741420309898,0.32881433,1.2161185737691826,285,L,V,L
Q86Y26-4_234-500_processed,A,L285W,9,18,2.4331137753126835,4.250501482991098,0.27548936,0.5826313999630134,285,L,W,L
Q86Y26-4_234-500_processed,A,L285Y,9,19,2.4331137753126835,3.311579602010778,0.32594624,1.1835564920250397,285,L,Y,L
Q86Y26-4_234-500_processed,A,E286A,3,0,2.712832422359037,2.4839824262174384,0.27309635,0.5525768492607244,286,E,A,E
Q86Y26-4_234-500_processed,A,E286C,3,1,2.712832422359037,4.335140045203785,0.32982194,1.2275237849392542,286,E,C,E
Q86Y26-4_234-500_processed,A,E286D,3,2,2.712832422359037,2.8246796259135976,0.2514692,0.27302034425329136,286,E,D,E
Q86Y26-4_234-500_processed,A,E286E,3,3,2.712832422359037,2.712832422359037,0.24577409,0.19680210930072772,286,E,E,E
Q86Y26-4_234-500_processed,A,E286F,3,4,2.712832422359037,3.2079371983380796,0.23883736,0.1023394293049551,286,E,F,E
Q86Y26-4_234-500_processed,A,E286G,3,5,2.712832422359037,2.5602131485714543,0.32710665,1.1967485951563206,286,E,G,E
Q86Y26-4_234-500_processed,A,E286H,3,6,2.712832422359037,3.772712370515455,0.24867785,0.23580940327470545,286,E,H,E
Q86Y26-4_234-500_processed,A,E286I,3,7,2.712832422359037,2.8540177271228053,0.23700018,0.07700779453338358,286,E,I,E
Q86Y26-4_234-500_processed,A,E286K,3,8,2.712832422359037,2.828313162223749,0.26199394,0.4109234044910265,286,E,K,E
Q86Y26-4_234-500_processed,A,E286L,3,9,2.712832422359037,2.4331137753126835,0.22719578,-0.06053401368227018,286,E,L,E
Q86Y26-4_234-500_processed,A,E286M,3,10,2.712832422359037,3.785956884138847,0.25397044,0.3061317009733683,286,E,M,E
Q86Y26-4_234-500_processed,A,E286N,3,11,2.712832422359037,3.127101928086014,0.27084604,0.524164083639328,286,E,N,E
Q86Y26-4_234-500_processed,A,E286P,3,12,2.712832422359037,3.0805551433480183,0.38713127,1.8515327020581989,286,E,P,E
Q86Y26-4_234-500_processed,A,E286Q,3,13,2.712832422359037,3.3385149556513554,0.26934728,0.5051582010119073,286,E,Q,E
Q86Y26-4_234-500_processed,A,E286R,3,14,2.712832422359037,3.0355669859078964,0.24799965,0.22672640691205004,286,E,R,E
Q86Y26-4_234-500_processed,A,E286S,3,15,2.712832422359037,2.8445017352648363,0.2761306,0.5906572177617477,286,E,S,E
Q86Y26-4_234-500_processed,A,E286T,3,16,2.712832422359037,2.8968826778292005,0.27305016,0.5519950783525629,286,E,T,E
Q86Y26-4_234-500_processed,A,E286V,3,17,2.712832422359037,2.623741420309898,0.25437966,0.31152832955707643,286,E,V,E
Q86Y26-4_234-500_processed,A,E286W,3,18,2.712832422359037,4.250501482991098,0.20200425,-0.4345362771631933,286,E,W,E
Q86Y26-4_234-500_processed,A,E286Y,3,19,2.712832422359037,3.311579602010778,0.24016929,0.12062093320819922,286,E,Y,E
Q86Y26-4_234-500_processed,A,E287A,3,0,2.712832422359037,2.4839824262174384,0.2643454,0.4412397618845698,287,E,A,E
Q86Y26-4_234-500_processed,A,E287C,3,1,2.712832422359037,4.335140045203785,0.32395732,1.160888967418029,287,E,C,E
Q86Y26-4_234-500_processed,A,E287D,3,2,2.712832422359037,2.8246796259135976,0.27015382,0.515394258704438,287,E,D,E
Q86Y26-4_234-500_processed,A,E287E,3,3,2.712832422359037,2.712832422359037,0.25169533,0.2760229158297295,287,E,E,E
Q86Y26-4_234-500_processed,A,E287F,3,4,2.712832422359037,3.2079371983380796,0.23447391,0.041952621641683785,287,E,F,E
Q86Y26-4_234-500_processed,A,E287G,3,5,2.712832422359037,2.5602131485714543,0.33244884,1.2571748817497779,287,E,G,E
Q86Y26-4_234-500_processed,A,E287H,3,6,2.712832422359037,3.772712370515455,0.24574979,0.19647432283754818,287,E,H,E
Q86Y26-4_234-500_processed,A,E287I,3,7,2.712832422359037,2.8540177271228053,0.22487515,-0.09369685433562702,287,E,I,E
Q86Y26-4_234-500_processed,A,E287K,3,8,2.712832422359037,2.828313162223749,0.2599547,0.3844898434882055,287,E,K,E
Q86Y26-4_234-500_processed,A,E287L,3,9,2.712832422359037,2.4331137753126835,0.21841303,-0.18734638715071528,287,E,L,E
Q86Y26-4_234-500_processed,A,E287M,3,10,2.712832422359037,3.785956884138847,0.24129364,0.13599946054483947,287,E,M,E
Q86Y26-4_234-500_processed,A,E287N,3,11,2.712832422359037,3.127101928086014,0.28363073,0.6836934127511443,287,E,N,E
Q86Y26-4_234-500_processed,A,E287P,3,12,2.712832422359037,3.0805551433480183,0.76102376,5.89575111453614,287,E,P,E
Q86Y26-4_234-500_processed,A,E287Q,3,13,2.712832422359037,3.3385149556513554,0.2685109,0.4945230743239204,287,E,Q,E
Q86Y26-4_234-500_processed,A,E287R,3,14,2.712832422359037,3.0355669859078964,0.2465728,0.20756231740149622,287,E,R,E
Q86Y26-4_234-500_processed,A,E287S,3,15,2.712832422359037,2.8445017352648363,0.292798,0.7954166810786889,287,E,S,E
Q86Y26-4_234-500_processed,A,E287T,3,16,2.712832422359037,2.8968826778292005,0.26765493,0.4836168593368112,287,E,T,E
Q86Y26-4_234-500_processed,A,E287V,3,17,2.712832422359037,2.623741420309898,0.23598352,0.06293154150749103,287,E,V,E
Q86Y26-4_234-500_processed,A,E287W,3,18,2.712832422359037,4.250501482991098,0.20824324,-0.3388685712129713,287,E,W,E
Q86Y26-4_234-500_processed,A,E287Y,3,19,2.712832422359037,3.311579602010778,0.24257347,0.1534452257867963,287,E,Y,E
Q86Y26-4_234-500_processed,A,G288A,5,0,2.5602131485714543,2.4839824262174384,0.19928096,-0.4769860524748548,288,G,A,G
Q86Y26-4_234-500_processed,A,G288C,5,1,2.5602131485714543,4.335140045203785,0.280855,0.6494387890961506,288,G,C,G
Q86Y26-4_234-500_processed,A,G288D,5,2,2.5602131485714543,2.8246796259135976,0.47350782,2.734829888488377,288,G,D,G
Q86Y26-4_234-500_processed,A,G288E,5,3,2.5602131485714543,2.712832422359037,0.43022093,2.2976254636275586,288,G,E,G
Q86Y26-4_234-500_processed,A,G288F,5,4,2.5602131485714543,3.2079371983380796,0.29237443,0.790300468925463,288,G,F,G
Q86Y26-4_234-500_processed,A,G288G,5,5,2.5602131485714543,2.5602131485714543,0.35921064,1.5530204170807422,288,G,G,G
Q86Y26-4_234-500_processed,A,G288H,5,6,2.5602131485714543,3.772712370515455,0.3422064,1.3663070233564707,288,G,H,G
Q86Y26-4_234-500_processed,A,G288I,5,7,2.5602131485714543,2.8540177271228053,0.27551627,0.5829684661000031,288,G,I,G
Q86Y26-4_234-500_processed,A,G288K,5,8,2.5602131485714543,2.828313162223749,0.40358168,2.0235914780206152,288,G,K,G
Q86Y26-4_234-500_processed,A,G288L,5,9,2.5602131485714543,2.4331137753126835,0.22244875,-0.12863203148109792,288,G,L,G
Q86Y26-4_234-500_processed,A,G288M,5,10,2.5602131485714543,3.785956884138847,0.2397546,0.1149365925600837,288,G,M,G
Q86Y26-4_234-500_processed,A,G288N,5,11,2.5602131485714543,3.127101928086014,0.3201634,1.1174475265256627,288,G,N,G
Q86Y26-4_234-500_processed,A,G288P,5,12,2.5602131485714543,3.0805551433480183,0.84220225,7.186765022157642,288,G,P,G
Q86Y26-4_234-500_processed,A,G288Q,5,13,2.5602131485714543,3.3385149556513554,0.3122461,1.0259016343662835,288,G,Q,G
Q86Y26-4_234-500_processed,A,G288R,5,14,2.5602131485714543,3.0355669859078964,0.32659158,1.190895985250965,288,G,R,G
Q86Y26-4_234-500_processed,A,G288S,5,15,2.5602131485714543,2.8445017352648363,0.3117227,1.0198054551350937,288,G,S,G
Q86Y26-4_234-500_processed,A,G288T,5,16,2.5602131485714543,2.8968826778292005,0.30167088,0.9016152684424008,288,G,T,G
Q86Y26-4_234-500_processed,A,G288V,5,17,2.5602131485714543,2.623741420309898,0.24664888,0.2085859034027232,288,G,V,G
Q86Y26-4_234-500_processed,A,G288W,5,18,2.5602131485714543,4.250501482991098,0.3908156,1.8902869118040917,288,G,W,G
Q86Y26-4_234-500_processed,A,G288Y,5,19,2.5602131485714543,3.311579602010778,0.38444746,1.8232170293165586,288,G,Y,G
Q86Y26-4_234-500_processed,A,L289A,9,0,2.4331137753126835,2.4839824262174384,0.48235106,2.823437293611486,289,L,A,L
Q86Y26-4_234-500_processed,A,L289C,9,1,2.4331137753126835,4.335140045203785,0.50128925,3.0128925132350424,289,L,C,L
Q86Y26-4_234-500_processed,A,L289D,9,2,2.4331137753126835,2.8246796259135976,0.5585125,3.5878183213326946,289,L,D,L
Q86Y26-4_234-500_processed,A,L289E,9,3,2.4331137753126835,2.712832422359037,0.5158404,3.1584571391860736,289,L,E,L
Q86Y26-4_234-500_processed,A,L289F,9,4,2.4331137753126835,3.2079371983380796,0.34870604,1.4381704229961572,289,L,F,L
Q86Y26-4_234-500_processed,A,L289G,9,5,2.4331137753126835,2.5602131485714543,0.62437904,4.270442662389615,289,L,G,L
Q86Y26-4_234-500_processed,A,L289H,9,6,2.4331137753126835,3.772712370515455,0.44480455,2.4457868877900304,289,L,H,L
Q86Y26-4_234-500_processed,A,L289I,9,7,2.4331137753126835,2.8540177271228053,0.3278048,1.2046738805198105,289,L,I,L
Q86Y26-4_234-500_processed,A,L289K,9,8,2.4331137753126835,2.828313162223749,0.5344041,3.344585499355167,289,L,K,L
Q86Y26-4_234-500_processed,A,L289L,9,9,2.4331137753126835,2.4331137753126835,0.3098983,0.9985128514665833,289,L,L,L
Q86Y26-4_234-500_processed,A,L289M,9,10,2.4331137753126835,3.785956884138847,0.35188767,1.4731199725542172,289,L,M,L
Q86Y26-4_234-500_processed,A,L289N,9,11,2.4331137753126835,3.127101928086014,0.47483167,2.748103811506711,289,L,N,L
Q86Y26-4_234-500_processed,A,L289P,9,12,2.4331137753126835,3.0805551433480183,0.8233322,6.847721415650308,289,L,P,L
Q86Y26-4_234-500_processed,A,L289Q,9,13,2.4331137753126835,3.3385149556513554,0.46417585,2.6411435980720377,289,L,Q,L
Q86Y26-4_234-500_processed,A,L289R,9,14,2.4331137753126835,3.0355669859078964,0.46675402,2.667048933787384,289,L,R,L
Q86Y26-4_234-500_processed,A,L289S,9,15,2.4331137753126835,2.8445017352648363,0.54779345,3.4793981179200433,289,L,S,L
Q86Y26-4_234-500_processed,A,L289T,9,16,2.4331137753126835,2.8968826778292005,0.48387948,2.8387388761800425,289,L,T,L
Q86Y26-4_234-500_processed,A,L289V,9,17,2.4331137753126835,2.623741420309898,0.3825601,1.8032601169195444,289,L,V,L
Q86Y26-4_234-500_processed,A,L289W,9,18,2.4331137753126835,4.250501482991098,0.3783129,1.7582116473361993,289,L,W,L
Q86Y26-4_234-500_processed,A,L289Y,9,19,2.4331137753126835,3.311579602010778,0.409483,2.084742262526953,289,L,Y,L
Q86Y26-4_234-500_processed,A,P290A,12,0,3.0805551433480183,2.4839824262174384,0.17769745,-0.8300650213268002,290,P,A,P
Q86Y26-4_234-500_processed,A,P290C,12,1,3.0805551433480183,4.335140045203785,0.23028095,-0.01681372292703376,290,P,C,P
Q86Y26-4_234-500_processed,A,P290D,12,2,3.0805551433480183,2.8246796259135976,0.17323336,-0.9072072275445675,290,P,D,P
Q86Y26-4_234-500_processed,A,P290E,12,3,3.0805551433480183,2.712832422359037,0.16462953,-1.0604439951757094,290,P,E,P
Q86Y26-4_234-500_processed,A,P290F,12,4,3.0805551433480183,3.2079371983380796,0.16393006,-1.0731810187994744,290,P,F,P
Q86Y26-4_234-500_processed,A,P290G,12,5,3.0805551433480183,2.5602131485714543,0.2279771,-0.04942261083314636,290,P,G,P
Q86Y26-4_234-500_processed,A,P290H,12,6,3.0805551433480183,3.772712370515455,0.1524024,-1.2897039904831864,290,P,H,P
Q86Y26-4_234-500_processed,A,P290I,12,7,3.0805551433480183,2.8540177271228053,0.16204993,-1.1076349682883224,290,P,I,P
Q86Y26-4_234-500_processed,A,P290K,12,8,3.0805551433480183,2.828313162223749,0.17353764,-0.9018996034615667,290,P,K,P
Q86Y26-4_234-500_processed,A,P290L,12,9,3.0805551433480183,2.4331137753126835,0.14750534,-1.3857563578803815,290,P,L,P
Q86Y26-4_234-500_processed,A,P290M,12,10,3.0805551433480183,3.785956884138847,0.16586185,-1.038109647993644,290,P,M,P
Q86Y26-4_234-500_processed,A,P290N,12,11,3.0805551433480183,3.127101928086014,0.17529468,-0.8713941866751401,290,P,N,P
Q86Y26-4_234-500_processed,A,P290P,12,12,3.0805551433480183,3.0805551433480183,0.21443602,-0.2459761514604436,290,P,P,P
Q86Y26-4_234-500_processed,A,P290Q,12,13,3.0805551433480183,3.3385149556513554,0.1792616,-0.8033956632657607,290,P,Q,P
Q86Y26-4_234-500_processed,A,P290R,12,14,3.0805551433480183,3.0355669859078964,0.16143946,-1.1188913537134648,290,P,R,P
Q86Y26-4_234-500_processed,A,P290S,12,15,3.0805551433480183,2.8445017352648363,0.18474169,-0.7113660592085919,290,P,S,P
Q86Y26-4_234-500_processed,A,P290T,12,16,3.0805551433480183,2.8968826778292005,0.17796722,-0.8254522321325269,290,P,T,P
Q86Y26-4_234-500_processed,A,P290V,12,17,3.0805551433480183,2.623741420309898,0.16646285,-1.0272652132256466,290,P,V,P
Q86Y26-4_234-500_processed,A,P290W,12,18,3.0805551433480183,4.250501482991098,0.13359235,-1.67390626670612,290,P,W,P
Q86Y26-4_234-500_processed,A,P290Y,12,19,3.0805551433480183,3.311579602010778,0.16568585,-1.041291258484897,290,P,Y,P
Q86Y26-4_234-500_processed,A,L291A,9,0,2.4331137753126835,2.4839824262174384,0.31513602,1.059460211753193,291,L,A,L
Q86Y26-4_234-500_processed,A,L291C,9,1,2.4331137753126835,4.335140045203785,0.36823046,1.650460813313958,291,L,C,L
Q86Y26-4_234-500_processed,A,L291D,9,2,2.4331137753126835,2.8246796259135976,0.34791663,1.4294761824960962,291,L,D,L
Q86Y26-4_234-500_processed,A,L291E,9,3,2.4331137753126835,2.712832422359037,0.30009112,0.8828399885013479,291,L,E,L
Q86Y26-4_234-500_processed,A,L291F,9,4,2.4331137753126835,3.2079371983380796,0.26604894,0.46309479030026857,291,L,F,L
Q86Y26-4_234-500_processed,A,L291G,9,5,2.4331137753126835,2.5602131485714543,0.39644986,1.949301184548266,291,L,G,L
Q86Y26-4_234-500_processed,A,L291H,9,6,2.4331137753126835,3.772712370515455,0.29141116,0.7786493871183161,291,L,H,L
Q86Y26-4_234-500_processed,A,L291I,9,7,2.4331137753126835,2.8540177271228053,0.25583318,0.3306508869854641,291,L,I,L
Q86Y26-4_234-500_processed,A,L291K,9,8,2.4331137753126835,2.828313162223749,0.2862005,0.7152261802908999,291,L,K,L
Q86Y26-4_234-500_processed,A,L291L,9,9,2.4331137753126835,2.4331137753126835,0.24205275,0.14635469718387473,291,L,L,L
Q86Y26-4_234-500_processed,A,L291M,9,10,2.4331137753126835,3.785956884138847,0.26876402,0.4977437869626683,291,L,M,L
Q86Y26-4_234-500_processed,A,L291N,9,11,2.4331137753126835,3.127101928086014,0.33736402,1.3123418167038452,291,L,N,L
Q86Y26-4_234-500_processed,A,L291P,9,12,2.4331137753126835,3.0805551433480183,0.8354866,7.062555543164939,291,L,P,L
Q86Y26-4_234-500_processed,A,L291Q,9,13,2.4331137753126835,3.3385149556513554,0.3076726,0.9724430465140712,291,L,Q,L
Q86Y26-4_234-500_processed,A,L291R,9,14,2.4331137753126835,3.0355669859078964,0.2650628,0.4504544295201335,291,L,R,L
Q86Y26-4_234-500_processed,A,L291S,9,15,2.4331137753126835,2.8445017352648363,0.36483204,1.6138690779425229,291,L,S,L
Q86Y26-4_234-500_processed,A,L291T,9,16,2.4331137753126835,2.8968826778292005,0.3157578,1.0666589168351737,291,L,T,L
Q86Y26-4_234-500_processed,A,L291V,9,17,2.4331137753126835,2.623741420309898,0.273236,0.5543353005901394,291,L,V,L
Q86Y26-4_234-500_processed,A,L291W,9,18,2.4331137753126835,4.250501482991098,0.23885036,0.10251811458300897,291,L,W,L
Q86Y26-4_234-500_processed,A,L291Y,9,19,2.4331137753126835,3.311579602010778,0.28188604,0.6621865160554852,291,L,Y,L
Q86Y26-4_234-500_processed,A,A292A,0,0,2.4839824262174384,2.4839824262174384,0.29154262,0.7802407492992203,292,A,A,A
Q86Y26-4_234-500_processed,A,A292C,0,1,2.4839824262174384,4.335140045203785,0.34855223,1.436477130531795,292,A,C,A
Q86Y26-4_234-500_processed,A,A292D,0,2,2.4839824262174384,2.8246796259135976,0.5815902,3.8232616020411045,292,A,D,A
Q86Y26-4_234-500_processed,A,A292E,0,3,2.4839824262174384,2.712832422359037,0.6538815,4.590362243097302,292,A,E,A
Q86Y26-4_234-500_processed,A,A292F,0,4,2.4839824262174384,3.2079371983380796,0.6419538,4.4596360575775345,292,A,F,A
Q86Y26-4_234-500_processed,A,A292G,0,5,2.4839824262174384,2.5602131485714543,0.43758085,2.372535283364384,292,A,G,A
Q86Y26-4_234-500_processed,A,A292H,0,6,2.4839824262174384,3.772712370515455,0.6929378,5.034724667190256,292,A,H,A
Q86Y26-4_234-500_processed,A,A292I,0,7,2.4839824262174384,2.8540177271228053,0.4667928,2.667438381814571,292,A,I,A
Q86Y26-4_234-500_processed,A,A292K,0,8,2.4839824262174384,2.828313162223749,0.84821576,7.301687473285195,292,A,K,A
Q86Y26-4_234-500_processed,A,A292L,0,9,2.4839824262174384,2.4331137753126835,0.47321182,2.7318614950775952,292,A,L,A
Q86Y26-4_234-500_processed,A,A292M,0,10,2.4839824262174384,3.785956884138847,0.51324344,3.1324653511482348,292,A,M,A
Q86Y26-4_234-500_processed,A,A292N,0,11,2.4839824262174384,3.127101928086014,0.4329743,2.325684448669808,292,A,N,A
Q86Y26-4_234-500_processed,A,A292P,0,12,2.4839824262174384,3.0805551433480183,0.8961,8.38655737715935,292,A,P,A
Q86Y26-4_234-500_processed,A,A292Q,0,13,2.4839824262174384,3.3385149556513554,0.5494336,3.495956067334164,292,A,Q,A
Q86Y26-4_234-500_processed,A,A292R,0,14,2.4839824262174384,3.0355669859078964,0.7795635,6.157810994957056,292,A,R,A
Q86Y26-4_234-500_processed,A,A292S,0,15,2.4839824262174384,2.8445017352648363,0.3749949,1.7228815809997389,292,A,S,A
Q86Y26-4_234-500_processed,A,A292T,0,16,2.4839824262174384,2.8968826778292005,0.3640903,1.605863285552931,292,A,T,A
Q86Y26-4_234-500_processed,A,A292V,0,17,2.4839824262174384,2.623741420309898,0.32202,1.1387396003491306,292,A,V,A
Q86Y26-4_234-500_processed,A,A292W,0,18,2.4839824262174384,4.250501482991098,0.79771435,6.4301744618223955,292,A,W,A
Q86Y26-4_234-500_processed,A,A292Y,0,19,2.4839824262174384,3.311579602010778,0.76552147,5.957983040828778,292,A,Y,A
Q86Y26-4_234-500_processed,A,V293A,17,0,2.623741420309898,2.4839824262174384,0.45855135,2.5845600931079598,293,V,A,V
Q86Y26-4_234-500_processed,A,V293C,17,1,2.623741420309898,4.335140045203785,0.46091363,2.6083371648071196,293,V,C,V
Q86Y26-4_234-500_processed,A,V293D,17,2,2.623741420309898,2.8246796259135976,0.5614499,3.617621067653227,293,V,D,V
Q86Y26-4_234-500_processed,A,V293E,17,3,2.623741420309898,2.712832422359037,0.5417709,3.4186846052244326,293,V,E,V
Q86Y26-4_234-500_processed,A,V293F,17,4,2.623741420309898,3.2079371983380796,0.30385,0.9274224530799213,293,V,F,V
Q86Y26-4_234-500_processed,A,V293G,17,5,2.623741420309898,2.5602131485714543,0.6344381,4.378260231219456,293,V,G,V
Q86Y26-4_234-500_processed,A,V293H,17,6,2.623741420309898,3.772712370515455,0.40626672,2.0514492276194884,293,V,H,V
Q86Y26-4_234-500_processed,A,V293I,17,7,2.623741420309898,2.8540177271228053,0.24384831,0.17076085397133012,293,V,I,V
Q86Y26-4_234-500_processed,A,V293K,17,8,2.623741420309898,2.828313162223749,0.5857128,3.8656751868308614,293,V,K,V
Q86Y26-4_234-500_processed,A,V293L,17,9,2.623741420309898,2.4331137753126835,0.24108243,0.1331143487730635,293,V,L,V
Q86Y26-4_234-500_processed,A,V293M,17,10,2.623741420309898,3.785956884138847,0.31575158,1.0665868434768448,293,V,M,V
Q86Y26-4_234-500_processed,A,V293N,17,11,2.623741420309898,3.127101928086014,0.43200797,2.315841609497609,293,V,N,V
Q86Y26-4_234-500_processed,A,V293P,17,12,2.623741420309898,3.0805551433480183,0.8359496,7.0709865615523615,293,V,P,V
Q86Y26-4_234-500_processed,A,V293Q,17,13,2.623741420309898,3.3385149556513554,0.45267844,2.525363863165114,293,V,Q,V
Q86Y26-4_234-500_processed,A,V293R,17,14,2.623741420309898,3.0355669859078964,0.48099965,2.809904947975441,293,V,R,V
Q86Y26-4_234-500_processed,A,V293S,17,15,2.623741420309898,2.8445017352648363,0.5487044,3.4885931207407586,293,V,S,V
Q86Y26-4_234-500_processed,A,V293T,17,16,2.623741420309898,2.8968826778292005,0.4258597,2.2530902892141444,293,V,T,V
Q86Y26-4_234-500_processed,A,V293V,17,17,2.623741420309898,2.623741420309898,0.27673632,0.5982281912562334,293,V,V,V
Q86Y26-4_234-500_processed,A,V293W,17,18,2.623741420309898,4.250501482991098,0.35515934,1.5089082408051764,293,V,W,V
Q86Y26-4_234-500_processed,A,V293Y,17,19,2.623741420309898,3.311579602010778,0.37020305,1.671635411073064,293,V,Y,V
Q86Y26-4_234-500_processed,A,Q294A,13,0,3.3385149556513554,2.4839824262174384,0.22304888,-0.11996623870572098,294,Q,A,Q
Q86Y26-4_234-500_processed,A,Q294C,13,1,3.3385149556513554,4.335140045203785,0.2845667,0.6951982540235943,294,Q,C,Q
Q86Y26-4_234-500_processed,A,Q294D,13,2,3.3385149556513554,2.8246796259135976,0.24658541,0.20773196063641752,294,Q,D,Q
Q86Y26-4_234-500_processed,A,Q294E,13,3,3.3385149556513554,2.712832422359037,0.22278604,-0.12375958843795554,294,Q,E,Q
Q86Y26-4_234-500_processed,A,Q294F,13,4,3.3385149556513554,3.2079371983380796,0.20326251,-0.415067421025444,294,Q,F,Q
Q86Y26-4_234-500_processed,A,Q294G,13,5,3.3385149556513554,2.5602131485714543,0.28671226,0.7214855710051401,294,Q,G,Q
Q86Y26-4_234-500_processed,A,Q294H,13,6,3.3385149556513554,3.772712370515455,0.20999932,-0.3123237404396195,294,Q,H,Q
Q86Y26-4_234-500_processed,A,Q294I,13,7,3.3385149556513554,2.8540177271228053,0.18856242,-0.6484458812690719,294,Q,I,Q
Q86Y26-4_234-500_processed,A,Q294K,13,8,3.3385149556513554,2.828313162223749,0.2105196,-0.304490663918755,294,Q,K,Q
Q86Y26-4_234-500_processed,A,Q294L,13,9,3.3385149556513554,2.4331137753126835,0.17978552,-0.794503208153598,294,Q,L,Q
Q86Y26-4_234-500_processed,A,Q294M,13,10,3.3385149556513554,3.785956884138847,0.20186141,-0.43675218237606617,294,Q,M,Q
Q86Y26-4_234-500_processed,A,Q294N,13,11,3.3385149556513554,3.127101928086014,0.23374839,0.03183674787067159,294,Q,N,Q
Q86Y26-4_234-500_processed,A,Q294P,13,12,3.3385149556513554,3.0805551433480183,0.7915675,6.335999839203463,294,Q,P,Q
Q86Y26-4_234-500_processed,A,Q294Q,13,13,3.3385149556513554,3.3385149556513554,0.22990802,-0.022076625739290145,294,Q,Q,Q
Q86Y26-4_234-500_processed,A,Q294R,13,14,3.3385149556513554,3.0355669859078964,0.1941721,-0.5578133045635464,294,Q,R,Q
Q86Y26-4_234-500_processed,A,Q294S,13,15,3.3385149556513554,2.8445017352648363,0.24869394,0.23602473656651246,294,Q,S,Q
Q86Y26-4_234-500_processed,A,Q294T,13,16,3.3385149556513554,2.8968826778292005,0.22941226,-0.02908222130964755,294,Q,T,Q
Q86Y26-4_234-500_processed,A,Q294V,13,17,3.3385149556513554,2.623741420309898,0.20798506,-0.34278503656139214,294,Q,V,Q
Q86Y26-4_234-500_processed,A,Q294W,13,18,3.3385149556513554,4.250501482991098,0.17456226,-0.8840809179777093,294,Q,W,Q
Q86Y26-4_234-500_processed,A,Q294Y,13,19,3.3385149556513554,3.311579602010778,0.21168804,-0.2869505205644757,294,Q,Y,Q
Q86Y26-4_234-500_processed,A,E295A,3,0,2.712832422359037,2.4839824262174384,0.25644323,0.3386555214168002,295,E,A,E
Q86Y26-4_234-500_processed,A,E295C,3,1,2.712832422359037,4.335140045203785,0.32171607,1.1352585277071072,295,E,C,E
Q86Y26-4_234-500_processed,A,E295D,3,2,2.712832422359037,2.8246796259135976,0.30579212,0.9503352115827837,295,E,D,E
Q86Y26-4_234-500_processed,A,E295E,3,3,2.712832422359037,2.712832422359037,0.2683132,0.4920059941838051,295,E,E,E
Q86Y26-4_234-500_processed,A,E295F,3,4,2.712832422359037,3.2079371983380796,0.22256637,-0.1269323744787587,295,E,F,E
Q86Y26-4_234-500_processed,A,E295G,3,5,2.712832422359037,2.5602131485714543,0.3498279,1.450510397504348,295,E,G,E
Q86Y26-4_234-500_processed,A,E295H,3,6,2.712832422359037,3.772712370515455,0.24917062,0.2423985680232943,295,E,H,E
Q86Y26-4_234-500_processed,A,E295I,3,7,2.712832422359037,2.8540177271228053,0.21322875,-0.2639300718113119,295,E,I,E
Q86Y26-4_234-500_processed,A,E295K,3,8,2.712832422359037,2.828313162223749,0.26149634,0.4044855119410973,295,E,K,E
Q86Y26-4_234-500_processed,A,E295L,3,9,2.712832422359037,2.4331137753126835,0.19475035,-0.5485846202092309,295,E,L,E
Q86Y26-4_234-500_processed,A,E295M,3,10,2.712832422359037,3.785956884138847,0.22711089,-0.06174292344716059,295,E,M,E
Q86Y26-4_234-500_processed,A,E295N,3,11,2.712832422359037,3.127101928086014,0.29231116,0.7895358856689283,295,E,N,E
Q86Y26-4_234-500_processed,A,E295P,3,12,2.712832422359037,3.0805551433480183,0.86550915,7.654554500535917,295,E,P,E
Q86Y26-4_234-500_processed,A,E295Q,3,13,2.712832422359037,3.3385149556513554,0.2679113,0.48688549610682197,295,E,Q,E
Q86Y26-4_234-500_processed,A,E295R,3,14,2.712832422359037,3.0355669859078964,0.23670208,0.07288478830066114,295,E,R,E
Q86Y26-4_234-500_processed,A,E295S,3,15,2.712832422359037,2.8445017352648363,0.31580263,1.0671775465597237,295,E,S,E
Q86Y26-4_234-500_processed,A,E295T,3,16,2.712832422359037,2.8968826778292005,0.27461514,0.5716706624715306,295,E,T,E
Q86Y26-4_234-500_processed,A,E295V,3,17,2.712832422359037,2.623741420309898,0.23063187,-0.011866869080088271,295,E,V,E
Q86Y26-4_234-500_processed,A,E295W,3,18,2.712832422359037,4.250501482991098,0.19114552,-0.6064599334141008,295,E,W,E
Q86Y26-4_234-500_processed,A,E295Y,3,19,2.712832422359037,3.311579602010778,0.22612093,-0.07586413545581205,295,E,Y,E
Q86Y26-4_234-500_processed,A,W296A,18,0,4.250501482991098,2.4839824262174384,0.6848348,4.940201487489688,296,W,A,W
Q86Y26-4_234-500_processed,A,W296C,18,1,4.250501482991098,4.335140045203785,0.7195402,5.355454731350042,296,W,C,W
Q86Y26-4_234-500_processed,A,W296D,18,2,4.250501482991098,2.8246796259135976,0.7621067,5.910661025127197,296,W,D,W
Q86Y26-4_234-500_processed,A,W296E,18,3,4.250501482991098,2.712832422359037,0.7296172,5.481702927686758,296,W,E,W
Q86Y26-4_234-500_processed,A,W296F,18,4,4.250501482991098,3.2079371983380796,0.36531314,1.619057927829141,296,W,F,W
Q86Y26-4_234-500_processed,A,W296G,18,5,4.250501482991098,2.5602131485714543,0.78179127,6.190339259238421,296,W,G,W
Q86Y26-4_234-500_processed,A,W296H,18,6,4.250501482991098,3.772712370515455,0.5872372,3.881389118695918,296,W,H,W
Q86Y26-4_234-500_processed,A,W296I,18,7,4.250501482991098,2.8540177271228053,0.64564687,4.499896889387501,296,W,I,W
Q86Y26-4_234-500_processed,A,W296K,18,8,4.250501482991098,2.828313162223749,0.7336368,5.532883185576669,296,W,K,W
Q86Y26-4_234-500_processed,A,W296L,18,9,4.250501482991098,2.4331137753126835,0.55399096,3.5420228713519184,296,W,L,W
Q86Y26-4_234-500_processed,A,W296M,18,10,4.250501482991098,3.785956884138847,0.57952255,3.802034309930927,296,W,M,W
Q86Y26-4_234-500_processed,A,W296N,18,11,4.250501482991098,3.127101928086014,0.6912378,5.014781340604597,296,W,N,W
Q86Y26-4_234-500_processed,A,W296P,18,12,4.250501482991098,3.0805551433480183,0.9356306,9.691456749368514,296,W,P,W
Q86Y26-4_234-500_processed,A,W296Q,18,13,4.250501482991098,3.3385149556513554,0.6841375,4.932130089355278,296,W,Q,W
Q86Y26-4_234-500_processed,A,W296R,18,14,4.250501482991098,3.0355669859078964,0.6707445,4.778885369856165,296,W,R,W
Q86Y26-4_234-500_processed,A,W296S,18,15,4.250501482991098,2.8445017352648363,0.76067996,5.891027458030731,296,W,S,W
Q86Y26-4_234-500_processed,A,W296T,18,16,4.250501482991098,2.8968826778292005,0.71850985,5.342704932401126,296,W,T,W
Q86Y26-4_234-500_processed,A,W296V,18,17,4.250501482991098,2.623741420309898,0.65466034,4.598970250100945,296,W,V,W
Q86Y26-4_234-500_processed,A,W296W,18,18,4.250501482991098,4.250501482991098,0.42577168,2.252190417531706,296,W,W,W
Q86Y26-4_234-500_processed,A,W296Y,18,19,4.250501482991098,3.311579602010778,0.4072347,2.0614778378396372,296,W,Y,W
Q86Y26-4_234-500_processed,A,E297A,3,0,2.712832422359037,2.4839824262174384,0.22917235,-0.03247618237360472,297,E,A,E
Q86Y26-4_234-500_processed,A,E297C,3,1,2.712832422359037,4.335140045203785,0.2827463,0.6728008568199362,297,E,C,E
Q86Y26-4_234-500_processed,A,E297D,3,2,2.712832422359037,2.8246796259135976,0.24339736,0.16464276486313767,297,E,D,E
Q86Y26-4_234-500_processed,A,E297E,3,3,2.712832422359037,2.712832422359037,0.22203429,-0.13462654186702006,297,E,E,E
Q86Y26-4_234-500_processed,A,E297F,3,4,2.712832422359037,3.2079371983380796,0.18786669,-0.6598297514775242,297,E,F,E
Q86Y26-4_234-500_processed,A,E297G,3,5,2.712832422359037,2.5602131485714543,0.29618803,0.8362081018174883,297,E,G,E
Q86Y26-4_234-500_processed,A,E297H,3,6,2.712832422359037,3.772712370515455,0.20241538,-0.4281650803411785,297,E,H,E
Q86Y26-4_234-500_processed,A,E297I,3,7,2.712832422359037,2.8540177271228053,0.19172743,-0.5970615379206168,297,E,I,E
Q86Y26-4_234-500_processed,A,E297K,3,8,2.712832422359037,2.828313162223749,0.22091083,-0.1509158934277216,297,E,K,E
Q86Y26-4_234-500_processed,A,E297L,3,9,2.712832422359037,2.4331137753126835,0.180313,-0.7855707238031917,297,E,L,E
Q86Y26-4_234-500_processed,A,E297M,3,10,2.712832422359037,3.785956884138847,0.2018867,-0.43635981758520515,297,E,M,E
Q86Y26-4_234-500_processed,A,E297N,3,11,2.712832422359037,3.127101928086014,0.22330588,-0.11626027054560839,297,E,N,E
Q86Y26-4_234-500_processed,A,E297P,3,12,2.712832422359037,3.0805551433480183,0.72220963,5.38862172615493,297,E,P,E
Q86Y26-4_234-500_processed,A,E297Q,3,13,2.712832422359037,3.3385149556513554,0.23039238,-0.015242341141682991,297,E,Q,E
Q86Y26-4_234-500_processed,A,E297R,3,14,2.712832422359037,3.0355669859078964,0.19844534,-0.49009875282143067,297,E,R,E
Q86Y26-4_234-500_processed,A,E297S,3,15,2.712832422359037,2.8445017352648363,0.25190213,0.278767111296101,297,E,S,E
Q86Y26-4_234-500_processed,A,E297T,3,16,2.712832422359037,2.8968826778292005,0.22836037,-0.04398172576136394,297,E,T,E
Q86Y26-4_234-500_processed,A,E297V,3,17,2.712832422359037,2.623741420309898,0.2079258,-0.3436845255121096,297,E,V,E
Q86Y26-4_234-500_processed,A,E297W,3,18,2.712832422359037,4.250501482991098,0.16105908,-1.1259225528163879,297,E,W,E
Q86Y26-4_234-500_processed,A,E297Y,3,19,2.712832422359037,3.311579602010778,0.19427104,-0.5562327295626823,297,E,Y,E
Q86Y26-4_234-500_processed,A,H298A,6,0,3.772712370515455,2.4839824262174384,0.27954146,0.6331569017612401,298,H,A,H
Q86Y26-4_234-500_processed,A,H298C,6,1,3.772712370515455,4.335140045203785,0.33454785,1.280782932633398,298,H,C,H
Q86Y26-4_234-500_processed,A,H298D,6,2,3.772712370515455,2.8246796259135976,0.30572146,0.9495029996868772,298,H,D,H
Q86Y26-4_234-500_processed,A,H298E,6,3,3.772712370515455,2.712832422359037,0.29433084,0.813894756478562,298,H,E,H
Q86Y26-4_234-500_processed,A,H298F,6,4,3.772712370515455,3.2079371983380796,0.24702735,0.2136754166686189,298,H,F,H
Q86Y26-4_234-500_processed,A,H298G,6,5,3.772712370515455,2.5602131485714543,0.3482545,1.433198485106254,298,H,G,H
Q86Y26-4_234-500_processed,A,H298H,6,6,3.772712370515455,3.772712370515455,0.25724104,0.34910492269367266,298,H,H,H
Q86Y26-4_234-500_processed,A,H298I,6,7,3.772712370515455,2.8540177271228053,0.2416333,0.14063556045284753,298,H,I,H
Q86Y26-4_234-500_processed,A,H298K,6,8,3.772712370515455,2.828313162223749,0.26565817,0.4580894461137036,298,H,K,H
Q86Y26-4_234-500_processed,A,H298L,6,9,3.772712370515455,2.4331137753126835,0.22123992,-0.14613816148323855,298,H,L,H
Q86Y26-4_234-500_processed,A,H298M,6,10,3.772712370515455,3.785956884138847,0.24863347,0.23521559335944242,298,H,M,H
Q86Y26-4_234-500_processed,A,H298N,6,11,3.772712370515455,3.127101928086014,0.27716255,0.6035494919737638,298,H,N,H
Q86Y26-4_234-500_processed,A,H298P,6,12,3.772712370515455,3.0805551433480183,0.71744967,5.329615201243755,298,H,P,H
Q86Y26-4_234-500_processed,A,H298Q,6,13,3.772712370515455,3.3385149556513554,0.2872097,0.7275632312515925,298,H,Q,H
Q86Y26-4_234-500_processed,A,H298R,6,14,3.772712370515455,3.0355669859078964,0.22951008,-0.02769900174452611,298,H,R,H
Q86Y26-4_234-500_processed,A,H298S,6,15,3.772712370515455,2.8445017352648363,0.30713964,0.9661849908419747,298,H,S,H
Q86Y26-4_234-500_processed,A,H298T,6,16,3.772712370515455,2.8968826778292005,0.28432468,0.692225508802278,298,H,T,H
Q86Y26-4_234-500_processed,A,H298V,6,17,3.772712370515455,2.623741420309898,0.25367358,0.30221318719761303,298,H,V,H
Q86Y26-4_234-500_processed,A,H298W,6,18,3.772712370515455,4.250501482991098,0.21326755,-0.2633518718485095,298,H,W,H
Q86Y26-4_234-500_processed,A,H298Y,6,19,3.772712370515455,3.311579602010778,0.25589135,0.33141474099526724,298,H,Y,H
Q86Y26-4_234-500_processed,A,T299A,16,0,2.8968826778292005,2.4839824262174384,0.2697134,0.5098071575561741,299,T,A,T
Q86Y26-4_234-500_processed,A,T299C,16,1,2.8968826778292005,4.335140045203785,0.27778488,0.6113099408956557,299,T,C,T
Q86Y26-4_234-500_processed,A,T299D,16,2,2.8968826778292005,2.8246796259135976,0.39901796,1.9761034428761548,299,T,D,T
Q86Y26-4_234-500_processed,A,T299E,16,3,2.8968826778292005,2.712832422359037,0.35434616,1.5000269068151855,299,T,E,T
Q86Y26-4_234-500_processed,A,T299F,16,4,2.8968826778292005,3.2079371983380796,0.18426014,-0.719367273771987,299,T,F,T
Q86Y26-4_234-500_processed,A,T299G,16,5,2.8968826778292005,2.5602131485714543,0.45031255,2.501480181984895,299,T,G,T
Q86Y26-4_234-500_processed,A,T299H,16,6,2.8968826778292005,3.772712370515455,0.23861979,0.099346483786652,299,T,H,T
Q86Y26-4_234-500_processed,A,T299I,16,7,2.8968826778292005,2.8540177271228053,0.18792926,-0.6588046347736759,299,T,I,T
Q86Y26-4_234-500_processed,A,T299K,16,8,2.8968826778292005,2.828313162223749,0.3430717,1.3759114482669532,299,T,K,T
Q86Y26-4_234-500_processed,A,T299L,16,9,2.8968826778292005,2.4331137753126835,0.16156434,-1.1165860696878287,299,T,L,T
Q86Y26-4_234-500_processed,A,T299M,16,10,2.8968826778292005,3.785956884138847,0.200871,-0.45214859586594325,299,T,M,T
Q86Y26-4_234-500_processed,A,T299N,16,11,2.8968826778292005,3.127101928086014,0.27929014,0.6300363129786781,299,T,N,T
Q86Y26-4_234-500_processed,A,T299P,16,12,2.8968826778292005,3.0805551433480183,0.76558626,5.958885506776813,299,T,P,T
Q86Y26-4_234-500_processed,A,T299Q,16,13,2.8968826778292005,3.3385149556513554,0.26517475,0.4518907722030868,299,T,Q,T
Q86Y26-4_234-500_processed,A,T299R,16,14,2.8968826778292005,3.0355669859078964,0.261399,0.40322530967850545,299,T,R,T
Q86Y26-4_234-500_processed,A,T299S,16,15,2.8968826778292005,2.8445017352648363,0.34191263,1.363043801420638,299,T,S,T
Q86Y26-4_234-500_processed,A,T299T,16,16,2.8968826778292005,2.8968826778292005,0.2613614,0.4027382795302681,299,T,T,T
Q86Y26-4_234-500_processed,A,T299V,16,17,2.8968826778292005,2.623741420309898,0.17028627,-0.9589994747021624,299,T,V,T
Q86Y26-4_234-500_processed,A,T299W,16,18,2.8968826778292005,4.250501482991098,0.21389553,-0.2540049543788042,299,T,W,T
Q86Y26-4_234-500_processed,A,T299Y,16,19,2.8968826778292005,3.311579602010778,0.21938692,-0.17310670019363872,299,T,Y,T
Q86Y26-4_234-500_processed,A,S300A,15,0,2.8445017352648363,2.4839824262174384,0.2803926,0.6437122872868029,300,S,A,S
Q86Y26-4_234-500_processed,A,S300C,15,1,2.8445017352648363,4.335140045203785,0.32555607,1.179115397909531,300,S,C,S
Q86Y26-4_234-500_processed,A,S300D,15,2,2.8445017352648363,2.8246796259135976,0.24729452,0.21726491905799672,300,S,D,S
Q86Y26-4_234-500_processed,A,S300E,15,3,2.8445017352648363,2.712832422359037,0.25471082,0.3158914391638029,300,S,E,S
Q86Y26-4_234-500_processed,A,S300F,15,4,2.8445017352648363,3.2079371983380796,0.27287355,0.5497702699416548,300,S,F,S
Q86Y26-4_234-500_processed,A,S300G,15,5,2.8445017352648363,2.5602131485714543,0.29295832,0.7973518123276659,300,S,G,S
Q86Y26-4_234-500_processed,A,S300H,15,6,2.8445017352648363,3.772712370515455,0.24621326,0.20272141666653698,300,S,H,S
Q86Y26-4_234-500_processed,A,S300I,15,7,2.8445017352648363,2.8540177271228053,0.28256595,0.6705773857034977,300,S,I,S
Q86Y26-4_234-500_processed,A,S300K,15,8,2.8445017352648363,2.828313162223749,0.2600191,0.38532670582056117,300,S,K,S
Q86Y26-4_234-500_processed,A,S300L,15,9,2.8445017352648363,2.4331137753126835,0.24668951,0.20913259779112903,300,S,L,S
Q86Y26-4_234-500_processed,A,S300M,15,10,2.8445017352648363,3.785956884138847,0.2678418,0.4859995655828042,300,S,M,S
Q86Y26-4_234-500_processed,A,S300N,15,11,2.8445017352648363,3.127101928086014,0.25039488,0.2587315865822576,300,S,N,S
Q86Y26-4_234-500_processed,A,S300P,15,12,2.8445017352648363,3.0805551433480183,0.3672543,1.6399646600925302,300,S,P,S
Q86Y26-4_234-500_processed,A,S300Q,15,13,2.8445017352648363,3.3385149556513554,0.27052924,0.5201522638124167,300,S,Q,S
Q86Y26-4_234-500_processed,A,S300R,15,14,2.8445017352648363,3.0355669859078964,0.25243047,0.28577130106362314,300,S,R,S
Q86Y26-4_234-500_processed,A,S300S,15,15,2.8445017352648363,2.8445017352648363,0.26239058,0.4160493327965453,300,S,S,S
Q86Y26-4_234-500_processed,A,S300T,15,16,2.8445017352648363,2.8968826778292005,0.27900392,0.6264803060798432,300,S,T,S
Q86Y26-4_234-500_processed,A,S300V,15,17,2.8445017352648363,2.623741420309898,0.28513378,0.7021576217076825,300,S,V,S
Q86Y26-4_234-500_processed,A,S300W,15,18,2.8445017352648363,4.250501482991098,0.25028256,0.25723527115117606,300,S,W,S
Q86Y26-4_234-500_processed,A,S300Y,15,19,2.8445017352648363,3.311579602010778,0.27603075,0.589408372138322,300,S,Y,S
Q86Y26-4_234-500_processed,A,N301A,11,0,3.127101928086014,2.4839824262174384,0.22574198,-0.08128124373723955,301,N,A,N
Q86Y26-4_234-500_processed,A,N301C,11,1,3.127101928086014,4.335140045203785,0.29261345,0.7931879388373771,301,N,C,N
Q86Y26-4_234-500_processed,A,N301D,11,2,3.127101928086014,2.8246796259135976,0.21760795,-0.1991523413907098,301,N,D,N
Q86Y26-4_234-500_processed,A,N301E,11,3,3.127101928086014,2.712832422359037,0.21318695,-0.2645529882350589,301,N,E,N
Q86Y26-4_234-500_processed,A,N301F,11,4,3.127101928086014,3.2079371983380796,0.21120578,-0.2941813843892854,301,N,F,N
Q86Y26-4_234-500_processed,A,N301G,11,5,3.127101928086014,2.5602131485714543,0.27432334,0.5680074029429572,301,N,G,N
Q86Y26-4_234-500_processed,A,N301H,11,6,3.127101928086014,3.772712370515455,0.20897125,-0.3278441212330463,301,N,H,N
Q86Y26-4_234-500_processed,A,N301I,11,7,3.127101928086014,2.8540177271228053,0.21661383,-0.21377397351904526,301,N,I,N
Q86Y26-4_234-500_processed,A,N301K,11,8,3.127101928086014,2.828313162223749,0.21405049,-0.2517016291589552,301,N,K,N
Q86Y26-4_234-500_processed,A,N301L,11,9,3.127101928086014,2.4331137753126835,0.19380096,-0.5637475810958814,301,N,L,N
Q86Y26-4_234-500_processed,A,N301M,11,10,3.127101928086014,3.785956884138847,0.21366152,-0.25748561326693953,301,N,M,N
Q86Y26-4_234-500_processed,A,N301N,11,11,3.127101928086014,3.127101928086014,0.22823437,-0.045769753363325005,301,N,N,N
Q86Y26-4_234-500_processed,A,N301P,11,12,3.127101928086014,3.0805551433480183,0.26474372,0.44635780501888656,301,N,P,N
Q86Y26-4_234-500_processed,A,N301Q,11,13,3.127101928086014,3.3385149556513554,0.22960134,-0.02640907227209055,301,N,Q,N
Q86Y26-4_234-500_processed,A,N301R,11,14,3.127101928086014,3.0355669859078964,0.20326145,-0.4150837533039853,301,N,R,N
Q86Y26-4_234-500_processed,A,N301S,11,15,3.127101928086014,2.8445017352648363,0.23116182,-0.004406363125328827,301,N,S,N
Q86Y26-4_234-500_processed,A,N301T,11,16,3.127101928086014,2.8968826778292005,0.22730854,-0.05892878083192388,301,N,T,N
Q86Y26-4_234-500_processed,A,N301V,11,17,3.127101928086014,2.623741420309898,0.22412924,-0.10440770804505117,301,N,V,N
Q86Y26-4_234-500_processed,A,N301W,11,18,3.127101928086014,4.250501482991098,0.17593232,-0.8603832520471538,301,N,W,N
Q86Y26-4_234-500_processed,A,N301Y,11,19,3.127101928086014,3.311579602010778,0.21284962,-0.26958355279179336,301,N,Y,N
Q86Y26-4_234-500_processed,A,F302A,4,0,3.2079371983380796,2.4839824262174384,0.27167583,0.5346582296257196,302,F,A,F
Q86Y26-4_234-500_processed,A,F302C,4,1,3.2079371983380796,4.335140045203785,0.33713028,1.3097274141801911,302,F,C,F
Q86Y26-4_234-500_processed,A,F302D,4,2,3.2079371983380796,2.8246796259135976,0.2628557,0.422053974996654,302,F,D,F
Q86Y26-4_234-500_processed,A,F302E,4,3,3.2079371983380796,2.712832422359037,0.2516832,0.27586191138980753,302,F,E,F
Q86Y26-4_234-500_processed,A,F302F,4,4,3.2079371983380796,3.2079371983380796,0.25387657,0.30489286327668286,302,F,F,F
Q86Y26-4_234-500_processed,A,F302G,4,5,3.2079371983380796,2.5602131485714543,0.32139987,1.13163498399438,302,F,G,F
Q86Y26-4_234-500_processed,A,F302H,4,6,3.2079371983380796,3.772712370515455,0.25312212,0.2949259365853213,302,F,H,F
Q86Y26-4_234-500_processed,A,F302I,4,7,3.2079371983380796,2.8540177271228053,0.25721225,0.3487282232547695,302,F,I,F
Q86Y26-4_234-500_processed,A,F302K,4,8,3.2079371983380796,2.828313162223749,0.25934476,0.37655756170644206,302,F,K,F
Q86Y26-4_234-500_processed,A,F302L,4,9,3.2079371983380796,2.4331137753126835,0.2428258,0.1568775034535752,302,F,L,F
Q86Y26-4_234-500_processed,A,F302M,4,10,3.2079371983380796,3.785956884138847,0.26814765,0.4898974058168759,302,F,M,F
Q86Y26-4_234-500_processed,A,F302N,4,11,3.2079371983380796,3.127101928086014,0.2696678,0.509228383779712,302,F,N,F
Q86Y26-4_234-500_processed,A,F302P,4,12,3.2079371983380796,3.0805551433480183,0.47730806,2.772924659232271,302,F,P,F
Q86Y26-4_234-500_processed,A,F302Q,4,13,3.2079371983380796,3.3385149556513554,0.27486,0.5747427765563509,302,F,Q,F
Q86Y26-4_234-500_processed,A,F302R,4,14,3.2079371983380796,3.0355669859078964,0.25651053,0.33953773016107913,302,F,R,F
Q86Y26-4_234-500_processed,A,F302S,4,15,3.2079371983380796,2.8445017352648363,0.28141966,0.6564237862528322,302,F,S,F
Q86Y26-4_234-500_processed,A,F302T,4,16,3.2079371983380796,2.8968826778292005,0.2722307,0.5416645992306676,302,F,T,F
Q86Y26-4_234-500_processed,A,F302V,4,17,3.2079371983380796,2.623741420309898,0.27029505,0.5171847115840006,302,F,V,F
Q86Y26-4_234-500_processed,A,F302W,4,18,3.2079371983380796,4.250501482991098,0.23109652,-0.005324958709305161,302,F,W,F
Q86Y26-4_234-500_processed,A,F302Y,4,19,3.2079371983380796,3.311579602010778,0.26207826,0.4120134053069091,302,F,Y,F
Q86Y26-4_234-500_processed,A,D303A,2,0,2.8246796259135976,2.4839824262174384,0.22822821,-0.04585710032910473,303,D,A,D
Q86Y26-4_234-500_processed,A,D303C,2,1,2.8246796259135976,4.335140045203785,0.29077667,0.7709626137476105,303,D,C,D
Q86Y26-4_234-500_processed,A,D303D,2,2,2.8246796259135976,2.8246796259135976,0.22202107,-0.134817840766997,303,D,D,D
Q86Y26-4_234-500_processed,A,D303E,2,3,2.8246796259135976,2.712832422359037,0.20881394,-0.3302239306049859,303,D,E,D
Q86Y26-4_234-500_processed,A,D303F,2,4,2.8246796259135976,3.2079371983380796,0.20686328,-0.3598437458364234,303,D,F,D
Q86Y26-4_234-500_processed,A,D303G,2,5,2.8246796259135976,2.5602131485714543,0.2926011,0.7930389187728232,303,D,G,D
Q86Y26-4_234-500_processed,A,D303H,2,6,2.8246796259135976,3.772712370515455,0.20875576,-0.33110432315475335,303,D,H,D
Q86Y26-4_234-500_processed,A,D303I,2,7,2.8246796259135976,2.8540177271228053,0.2111743,-0.29465389743647374,303,D,I,D
Q86Y26-4_234-500_processed,A,D303K,2,8,2.8246796259135976,2.828313162223749,0.22455545,-0.09828455255738888,303,D,K,D
Q86Y26-4_234-500_processed,A,D303L,2,9,2.8246796259135976,2.4331137753126835,0.19375241,-0.5645244617969464,303,D,L,D
Q86Y26-4_234-500_processed,A,D303M,2,10,2.8246796259135976,3.785956884138847,0.21775462,-0.19699914911697425,303,D,M,D
Q86Y26-4_234-500_processed,A,D303N,2,11,2.8246796259135976,3.127101928086014,0.22665754,-0.06820433977191398,303,D,N,D
Q86Y26-4_234-500_processed,A,D303P,2,12,2.8246796259135976,3.0805551433480183,0.448435,2.4825102144986437,303,D,P,D
Q86Y26-4_234-500_processed,A,D303Q,2,13,2.8246796259135976,3.3385149556513554,0.23370698,0.03125871122110935,303,D,Q,D
Q86Y26-4_234-500_processed,A,D303R,2,14,2.8246796259135976,3.0355669859078964,0.21566987,-0.22770288696518148,303,D,R,D
Q86Y26-4_234-500_processed,A,D303S,2,15,2.8246796259135976,2.8445017352648363,0.24689516,0.2118984202217855,303,D,S,D
Q86Y26-4_234-500_processed,A,D303T,2,16,2.8246796259135976,2.8968826778292005,0.23818487,0.09335804558036787,303,D,T,D
Q86Y26-4_234-500_processed,A,D303V,2,17,2.8246796259135976,2.623741420309898,0.21861306,-0.18441790223180987,303,D,V,D
Q86Y26-4_234-500_processed,A,D303W,2,18,2.8246796259135976,4.250501482991098,0.18113714,-0.7716554175365664,303,D,W,D
Q86Y26-4_234-500_processed,A,D303Y,2,19,2.8246796259135976,3.311579602010778,0.21059875,-0.3033001775123051,303,D,Y,D
Q86Y26-4_234-500_processed,A,R304A,14,0,3.0355669859078964,2.4839824262174384,0.37813973,1.7563709508710057,304,R,A,R
Q86Y26-4_234-500_processed,A,R304C,14,1,3.0355669859078964,4.335140045203785,0.43665624,2.363140519501861,304,R,C,R
Q86Y26-4_234-500_processed,A,R304D,14,2,3.0355669859078964,2.8246796259135976,0.5255265,3.255487358964871,304,R,D,R
Q86Y26-4_234-500_processed,A,R304E,14,3,3.0355669859078964,2.712832422359037,0.45723355,2.571287965926389,304,R,E,R
Q86Y26-4_234-500_processed,A,R304F,14,4,3.0355669859078964,3.2079371983380796,0.37154675,1.686032588714941,304,R,F,R
Q86Y26-4_234-500_processed,A,R304G,14,5,3.0355669859078964,2.5602131485714543,0.5343728,3.3442710877203523,304,R,G,R
Q86Y26-4_234-500_processed,A,R304H,14,6,3.0355669859078964,3.772712370515455,0.39674413,1.9523753438332903,304,R,H,R
Q86Y26-4_234-500_processed,A,R304I,14,7,3.0355669859078964,2.8540177271228053,0.34596968,1.4079935413408906,304,R,I,R
Q86Y26-4_234-500_processed,A,R304K,14,8,3.0355669859078964,2.828313162223749,0.39334995,1.9168688851875875,304,R,K,R
Q86Y26-4_234-500_processed,A,R304L,14,9,3.0355669859078964,2.4331137753126835,0.29099193,0.7735715914270227,304,R,L,R
Q86Y26-4_234-500_processed,A,R304M,14,10,3.0355669859078964,3.785956884138847,0.33807454,1.3202835763679577,304,R,M,R
Q86Y26-4_234-500_processed,A,R304N,14,11,3.0355669859078964,3.127101928086014,0.42183077,2.2118440427812893,304,R,N,R
Q86Y26-4_234-500_processed,A,R304P,14,12,3.0355669859078964,3.0805551433480183,0.8130222,6.674421244569544,304,R,P,R
Q86Y26-4_234-500_processed,A,R304Q,14,13,3.0355669859078964,3.3385149556513554,0.38848975,1.8658377038667122,304,R,Q,R
Q86Y26-4_234-500_processed,A,R304R,14,14,3.0355669859078964,3.0355669859078964,0.3475359,1.4252797168873999,304,R,R,R
Q86Y26-4_234-500_processed,A,R304S,14,15,3.0355669859078964,2.8445017352648363,0.48433325,2.843281167771743,304,R,S,R
Q86Y26-4_234-500_processed,A,R304T,14,16,3.0355669859078964,2.8968826778292005,0.42763478,2.271230528977846,304,R,T,R
Q86Y26-4_234-500_processed,A,R304V,14,17,3.0355669859078964,2.623741420309898,0.3403395,1.345545979756241,304,R,V,R
Q86Y26-4_234-500_processed,A,R304W,14,18,3.0355669859078964,4.250501482991098,0.36039254,1.5658479621810442,304,R,W,R
Q86Y26-4_234-500_processed,A,R304Y,14,19,3.0355669859078964,3.311579602010778,0.3921714,1.904515270251858,304,R,Y,R
Q86Y26-4_234-500_processed,A,M305A,10,0,3.785956884138847,2.4839824262174384,0.286276,0.7161502735195854,305,M,A,M
Q86Y26-4_234-500_processed,A,M305C,10,1,3.785956884138847,4.335140045203785,0.34957778,1.44776095531603,305,M,C,M
Q86Y26-4_234-500_processed,A,M305D,10,2,3.785956884138847,2.8246796259135976,0.30316165,0.9192817612588996,305,M,D,M
Q86Y26-4_234-500_processed,A,M305E,10,3,3.785956884138847,2.712832422359037,0.27588207,0.5875480059733204,305,M,E,M
Q86Y26-4_234-500_processed,A,M305F,10,4,3.785956884138847,3.2079371983380796,0.25459608,0.31438016576475325,305,M,F,M
Q86Y26-4_234-500_processed,A,M305G,10,5,3.785956884138847,2.5602131485714543,0.34931386,1.4448585075081066,305,M,G,M
Q86Y26-4_234-500_processed,A,M305H,10,6,3.785956884138847,3.772712370515455,0.25612244,0.3344479012876722,305,M,H,M
Q86Y26-4_234-500_processed,A,M305I,10,7,3.785956884138847,2.8540177271228053,0.26470014,0.44579818150148887,305,M,I,M
Q86Y26-4_234-500_processed,A,M305K,10,8,3.785956884138847,2.828313162223749,0.26785225,0.48613292036179423,305,M,K,M
Q86Y26-4_234-500_processed,A,M305L,10,9,3.785956884138847,2.4331137753126835,0.23736505,0.08204946662434154,305,M,L,M
Q86Y26-4_234-500_processed,A,M305M,10,10,3.785956884138847,3.785956884138847,0.26386753,0.43509273446742547,305,M,M,M
Q86Y26-4_234-500_processed,A,M305N,10,11,3.785956884138847,3.127101928086014,0.29929915,0.8734063245228518,305,M,N,M
Q86Y26-4_234-500_processed,A,M305P,10,12,3.785956884138847,3.0805551433480183,0.64387596,4.480567466534915,305,M,P,M
Q86Y26-4_234-500_processed,A,M305Q,10,13,3.785956884138847,3.3385149556513554,0.28208375,0.6646277318518664,305,M,Q,M
Q86Y26-4_234-500_processed,A,M305R,10,14,3.785956884138847,3.0355669859078964,0.25377208,0.3035136618163603,305,M,R,M
Q86Y26-4_234-500_processed,A,M305S,10,15,3.785956884138847,2.8445017352648363,0.3100647,1.00045793845242,305,M,S,M
Q86Y26-4_234-500_processed,A,M305T,10,16,3.785956884138847,2.8968826778292005,0.3025091,0.9115547226732007,305,M,T,M
Q86Y26-4_234-500_processed,A,M305V,10,17,3.785956884138847,2.623741420309898,0.27470803,0.5728363665634514,305,M,V,M
Q86Y26-4_234-500_processed,A,M305W,10,18,3.785956884138847,4.250501482991098,0.22105329,-0.14884711704808373,305,M,W,M
Q86Y26-4_234-500_processed,A,M305Y,10,19,3.785956884138847,3.311579602010778,0.25937924,0.3770063186096484,305,M,Y,M
Q86Y26-4_234-500_processed,A,I306A,7,0,2.8540177271228053,2.4839824262174384,0.3036124,0.9246138453901656,306,I,A,I
Q86Y26-4_234-500_processed,A,I306C,7,1,2.8540177271228053,4.335140045203785,0.3707678,1.6776891331387394,306,I,C,I
Q86Y26-4_234-500_processed,A,I306D,7,2,2.8540177271228053,2.8246796259135976,0.33140478,1.2454042075152176,306,I,D,I
Q86Y26-4_234-500_processed,A,I306E,7,3,2.8540177271228053,2.712832422359037,0.29755244,0.8525492782770158,306,I,E,I
Q86Y26-4_234-500_processed,A,I306F,7,4,2.8540177271228053,3.2079371983380796,0.2537046,0.302622843140799,306,I,F,I
Q86Y26-4_234-500_processed,A,I306G,7,5,2.8540177271228053,2.5602131485714543,0.38060415,1.7825382057317245,306,I,G,I
Q86Y26-4_234-500_processed,A,I306H,7,6,2.8540177271228053,3.772712370515455,0.26676267,0.4722249448654531,306,I,H,I
Q86Y26-4_234-500_processed,A,I306I,7,7,2.8540177271228053,2.8540177271228053,0.2568846,0.3444390811330317,306,I,I,I
Q86Y26-4_234-500_processed,A,I306K,7,8,2.8540177271228053,2.828313162223749,0.27674282,0.5983093397841857,306,I,K,I
Q86Y26-4_234-500_processed,A,I306L,7,9,2.8540177271228053,2.4331137753126835,0.24038143,0.12352638169006336,306,I,L,I
Q86Y26-4_234-500_processed,A,I306M,7,10,2.8540177271228053,3.785956884138847,0.2719427,0.5380291331941162,306,I,M,I
Q86Y26-4_234-500_processed,A,I306N,7,11,2.8540177271228053,3.127101928086014,0.31593105,1.068663215132797,306,I,N,I
Q86Y26-4_234-500_processed,A,I306P,7,12,2.8540177271228053,3.0805551433480183,0.6991636,5.108295606886942,306,I,P,I
Q86Y26-4_234-500_processed,A,I306Q,7,13,2.8540177271228053,3.3385149556513554,0.3079949,0.9762247721849376,306,I,Q,I
Q86Y26-4_234-500_processed,A,I306R,7,14,2.8540177271228053,3.0355669859078964,0.25936767,0.3768558322832283,306,I,R,I
Q86Y26-4_234-500_processed,A,I306S,7,15,2.8540177271228053,2.8445017352648363,0.31571308,1.0661412820814353,306,I,S,I
Q86Y26-4_234-500_processed,A,I306T,7,16,2.8540177271228053,2.8968826778292005,0.30914783,0.9897343363700281,306,I,T,I
Q86Y26-4_234-500_processed,A,I306V,7,17,2.8540177271228053,2.623741420309898,0.2725575,0.5457865697237121,306,I,V,I
Q86Y26-4_234-500_processed,A,I306W,7,18,2.8540177271228053,4.250501482991098,0.22607215,-0.07656117608373314,306,I,W,I
Q86Y26-4_234-500_processed,A,I306Y,7,19,2.8540177271228053,3.311579602010778,0.2522335,0.283161275400583,306,I,Y,I
Q86Y26-4_234-500_processed,A,F307A,4,0,3.2079371983380796,2.4839824262174384,0.5831704,3.8395049430721717,307,F,A,F
Q86Y26-4_234-500_processed,A,F307C,4,1,3.2079371983380796,4.335140045203785,0.5958171,3.9701654928622987,307,F,C,F
Q86Y26-4_234-500_processed,A,F307D,4,2,3.2079371983380796,2.8246796259135976,0.66846174,4.753089861551989,307,F,D,F
Q86Y26-4_234-500_processed,A,F307E,4,3,3.2079371983380796,2.712832422359037,0.64935535,4.540516981237714,307,F,E,F
Q86Y26-4_234-500_processed,A,F307F,4,4,3.2079371983380796,3.2079371983380796,0.24199341,0.1455460694865951,307,F,F,F
Q86Y26-4_234-500_processed,A,F307G,4,5,3.2079371983380796,2.5602131485714543,0.7292688,5.477289718411858,307,F,G,F
Q86Y26-4_234-500_processed,A,F307H,4,6,3.2079371983380796,3.772712370515455,0.42949826,2.290253628913759,307,F,H,F
Q86Y26-4_234-500_processed,A,F307I,4,7,3.2079371983380796,2.8540177271228053,0.51149356,3.1149558872426484,307,F,I,F
Q86Y26-4_234-500_processed,A,F307K,4,8,3.2079371983380796,2.828313162223749,0.66713285,4.738114400386293,307,F,K,F
Q86Y26-4_234-500_processed,A,F307L,4,9,3.2079371983380796,2.4331137753126835,0.42363027,2.2302792806031126,307,F,L,F
Q86Y26-4_234-500_processed,A,F307M,4,10,3.2079371983380796,3.785956884138847,0.45924824,2.591576478405313,307,F,M,F
Q86Y26-4_234-500_processed,A,F307N,4,11,3.2079371983380796,3.127101928086014,0.56135213,3.616628584496174,307,F,N,F
Q86Y26-4_234-500_processed,A,F307P,4,12,3.2079371983380796,3.0805551433480183,0.8739989,7.841970754726751,307,F,P,F
Q86Y26-4_234-500_processed,A,F307Q,4,13,3.2079371983380796,3.3385149556513554,0.5645471,3.6490931636050306,307,F,Q,F
Q86Y26-4_234-500_processed,A,F307R,4,14,3.2079371983380796,3.0355669859078964,0.575186,3.7576052467308263,307,F,R,F
Q86Y26-4_234-500_processed,A,F307S,4,15,3.2079371983380796,2.8445017352648363,0.64612526,4.505125910375238,307,F,S,F
Q86Y26-4_234-500_processed,A,F307T,4,16,3.2079371983380796,2.8968826778292005,0.58140373,3.8213462844588535,307,F,T,F
Q86Y26-4_234-500_processed,A,F307V,4,17,3.2079371983380796,2.623741420309898,0.5089165,3.0891744260600795,307,F,V,F
Q86Y26-4_234-500_processed,A,F307W,4,18,3.2079371983380796,4.250501482991098,0.27520904,0.5791191733820852,307,F,W,F
Q86Y26-4_234-500_processed,A,F307Y,4,19,3.2079371983380796,3.311579602010778,0.25738865,0.3510359520129014,307,F,Y,F
Q86Y26-4_234-500_processed,A,Y308A,19,0,3.311579602010778,2.4839824262174384,0.43438002,2.3399933820576644,308,Y,A,Y
Q86Y26-4_234-500_processed,A,Y308C,19,1,3.311579602010778,4.335140045203785,0.47604176,2.760234027766819,308,Y,C,Y
Q86Y26-4_234-500_processed,A,Y308D,19,2,3.311579602010778,2.8246796259135976,0.49021202,2.902107726609293,308,Y,D,Y
Q86Y26-4_234-500_processed,A,Y308E,19,3,3.311579602010778,2.712832422359037,0.4488694,2.4869005029615567,308,Y,E,Y
Q86Y26-4_234-500_processed,A,Y308F,19,4,3.311579602010778,3.2079371983380796,0.23864314,0.09966778065049753,308,Y,F,Y
Q86Y26-4_234-500_processed,A,Y308G,19,5,3.311579602010778,2.5602131485714543,0.5440265,3.4414081025775025,308,Y,G,Y
Q86Y26-4_234-500_processed,A,Y308H,19,6,3.311579602010778,3.772712370515455,0.3504624,1.4574818261855655,308,Y,H,Y
Q86Y26-4_234-500_processed,A,Y308I,19,7,3.311579602010778,2.8540177271228053,0.33752346,1.3141246870770646,308,Y,I,Y
Q86Y26-4_234-500_processed,A,Y308K,19,8,3.311579602010778,2.828313162223749,0.41536132,2.145386890269784,308,Y,K,Y
Q86Y26-4_234-500_processed,A,Y308L,19,9,3.311579602010778,2.4331137753126835,0.30067855,0.8898281295437172,308,Y,L,Y
Q86Y26-4_234-500_processed,A,Y308M,19,10,3.311579602010778,3.785956884138847,0.3447027,1.3939831001251282,308,Y,M,Y
Q86Y26-4_234-500_processed,A,Y308N,19,11,3.311579602010778,3.127101928086014,0.44823506,2.4804891981206265,308,Y,N,Y
Q86Y26-4_234-500_processed,A,Y308P,19,12,3.311579602010778,3.0805551433480183,0.7943629,6.378568652798756,308,Y,P,Y
Q86Y26-4_234-500_processed,A,Y308Q,19,13,3.311579602010778,3.3385149556513554,0.42413783,2.2354753307516115,308,Y,Q,Y
Q86Y26-4_234-500_processed,A,Y308R,19,14,3.311579602010778,3.0355669859078964,0.3652343,1.6182076222012145,308,Y,R,Y
Q86Y26-4_234-500_processed,A,Y308S,19,15,3.311579602010778,2.8445017352648363,0.49151433,2.9151351030050234,308,Y,S,Y
Q86Y26-4_234-500_processed,A,Y308T,19,16,3.311579602010778,2.8968826778292005,0.44148302,2.4121363544222794,308,Y,T,Y
Q86Y26-4_234-500_processed,A,Y308V,19,17,3.311579602010778,2.623741420309898,0.35204744,1.4748711757720459,308,Y,V,Y
Q86Y26-4_234-500_processed,A,Y308W,19,18,3.311579602010778,4.250501482991098,0.24301158,0.15940283636680042,308,Y,W,Y
Q86Y26-4_234-500_processed,A,Y308Y,19,19,3.311579602010778,3.311579602010778,0.2545549,0.31383756812173536,308,Y,Y,Y
Q86Y26-4_234-500_processed,A,E309A,3,0,2.712832422359037,2.4839824262174384,0.23862983,0.09948468304107116,309,E,A,E
Q86Y26-4_234-500_processed,A,E309C,3,1,2.712832422359037,4.335140045203785,0.3055646,0.9476553220901603,309,E,C,E
Q86Y26-4_234-500_processed,A,E309D,3,2,2.712832422359037,2.8246796259135976,0.2528033,0.29070805900486885,309,E,D,E
Q86Y26-4_234-500_processed,A,E309E,3,3,2.712832422359037,2.712832422359037,0.22872978,-0.038743649514583756,309,E,E,E
Q86Y26-4_234-500_processed,A,E309F,3,4,2.712832422359037,3.2079371983380796,0.21789497,-0.1949396881148363,309,E,F,E
Q86Y26-4_234-500_processed,A,E309G,3,5,2.712832422359037,2.5602131485714543,0.29451516,0.8161130227893565,309,E,G,E
Q86Y26-4_234-500_processed,A,E309H,3,6,2.712832422359037,3.772712370515455,0.22132868,-0.14485054869253722,309,E,H,E
Q86Y26-4_234-500_processed,A,E309I,3,7,2.712832422359037,2.8540177271228053,0.20854339,-0.3343198313430096,309,E,I,E
Q86Y26-4_234-500_processed,A,E309K,3,8,2.712832422359037,2.828313162223749,0.22446543,-0.09957712968567511,309,E,K,E
Q86Y26-4_234-500_processed,A,E309L,3,9,2.712832422359037,2.4331137753126835,0.19631317,-0.523746179523481,309,E,L,E
Q86Y26-4_234-500_processed,A,E309M,3,10,2.712832422359037,3.785956884138847,0.22325476,-0.11699726817102185,309,E,M,E
Q86Y26-4_234-500_processed,A,E309N,3,11,2.712832422359037,3.127101928086014,0.2451131,0.18787956184250054,309,E,N,E
Q86Y26-4_234-500_processed,A,E309P,3,12,2.712832422359037,3.0805551433480183,0.8230958,6.843660609588946,309,E,P,E
Q86Y26-4_234-500_processed,A,E309Q,3,13,2.712832422359037,3.3385149556513554,0.24906889,0.24103896792674273,309,E,Q,E
Q86Y26-4_234-500_processed,A,E309R,3,14,2.712832422359037,3.0355669859078964,0.21032041,-0.30748783085200015,309,E,R,E
Q86Y26-4_234-500_processed,A,E309S,3,15,2.712832422359037,2.8445017352648363,0.2646808,0.44554973876145487,309,E,S,E
Q86Y26-4_234-500_processed,A,E309T,3,16,2.712832422359037,2.8968826778292005,0.24541682,0.1919813850606017,309,E,T,E
Q86Y26-4_234-500_processed,A,E309V,3,17,2.712832422359037,2.623741420309898,0.22374165,-0.10998337165945782,309,E,V,E
Q86Y26-4_234-500_processed,A,E309W,3,18,2.712832422359037,4.250501482991098,0.1827993,-0.7437398151120639,309,E,W,E
Q86Y26-4_234-500_processed,A,E309Y,3,19,2.712832422359037,3.311579602010778,0.22170998,-0.13932272655888367,309,E,Y,E
Q86Y26-4_234-500_processed,A,M310A,10,0,3.785956884138847,2.4839824262174384,0.33161867,1.2478171134390859,310,M,A,M
Q86Y26-4_234-500_processed,A,M310C,10,1,3.785956884138847,4.335140045203785,0.37115866,1.6818766015619595,310,M,C,M
Q86Y26-4_234-500_processed,A,M310D,10,2,3.785956884138847,2.8246796259135976,0.39798513,1.9653312476638285,310,M,D,M
Q86Y26-4_234-500_processed,A,M310E,10,3,3.785956884138847,2.712832422359037,0.34101418,1.3530550701946291,310,M,E,M
Q86Y26-4_234-500_processed,A,M310F,10,4,3.785956884138847,3.2079371983380796,0.26066443,0.3937049590212155,310,M,F,M
Q86Y26-4_234-500_processed,A,M310G,10,5,3.785956884138847,2.5602131485714543,0.44797966,2.477907328727782,310,M,G,M
Q86Y26-4_234-500_processed,A,M310H,10,6,3.785956884138847,3.772712370515455,0.3036694,0.9252875732072285,310,M,H,M
Q86Y26-4_234-500_processed,A,M310I,10,7,3.785956884138847,2.8540177271228053,0.24091172,0.13078122425143224,310,M,I,M
Q86Y26-4_234-500_processed,A,M310K,10,8,3.785956884138847,2.828313162223749,0.33687007,1.3068159558381742,310,M,K,M
Q86Y26-4_234-500_processed,A,M310L,10,9,3.785956884138847,2.4331137753126835,0.22448692,-0.09926855521961375,310,M,L,M
Q86Y26-4_234-500_processed,A,M310M,10,10,3.785956884138847,3.785956884138847,0.2645513,0.4438861362491181,310,M,M,M
Q86Y26-4_234-500_processed,A,M310N,10,11,3.785956884138847,3.127101928086014,0.33947912,1.3359592517810719,310,M,N,M
Q86Y26-4_234-500_processed,A,M310P,10,12,3.785956884138847,3.0805551433480183,0.6287933,4.317608830216991,310,M,P,M
Q86Y26-4_234-500_processed,A,M310Q,10,13,3.785956884138847,3.3385149556513554,0.32755613,1.2018520031019893,310,M,Q,M
Q86Y26-4_234-500_processed,A,M310R,10,14,3.785956884138847,3.0355669859078964,0.2958609,0.8322835628068553,310,M,R,M
Q86Y26-4_234-500_processed,A,M310S,10,15,3.785956884138847,2.8445017352648363,0.37344065,1.7062890009175868,310,M,S,M
Q86Y26-4_234-500_processed,A,M310T,10,16,3.785956884138847,2.8968826778292005,0.31262296,1.0302873038573284,310,M,T,M
Q86Y26-4_234-500_processed,A,M310V,10,17,3.785956884138847,2.623741420309898,0.25813696,0.3608141045297675,310,M,V,M
Q86Y26-4_234-500_processed,A,M310W,10,18,3.785956884138847,4.250501482991098,0.24426986,0.1764731449449214,310,M,W,M
Q86Y26-4_234-500_processed,A,M310Y,10,19,3.785956884138847,3.311579602010778,0.27354702,0.5582494619618708,310,M,Y,M
Q86Y26-4_234-500_processed,A,A311A,0,0,2.4839824262174384,2.4839824262174384,0.31032062,1.0034479459039474,311,A,A,A
Q86Y26-4_234-500_processed,A,A311C,0,1,2.4839824262174384,4.335140045203785,0.37675092,1.7415950429233487,311,A,C,A
Q86Y26-4_234-500_processed,A,A311D,0,2,2.4839824262174384,2.8246796259135976,0.5585823,3.5885259947732244,311,A,D,A
Q86Y26-4_234-500_processed,A,A311E,0,3,2.4839824262174384,2.712832422359037,0.5297991,3.2983446072467304,311,A,E,A
Q86Y26-4_234-500_processed,A,A311F,0,4,2.4839824262174384,3.2079371983380796,0.33756185,1.314553847238385,311,A,F,A
Q86Y26-4_234-500_processed,A,A311G,0,5,2.4839824262174384,2.5602131485714543,0.43364817,2.3325451009067466,311,A,G,A
Q86Y26-4_234-500_processed,A,A311H,0,6,2.4839824262174384,3.772712370515455,0.43038887,2.2993381004069366,311,A,H,A
Q86Y26-4_234-500_processed,A,A311I,0,7,2.4839824262174384,2.8540177271228053,0.45233506,2.5218987759144187,311,A,I,A
Q86Y26-4_234-500_processed,A,A311K,0,8,2.4839824262174384,2.828313162223749,0.53713614,3.3720464996122828,311,A,K,A
Q86Y26-4_234-500_processed,A,A311L,0,9,2.4839824262174384,2.4331137753126835,0.38768536,1.8573695213629575,311,A,L,A
Q86Y26-4_234-500_processed,A,A311M,0,10,2.4839824262174384,3.785956884138847,0.3878858,1.8594803441586822,311,A,M,A
Q86Y26-4_234-500_processed,A,A311N,0,11,2.4839824262174384,3.127101928086014,0.43621853,2.358691553143376,311,A,N,A
Q86Y26-4_234-500_processed,A,A311P,0,12,2.4839824262174384,3.0805551433480183,0.9075986,8.711650638787068,311,A,P,A
Q86Y26-4_234-500_processed,A,A311Q,0,13,2.4839824262174384,3.3385149556513554,0.45513016,2.5500912573454806,311,A,Q,A
Q86Y26-4_234-500_processed,A,A311R,0,14,2.4839824262174384,3.0355669859078964,0.4294349,2.28960716704071,311,A,R,A
Q86Y26-4_234-500_processed,A,A311S,0,15,2.4839824262174384,2.8445017352648363,0.38710093,1.8512130198645254,311,A,S,A
Q86Y26-4_234-500_processed,A,A311T,0,16,2.4839824262174384,2.8968826778292005,0.3877264,1.857801698295064,311,A,T,A
Q86Y26-4_234-500_processed,A,A311V,0,17,2.4839824262174384,2.623741420309898,0.36698365,1.6370526364054012,311,A,V,A
Q86Y26-4_234-500_processed,A,A311W,0,18,2.4839824262174384,4.250501482991098,0.3421285,1.36544177325778,311,A,W,A
Q86Y26-4_234-500_processed,A,A311Y,0,19,2.4839824262174384,3.311579602010778,0.37716743,1.7460287012267972,311,A,Y,A
Q86Y26-4_234-500_processed,A,E312A,3,0,2.712832422359037,2.4839824262174384,0.2440608,0.17364105523551443,312,E,A,E
Q86Y26-4_234-500_processed,A,E312C,3,1,2.712832422359037,4.335140045203785,0.29999882,0.8817412993488599,312,E,C,E
Q86Y26-4_234-500_processed,A,E312D,3,2,2.712832422359037,2.8246796259135976,0.2646918,0.44569099653643585,312,E,D,E
Q86Y26-4_234-500_processed,A,E312E,3,3,2.712832422359037,2.712832422359037,0.23056075,-0.01286904724994542,312,E,E,E
Q86Y26-4_234-500_processed,A,E312F,3,4,2.712832422359037,3.2079371983380796,0.20889328,-0.3290233788116076,312,E,F,E
Q86Y26-4_234-500_processed,A,E312G,3,5,2.712832422359037,2.5602131485714543,0.30823004,0.9789823155794138,312,E,G,E
Q86Y26-4_234-500_processed,A,E312H,3,6,2.712832422359037,3.772712370515455,0.2158992,-0.2243148896647057,312,E,H,E
Q86Y26-4_234-500_processed,A,E312I,3,7,2.712832422359037,2.8540177271228053,0.19426265,-0.556366721476117,312,E,I,E
Q86Y26-4_234-500_processed,A,E312K,3,8,2.712832422359037,2.828313162223749,0.22591181,-0.07885275026411676,312,E,K,E
Q86Y26-4_234-500_processed,A,E312L,3,9,2.712832422359037,2.4331137753126835,0.19288427,-0.5784417930039465,312,E,L,E
Q86Y26-4_234-500_processed,A,E312M,3,10,2.712832422359037,3.785956884138847,0.21879591,-0.1817426355670443,312,E,M,E
Q86Y26-4_234-500_processed,A,E312N,3,11,2.712832422359037,3.127101928086014,0.24677463,0.21027751278248796,312,E,N,E
Q86Y26-4_234-500_processed,A,E312P,3,12,2.712832422359037,3.0805551433480183,0.72846824,5.4671622811879415,312,E,P,E
Q86Y26-4_234-500_processed,A,E312Q,3,13,2.712832422359037,3.3385149556513554,0.24275108,0.15586128794250975,312,E,Q,E
Q86Y26-4_234-500_processed,A,E312R,3,14,2.712832422359037,3.0355669859078964,0.21067765,-0.30211382748274285,312,E,R,E
Q86Y26-4_234-500_processed,A,E312S,3,15,2.712832422359037,2.8445017352648363,0.26418224,0.43914171868742635,312,E,S,E
Q86Y26-4_234-500_processed,A,E312T,3,16,2.712832422359037,2.8968826778292005,0.2406073,0.12661785952539417,312,E,T,E
Q86Y26-4_234-500_processed,A,E312V,3,17,2.712832422359037,2.623741420309898,0.20752314,-0.349801178227388,312,E,V,E
Q86Y26-4_234-500_processed,A,E312W,3,18,2.712832422359037,4.250501482991098,0.18042508,-0.7836755223981229,312,E,W,E
Q86Y26-4_234-500_processed,A,E312Y,3,19,2.712832422359037,3.311579602010778,0.21246938,-0.27526086067660716,312,E,Y,E
Q86Y26-4_234-500_processed,A,R313A,14,0,3.0355669859078964,2.4839824262174384,0.2914086,0.7786183565875767,313,R,A,R
Q86Y26-4_234-500_processed,A,R313C,14,1,3.0355669859078964,4.335140045203785,0.37246948,1.6959070371624476,313,R,C,R
Q86Y26-4_234-500_processed,A,R313D,14,2,3.0355669859078964,2.8246796259135976,0.3652635,1.6185225592980919,313,R,D,R
Q86Y26-4_234-500_processed,A,R313E,14,3,3.0355669859078964,2.712832422359037,0.30371192,0.9257903560359806,313,R,E,R
Q86Y26-4_234-500_processed,A,R313F,14,4,3.0355669859078964,3.2079371983380796,0.27446103,0.5697362572948428,313,R,F,R
Q86Y26-4_234-500_processed,A,R313G,14,5,3.0355669859078964,2.5602131485714543,0.38748956,1.855307269511216,313,R,G,R
Q86Y26-4_234-500_processed,A,R313H,14,6,3.0355669859078964,3.772712370515455,0.28658658,0.7199490459849475,313,R,H,R
Q86Y26-4_234-500_processed,A,R313I,14,7,3.0355669859078964,2.8540177271228053,0.25500694,0.3197896330490485,313,R,I,R
Q86Y26-4_234-500_processed,A,R313K,14,8,3.0355669859078964,2.828313162223749,0.278378,0.6186962375639745,313,R,K,R
Q86Y26-4_234-500_processed,A,R313L,14,9,3.0355669859078964,2.4331137753126835,0.21716835,-0.20561207632029677,313,R,L,R
Q86Y26-4_234-500_processed,A,R313M,14,10,3.0355669859078964,3.785956884138847,0.26193342,0.41014072991946204,313,R,M,R
Q86Y26-4_234-500_processed,A,R313N,14,11,3.0355669859078964,3.127101928086014,0.3146748,1.0541155744274988,313,R,N,R
Q86Y26-4_234-500_processed,A,R313P,14,12,3.0355669859078964,3.0805551433480183,0.8889793,8.200893599734838,313,R,P,R
Q86Y26-4_234-500_processed,A,R313Q,14,13,3.0355669859078964,3.3385149556513554,0.2963716,0.838409348752935,313,R,Q,R
Q86Y26-4_234-500_processed,A,R313R,14,14,3.0355669859078964,3.0355669859078964,0.23959817,0.11279052704804948,313,R,R,R
Q86Y26-4_234-500_processed,A,R313S,14,15,3.0355669859078964,2.8445017352648363,0.33277935,1.2608971186597067,313,R,S,R
Q86Y26-4_234-500_processed,A,R313T,14,16,3.0355669859078964,2.8968826778292005,0.30261883,0.9128547495142608,313,R,T,R
Q86Y26-4_234-500_processed,A,R313V,14,17,3.0355669859078964,2.623741420309898,0.2695519,0.5077569612577251,313,R,V,R
Q86Y26-4_234-500_processed,A,R313W,14,18,3.0355669859078964,4.250501482991098,0.2259444,-0.07838688820122397,313,R,W,R
Q86Y26-4_234-500_processed,A,R313Y,14,19,3.0355669859078964,3.311579602010778,0.27897954,0.6261773275556226,313,R,Y,R
Q86Y26-4_234-500_processed,A,F314A,4,0,3.2079371983380796,2.4839824262174384,0.59433025,3.954739353484583,314,F,A,F
Q86Y26-4_234-500_processed,A,F314C,4,1,3.2079371983380796,4.335140045203785,0.6447746,4.490370874034489,314,F,C,F
Q86Y26-4_234-500_processed,A,F314D,4,2,3.2079371983380796,2.8246796259135976,0.70147175,5.13579010101422,314,F,D,F
Q86Y26-4_234-500_processed,A,F314E,4,3,3.2079371983380796,2.712832422359037,0.6614648,4.674571852319018,314,F,E,F
Q86Y26-4_234-500_processed,A,F314F,4,4,3.2079371983380796,3.2079371983380796,0.25505778,0.32045864895979936,314,F,F,F
Q86Y26-4_234-500_processed,A,F314G,4,5,3.2079371983380796,2.5602131485714543,0.75287205,5.784972683281356,314,F,G,F
Q86Y26-4_234-500_processed,A,F314H,4,6,3.2079371983380796,3.772712370515455,0.44287464,2.426241184476065,314,F,H,F
Q86Y26-4_234-500_processed,A,F314I,4,7,3.2079371983380796,2.8540177271228053,0.49022627,2.902250236243112,314,F,I,F
Q86Y26-4_234-500_processed,A,F314K,4,8,3.2079371983380796,2.828313162223749,0.6768583,4.8484276141165425,314,F,K,F
Q86Y26-4_234-500_processed,A,F314L,4,9,3.2079371983380796,2.4331137753126835,0.38297892,1.8076918591191393,314,F,L,F
Q86Y26-4_234-500_processed,A,F314M,4,10,3.2079371983380796,3.785956884138847,0.41281405,2.119139258259397,314,F,M,F
Q86Y26-4_234-500_processed,A,F314N,4,11,3.2079371983380796,3.127101928086014,0.58953285,3.905086378159338,314,F,N,F
Q86Y26-4_234-500_processed,A,F314P,4,12,3.2079371983380796,3.0805551433480183,0.93966043,9.863826142699837,314,F,P,F
Q86Y26-4_234-500_processed,A,F314Q,4,13,3.2079371983380796,3.3385149556513554,0.5611416,3.614491278740578,314,F,Q,F
Q86Y26-4_234-500_processed,A,F314R,4,14,3.2079371983380796,3.0355669859078964,0.5506537,3.5082806051040514,314,F,R,F
Q86Y26-4_234-500_processed,A,F314S,4,15,3.2079371983380796,2.8445017352648363,0.7081835,5.216445478615673,314,F,S,F
Q86Y26-4_234-500_processed,A,F314T,4,16,3.2079371983380796,2.8968826778292005,0.6535771,4.5870004398660535,314,F,T,F
Q86Y26-4_234-500_processed,A,F314V,4,17,3.2079371983380796,2.623741420309898,0.52783155,3.2786035222700005,314,F,V,F
Q86Y26-4_234-500_processed,A,F314W,4,18,3.2079371983380796,4.250501482991098,0.28164995,0.6592699718731004,314,F,W,F
Q86Y26-4_234-500_processed,A,F314Y,4,19,3.2079371983380796,3.311579602010778,0.28919747,0.7517877732077366,314,F,Y,F
Q86Y26-4_234-500_processed,A,M315A,10,0,3.785956884138847,2.4839824262174384,0.3186576,1.1001305844805842,315,M,A,M
Q86Y26-4_234-500_processed,A,M315C,10,1,3.785956884138847,4.335140045203785,0.38102117,1.7869596844434283,315,M,C,M
Q86Y26-4_234-500_processed,A,M315D,10,2,3.785956884138847,2.8246796259135976,0.371562,1.686195957843191,315,M,D,M
Q86Y26-4_234-500_processed,A,M315E,10,3,3.785956884138847,2.712832422359037,0.3286873,1.2146795997450544,315,M,E,M
Q86Y26-4_234-500_processed,A,M315F,10,4,3.785956884138847,3.2079371983380796,0.25598764,0.3326788412352405,315,M,F,M
Q86Y26-4_234-500_processed,A,M315G,10,5,3.785956884138847,2.5602131485714543,0.41344324,2.1256269669359766,315,M,G,M
Q86Y26-4_234-500_processed,A,M315H,10,6,3.785956884138847,3.772712370515455,0.28573507,0.7095277808984692,315,M,H,M
Q86Y26-4_234-500_processed,A,M315I,10,7,3.785956884138847,2.8540177271228053,0.2422708,0.14932507314044274,315,M,I,M
Q86Y26-4_234-500_processed,A,M315K,10,8,3.785956884138847,2.828313162223749,0.3147241,1.0546869853863285,315,M,K,M
Q86Y26-4_234-500_processed,A,M315L,10,9,3.785956884138847,2.4331137753126835,0.22083253,-0.15205347833393168,315,M,L,M
Q86Y26-4_234-500_processed,A,M315M,10,10,3.785956884138847,3.785956884138847,0.2615613,0.405326507122315,315,M,M,M
Q86Y26-4_234-500_processed,A,M315N,10,11,3.785956884138847,3.127101928086014,0.33684918,1.3065821508882196,315,M,N,M
Q86Y26-4_234-500_processed,A,M315P,10,12,3.785956884138847,3.0805551433480183,0.6996856,5.1145025991428135,315,M,P,M
Q86Y26-4_234-500_processed,A,M315Q,10,13,3.785956884138847,3.3385149556513554,0.32372046,1.158184580666101,315,M,Q,M
Q86Y26-4_234-500_processed,A,M315R,10,14,3.785956884138847,3.0355669859078964,0.27454832,0.5708320417284798,315,M,R,M
Q86Y26-4_234-500_processed,A,M315S,10,15,3.785956884138847,2.8445017352648363,0.35450718,1.5017862603463938,315,M,S,M
Q86Y26-4_234-500_processed,A,M315T,10,16,3.785956884138847,2.8968826778292005,0.32525757,1.1757158915416217,315,M,T,M
Q86Y26-4_234-500_processed,A,M315V,10,17,3.785956884138847,2.623741420309898,0.27471596,0.5729358346204516,315,M,V,M
Q86Y26-4_234-500_processed,A,M315W,10,18,3.785956884138847,4.250501482991098,0.24327007,0.16291448913962336,315,M,W,M
Q86Y26-4_234-500_processed,A,M315Y,10,19,3.785956884138847,3.311579602010778,0.27298158,0.5511313167127635,315,M,Y,M
Q86Y26-4_234-500_processed,A,E316A,3,0,2.712832422359037,2.4839824262174384,0.2506723,0.26242540073132203,316,E,A,E
Q86Y26-4_234-500_processed,A,E316C,3,1,2.712832422359037,4.335140045203785,0.30340263,0.922132911417668,316,E,C,E
Q86Y26-4_234-500_processed,A,E316D,3,2,2.712832422359037,2.8246796259135976,0.24746476,0.21955092012961752,316,E,D,E
Q86Y26-4_234-500_processed,A,E316E,3,3,2.712832422359037,2.712832422359037,0.22962025,-0.026141821323713565,316,E,E,E
Q86Y26-4_234-500_processed,A,E316F,3,4,2.712832422359037,3.2079371983380796,0.20985165,-0.314549614394789,316,E,F,E
Q86Y26-4_234-500_processed,A,E316G,3,5,2.712832422359037,2.5602131485714543,0.2962816,0.8373302646765085,316,E,G,E
Q86Y26-4_234-500_processed,A,E316H,3,6,2.712832422359037,3.772712370515455,0.22198988,-0.13526926941781703,316,E,H,E
Q86Y26-4_234-500_processed,A,E316I,3,7,2.712832422359037,2.8540177271228053,0.21001762,-0.3120480007774312,316,E,I,E
Q86Y26-4_234-500_processed,A,E316K,3,8,2.712832422359037,2.828313162223749,0.2407898,0.12911419039832617,316,E,K,E
Q86Y26-4_234-500_processed,A,E316L,3,9,2.712832422359037,2.4331137753126835,0.19777173,-0.5006992970855167,316,E,L,E
Q86Y26-4_234-500_processed,A,E316M,3,10,2.712832422359037,3.785956884138847,0.22451712,-0.09883483172605068,316,E,M,E
Q86Y26-4_234-500_processed,A,E316N,3,11,2.712832422359037,3.127101928086014,0.24768566,0.2225154463782486,316,E,N,E
Q86Y26-4_234-500_processed,A,E316P,3,12,2.712832422359037,3.0805551433480183,0.7361213,5.564763427549361,316,E,P,E
Q86Y26-4_234-500_processed,A,E316Q,3,13,2.712832422359037,3.3385149556513554,0.24987447,0.25179529966752157,316,E,Q,E
Q86Y26-4_234-500_processed,A,E316R,3,14,2.712832422359037,3.0355669859078964,0.22528167,-0.0878700705992469,316,E,R,E
Q86Y26-4_234-500_processed,A,E316S,3,15,2.712832422359037,2.8445017352648363,0.2686293,0.49602995306662234,316,E,S,E
Q86Y26-4_234-500_processed,A,E316T,3,16,2.712832422359037,2.8968826778292005,0.24967858,0.24918186591688485,316,E,T,E
Q86Y26-4_234-500_processed,A,E316V,3,17,2.712832422359037,2.623741420309898,0.22165626,-0.14010107904057933,316,E,V,E
Q86Y26-4_234-500_processed,A,E316W,3,18,2.712832422359037,4.250501482991098,0.18433556,-0.7181131379181305,316,E,W,E
Q86Y26-4_234-500_processed,A,E316Y,3,19,2.712832422359037,3.311579602010778,0.21689788,-0.2095912356723978,316,E,Y,E
Q86Y26-4_234-500_processed,A,F317A,4,0,3.2079371983380796,2.4839824262174384,0.45586446,2.557492888339943,317,F,A,F
Q86Y26-4_234-500_processed,A,F317C,4,1,3.2079371983380796,4.335140045203785,0.5149835,3.149879627702782,317,F,C,F
Q86Y26-4_234-500_processed,A,F317D,4,2,3.2079371983380796,2.8246796259135976,0.5557669,3.5599986453413157,317,F,D,F
Q86Y26-4_234-500_processed,A,F317E,4,3,3.2079371983380796,2.712832422359037,0.50110066,3.0110066114803637,317,F,E,F
Q86Y26-4_234-500_processed,A,F317F,4,4,3.2079371983380796,3.2079371983380796,0.26981798,0.5111343214004604,317,F,F,F
Q86Y26-4_234-500_processed,A,F317G,4,5,3.2079371983380796,2.5602131485714543,0.59729564,3.9855237834348887,317,F,G,F
Q86Y26-4_234-500_processed,A,F317H,4,6,3.2079371983380796,3.772712370515455,0.39078268,1.8899414141637645,317,F,H,F
Q86Y26-4_234-500_processed,A,F317I,4,7,3.2079371983380796,2.8540177271228053,0.32961637,1.225198306430281,317,F,I,F
Q86Y26-4_234-500_processed,A,F317K,4,8,3.2079371983380796,2.828313162223749,0.48911136,2.891096420871953,317,F,K,F
Q86Y26-4_234-500_processed,A,F317L,4,9,3.2079371983380796,2.4331137753126835,0.29393104,0.8090806466841216,317,F,L,F
Q86Y26-4_234-500_processed,A,F317M,4,10,3.2079371983380796,3.785956884138847,0.3511985,1.465561878739236,317,F,M,F
Q86Y26-4_234-500_processed,A,F317N,4,11,3.2079371983380796,3.127101928086014,0.46441975,2.6435951194834555,317,F,N,F
Q86Y26-4_234-500_processed,A,F317P,4,12,3.2079371983380796,3.0805551433480183,0.9173049,9.015698036242972,317,F,P,F
Q86Y26-4_234-500_processed,A,F317Q,4,13,3.2079371983380796,3.3385149556513554,0.45629388,2.5618204977616346,317,F,Q,F
Q86Y26-4_234-500_processed,A,F317R,4,14,3.2079371983380796,3.0355669859078964,0.40928695,2.0827152912001914,317,F,R,F
Q86Y26-4_234-500_processed,A,F317S,4,15,3.2079371983380796,2.8445017352648363,0.54311883,3.432262046714792,317,F,S,F
Q86Y26-4_234-500_processed,A,F317T,4,16,3.2079371983380796,2.8968826778292005,0.4751409,2.75120385920248,317,F,T,F
Q86Y26-4_234-500_processed,A,F317V,4,17,3.2079371983380796,2.623741420309898,0.3768873,1.743046917473609,317,F,V,F
Q86Y26-4_234-500_processed,A,F317W,4,18,3.2079371983380796,4.250501482991098,0.27813095,0.6156207186089702,317,F,W,F
Q86Y26-4_234-500_processed,A,F317Y,4,19,3.2079371983380796,3.311579602010778,0.3010849,0.894657592522165,317,F,Y,F
Q86Y26-4_234-500_processed,A,E318A,3,0,2.712832422359037,2.4839824262174384,0.27286512,0.5496640002645153,318,E,A,E
Q86Y26-4_234-500_processed,A,E318C,3,1,2.712832422359037,4.335140045203785,0.35946748,1.5558095161940362,318,E,C,E
Q86Y26-4_234-500_processed,A,E318D,3,2,2.712832422359037,2.8246796259135976,0.2912308,0.7764653113067477,318,E,D,E
Q86Y26-4_234-500_processed,A,E318E,3,3,2.712832422359037,2.712832422359037,0.2719714,0.5383915089025748,318,E,E,E
Q86Y26-4_234-500_processed,A,E318F,3,4,2.712832422359037,3.2079371983380796,0.25043437,0.2592575132614977,318,E,F,E
Q86Y26-4_234-500_processed,A,E318G,3,5,2.712832422359037,2.5602131485714543,0.36595047,1.6259272532081377,318,E,G,E
Q86Y26-4_234-500_processed,A,E318H,3,6,2.712832422359037,3.772712370515455,0.26788998,0.48661388195746114,318,E,H,E
Q86Y26-4_234-500_processed,A,E318I,3,7,2.712832422359037,2.8540177271228053,0.25373906,0.30307771531955574,318,E,I,E
Q86Y26-4_234-500_processed,A,E318K,3,8,2.712832422359037,2.828313162223749,0.28960794,0.756777681692688,318,E,K,E
Q86Y26-4_234-500_processed,A,E318L,3,9,2.712832422359037,2.4331137753126835,0.22893193,-0.03587981629180059,318,E,L,E
Q86Y26-4_234-500_processed,A,E318M,3,10,2.712832422359037,3.785956884138847,0.2605535,0.392265819325881,318,E,M,E
Q86Y26-4_234-500_processed,A,E318N,3,11,2.712832422359037,3.127101928086014,0.30888793,0.9866913079872671,318,E,N,E
Q86Y26-4_234-500_processed,A,E318P,3,12,2.712832422359037,3.0805551433480183,0.8592137,7.52193653026525,318,E,P,E
Q86Y26-4_234-500_processed,A,E318Q,3,13,2.712832422359037,3.3385149556513554,0.29051194,0.7677524740939853,318,E,Q,E
Q86Y26-4_234-500_processed,A,E318R,3,14,2.712832422359037,3.0355669859078964,0.2776948,0.6101871563439881,318,E,R,E
Q86Y26-4_234-500_processed,A,E318S,3,15,2.712832422359037,2.8445017352648363,0.3254582,1.1780009612341138,318,E,S,E
Q86Y26-4_234-500_processed,A,E318T,3,16,2.712832422359037,2.8968826778292005,0.30053055,0.8880682680667973,318,E,T,E
Q86Y26-4_234-500_processed,A,E318V,3,17,2.712832422359037,2.623741420309898,0.26795885,0.4874917350673791,318,E,V,E
Q86Y26-4_234-500_processed,A,E318W,3,18,2.712832422359037,4.250501482991098,0.21632619,-0.21801363929341233,318,E,W,E
Q86Y26-4_234-500_processed,A,E318Y,3,19,2.712832422359037,3.311579602010778,0.26188546,0.4095205961820375,318,E,Y,E
Q86Y26-4_234-500_processed,A,A319A,0,0,2.4839824262174384,2.4839824262174384,0.22997881,-0.021077082615412746,319,A,A,A
Q86Y26-4_234-500_processed,A,A319C,0,1,2.4839824262174384,4.335140045203785,0.2859598,0.7122800682234587,319,A,C,A
Q86Y26-4_234-500_processed,A,A319D,0,2,2.4839824262174384,2.8246796259135976,0.23896034,0.10403032000499413,319,A,D,A
Q86Y26-4_234-500_processed,A,A319E,0,3,2.4839824262174384,2.712832422359037,0.22444546,-0.09986389592451961,319,A,E,A
Q86Y26-4_234-500_processed,A,A319F,0,4,2.4839824262174384,3.2079371983380796,0.20655613,-0.36452657571101055,319,A,F,A
Q86Y26-4_234-500_processed,A,A319G,0,5,2.4839824262174384,2.5602131485714543,0.2800559,0.639539268300979,319,A,G,A
Q86Y26-4_234-500_processed,A,A319H,0,6,2.4839824262174384,3.772712370515455,0.21419902,-0.24949490688710774,319,A,H,A
Q86Y26-4_234-500_processed,A,A319I,0,7,2.4839824262174384,2.8540177271228053,0.19505143,-0.5437877731331081,319,A,I,A
Q86Y26-4_234-500_processed,A,A319K,0,8,2.4839824262174384,2.828313162223749,0.21284702,-0.2696222411869881,319,A,K,A
Q86Y26-4_234-500_processed,A,A319L,0,9,2.4839824262174384,2.4331137753126835,0.18217775,-0.7541553518483329,319,A,L,A
Q86Y26-4_234-500_processed,A,A319M,0,10,2.4839824262174384,3.785956884138847,0.21165882,-0.28738830992449893,319,A,M,A
Q86Y26-4_234-500_processed,A,A319N,0,11,2.4839824262174384,3.127101928086014,0.23021148,-0.01779363714514315,319,A,N,A
Q86Y26-4_234-500_processed,A,A319P,0,12,2.4839824262174384,3.0805551433480183,0.80086434,6.479263153400234,319,A,P,A
Q86Y26-4_234-500_processed,A,A319Q,0,13,2.4839824262174384,3.3385149556513554,0.23160563,0.0018324340071723677,319,A,Q,A
Q86Y26-4_234-500_processed,A,A319R,0,14,2.4839824262174384,3.0355669859078964,0.19953349,-0.4730314718160006,319,A,R,A
Q86Y26-4_234-500_processed,A,A319S,0,15,2.4839824262174384,2.8445017352648363,0.25165612,0.27550230302558376,319,A,S,A
Q86Y26-4_234-500_processed,A,A319T,0,16,2.4839824262174384,2.8968826778292005,0.23428193,0.03927789310995966,319,A,T,A
Q86Y26-4_234-500_processed,A,A319V,0,17,2.4839824262174384,2.623741420309898,0.21488926,-0.23925490804540817,319,A,V,A
Q86Y26-4_234-500_processed,A,A319W,0,18,2.4839824262174384,4.250501482991098,0.17825171,-0.8205936377726725,319,A,W,A
Q86Y26-4_234-500_processed,A,A319Y,0,19,2.4839824262174384,3.311579602010778,0.21522269,-0.2343168925642941,319,A,Y,A
Q86Y26-4_234-500_processed,A,E320A,3,0,2.712832422359037,2.4839824262174384,0.24543937,0.19228573564838813,320,E,A,E
Q86Y26-4_234-500_processed,A,E320C,3,1,2.712832422359037,4.335140045203785,0.32654816,1.1904023785889233,320,E,C,E
Q86Y26-4_234-500_processed,A,E320D,3,2,2.712832422359037,2.8246796259135976,0.2756431,0.584556844294097,320,E,D,E
Q86Y26-4_234-500_processed,A,E320E,3,3,2.712832422359037,2.712832422359037,0.2539378,0.30570109164971937,320,E,E,E
Q86Y26-4_234-500_processed,A,E320F,3,4,2.712832422359037,3.2079371983380796,0.21223548,-0.2787569912067722,320,E,F,E
Q86Y26-4_234-500_processed,A,E320G,3,5,2.712832422359037,2.5602131485714543,0.32514694,1.1744556003069444,320,E,G,E
Q86Y26-4_234-500_processed,A,E320H,3,6,2.712832422359037,3.772712370515455,0.22439179,-0.10063483056941214,320,E,H,E
Q86Y26-4_234-500_processed,A,E320I,3,7,2.712832422359037,2.8540177271228053,0.21883619,-0.18115355637413955,320,E,I,E
Q86Y26-4_234-500_processed,A,E320K,3,8,2.712832422359037,2.828313162223749,0.24685852,0.2114057318709911,320,E,K,E
Q86Y26-4_234-500_processed,A,E320L,3,9,2.712832422359037,2.4331137753126835,0.18913911,-0.6390342897636042,320,E,L,E
Q86Y26-4_234-500_processed,A,E320M,3,10,2.712832422359037,3.785956884138847,0.22451341,-0.09888810879675913,320,E,M,E
Q86Y26-4_234-500_processed,A,E320N,3,11,2.712832422359037,3.127101928086014,0.26075813,0.3949203017126557,320,E,N,E
Q86Y26-4_234-500_processed,A,E320P,3,12,2.712832422359037,3.0805551433480183,0.70758754,5.209240035515676,320,E,P,E
Q86Y26-4_234-500_processed,A,E320Q,3,13,2.712832422359037,3.3385149556513554,0.25747275,0.35213584339411463,320,E,Q,E
Q86Y26-4_234-500_processed,A,E320R,3,14,2.712832422359037,3.0355669859078964,0.21904741,-0.1780656001503883,320,E,R,E
Q86Y26-4_234-500_processed,A,E320S,3,15,2.712832422359037,2.8445017352648363,0.2894205,0.754499357668702,320,E,S,E
Q86Y26-4_234-500_processed,A,E320T,3,16,2.712832422359037,2.8968826778292005,0.25633746,0.337268607739572,320,E,T,E
Q86Y26-4_234-500_processed,A,E320V,3,17,2.712832422359037,2.623741420309898,0.22998475,-0.020993358848301336,320,E,V,E
Q86Y26-4_234-500_processed,A,E320W,3,18,2.712832422359037,4.250501482991098,0.17909688,-0.8061955701727519,320,E,W,E
Q86Y26-4_234-500_processed,A,E320Y,3,19,2.712832422359037,3.311579602010778,0.21939707,-0.17295856663481657,320,E,Y,E
Q86Y26-4_234-500_processed,A,E321A,3,0,2.712832422359037,2.4839824262174384,0.28867924,0.745481796522773,321,E,A,E
Q86Y26-4_234-500_processed,A,E321C,3,1,2.712832422359037,4.335140045203785,0.3592113,1.5530275381980412,321,E,C,E
Q86Y26-4_234-500_processed,A,E321D,3,2,2.712832422359037,2.8246796259135976,0.3000924,0.8828552417867691,321,E,D,E
Q86Y26-4_234-500_processed,A,E321E,3,3,2.712832422359037,2.712832422359037,0.28182706,0.6614580713764073,321,E,E,E
Q86Y26-4_234-500_processed,A,E321F,3,4,2.712832422359037,3.2079371983380796,0.246263,0.20339138918590405,321,E,F,E
Q86Y26-4_234-500_processed,A,E321G,3,5,2.712832422359037,2.5602131485714543,0.37011704,1.6707131227726715,321,E,G,E
Q86Y26-4_234-500_processed,A,E321H,3,6,2.712832422359037,3.772712370515455,0.26811707,0.48950786254850553,321,E,H,E
Q86Y26-4_234-500_processed,A,E321I,3,7,2.712832422359037,2.8540177271228053,0.2472013,0.2160127231715986,321,E,I,E
Q86Y26-4_234-500_processed,A,E321K,3,8,2.712832422359037,2.828313162223749,0.3050254,0.9412993692712118,321,E,K,E
Q86Y26-4_234-500_processed,A,E321L,3,9,2.712832422359037,2.4331137753126835,0.22577839,-0.08076057591716423,321,E,L,E
Q86Y26-4_234-500_processed,A,E321M,3,10,2.712832422359037,3.785956884138847,0.25724456,0.34915093585021206,321,E,M,E
Q86Y26-4_234-500_processed,A,E321N,3,11,2.712832422359037,3.127101928086014,0.30968735,0.9960465289391037,321,E,N,E
Q86Y26-4_234-500_processed,A,E321P,3,12,2.712832422359037,3.0805551433480183,0.5819058,3.826504349757952,321,E,P,E
Q86Y26-4_234-500_processed,A,E321Q,3,13,2.712832422359037,3.3385149556513554,0.29947662,0.8755215663495625,321,E,Q,E
Q86Y26-4_234-500_processed,A,E321R,3,14,2.712832422359037,3.0355669859078964,0.2879592,0.736708832134299,321,E,R,E
Q86Y26-4_234-500_processed,A,E321S,3,15,2.712832422359037,2.8445017352648363,0.3289506,1.2176622350611814,321,E,S,E
Q86Y26-4_234-500_processed,A,E321T,3,16,2.712832422359037,2.8968826778292005,0.30814567,0.9779930195075961,321,E,T,E
Q86Y26-4_234-500_processed,A,E321V,3,17,2.712832422359037,2.623741420309898,0.25972334,0.3814824574648351,321,E,V,E
Q86Y26-4_234-500_processed,A,E321W,3,18,2.712832422359037,4.250501482991098,0.22186844,-0.13702753399282397,321,E,W,E
Q86Y26-4_234-500_processed,A,E321Y,3,19,2.712832422359037,3.311579602010778,0.265485,0.45586966611771584,321,E,Y,E
Q86Y26-4_234-500_processed,A,M322A,10,0,3.785956884138847,2.4839824262174384,0.24214315,0.1475864680409411,322,M,A,M
Q86Y26-4_234-500_processed,A,M322C,10,1,3.785956884138847,4.335140045203785,0.31250343,1.028896479894862,322,M,C,M
Q86Y26-4_234-500_processed,A,M322D,10,2,3.785956884138847,2.8246796259135976,0.26471895,0.4460397225483975,322,M,D,M
Q86Y26-4_234-500_processed,A,M322E,10,3,3.785956884138847,2.712832422359037,0.23815846,0.09299423391296191,322,M,E,M
Q86Y26-4_234-500_processed,A,M322F,10,4,3.785956884138847,3.2079371983380796,0.21629043,-0.2185410548275979,322,M,F,M
Q86Y26-4_234-500_processed,A,M322G,10,5,3.785956884138847,2.5602131485714543,0.30701995,0.9647787835020091,322,M,G,M
Q86Y26-4_234-500_processed,A,M322H,10,6,3.785956884138847,3.772712370515455,0.22324985,-0.11706794549476596,322,M,H,M
Q86Y26-4_234-500_processed,A,M322I,10,7,3.785956884138847,2.8540177271228053,0.21403764,-0.2518925116088544,322,M,I,M
Q86Y26-4_234-500_processed,A,M322K,10,8,3.785956884138847,2.828313162223749,0.22752082,-0.05590821618167097,322,M,K,M
Q86Y26-4_234-500_processed,A,M322L,10,9,3.785956884138847,2.4331137753126835,0.20172115,-0.43892923703432063,322,M,L,M
Q86Y26-4_234-500_processed,A,M322M,10,10,3.785956884138847,3.785956884138847,0.22781429,-0.051735789833303736,322,M,M,M
Q86Y26-4_234-500_processed,A,M322N,10,11,3.785956884138847,3.127101928086014,0.25323585,0.2964296127145155,322,M,N,M
Q86Y26-4_234-500_processed,A,M322P,10,12,3.785956884138847,3.0805551433480183,0.67843896,4.866517833217318,322,M,P,M
Q86Y26-4_234-500_processed,A,M322Q,10,13,3.785956884138847,3.3385149556513554,0.25244778,0.28600068500894915,322,M,Q,M
Q86Y26-4_234-500_processed,A,M322R,10,14,3.785956884138847,3.0355669859078964,0.21647364,-0.21583981532788843,322,M,R,M
Q86Y26-4_234-500_processed,A,M322S,10,15,3.785956884138847,2.8445017352648363,0.2662742,0.46597821540409146,322,M,S,M
Q86Y26-4_234-500_processed,A,M322T,10,16,3.785956884138847,2.8968826778292005,0.25367737,0.3022631662067521,322,M,T,M
Q86Y26-4_234-500_processed,A,M322V,10,17,3.785956884138847,2.623741420309898,0.22967426,-0.025378482697523408,322,M,V,M
Q86Y26-4_234-500_processed,A,M322W,10,18,3.785956884138847,4.250501482991098,0.19698718,-0.5130800411210334,322,M,W,M
Q86Y26-4_234-500_processed,A,M322Y,10,19,3.785956884138847,3.311579602010778,0.2194659,-0.1719539551966187,322,M,Y,M
Q86Y26-4_234-500_processed,A,Q323A,13,0,3.3385149556513554,2.4839824262174384,0.22406423,-0.10534247257489082,323,Q,A,Q
Q86Y26-4_234-500_processed,A,Q323C,13,1,3.3385149556513554,4.335140045203785,0.28135583,0.6556345449853596,323,Q,C,Q
Q86Y26-4_234-500_processed,A,Q323D,13,2,3.3385149556513554,2.8246796259135976,0.25334162,0.2978276783074896,323,Q,D,Q
Q86Y26-4_234-500_processed,A,Q323E,13,3,3.3385149556513554,2.712832422359037,0.22506799,-0.09093193346528305,323,Q,E,Q
Q86Y26-4_234-500_processed,A,Q323F,13,4,3.3385149556513554,3.2079371983380796,0.20085882,-0.4523384364878741,323,Q,F,Q
Q86Y26-4_234-500_processed,A,Q323G,13,5,3.3385149556513554,2.5602131485714543,0.30102366,0.8939299573469269,323,Q,G,Q
Q86Y26-4_234-500_processed,A,Q323H,13,6,3.3385149556513554,3.772712370515455,0.20951562,-0.31961906026895803,323,Q,H,Q
Q86Y26-4_234-500_processed,A,Q323I,13,7,3.3385149556513554,2.8540177271228053,0.19512925,-0.5425489363527641,323,Q,I,Q
Q86Y26-4_234-500_processed,A,Q323K,13,8,3.3385149556513554,2.828313162223749,0.21778566,-0.19654361943989285,323,Q,K,Q
Q86Y26-4_234-500_processed,A,Q323L,13,9,3.3385149556513554,2.4331137753126835,0.17595819,-0.8599372095639768,323,Q,L,Q
Q86Y26-4_234-500_processed,A,Q323M,13,10,3.3385149556513554,3.785956884138847,0.20237297,-0.42882184336872853,323,Q,M,Q
Q86Y26-4_234-500_processed,A,Q323N,13,11,3.3385149556513554,3.127101928086014,0.23033695,-0.016023972904448125,323,Q,N,Q
Q86Y26-4_234-500_processed,A,Q323P,13,12,3.3385149556513554,3.0805551433480183,0.81271434,6.6693615662041354,323,Q,P,Q
Q86Y26-4_234-500_processed,A,Q323Q,13,13,3.3385149556513554,3.3385149556513554,0.23256029,0.015223977946853817,323,Q,Q,Q
Q86Y26-4_234-500_processed,A,Q323R,13,14,3.3385149556513554,3.0355669859078964,0.19221994,-0.5891239078972427,323,Q,R,Q
Q86Y26-4_234-500_processed,A,Q323S,13,15,3.3385149556513554,2.8445017352648363,0.2660871,0.46358354478013786,323,Q,S,Q
Q86Y26-4_234-500_processed,A,Q323T,13,16,3.3385149556513554,2.8968826778292005,0.23045437,-0.014368414354435366,323,Q,T,Q
Q86Y26-4_234-500_processed,A,Q323V,13,17,3.3385149556513554,2.623741420309898,0.20594981,-0.37378538346091894,323,Q,V,Q
Q86Y26-4_234-500_processed,A,Q323W,13,18,3.3385149556513554,4.250501482991098,0.17100894,-0.9462337583477892,323,Q,W,Q
Q86Y26-4_234-500_processed,A,Q323Y,13,19,3.3385149556513554,3.311579602010778,0.20265949,-0.4243866494867288,323,Q,Y,Q
Q86Y26-4_234-500_processed,A,I324A,7,0,2.8540177271228053,2.4839824262174384,0.287024,0.7252950860268433,324,I,A,I
Q86Y26-4_234-500_processed,A,I324C,7,1,2.8540177271228053,4.335140045203785,0.34764984,1.4265357608975653,324,I,C,I
Q86Y26-4_234-500_processed,A,I324D,7,2,2.8540177271228053,2.8246796259135976,0.3020734,0.9063901094230525,324,I,D,I
Q86Y26-4_234-500_processed,A,I324E,7,3,2.8540177271228053,2.712832422359037,0.26758698,0.4827501590421057,324,I,E,I
Q86Y26-4_234-500_processed,A,I324F,7,4,2.8540177271228053,3.2079371983380796,0.24313019,0.16101453947135247,324,I,F,I
Q86Y26-4_234-500_processed,A,I324G,7,5,2.8540177271228053,2.5602131485714543,0.35786912,1.538437950969485,324,I,G,I
Q86Y26-4_234-500_processed,A,I324H,7,6,2.8540177271228053,3.772712370515455,0.25372574,0.30290183099782764,324,I,H,I
Q86Y26-4_234-500_processed,A,I324I,7,7,2.8540177271228053,2.8540177271228053,0.2323726,0.012594102698941234,324,I,I,I
Q86Y26-4_234-500_processed,A,I324K,7,8,2.8540177271228053,2.828313162223749,0.2646146,0.4446994330611004,324,I,K,I
Q86Y26-4_234-500_processed,A,I324L,7,9,2.8540177271228053,2.4331137753126835,0.21718162,-0.2054168387784172,324,I,L,I
Q86Y26-4_234-500_processed,A,I324M,7,10,2.8540177271228053,3.785956884138847,0.2444616,0.17906903021610965,324,I,M,I
Q86Y26-4_234-500_processed,A,I324N,7,11,2.8540177271228053,3.127101928086014,0.28158557,0.6584744937466286,324,I,N,I
Q86Y26-4_234-500_processed,A,I324P,7,12,2.8540177271228053,3.0805551433480183,0.74418545,5.669593711253001,324,I,P,I
Q86Y26-4_234-500_processed,A,I324Q,7,13,2.8540177271228053,3.3385149556513554,0.27853122,0.6206026622557383,324,I,Q,I
Q86Y26-4_234-500_processed,A,I324R,7,14,2.8540177271228053,3.0355669859078964,0.24527195,0.19002528612590386,324,I,R,I
Q86Y26-4_234-500_processed,A,I324S,7,15,2.8540177271228053,2.8445017352648363,0.314539,1.0525410072768215,324,I,S,I
Q86Y26-4_234-500_processed,A,I324T,7,16,2.8540177271228053,2.8968826778292005,0.28668416,0.7211420102748297,324,I,T,I
Q86Y26-4_234-500_processed,A,I324V,7,17,2.8540177271228053,2.623741420309898,0.24487934,0.1847200555968509,324,I,V,I
Q86Y26-4_234-500_processed,A,I324W,7,18,2.8540177271228053,4.250501482991098,0.20102555,-0.4497424519696036,324,I,W,I
Q86Y26-4_234-500_processed,A,I324Y,7,19,2.8540177271228053,3.311579602010778,0.24919294,0.24269684576843364,324,I,Y,I
Q86Y26-4_234-500_processed,A,Q325A,13,0,3.3385149556513554,2.4839824262174384,0.22400627,-0.1061760604291695,325,Q,A,Q
Q86Y26-4_234-500_processed,A,Q325C,13,1,3.3385149556513554,4.335140045203785,0.28636947,0.7172937005934177,325,Q,C,Q
Q86Y26-4_234-500_processed,A,Q325D,13,2,3.3385149556513554,2.8246796259135976,0.23045504,-0.014358961719885266,325,Q,D,Q
Q86Y26-4_234-500_processed,A,Q325E,13,3,3.3385149556513554,2.712832422359037,0.21101561,-0.2970360324919008,325,Q,E,Q
Q86Y26-4_234-500_processed,A,Q325F,13,4,3.3385149556513554,3.2079371983380796,0.19781365,-0.5000388576331888,325,Q,F,Q
Q86Y26-4_234-500_processed,A,Q325G,13,5,3.3385149556513554,2.5602131485714543,0.27835423,0.6184002593677714,325,Q,G,Q
Q86Y26-4_234-500_processed,A,Q325H,13,6,3.3385149556513554,3.772712370515455,0.21090432,-0.2987075984078996,325,Q,H,Q
Q86Y26-4_234-500_processed,A,Q325I,13,7,3.3385149556513554,2.8540177271228053,0.19184428,-0.5951768304727323,325,Q,I,Q
Q86Y26-4_234-500_processed,A,Q325K,13,8,3.3385149556513554,2.828313162223749,0.20694801,-0.3585529136719673,325,Q,K,Q
Q86Y26-4_234-500_processed,A,Q325L,13,9,3.3385149556513554,2.4331137753126835,0.18413356,-0.7214732619937769,325,Q,L,Q
Q86Y26-4_234-500_processed,A,Q325M,13,10,3.3385149556513554,3.785956884138847,0.21164583,-0.28758299639591756,325,Q,M,Q
Q86Y26-4_234-500_processed,A,Q325N,13,11,3.3385149556513554,3.127101928086014,0.22673747,-0.06706447654523495,325,Q,N,Q
Q86Y26-4_234-500_processed,A,Q325P,13,12,3.3385149556513554,3.0805551433480183,0.7329011,5.523479368347246,325,Q,P,Q
Q86Y26-4_234-500_processed,A,Q325Q,13,13,3.3385149556513554,3.3385149556513554,0.23252831,0.014776026626571737,325,Q,Q,Q
Q86Y26-4_234-500_processed,A,Q325R,13,14,3.3385149556513554,3.0355669859078964,0.19744249,-0.505890459000124,325,Q,R,Q
Q86Y26-4_234-500_processed,A,Q325S,13,15,3.3385149556513554,2.8445017352648363,0.2410721,0.1329732447048787,325,Q,S,Q
Q86Y26-4_234-500_processed,A,Q325T,13,16,3.3385149556513554,2.8968826778292005,0.22854406,-0.04137641618124743,325,Q,T,Q
Q86Y26-4_234-500_processed,A,Q325V,13,17,3.3385149556513554,2.623741420309898,0.20444733,-0.39681668523783464,325,Q,V,Q
Q86Y26-4_234-500_processed,A,Q325W,13,18,3.3385149556513554,4.250501482991098,0.17681019,-0.8452750526767877,325,Q,W,Q
Q86Y26-4_234-500_processed,A,Q325Y,13,19,3.3385149556513554,3.311579602010778,0.20173338,-0.4387393097387665,325,Q,Y,Q
Q86Y26-4_234-500_processed,A,N326A,11,0,3.127101928086014,2.4839824262174384,0.22887316,-0.03671222599451185,326,N,A,N
Q86Y26-4_234-500_processed,A,N326C,11,1,3.127101928086014,4.335140045203785,0.28816876,0.7392635272439657,326,N,C,N
Q86Y26-4_234-500_processed,A,N326D,11,2,3.127101928086014,2.8246796259135976,0.25544032,0.32548953737258246,326,N,D,N
Q86Y26-4_234-500_processed,A,N326E,11,3,3.127101928086014,2.712832422359037,0.22827667,-0.04516936716930542,326,N,E,N
Q86Y26-4_234-500_processed,A,N326F,11,4,3.127101928086014,3.2079371983380796,0.20109417,-0.44867450386461505,326,N,F,N
Q86Y26-4_234-500_processed,A,N326G,11,5,3.127101928086014,2.5602131485714543,0.29481903,0.8197680800624265,326,N,G,N
Q86Y26-4_234-500_processed,A,N326H,11,6,3.127101928086014,3.772712370515455,0.21345876,-0.26050373543932637,326,N,H,N
Q86Y26-4_234-500_processed,A,N326I,11,7,3.127101928086014,2.8540177271228053,0.19978191,-0.469144960092876,326,N,I,N
Q86Y26-4_234-500_processed,A,N326K,11,8,3.127101928086014,2.828313162223749,0.22581734,-0.08020352933484631,326,N,K,N
Q86Y26-4_234-500_processed,A,N326L,11,9,3.127101928086014,2.4331137753126835,0.18369399,-0.7287950521916287,326,N,L,N
Q86Y26-4_234-500_processed,A,N326M,11,10,3.127101928086014,3.785956884138847,0.21320379,-0.26430203436853206,326,N,M,N
Q86Y26-4_234-500_processed,A,N326N,11,11,3.127101928086014,3.127101928086014,0.23729236,0.08104551162750939,326,N,N,N
Q86Y26-4_234-500_processed,A,N326P,11,12,3.127101928086014,3.0805551433480183,0.8305691,6.9741646809538,326,N,P,N
Q86Y26-4_234-500_processed,A,N326Q,11,13,3.127101928086014,3.3385149556513554,0.23732486,0.08149441559453241,326,N,Q,N
Q86Y26-4_234-500_processed,A,N326R,11,14,3.127101928086014,3.0355669859078964,0.20249705,-0.4269005353600164,326,N,R,N
Q86Y26-4_234-500_processed,A,N326S,11,15,3.127101928086014,2.8445017352648363,0.2655275,0.4564144782907398,326,N,S,N
Q86Y26-4_234-500_processed,A,N326T,11,16,3.127101928086014,2.8968826778292005,0.24546807,0.19267313680175036,326,N,T,N
Q86Y26-4_234-500_processed,A,N326V,11,17,3.127101928086014,2.623741420309898,0.21514516,-0.23546461333666002,326,N,V,N
Q86Y26-4_234-500_processed,A,N326W,11,18,3.127101928086014,4.250501482991098,0.17666139,-0.8478318009191677,326,N,W,N
Q86Y26-4_234-500_processed,A,N326Y,11,19,3.127101928086014,3.311579602010778,0.20682046,-0.36049634821004095,326,N,Y,N
Q86Y26-4_234-500_processed,A,T327A,16,0,2.8968826778292005,2.4839824262174384,0.24953374,0.24724864344910058,327,T,A,T
Q86Y26-4_234-500_processed,A,T327C,16,1,2.8968826778292005,4.335140045203785,0.3052039,0.9434043141471684,327,T,C,T
Q86Y26-4_234-500_processed,A,T327D,16,2,2.8968826778292005,2.8246796259135976,0.26318613,0.4263154383530465,327,T,D,T
Q86Y26-4_234-500_processed,A,T327E,16,3,2.8968826778292005,2.712832422359037,0.24969561,0.24940914937878256,327,T,E,T
Q86Y26-4_234-500_processed,A,T327F,16,4,2.8968826778292005,3.2079371983380796,0.22078787,-0.15270238835273398,327,T,F,T
Q86Y26-4_234-500_processed,A,T327G,16,5,2.8968826778292005,2.5602131485714543,0.29357454,0.8047847363242089,327,T,G,T
Q86Y26-4_234-500_processed,A,T327H,16,6,2.8968826778292005,3.772712370515455,0.22766568,-0.0538482236899096,327,T,H,T
Q86Y26-4_234-500_processed,A,T327I,16,7,2.8968826778292005,2.8540177271228053,0.2265607,-0.06958577407246702,327,T,I,T
Q86Y26-4_234-500_processed,A,T327K,16,8,2.8968826778292005,2.828313162223749,0.23725374,0.08051195857164795,327,T,K,T
Q86Y26-4_234-500_processed,A,T327L,16,9,2.8968826778292005,2.4331137753126835,0.19979256,-0.46897835320615866,327,T,L,T
Q86Y26-4_234-500_processed,A,T327M,16,10,2.8968826778292005,3.785956884138847,0.22456458,-0.0981534111089305,327,T,M,T
Q86Y26-4_234-500_processed,A,T327N,16,11,2.8968826778292005,3.127101928086014,0.2386432,0.09966860078079509,327,T,N,T
Q86Y26-4_234-500_processed,A,T327P,16,12,2.8968826778292005,3.0805551433480183,0.75592434,5.82615763657111,327,T,P,T
Q86Y26-4_234-500_processed,A,T327Q,16,13,2.8968826778292005,3.3385149556513554,0.254396,0.3117435885785741,327,T,Q,T
Q86Y26-4_234-500_processed,A,T327R,16,14,2.8968826778292005,3.0355669859078964,0.20862949,-0.33301591987329904,327,T,R,T
Q86Y26-4_234-500_processed,A,T327S,16,15,2.8968826778292005,2.8445017352648363,0.27730215,0.6052911560704821,327,T,S,T
Q86Y26-4_234-500_processed,A,T327T,16,16,2.8968826778292005,2.8968826778292005,0.2578903,0.35759324309208973,327,T,T,T
Q86Y26-4_234-500_processed,A,T327V,16,17,2.8968826778292005,2.623741420309898,0.24282202,0.15682603922181126,327,T,V,T
Q86Y26-4_234-500_processed,A,T327W,16,18,2.8968826778292005,4.250501482991098,0.18436204,-0.7176728844795321,327,T,W,T
Q86Y26-4_234-500_processed,A,T327Y,16,19,2.8968826778292005,3.311579602010778,0.2286974,-0.039202543317038985,327,T,Y,T
Q86Y26-4_234-500_processed,A,Q328A,13,0,3.3385149556513554,2.4839824262174384,0.21663117,-0.21351844555053845,328,Q,A,Q
Q86Y26-4_234-500_processed,A,Q328C,13,1,3.3385149556513554,4.335140045203785,0.28159812,0.6586295470001848,328,Q,C,Q
Q86Y26-4_234-500_processed,A,Q328D,13,2,3.3385149556513554,2.8246796259135976,0.24038641,0.12359452245771119,328,Q,D,Q
Q86Y26-4_234-500_processed,A,Q328E,13,3,3.3385149556513554,2.712832422359037,0.21144043,-0.29066163385205346,328,Q,E,Q
Q86Y26-4_234-500_processed,A,Q328F,13,4,3.3385149556513554,3.2079371983380796,0.19850267,-0.48919765084520284,328,Q,F,Q
Q86Y26-4_234-500_processed,A,Q328G,13,5,3.3385149556513554,2.5602131485714543,0.28089446,0.6499271724865763,328,Q,G,Q
Q86Y26-4_234-500_processed,A,Q328H,13,6,3.3385149556513554,3.772712370515455,0.20770445,-0.347045768228631,328,Q,H,Q
Q86Y26-4_234-500_processed,A,Q328I,13,7,3.3385149556513554,2.8540177271228053,0.18656857,-0.6811569334764767,328,Q,I,Q
Q86Y26-4_234-500_processed,A,Q328K,13,8,3.3385149556513554,2.828313162223749,0.20781255,-0.3454039643044493,328,Q,K,Q
Q86Y26-4_234-500_processed,A,Q328L,13,9,3.3385149556513554,2.4331137753126835,0.17510518,-0.8746725886597861,328,Q,L,Q
Q86Y26-4_234-500_processed,A,Q328M,13,10,3.3385149556513554,3.785956884138847,0.2021385,-0.432454818082616,328,Q,M,Q
Q86Y26-4_234-500_processed,A,Q328N,13,11,3.3385149556513554,3.127101928086014,0.23309337,0.02268505188543324,328,Q,N,Q
Q86Y26-4_234-500_processed,A,Q328P,13,12,3.3385149556513554,3.0805551433480183,0.8130622,6.6750790325693465,328,Q,P,Q
Q86Y26-4_234-500_processed,A,Q328Q,13,13,3.3385149556513554,3.3385149556513554,0.22234012,-0.13020241011852451,328,Q,Q,Q
Q86Y26-4_234-500_processed,A,Q328R,13,14,3.3385149556513554,3.0355669859078964,0.1926196,-0.5826940727663138,328,Q,R,Q
Q86Y26-4_234-500_processed,A,Q328S,13,15,3.3385149556513554,2.8445017352648363,0.24551994,0.19337323758783054,328,Q,S,Q
Q86Y26-4_234-500_processed,A,Q328T,13,16,3.3385149556513554,2.8968826778292005,0.22403522,-0.10575967590599589,328,Q,T,Q
Q86Y26-4_234-500_processed,A,Q328V,13,17,3.3385149556513554,2.623741420309898,0.1998471,-0.4681256167420761,328,Q,V,Q
Q86Y26-4_234-500_processed,A,Q328W,13,18,3.3385149556513554,4.250501482991098,0.1674589,-1.009361483564693,328,Q,W,Q
Q86Y26-4_234-500_processed,A,Q328Y,13,19,3.3385149556513554,3.311579602010778,0.20206374,-0.4336138293354047,328,Q,Y,Q
Q86Y26-4_234-500_processed,A,L329A,9,0,2.4331137753126835,2.4839824262174384,0.28787845,0.7357243687633244,329,L,A,L
Q86Y26-4_234-500_processed,A,L329C,9,1,2.4331137753126835,4.335140045203785,0.35207608,1.4751850538867597,329,L,C,L
Q86Y26-4_234-500_processed,A,L329D,9,2,2.4331137753126835,2.8246796259135976,0.3031208,0.918798215252451,329,L,D,L
Q86Y26-4_234-500_processed,A,L329E,9,3,2.4331137753126835,2.712832422359037,0.2781943,0.6164096063989083,329,L,E,L
Q86Y26-4_234-500_processed,A,L329F,9,4,2.4331137753126835,3.2079371983380796,0.24337676,0.1643631907747911,329,L,F,L
Q86Y26-4_234-500_processed,A,L329G,9,5,2.4331137753126835,2.5602131485714543,0.3492111,1.4437281922307255,329,L,G,L
Q86Y26-4_234-500_processed,A,L329H,9,6,2.4331137753126835,3.772712370515455,0.27113542,0.5278261136041601,329,L,H,L
Q86Y26-4_234-500_processed,A,L329I,9,7,2.4331137753126835,2.8540177271228053,0.23965368,0.11355212417770044,329,L,I,L
Q86Y26-4_234-500_processed,A,L329K,9,8,2.4331137753126835,2.828313162223749,0.27333415,0.5555706842610075,329,L,K,L
Q86Y26-4_234-500_processed,A,L329L,9,9,2.4331137753126835,2.4331137753126835,0.23193309,0.0064301423199675245,329,L,L,L
Q86Y26-4_234-500_processed,A,L329M,9,10,2.4331137753126835,3.785956884138847,0.2545769,0.31412732716665726,329,L,M,L
Q86Y26-4_234-500_processed,A,L329N,9,11,2.4331137753126835,3.127101928086014,0.30438748,0.9337717849452676,329,L,N,L
Q86Y26-4_234-500_processed,A,L329P,9,12,2.4331137753126835,3.0805551433480183,0.84406227,7.221923752441213,329,L,P,L
Q86Y26-4_234-500_processed,A,L329Q,9,13,2.4331137753126835,3.3385149556513554,0.28308618,0.6769893488015368,329,L,Q,L
Q86Y26-4_234-500_processed,A,L329R,9,14,2.4331137753126835,3.0355669859078964,0.24480335,0.18369269672501853,329,L,R,L
Q86Y26-4_234-500_processed,A,L329S,9,15,2.4331137753126835,2.8445017352648363,0.31795764,1.0920659939949802,329,L,S,L
Q86Y26-4_234-500_processed,A,L329T,9,16,2.4331137753126835,2.8968826778292005,0.29925826,0.8729188823557466,329,L,T,L
Q86Y26-4_234-500_processed,A,L329V,9,17,2.4331137753126835,2.623741420309898,0.25339827,0.2985763849274531,329,L,V,L
Q86Y26-4_234-500_processed,A,L329W,9,18,2.4331137753126835,4.250501482991098,0.21864061,-0.18401468872267457,329,L,W,L
Q86Y26-4_234-500_processed,A,L329Y,9,19,2.4331137753126835,3.311579602010778,0.25719395,0.34848877470849415,329,L,Y,L
Q86Y26-4_234-500_processed,A,M330A,10,0,3.785956884138847,2.4839824262174384,0.26816657,0.4901384833109679,330,M,A,M
Q86Y26-4_234-500_processed,A,M330C,10,1,3.785956884138847,4.335140045203785,0.3320858,1.2530839852867386,330,M,C,M
Q86Y26-4_234-500_processed,A,M330D,10,2,3.785956884138847,2.8246796259135976,0.28280178,0.6734848854285003,330,M,D,M
Q86Y26-4_234-500_processed,A,M330E,10,3,3.785956884138847,2.712832422359037,0.25338492,0.29839995061366753,330,M,E,M
Q86Y26-4_234-500_processed,A,M330F,10,4,3.785956884138847,3.2079371983380796,0.23601584,0.06337968254785109,330,M,F,M
Q86Y26-4_234-500_processed,A,M330G,10,5,3.785956884138847,2.5602131485714543,0.34806237,1.431081933682253,330,M,G,M
Q86Y26-4_234-500_processed,A,M330H,10,6,3.785956884138847,3.772712370515455,0.24576084,0.19662344728561654,330,M,H,M
Q86Y26-4_234-500_processed,A,M330I,10,7,3.785956884138847,2.8540177271228053,0.23275968,0.01801613065529062,330,M,I,M
Q86Y26-4_234-500_processed,A,M330K,10,8,3.785956884138847,2.828313162223749,0.2658738,0.460851898367749,330,M,K,M
Q86Y26-4_234-500_processed,A,M330L,10,9,3.785956884138847,2.4331137753126835,0.20983376,-0.3148194477914107,330,M,L,M
Q86Y26-4_234-500_processed,A,M330M,10,10,3.785956884138847,3.785956884138847,0.23727012,0.08073819072709876,330,M,M,M
Q86Y26-4_234-500_processed,A,M330N,10,11,3.785956884138847,3.127101928086014,0.270245,0.5165500542001478,330,M,N,M
Q86Y26-4_234-500_processed,A,M330P,10,12,3.785956884138847,3.0805551433480183,0.6731957,4.806686609317292,330,M,P,M
Q86Y26-4_234-500_processed,A,M330Q,10,13,3.785956884138847,3.3385149556513554,0.27046484,0.5193363292853609,330,M,Q,M
Q86Y26-4_234-500_processed,A,M330R,10,14,3.785956884138847,3.0355669859078964,0.24248445,0.15223380309173917,330,M,R,M
Q86Y26-4_234-500_processed,A,M330S,10,15,3.785956884138847,2.8445017352648363,0.2968091,0.8436519990149318,330,M,S,M
Q86Y26-4_234-500_processed,A,M330T,10,16,3.785956884138847,2.8968826778292005,0.27726123,0.6047806858540302,330,M,T,M
Q86Y26-4_234-500_processed,A,M330V,10,17,3.785956884138847,2.623741420309898,0.2464896,0.20644244545091228,330,M,V,M
Q86Y26-4_234-500_processed,A,M330W,10,18,3.785956884138847,4.250501482991098,0.2057132,-0.3774041353205021,330,M,W,M
Q86Y26-4_234-500_processed,A,M330Y,10,19,3.785956884138847,3.311579602010778,0.24391158,0.17161862874238432,330,M,Y,M
Q86Y26-4_234-500_processed,A,N331A,11,0,3.127101928086014,2.4839824262174384,0.23055705,-0.012921125277556844,331,N,A,N
Q86Y26-4_234-500_processed,A,N331C,11,1,3.127101928086014,4.335140045203785,0.27268174,0.5473529720789072,331,N,C,N
Q86Y26-4_234-500_processed,A,N331D,11,2,3.127101928086014,2.8246796259135976,0.23933971,0.10924265203309191,331,N,D,N
Q86Y26-4_234-500_processed,A,N331E,11,3,3.127101928086014,2.712832422359037,0.22119169,-0.1468381155448717,331,N,E,N
Q86Y26-4_234-500_processed,A,N331F,11,4,3.127101928086014,3.2079371983380796,0.19759199,-0.5035324240734412,331,N,F,N
Q86Y26-4_234-500_processed,A,N331G,11,5,3.127101928086014,2.5602131485714543,0.28527606,0.7039023747868652,331,N,G,N
Q86Y26-4_234-500_processed,A,N331H,11,6,3.127101928086014,3.772712370515455,0.20594935,-0.3737924452187702,331,N,H,N
Q86Y26-4_234-500_processed,A,N331I,11,7,3.127101928086014,2.8540177271228053,0.1999658,-0.46627023682278723,331,N,I,N
Q86Y26-4_234-500_processed,A,N331K,11,8,3.127101928086014,2.828313162223749,0.2225026,-0.1278537230240162,331,N,K,N
Q86Y26-4_234-500_processed,A,N331L,11,9,3.127101928086014,2.4331137753126835,0.17714761,-0.8394836879845452,331,N,L,N
Q86Y26-4_234-500_processed,A,N331M,11,10,3.127101928086014,3.785956884138847,0.19972488,-0.47003682807762626,331,N,M,N
Q86Y26-4_234-500_processed,A,N331N,11,11,3.127101928086014,3.127101928086014,0.22493312,-0.09286555608891744,331,N,N,N
Q86Y26-4_234-500_processed,A,N331P,11,12,3.127101928086014,3.0805551433480183,0.77657443,6.114535422870917,331,N,P,N
Q86Y26-4_234-500_processed,A,N331Q,11,13,3.127101928086014,3.3385149556513554,0.23234984,0.01227518501287439,331,N,Q,N
Q86Y26-4_234-500_processed,A,N331R,11,14,3.127101928086014,3.0355669859078964,0.19766167,-0.5024338930498806,331,N,R,N
Q86Y26-4_234-500_processed,A,N331S,11,15,3.127101928086014,2.8445017352648363,0.2568363,0.34380636993803115,331,N,S,N
Q86Y26-4_234-500_processed,A,N331T,11,16,3.127101928086014,2.8968826778292005,0.23737483,0.08218446368784327,331,N,T,N
Q86Y26-4_234-500_processed,A,N331V,11,17,3.127101928086014,2.623741420309898,0.21566683,-0.22774781362509988,331,N,V,N
Q86Y26-4_234-500_processed,A,N331W,11,18,3.127101928086014,4.250501482991098,0.17621806,-0.8554590884306534,331,N,W,N
Q86Y26-4_234-500_processed,A,N331Y,11,19,3.127101928086014,3.311579602010778,0.20494056,-0.38924227186757476,331,N,Y,N
Q86Y26-4_234-500_processed,A,G332A,5,0,2.5602131485714543,2.4839824262174384,0.23137516,-0.0014063647074175067,332,G,A,G
Q86Y26-4_234-500_processed,A,G332C,5,1,2.5602131485714543,4.335140045203785,0.28140965,0.656299990904578,332,G,C,G
Q86Y26-4_234-500_processed,A,G332D,5,2,2.5602131485714543,2.8246796259135976,0.24422036,0.17580271577031736,332,G,D,G
Q86Y26-4_234-500_processed,A,G332E,5,3,2.5602131485714543,2.712832422359037,0.2539488,0.30584620517044525,332,G,E,G
Q86Y26-4_234-500_processed,A,G332F,5,4,2.5602131485714543,3.2079371983380796,0.22173189,-0.13900537882011954,332,G,F,G
Q86Y26-4_234-500_processed,A,G332G,5,5,2.5602131485714543,2.5602131485714543,0.2666308,0.4705391602736253,332,G,G,G
Q86Y26-4_234-500_processed,A,G332H,5,6,2.5602131485714543,3.772712370515455,0.22228567,-0.1309897443077812,332,G,H,G
Q86Y26-4_234-500_processed,A,G332I,5,7,2.5602131485714543,2.8540177271228053,0.25600088,0.3328525279390415,332,G,I,G
Q86Y26-4_234-500_processed,A,G332K,5,8,2.5602131485714543,2.828313162223749,0.2223684,-0.1297934988543703,332,G,K,G
Q86Y26-4_234-500_processed,A,G332L,5,9,2.5602131485714543,2.4331137753126835,0.20564915,-0.37838416027766,332,G,L,G
Q86Y26-4_234-500_processed,A,G332M,5,10,2.5602131485714543,3.785956884138847,0.22601256,-0.07741271502453462,332,G,M,G
Q86Y26-4_234-500_processed,A,G332N,5,11,2.5602131485714543,3.127101928086014,0.2203976,-0.1583770510501148,332,G,N,G
Q86Y26-4_234-500_processed,A,G332P,5,12,2.5602131485714543,3.0805551433480183,0.698078,5.095405069914475,332,G,P,G
Q86Y26-4_234-500_processed,A,G332Q,5,13,2.5602131485714543,3.3385149556513554,0.25039822,0.25877604440834256,332,G,Q,G
Q86Y26-4_234-500_processed,A,G332R,5,14,2.5602131485714543,3.0355669859078964,0.20129126,-0.44560853855867,332,G,R,G
Q86Y26-4_234-500_processed,A,G332S,5,15,2.5602131485714543,2.8445017352648363,0.25353503,0.30038330167528937,332,G,S,G
Q86Y26-4_234-500_processed,A,G332T,5,16,2.5602131485714543,2.8968826778292005,0.25389686,0.3051607137883572,332,G,T,G
Q86Y26-4_234-500_processed,A,G332V,5,17,2.5602131485714543,2.623741420309898,0.25987163,0.38341035967138115,332,G,V,G
Q86Y26-4_234-500_processed,A,G332W,5,18,2.5602131485714543,4.250501482991098,0.19550127,-0.5366313138287643,332,G,W,G
Q86Y26-4_234-500_processed,A,G332Y,5,19,2.5602131485714543,3.311579602010778,0.23026593,-0.01702557871408883,332,G,Y,G
Q86Y26-4_234-500_processed,A,S333A,15,0,2.8445017352648363,2.4839824262174384,0.24431248,0.17705026197155138,333,S,A,S
Q86Y26-4_234-500_processed,A,S333C,15,1,2.8445017352648363,4.335140045203785,0.28446382,0.6939348130240582,333,S,C,S
Q86Y26-4_234-500_processed,A,S333D,15,2,2.8445017352648363,2.8246796259135976,0.2466098,0.2080602017247235,333,S,D,S
Q86Y26-4_234-500_processed,A,S333E,15,3,2.8445017352648363,2.712832422359037,0.24297261,0.15887324700258942,333,S,E,S
Q86Y26-4_234-500_processed,A,S333F,15,4,2.8445017352648363,3.2079371983380796,0.21957238,-0.17040017889717318,333,S,F,S
Q86Y26-4_234-500_processed,A,S333G,15,5,2.8445017352648363,2.5602131485714543,0.2740344,0.564377672578871,333,S,G,S
Q86Y26-4_234-500_processed,A,S333H,15,6,2.8445017352648363,3.772712370515455,0.2151332,-0.2356415518322541,333,S,H,S
Q86Y26-4_234-500_processed,A,S333I,15,7,2.8445017352648363,2.8540177271228053,0.24417444,0.17518063992058408,333,S,I,S
Q86Y26-4_234-500_processed,A,S333K,15,8,2.8445017352648363,2.828313162223749,0.23159781,0.00172253563564706,333,S,K,S
Q86Y26-4_234-500_processed,A,S333L,15,9,2.8445017352648363,2.4331137753126835,0.20574635,-0.37689688222753703,333,S,L,S
Q86Y26-4_234-500_processed,A,S333M,15,10,2.8445017352648363,3.785956884138847,0.22261888,-0.12617373297311496,333,S,M,S
Q86Y26-4_234-500_processed,A,S333N,15,11,2.8445017352648363,3.127101928086014,0.22785936,-0.05109524062953619,333,S,N,S
Q86Y26-4_234-500_processed,A,S333P,15,12,2.8445017352648363,3.0805551433480183,0.56289977,3.632347622774595,333,S,P,S
Q86Y26-4_234-500_processed,A,S333Q,15,13,2.8445017352648363,3.3385149556513554,0.23836435,0.09583028621705403,333,S,Q,S
Q86Y26-4_234-500_processed,A,S333R,15,14,2.8445017352648363,3.0355669859078964,0.21463515,-0.2430219625788682,333,S,R,S
Q86Y26-4_234-500_processed,A,S333S,15,15,2.8445017352648363,2.8445017352648363,0.24706623,0.21419791751180028,333,S,S,S
Q86Y26-4_234-500_processed,A,S333T,15,16,2.8445017352648363,2.8968826778292005,0.250441,0.25934602228470216,333,S,T,S
Q86Y26-4_234-500_processed,A,S333V,15,17,2.8445017352648363,2.623741420309898,0.24514213,0.18827173990129398,333,S,V,S
Q86Y26-4_234-500_processed,A,S333W,15,18,2.8445017352648363,4.250501482991098,0.20568097,-0.3778973117961443,333,S,W,S
Q86Y26-4_234-500_processed,A,S333Y,15,19,2.8445017352648363,3.311579602010778,0.22305709,-0.11984779492082154,333,S,Y,S
Q86Y26-4_234-500_processed,A,Q334A,13,0,3.3385149556513554,2.4839824262174384,0.23982449,0.11589504128552752,334,Q,A,Q
Q86Y26-4_234-500_processed,A,Q334C,13,1,3.3385149556513554,4.335140045203785,0.2756117,0.5841635240308551,334,Q,C,Q
Q86Y26-4_234-500_processed,A,Q334D,13,2,3.3385149556513554,2.8246796259135976,0.23287913,0.019687995050794993,334,Q,D,Q
Q86Y26-4_234-500_processed,A,Q334E,13,3,3.3385149556513554,2.712832422359037,0.22087127,-0.15149060287120764,334,Q,E,Q
Q86Y26-4_234-500_processed,A,Q334F,13,4,3.3385149556513554,3.2079371983380796,0.21856731,-0.18508746142676336,334,Q,F,Q
Q86Y26-4_234-500_processed,A,Q334G,13,5,3.3385149556513554,2.5602131485714543,0.2649459,0.4489538097729756,334,Q,G,Q
Q86Y26-4_234-500_processed,A,Q334H,13,6,3.3385149556513554,3.772712370515455,0.20747124,-0.350590221046706,334,Q,H,Q
Q86Y26-4_234-500_processed,A,Q334I,13,7,3.3385149556513554,2.8540177271228053,0.21464191,-0.24292163075748385,334,Q,I,Q
Q86Y26-4_234-500_processed,A,Q334K,13,8,3.3385149556513554,2.828313162223749,0.20672403,-0.3619660911478251,334,Q,K,Q
Q86Y26-4_234-500_processed,A,Q334L,13,9,3.3385149556513554,2.4331137753126835,0.19653025,-0.520307890322651,334,Q,L,Q
Q86Y26-4_234-500_processed,A,Q334M,13,10,3.3385149556513554,3.785956884138847,0.22015157,-0.1619582417327975,334,Q,M,Q
Q86Y26-4_234-500_processed,A,Q334N,13,11,3.3385149556513554,3.127101928086014,0.21990396,-0.16556532480459574,334,Q,N,Q
Q86Y26-4_234-500_processed,A,Q334P,13,12,3.3385149556513554,3.0805551433480183,0.5214614,3.214746217735943,334,Q,P,Q
Q86Y26-4_234-500_processed,A,Q334Q,13,13,3.3385149556513554,3.3385149556513554,0.23401117,0.03550319998396334,334,Q,Q,Q
Q86Y26-4_234-500_processed,A,Q334R,13,14,3.3385149556513554,3.0355669859078964,0.19813615,-0.49496101111181523,334,Q,R,Q
Q86Y26-4_234-500_processed,A,Q334S,13,15,3.3385149556513554,2.8445017352648363,0.2415426,0.1393979529292605,334,Q,S,Q
Q86Y26-4_234-500_processed,A,Q334T,13,16,3.3385149556513554,2.8968826778292005,0.2303069,-0.016447832117766348,334,Q,T,Q
Q86Y26-4_234-500_processed,A,Q334V,13,17,3.3385149556513554,2.623741420309898,0.21916905,-0.17628830159213515,334,Q,V,Q
Q86Y26-4_234-500_processed,A,Q334W,13,18,3.3385149556513554,4.250501482991098,0.1985165,-0.48898036658034993,334,Q,W,Q
Q86Y26-4_234-500_processed,A,Q334Y,13,19,3.3385149556513554,3.311579602010778,0.22339049,-0.11504086904809363,334,Q,Y,Q
Q86Y26-4_234-500_processed,A,G335A,5,0,2.5602131485714543,2.4839824262174384,0.29482588,0.8198505050557664,335,G,A,G
Q86Y26-4_234-500_processed,A,G335C,5,1,2.5602131485714543,4.335140045203785,0.33085635,1.2392138661665297,335,G,C,G
Q86Y26-4_234-500_processed,A,G335D,5,2,2.5602131485714543,2.8246796259135976,0.26413065,0.43847821936536135,335,G,D,G
Q86Y26-4_234-500_processed,A,G335E,5,3,2.5602131485714543,2.712832422359037,0.28817663,0.7393594157551144,335,G,E,G
Q86Y26-4_234-500_processed,A,G335F,5,4,2.5602131485714543,3.2079371983380796,0.26530954,0.45361991135170143,335,G,F,G
Q86Y26-4_234-500_processed,A,G335G,5,5,2.5602131485714543,2.5602131485714543,0.29707488,0.8468346925869935,335,G,G,G
Q86Y26-4_234-500_processed,A,G335H,5,6,2.5602131485714543,3.772712370515455,0.2517782,0.27712251364294116,335,G,H,G
Q86Y26-4_234-500_processed,A,G335I,5,7,2.5602131485714543,2.8540177271228053,0.32342216,1.1547774498922663,335,G,I,G
Q86Y26-4_234-500_processed,A,G335K,5,8,2.5602131485714543,2.828313162223749,0.26388562,0.43532555824669805,335,G,K,G
Q86Y26-4_234-500_processed,A,G335L,5,9,2.5602131485714543,2.4331137753126835,0.25563428,0.32803836479641246,335,G,L,G
Q86Y26-4_234-500_processed,A,G335M,5,10,2.5602131485714543,3.785956884138847,0.2720772,0.5397271626486518,335,G,M,G
Q86Y26-4_234-500_processed,A,G335N,5,11,2.5602131485714543,3.127101928086014,0.24231008,0.1498599656128652,335,G,N,G
Q86Y26-4_234-500_processed,A,G335P,5,12,2.5602131485714543,3.0805551433480183,0.6322207,4.354388624023474,335,G,P,G
Q86Y26-4_234-500_processed,A,G335Q,5,13,2.5602131485714543,3.3385149556513554,0.29030538,0.7652465485459847,335,G,Q,G
Q86Y26-4_234-500_processed,A,G335R,5,14,2.5602131485714543,3.0355669859078964,0.24896976,0.2397138621304984,335,G,R,G
Q86Y26-4_234-500_processed,A,G335S,5,15,2.5602131485714543,2.8445017352648363,0.28648156,0.718664716325994,335,G,S,G
Q86Y26-4_234-500_processed,A,G335T,5,16,2.5602131485714543,2.8968826778292005,0.30593976,0.9520736993915915,335,G,T,G
Q86Y26-4_234-500_processed,A,G335V,5,17,2.5602131485714543,2.623741420309898,0.3130692,1.0354766692530426,335,G,V,G
Q86Y26-4_234-500_processed,A,G335W,5,18,2.5602131485714543,4.250501482991098,0.23116642,-0.0043415945220526275,335,G,W,G
Q86Y26-4_234-500_processed,A,G335Y,5,19,2.5602131485714543,3.311579602010778,0.26998606,0.5132667865845627,335,G,Y,G
Q86Y26-4_234-500_processed,A,L336A,9,0,2.4331137753126835,2.4839824262174384,0.2961649,0.8359307458531201,336,L,A,L
Q86Y26-4_234-500_processed,A,L336C,9,1,2.4331137753126835,4.335140045203785,0.33542964,1.2906786368345415,336,L,C,L
Q86Y26-4_234-500_processed,A,L336D,9,2,2.4331137753126835,2.8246796259135976,0.28543654,0.7058698025720095,336,L,D,L
Q86Y26-4_234-500_processed,A,L336E,9,3,2.4331137753126835,2.712832422359037,0.2894576,0.7549503830886778,336,L,E,L
Q86Y26-4_234-500_processed,A,L336F,9,4,2.4331137753126835,3.2079371983380796,0.27109915,0.5273672687793213,336,L,F,L
Q86Y26-4_234-500_processed,A,L336G,9,5,2.4331137753126835,2.5602131485714543,0.33568156,1.2935033728419325,336,L,G,L
Q86Y26-4_234-500_processed,A,L336H,9,6,2.4331137753126835,3.772712370515455,0.2665339,0.4693002942687041,336,L,H,L
Q86Y26-4_234-500_processed,A,L336I,9,7,2.4331137753126835,2.8540177271228053,0.26281658,0.42154907458568536,336,L,I,L
Q86Y26-4_234-500_processed,A,L336K,9,8,2.4331137753126835,2.828313162223749,0.27971682,0.6353332291480287,336,L,K,L
Q86Y26-4_234-500_processed,A,L336L,9,9,2.4331137753126835,2.4331137753126835,0.24834782,0.23139141767943905,336,L,L,L
Q86Y26-4_234-500_processed,A,L336M,9,10,2.4331137753126835,3.785956884138847,0.26791614,0.48694741461798474,336,L,M,L
Q86Y26-4_234-500_processed,A,L336N,9,11,2.4331137753126835,3.127101928086014,0.28395513,0.6876834634380707,336,L,N,L
Q86Y26-4_234-500_processed,A,L336P,9,12,2.4331137753126835,3.0805551433480183,0.37083015,1.6783572060331087,336,L,P,L
Q86Y26-4_234-500_processed,A,L336Q,9,13,2.4331137753126835,3.3385149556513554,0.29472384,0.8186233324590183,336,L,Q,L
Q86Y26-4_234-500_processed,A,L336R,9,14,2.4331137753126835,3.0355669859078964,0.2667824,0.47247710025965284,336,L,R,L
Q86Y26-4_234-500_processed,A,L336S,9,15,2.4331137753126835,2.8445017352648363,0.28596663,0.7123636275316633,336,L,S,L
Q86Y26-4_234-500_processed,A,L336T,9,16,2.4331137753126835,2.8968826778292005,0.27858838,0.6213137446678676,336,L,T,L
Q86Y26-4_234-500_processed,A,L336V,9,17,2.4331137753126835,2.623741420309898,0.2786682,0.6223064409059681,336,L,V,L
Q86Y26-4_234-500_processed,A,L336W,9,18,2.4331137753126835,4.250501482991098,0.25131607,0.2709862195015367,336,L,W,L
Q86Y26-4_234-500_processed,A,L336Y,9,19,2.4331137753126835,3.311579602010778,0.28006387,0.6396379312507178,336,L,Y,L
Q86Y26-4_234-500_processed,A,S337A,15,0,2.8445017352648363,2.4839824262174384,0.24458364,0.18072062509915832,337,S,A,S
Q86Y26-4_234-500_processed,A,S337C,15,1,2.8445017352648363,4.335140045203785,0.30760255,0.9716210213486467,337,S,C,S
Q86Y26-4_234-500_processed,A,S337D,15,2,2.8445017352648363,2.8246796259135976,0.21746716,-0.20122011161354425,337,S,D,S
Q86Y26-4_234-500_processed,A,S337E,15,3,2.8445017352648363,2.712832422359037,0.21116215,-0.2948361630614149,337,S,E,S
Q86Y26-4_234-500_processed,A,S337F,15,4,2.8445017352648363,3.2079371983380796,0.21436232,-0.24707008061713887,337,S,F,S
Q86Y26-4_234-500_processed,A,S337G,15,5,2.8445017352648363,2.5602131485714543,0.28035536,0.6432510674312963,337,S,G,S
Q86Y26-4_234-500_processed,A,S337H,15,6,2.8445017352648363,3.772712370515455,0.20961496,-0.3181197026583016,337,S,H,S
Q86Y26-4_234-500_processed,A,S337I,15,7,2.8445017352648363,2.8540177271228053,0.22436492,-0.10102077516935315,337,S,I,S
Q86Y26-4_234-500_processed,A,S337K,15,8,2.8445017352648363,2.828313162223749,0.22419956,-0.1033968882230063,337,S,K,S
Q86Y26-4_234-500_processed,A,S337L,15,9,2.8445017352648363,2.4331137753126835,0.20744742,-0.3509522825641076,337,S,L,S
Q86Y26-4_234-500_processed,A,S337M,15,10,2.8445017352648363,3.785956884138847,0.237155,0.07914775031983345,337,S,M,S
Q86Y26-4_234-500_processed,A,S337N,15,11,2.8445017352648363,3.127101928086014,0.23503394,0.049746215129317095,337,S,N,S
Q86Y26-4_234-500_processed,A,S337P,15,12,2.8445017352648363,3.0805551433480183,0.30515862,0.942870236604661,337,S,P,S
Q86Y26-4_234-500_processed,A,S337Q,15,13,2.8445017352648363,3.3385149556513554,0.24346013,0.16549494201572756,337,S,Q,S
Q86Y26-4_234-500_processed,A,S337R,15,14,2.8445017352648363,3.0355669859078964,0.21604942,-0.22209704378279738,337,S,R,S
Q86Y26-4_234-500_processed,A,S337S,15,15,2.8445017352648363,2.8445017352648363,0.23709138,0.07826840480145647,337,S,S,S
Q86Y26-4_234-500_processed,A,S337T,15,16,2.8445017352648363,2.8968826778292005,0.2403487,0.12307813829203929,337,S,T,S
Q86Y26-4_234-500_processed,A,S337V,15,17,2.8445017352648363,2.623741420309898,0.23403238,0.035798927903716304,337,S,V,S
Q86Y26-4_234-500_processed,A,S337W,15,18,2.8445017352648363,4.250501482991098,0.19165024,-0.5983069540595609,337,S,W,S
Q86Y26-4_234-500_processed,A,S337Y,15,19,2.8445017352648363,3.311579602010778,0.21583137,-0.22531670780634394,337,S,Y,S
Q86Y26-4_234-500_processed,A,P338A,12,0,3.0805551433480183,2.4839824262174384,0.23171069,0.0033079609958525102,338,P,A,P
Q86Y26-4_234-500_processed,A,P338C,12,1,3.0805551433480183,4.335140045203785,0.285243,0.7034971153581104,338,P,C,P
Q86Y26-4_234-500_processed,A,P338D,12,2,3.0805551433480183,2.8246796259135976,0.21108904,-0.29593349725699214,338,P,D,P
Q86Y26-4_234-500_processed,A,P338E,12,3,3.0805551433480183,2.712832422359037,0.20270707,-0.42365059451524467,338,P,E,P
Q86Y26-4_234-500_processed,A,P338F,12,4,3.0805551433480183,3.2079371983380796,0.2010208,-0.44981620959543,338,P,F,P
Q86Y26-4_234-500_processed,A,P338G,12,5,3.0805551433480183,2.5602131485714543,0.2741419,0.5657283825597011,338,P,G,P
Q86Y26-4_234-500_processed,A,P338H,12,6,3.0805551433480183,3.772712370515455,0.20304744,-0.41838877711992073,338,P,H,P
Q86Y26-4_234-500_processed,A,P338I,12,7,3.0805551433480183,2.8540177271228053,0.21673833,-0.21194016397579007,338,P,I,P
Q86Y26-4_234-500_processed,A,P338K,12,8,3.0805551433480183,2.828313162223749,0.21478835,-0.24075047384459813,338,P,K,P
Q86Y26-4_234-500_processed,A,P338L,12,9,3.0805551433480183,2.4331137753126835,0.19303738,-0.575983813747647,338,P,L,P
Q86Y26-4_234-500_processed,A,P338M,12,10,3.0805551433480183,3.785956884138847,0.21784459,-0.19567883241284223,338,P,M,P
Q86Y26-4_234-500_processed,A,P338N,12,11,3.0805551433480183,3.127101928086014,0.22288667,-0.12230694723811164,338,P,N,P
Q86Y26-4_234-500_processed,A,P338P,12,12,3.0805551433480183,3.0805551433480183,0.32023975,1.1183244579350562,338,P,P,P
Q86Y26-4_234-500_processed,A,P338Q,12,13,3.0805551433480183,3.3385149556513554,0.23640305,0.06874519709433258,338,P,Q,P
Q86Y26-4_234-500_processed,A,P338R,12,14,3.0805551433480183,3.0355669859078964,0.20565778,-0.37825212419025533,338,P,R,P
Q86Y26-4_234-500_processed,A,P338S,12,15,3.0805551433480183,2.8445017352648363,0.23637067,0.0682967376999577,338,P,S,P
Q86Y26-4_234-500_processed,A,P338T,12,16,3.0805551433480183,2.8968826778292005,0.23270568,0.017260091590722282,338,P,T,P
Q86Y26-4_234-500_processed,A,P338V,12,17,3.0805551433480183,2.623741420309898,0.22325775,-0.11695408895210646,338,P,V,P
Q86Y26-4_234-500_processed,A,P338W,12,18,3.0805551433480183,4.250501482991098,0.18270305,-0.7453508722309932,338,P,W,P
Q86Y26-4_234-500_processed,A,P338Y,12,19,3.0805551433480183,3.311579602010778,0.20917043,-0.32483275867752903,338,P,Y,P
Q86Y26-4_234-500_processed,A,A339A,0,0,2.4839824262174384,2.4839824262174384,0.23275302,0.017922884099672576,339,A,A,A
Q86Y26-4_234-500_processed,A,A339C,0,1,2.4839824262174384,4.335140045203785,0.26671156,0.4715716472301523,339,A,C,A
Q86Y26-4_234-500_processed,A,A339D,0,2,2.4839824262174384,2.8246796259135976,0.21770872,-0.19767279783549752,339,A,D,A
Q86Y26-4_234-500_processed,A,A339E,0,3,2.4839824262174384,2.712832422359037,0.21436425,-0.24704154563153502,339,A,E,A
Q86Y26-4_234-500_processed,A,A339F,0,4,2.4839824262174384,3.2079371983380796,0.18886212,-0.6435521466781929,339,A,F,A
Q86Y26-4_234-500_processed,A,A339G,0,5,2.4839824262174384,2.5602131485714543,0.2776719,0.609901874670243,339,A,G,A
Q86Y26-4_234-500_processed,A,A339H,0,6,2.4839824262174384,3.772712370515455,0.1959694,-0.5291969646397893,339,A,H,A
Q86Y26-4_234-500_processed,A,A339I,0,7,2.4839824262174384,2.8540177271228053,0.18599425,-0.6906291341938819,339,A,I,A
Q86Y26-4_234-500_processed,A,A339K,0,8,2.4839824262174384,2.828313162223749,0.21951675,-0.17121178874968945,339,A,K,A
Q86Y26-4_234-500_processed,A,A339L,0,9,2.4839824262174384,2.4331137753126835,0.1792525,-0.8035501198940703,339,A,L,A
Q86Y26-4_234-500_processed,A,A339M,0,10,2.4839824262174384,3.785956884138847,0.20469569,-0.3930010108195292,339,A,M,A
Q86Y26-4_234-500_processed,A,A339N,0,11,2.4839824262174384,3.127101928086014,0.21741189,-0.20203212007932125,339,A,N,A
Q86Y26-4_234-500_processed,A,A339P,0,12,2.4839824262174384,3.0805551433480183,0.4461352,2.4592535089180387,339,A,P,A
Q86Y26-4_234-500_processed,A,A339Q,0,13,2.4839824262174384,3.3385149556513554,0.22473028,-0.09577512425412105,339,A,Q,A
Q86Y26-4_234-500_processed,A,A339R,0,14,2.4839824262174384,3.0355669859078964,0.20062305,-0.45601208863672804,339,A,R,A
Q86Y26-4_234-500_processed,A,A339S,0,15,2.4839824262174384,2.8445017352648363,0.23666671,0.07239527210149532,339,A,S,A
Q86Y26-4_234-500_processed,A,A339T,0,16,2.4839824262174384,2.8968826778292005,0.21592559,-0.22392518417754026,339,A,T,A
Q86Y26-4_234-500_processed,A,A339V,0,17,2.4839824262174384,2.623741420309898,0.19323304,-0.5728447818134214,339,A,V,A
Q86Y26-4_234-500_processed,A,A339W,0,18,2.4839824262174384,4.250501482991098,0.17616935,-0.8562980837670398,339,A,W,A
Q86Y26-4_234-500_processed,A,A339Y,0,19,2.4839824262174384,3.311579602010778,0.19735216,-0.5073158506145675,339,A,Y,A
Q86Y26-4_234-500_processed,A,T340A,16,0,2.8968826778292005,2.4839824262174384,0.2634661,0.4299234796947399,340,T,A,T
Q86Y26-4_234-500_processed,A,T340C,16,1,2.8968826778292005,4.335140045203785,0.28417084,0.6903351320739431,340,T,C,T
Q86Y26-4_234-500_processed,A,T340D,16,2,2.8968826778292005,2.8246796259135976,0.2406861,0.12769588188684067,340,T,D,T
Q86Y26-4_234-500_processed,A,T340E,16,3,2.8968826778292005,2.712832422359037,0.2450148,0.18655119810159104,340,T,E,T
Q86Y26-4_234-500_processed,A,T340F,16,4,2.8968826778292005,3.2079371983380796,0.22514457,-0.08983442217958104,340,T,F,T
Q86Y26-4_234-500_processed,A,T340G,16,5,2.8968826778292005,2.5602131485714543,0.29402956,0.8102673930786797,340,T,G,T
Q86Y26-4_234-500_processed,A,T340H,16,6,2.8968826778292005,3.772712370515455,0.22933288,-0.03020490361991479,340,T,H,T
Q86Y26-4_234-500_processed,A,T340I,16,7,2.8968826778292005,2.8540177271228053,0.210741,-0.3011616223902869,340,T,I,T
Q86Y26-4_234-500_processed,A,T340K,16,8,2.8968826778292005,2.828313162223749,0.2513008,0.27078347454237206,340,T,K,T
Q86Y26-4_234-500_processed,A,T340L,16,9,2.8968826778292005,2.4331137753126835,0.20021945,-0.4623083691463148,340,T,L,T
Q86Y26-4_234-500_processed,A,T340M,16,10,2.8968826778292005,3.785956884138847,0.22765948,-0.05393635997154145,340,T,M,T
Q86Y26-4_234-500_processed,A,T340N,16,11,2.8968826778292005,3.127101928086014,0.23866694,0.0999952064921994,340,T,N,T
Q86Y26-4_234-500_processed,A,T340P,16,12,2.8968826778292005,3.0805551433480183,0.48461187,2.8460700766041556,340,T,P,T
Q86Y26-4_234-500_processed,A,T340Q,16,13,2.8968826778292005,3.3385149556513554,0.25337747,0.29830149129546624,340,T,Q,T
Q86Y26-4_234-500_processed,A,T340R,16,14,2.8968826778292005,3.0355669859078964,0.23408557,0.03654076356544966,340,T,R,T
Q86Y26-4_234-500_processed,A,T340S,16,15,2.8968826778292005,2.8445017352648363,0.26546922,0.45566754421501265,340,T,S,T
Q86Y26-4_234-500_processed,A,T340T,16,16,2.8968826778292005,2.8968826778292005,0.24354394,0.16663229448994177,340,T,T,T
Q86Y26-4_234-500_processed,A,T340V,16,17,2.8968826778292005,2.623741420309898,0.21169563,-0.28683689455021866,340,T,V,T
Q86Y26-4_234-500_processed,A,T340W,16,18,2.8968826778292005,4.250501482991098,0.21173678,-0.28622037465274475,340,T,W,T
Q86Y26-4_234-500_processed,A,T340Y,16,19,2.8968826778292005,3.311579602010778,0.23076499,-0.009991804593438847,340,T,Y,T
Q86Y26-4_234-500_processed,A,P341A,12,0,3.0805551433480183,2.4839824262174384,0.22056945,-0.1558774924182138,341,P,A,P
Q86Y26-4_234-500_processed,A,P341C,12,1,3.0805551433480183,4.335140045203785,0.26659957,0.4701398278181318,341,P,C,P
Q86Y26-4_234-500_processed,A,P341D,12,2,3.0805551433480183,2.8246796259135976,0.1956627,-0.5340660128259067,341,P,D,P
Q86Y26-4_234-500_processed,A,P341E,12,3,3.0805551433480183,2.712832422359037,0.19170913,-0.5973567486969827,341,P,E,P
Q86Y26-4_234-500_processed,A,P341F,12,4,3.0805551433480183,3.2079371983380796,0.19716616,-0.5102523626920363,341,P,F,P
Q86Y26-4_234-500_processed,A,P341G,12,5,3.0805551433480183,2.5602131485714543,0.25821093,0.3617796603928003,341,P,G,P
Q86Y26-4_234-500_processed,A,P341H,12,6,3.0805551433480183,3.772712370515455,0.19053143,-0.6164019026246509,341,P,H,P
Q86Y26-4_234-500_processed,A,P341I,12,7,3.0805551433480183,2.8540177271228053,0.20128578,-0.44569380909698364,341,P,I,P
Q86Y26-4_234-500_processed,A,P341K,12,8,3.0805551433480183,2.828313162223749,0.19888571,-0.4831832222092114,341,P,K,P
Q86Y26-4_234-500_processed,A,P341L,12,9,3.0805551433480183,2.4331137753126835,0.17696157,-0.8426757438330046,341,P,L,P
Q86Y26-4_234-500_processed,A,P341M,12,10,3.0805551433480183,3.785956884138847,0.20297419,-0.4195206571579918,341,P,M,P
Q86Y26-4_234-500_processed,A,P341N,12,11,3.0805551433480183,3.127101928086014,0.20431647,-0.3988285856633955,341,P,N,P
Q86Y26-4_234-500_processed,A,P341P,12,12,3.0805551433480183,3.0805551433480183,0.27360287,0.5589520367578917,341,P,P,P
Q86Y26-4_234-500_processed,A,P341Q,12,13,3.0805551433480183,3.3385149556513554,0.21865089,-0.18386422902274768,341,P,Q,P
Q86Y26-4_234-500_processed,A,P341R,12,14,3.0805551433480183,3.0355669859078964,0.1919211,-0.5939383801686388,341,P,R,P
Q86Y26-4_234-500_processed,A,P341S,12,15,3.0805551433480183,2.8445017352648363,0.2136215,-0.2580812204307714,341,P,S,P
Q86Y26-4_234-500_processed,A,P341T,12,16,3.0805551433480183,2.8968826778292005,0.21000737,-0.3122024846693844,341,P,T,P
Q86Y26-4_234-500_processed,A,P341V,12,17,3.0805551433480183,2.623741420309898,0.20763573,-0.34808993391573395,341,P,V,P
Q86Y26-4_234-500_processed,A,P341W,12,18,3.0805551433480183,4.250501482991098,0.18314768,-0.7379136817963639,341,P,W,P
Q86Y26-4_234-500_processed,A,P341Y,12,19,3.0805551433480183,3.311579602010778,0.20347138,-0.4118443005294514,341,P,Y,P
Q86Y26-4_234-500_processed,A,L342A,9,0,2.4331137753126835,2.4839824262174384,0.28968942,0.7577677014970987,342,L,A,L
Q86Y26-4_234-500_processed,A,L342C,9,1,2.4331137753126835,4.335140045203785,0.32004496,1.1160870712602393,342,L,C,L
Q86Y26-4_234-500_processed,A,L342D,9,2,2.4331137753126835,2.8246796259135976,0.2806246,0.646586222487929,342,L,D,L
Q86Y26-4_234-500_processed,A,L342E,9,3,2.4331137753126835,2.712832422359037,0.26502293,0.44994266744732225,342,L,E,L
Q86Y26-4_234-500_processed,A,L342F,9,4,2.4331137753126835,3.2079371983380796,0.2570695,0.34685991703571784,342,L,F,L
Q86Y26-4_234-500_processed,A,L342G,9,5,2.4331137753126835,2.5602131485714543,0.3262724,1.187266830823736,342,L,G,L
Q86Y26-4_234-500_processed,A,L342H,9,6,2.4331137753126835,3.772712370515455,0.25523052,0.3227309227525743,342,L,H,L
Q86Y26-4_234-500_processed,A,L342I,9,7,2.4331137753126835,2.8540177271228053,0.22886182,-0.036872857841839246,342,L,I,L
Q86Y26-4_234-500_processed,A,L342K,9,8,2.4331137753126835,2.828313162223749,0.26643077,0.4679810879745261,342,L,K,L
Q86Y26-4_234-500_processed,A,L342L,9,9,2.4331137753126835,2.4331137753126835,0.22707057,-0.06231725144793809,342,L,L,L
Q86Y26-4_234-500_processed,A,L342M,9,10,2.4331137753126835,3.785956884138847,0.25827238,0.3625816893413014,342,L,M,L
Q86Y26-4_234-500_processed,A,L342N,9,11,2.4331137753126835,3.127101928086014,0.27470472,0.5727948586890355,342,L,N,L
Q86Y26-4_234-500_processed,A,L342P,9,12,2.4331137753126835,3.0805551433480183,0.44365287,2.434124978375919,342,L,P,L
Q86Y26-4_234-500_processed,A,L342Q,9,13,2.4331137753126835,3.3385149556513554,0.28259546,0.6709412251281255,342,L,Q,L
Q86Y26-4_234-500_processed,A,L342R,9,14,2.4331137753126835,3.0355669859078964,0.25521967,0.32258824932493657,342,L,R,L
Q86Y26-4_234-500_processed,A,L342S,9,15,2.4331137753126835,2.8445017352648363,0.29277724,0.7951658852402432,342,L,S,L
Q86Y26-4_234-500_processed,A,L342T,9,16,2.4331137753126835,2.8968826778292005,0.26390624,0.43559097253664747,342,L,T,L
Q86Y26-4_234-500_processed,A,L342V,9,17,2.4331137753126835,2.623741420309898,0.23899506,0.10450758686849304,342,L,V,L
Q86Y26-4_234-500_processed,A,L342W,9,18,2.4331137753126835,4.250501482991098,0.23753819,0.08443995341422428,342,L,W,L
Q86Y26-4_234-500_processed,A,L342Y,9,19,2.4331137753126835,3.311579602010778,0.26332638,0.4281232238377769,342,L,Y,L
Q86Y26-4_234-500_processed,A,K343A,8,0,2.828313162223749,2.4839824262174384,0.24632454,0.2042201985425135,343,K,A,K
Q86Y26-4_234-500_processed,A,K343C,8,1,2.828313162223749,4.335140045203785,0.30446634,0.9347027945225123,343,K,C,K
Q86Y26-4_234-500_processed,A,K343D,8,2,2.828313162223749,2.8246796259135976,0.24132335,0.1364052001880306,343,K,D,K
Q86Y26-4_234-500_processed,A,K343E,8,3,2.828313162223749,2.712832422359037,0.22496288,-0.09243885356258807,343,K,E,K
Q86Y26-4_234-500_processed,A,K343F,8,4,2.828313162223749,3.2079371983380796,0.23179618,0.00450833939887596,343,K,F,K
Q86Y26-4_234-500_processed,A,K343G,8,5,2.828313162223749,2.5602131485714543,0.298095,0.8590352560956723,343,K,G,K
Q86Y26-4_234-500_processed,A,K343H,8,6,2.828313162223749,3.772712370515455,0.22046387,-0.15741299920474627,343,K,H,K
Q86Y26-4_234-500_processed,A,K343I,8,7,2.828313162223749,2.8540177271228053,0.21512662,-0.23573906961388946,343,K,I,K
Q86Y26-4_234-500_processed,A,K343K,8,8,2.828313162223749,2.828313162223749,0.23130429,-0.002402727086326384,343,K,K,K
Q86Y26-4_234-500_processed,A,K343L,8,9,2.828313162223749,2.4331137753126835,0.21062852,-0.30285248534435705,343,K,L,K
Q86Y26-4_234-500_processed,A,K343M,8,10,2.828313162223749,3.785956884138847,0.23202142,0.007669648894503278,343,K,M,K
Q86Y26-4_234-500_processed,A,K343N,8,11,2.828313162223749,3.127101928086014,0.24831438,0.2309435752050487,343,K,N,K
Q86Y26-4_234-500_processed,A,K343P,8,12,2.828313162223749,3.0805551433480183,0.26277667,0.4210341263245604,343,K,P,K
Q86Y26-4_234-500_processed,A,K343Q,8,13,2.828313162223749,3.3385149556513554,0.24860235,0.23479900674453325,343,K,Q,K
Q86Y26-4_234-500_processed,A,K343R,8,14,2.828313162223749,3.0355669859078964,0.21892786,-0.1798131091352384,343,K,R,K
Q86Y26-4_234-500_processed,A,K343S,8,15,2.828313162223749,2.8445017352648363,0.24969813,0.24944275384225,343,K,S,K
Q86Y26-4_234-500_processed,A,K343T,8,16,2.828313162223749,2.8968826778292005,0.23913093,0.1063748204869952,343,K,T,K
Q86Y26-4_234-500_processed,A,K343V,8,17,2.828313162223749,2.623741420309898,0.23182377,0.004895775711029615,343,K,V,K
Q86Y26-4_234-500_processed,A,K343W,8,18,2.828313162223749,4.250501482991098,0.19540222,-0.5382060005317069,343,K,W,K
Q86Y26-4_234-500_processed,A,K343Y,8,19,2.828313162223749,3.311579602010778,0.2330754,0.02243372052920467,343,K,Y,K
Q86Y26-4_234-500_processed,A,L344A,9,0,2.4331137753126835,2.4839824262174384,0.26436424,0.4414818935354409,344,L,A,L
Q86Y26-4_234-500_processed,A,L344C,9,1,2.4331137753126835,4.335140045203785,0.30712023,0.965957063114718,344,L,C,L
Q86Y26-4_234-500_processed,A,L344D,9,2,2.4331137753126835,2.8246796259135976,0.24687217,0.21158926853475313,344,L,D,L
Q86Y26-4_234-500_processed,A,L344E,9,3,2.4331137753126835,2.712832422359037,0.23990619,0.11701530517378878,344,L,E,L
Q86Y26-4_234-500_processed,A,L344F,9,4,2.4331137753126835,3.2079371983380796,0.24533987,0.1909424680415145,344,L,F,L
Q86Y26-4_234-500_processed,A,L344G,9,5,2.4331137753126835,2.5602131485714543,0.301052,0.894266698260609,344,L,G,L
Q86Y26-4_234-500_processed,A,L344H,9,6,2.4331137753126835,3.772712370515455,0.23271076,0.01733123623732513,344,L,H,L
Q86Y26-4_234-500_processed,A,L344I,9,7,2.4331137753126835,2.8540177271228053,0.23357992,0.02948463649471822,344,L,I,L
Q86Y26-4_234-500_processed,A,L344K,9,8,2.4331137753126835,2.828313162223749,0.2566625,0.34152937036732667,344,L,K,L
Q86Y26-4_234-500_processed,A,L344L,9,9,2.4331137753126835,2.4331137753126835,0.22768222,-0.05361306064359972,344,L,L,L
Q86Y26-4_234-500_processed,A,L344M,9,10,2.4331137753126835,3.785956884138847,0.2424065,0.1511727994777351,344,L,M,L
Q86Y26-4_234-500_processed,A,L344N,9,11,2.4331137753126835,3.127101928086014,0.25126278,0.27027816049675135,344,L,N,L
Q86Y26-4_234-500_processed,A,L344P,9,12,2.4331137753126835,3.0805551433480183,0.2904735,0.7672861501401292,344,L,P,L
Q86Y26-4_234-500_processed,A,L344Q,9,13,2.4331137753126835,3.3385149556513554,0.25908008,0.37311166291365994,344,L,Q,L
Q86Y26-4_234-500_processed,A,L344R,9,14,2.4331137753126835,3.0355669859078964,0.24382277,0.17041454983936666,344,L,R,L
Q86Y26-4_234-500_processed,A,L344S,9,15,2.4331137753126835,2.8445017352648363,0.2530859,0.2944470780476738,344,L,S,L
Q86Y26-4_234-500_processed,A,L344T,9,16,2.4331137753126835,2.8968826778292005,0.2473105,0.21747965802104086,344,L,T,L
Q86Y26-4_234-500_processed,A,L344V,9,17,2.4331137753126835,2.623741420309898,0.24670339,0.20931922582837603,344,L,V,L
Q86Y26-4_234-500_processed,A,L344W,9,18,2.4331137753126835,4.250501482991098,0.22885169,-0.03701639694776382,344,L,W,L
Q86Y26-4_234-500_processed,A,L344Y,9,19,2.4331137753126835,3.311579602010778,0.24672408,0.20959765131681074,344,L,Y,L
Q86Y26-4_234-500_processed,A,D345A,2,0,2.8246796259135976,2.4839824262174384,0.29068434,0.7698432540970181,345,D,A,D
Q86Y26-4_234-500_processed,A,D345C,2,1,2.8246796259135976,4.335140045203785,0.35758612,1.535358600483337,345,D,C,D
Q86Y26-4_234-500_processed,A,D345D,2,2,2.8246796259135976,2.8246796259135976,0.2532696,0.2968759798880577,345,D,D,D
Q86Y26-4_234-500_processed,A,D345E,2,3,2.8246796259135976,2.712832422359037,0.24932006,0.24439517544501965,345,D,E,D
Q86Y26-4_234-500_processed,A,D345F,2,4,2.8246796259135976,3.2079371983380796,0.27354226,0.5581894727773126,345,D,F,D
Q86Y26-4_234-500_processed,A,D345G,2,5,2.8246796259135976,2.5602131485714543,0.33439714,1.279090323580492,345,D,G,D
Q86Y26-4_234-500_processed,A,D345H,2,6,2.8246796259135976,3.772712370515455,0.25150898,0.27354873365929566,345,D,H,D
Q86Y26-4_234-500_processed,A,D345I,2,7,2.8246796259135976,2.8540177271228053,0.27300552,0.5514327665216076,345,D,I,D
Q86Y26-4_234-500_processed,A,D345K,2,8,2.8246796259135976,2.828313162223749,0.27436978,0.5685904838135719,345,D,K,D
Q86Y26-4_234-500_processed,A,D345L,2,9,2.8246796259135976,2.4331137753126835,0.24962993,0.2485325696429197,345,D,L,D
Q86Y26-4_234-500_processed,A,D345M,2,10,2.8246796259135976,3.785956884138847,0.27475488,0.5734241744771523,345,D,M,D
Q86Y26-4_234-500_processed,A,D345N,2,11,2.8246796259135976,3.127101928086014,0.27690083,0.6002825993371527,345,D,N,D
Q86Y26-4_234-500_processed,A,D345P,2,12,2.8246796259135976,3.0805551433480183,0.31373292,1.0431879474035846,345,D,P,D
Q86Y26-4_234-500_processed,A,D345Q,2,13,2.8246796259135976,3.3385149556513554,0.2889039,0.7482162142563664,345,D,Q,D
Q86Y26-4_234-500_processed,A,D345R,2,14,2.8246796259135976,3.0355669859078964,0.2768599,0.599771672943222,345,D,R,D
Q86Y26-4_234-500_processed,A,D345S,2,15,2.8246796259135976,2.8445017352648363,0.27691463,0.6004548822923369,345,D,S,D
Q86Y26-4_234-500_processed,A,D345T,2,16,2.8246796259135976,2.8968826778292005,0.28615487,0.7146677879837284,345,D,T,D
Q86Y26-4_234-500_processed,A,D345V,2,17,2.8246796259135976,2.623741420309898,0.28451502,0.6945636398997213,345,D,V,D
Q86Y26-4_234-500_processed,A,D345W,2,18,2.8246796259135976,4.250501482991098,0.2469886,0.21315446297183738,345,D,W,D
Q86Y26-4_234-500_processed,A,D345Y,2,19,2.8246796259135976,3.311579602010778,0.2737933,0.5613470175472293,345,D,Y,D
Q86Y26-4_234-500_processed,A,P346A,12,0,3.0805551433480183,2.4839824262174384,0.21349505,-0.2599634830299352,346,P,A,P
Q86Y26-4_234-500_processed,A,P346C,12,1,3.0805551433480183,4.335140045203785,0.2695941,0.5082927581099458,346,P,C,P
Q86Y26-4_234-500_processed,A,P346D,12,2,3.0805551433480183,2.8246796259135976,0.19780882,-0.5001149213614647,346,P,D,P
Q86Y26-4_234-500_processed,A,P346E,12,3,3.0805551433480183,2.712832422359037,0.19690849,-0.5143239292541624,346,P,E,P
Q86Y26-4_234-500_processed,A,P346F,12,4,3.0805551433480183,3.2079371983380796,0.20637847,-0.367237348722263,346,P,F,P
Q86Y26-4_234-500_processed,A,P346G,12,5,3.0805551433480183,2.5602131485714543,0.24420615,0.17561016733440626,346,P,G,P
Q86Y26-4_234-500_processed,A,P346H,12,6,3.0805551433480183,3.772712370515455,0.19414581,-0.5582333070779311,346,P,H,P
Q86Y26-4_234-500_processed,A,P346I,12,7,3.0805551433480183,2.8540177271228053,0.20747776,-0.35049098801483325,346,P,I,P
Q86Y26-4_234-500_processed,A,P346K,12,8,3.0805551433480183,2.828313162223749,0.20578969,-0.3762340108331652,346,P,K,P
Q86Y26-4_234-500_processed,A,P346L,12,9,3.0805551433480183,2.4331137753126835,0.18630256,-0.6855414967450296,346,P,L,P
Q86Y26-4_234-500_processed,A,P346M,12,10,3.0805551433480183,3.785956884138847,0.20840868,-0.3363606685065801,346,P,M,P
Q86Y26-4_234-500_processed,A,P346N,12,11,3.0805551433480183,3.127101928086014,0.20620678,-0.3698588126622532,346,P,N,P
Q86Y26-4_234-500_processed,A,P346P,12,12,3.0805551433480183,3.0805551433480183,0.2380245,0.09114805777754031,346,P,P,P
Q86Y26-4_234-500_processed,A,P346Q,12,13,3.0805551433480183,3.3385149556513554,0.21737795,-0.20253091473358575,346,P,Q,P
Q86Y26-4_234-500_processed,A,P346R,12,14,3.0805551433480183,3.0355669859078964,0.2015802,-0.44111807051981144,346,P,R,P
Q86Y26-4_234-500_processed,A,P346S,12,15,3.0805551433480183,2.8445017352648363,0.21081829,-0.30000004158316995,346,P,S,P
Q86Y26-4_234-500_processed,A,P346T,12,16,3.0805551433480183,2.8968826778292005,0.2088356,-0.3298960846447674,346,P,T,P
Q86Y26-4_234-500_processed,A,P346V,12,17,3.0805551433480183,2.623741420309898,0.21675918,-0.21163317686924588,346,P,V,P
Q86Y26-4_234-500_processed,A,P346W,12,18,3.0805551433480183,4.250501482991098,0.18715274,-0.6715453074023753,346,P,W,P
Q86Y26-4_234-500_processed,A,P346Y,12,19,3.0805551433480183,3.311579602010778,0.20977698,-0.31567556736470215,346,P,Y,P
Q86Y26-4_234-500_processed,A,L347A,9,0,2.4331137753126835,2.4839824262174384,0.28042963,0.6441712544137829,347,L,A,L
Q86Y26-4_234-500_processed,A,L347C,9,1,2.4331137753126835,4.335140045203785,0.3160476,1.0700113788718957,347,L,C,L
Q86Y26-4_234-500_processed,A,L347D,9,2,2.4331137753126835,2.8246796259135976,0.2631663,0.4260599321274805,347,L,D,L
Q86Y26-4_234-500_processed,A,L347E,9,3,2.4331137753126835,2.712832422359037,0.2538993,0.3051929650263785,347,L,E,L
Q86Y26-4_234-500_processed,A,L347F,9,4,2.4331137753126835,3.2079371983380796,0.24809028,0.22794114947926658,347,L,F,L
Q86Y26-4_234-500_processed,A,L347G,9,5,2.4331137753126835,2.5602131485714543,0.33101365,1.240989888797387,347,L,G,L
Q86Y26-4_234-500_processed,A,L347H,9,6,2.4331137753126835,3.772712370515455,0.24516039,0.18851834505429932,347,L,H,L
Q86Y26-4_234-500_processed,A,L347I,9,7,2.4331137753126835,2.8540177271228053,0.23294191,0.02056644384104689,347,L,I,L
Q86Y26-4_234-500_processed,A,L347K,9,8,2.4331137753126835,2.828313162223749,0.26112726,0.39970547851246097,347,L,K,L
Q86Y26-4_234-500_processed,A,L347L,9,9,2.4331137753126835,2.4331137753126835,0.23162815,0.002148717515600418,347,L,L,L
Q86Y26-4_234-500_processed,A,L347M,9,10,2.4331137753126835,3.785956884138847,0.25048596,0.25994450862745433,347,L,M,L
Q86Y26-4_234-500_processed,A,L347N,9,11,2.4331137753126835,3.127101928086014,0.2617177,0.4073505149214507,347,L,N,L
Q86Y26-4_234-500_processed,A,L347P,9,12,2.4331137753126835,3.0805551433480183,0.33710346,1.3094273492948227,347,L,P,L
Q86Y26-4_234-500_processed,A,L347Q,9,13,2.4331137753126835,3.3385149556513554,0.27180034,0.53623119967035,347,L,Q,L
Q86Y26-4_234-500_processed,A,L347R,9,14,2.4331137753126835,3.0355669859078964,0.24547324,0.1927429301261574,347,L,R,L
Q86Y26-4_234-500_processed,A,L347S,9,15,2.4331137753126835,2.8445017352648363,0.27266902,0.5471925575219061,347,L,S,L
Q86Y26-4_234-500_processed,A,L347T,9,16,2.4331137753126835,2.8968826778292005,0.26273432,0.4204875877235492,347,L,T,L
Q86Y26-4_234-500_processed,A,L347V,9,17,2.4331137753126835,2.623741420309898,0.24668993,0.20913821076737504,347,L,V,L
Q86Y26-4_234-500_processed,A,L347W,9,18,2.4331137753126835,4.250501482991098,0.23175636,0.003949303249361491,347,L,W,L
Q86Y26-4_234-500_processed,A,L347Y,9,19,2.4331137753126835,3.311579602010778,0.25623003,0.3358594258420816,347,L,Y,L
Q86Y26-4_234-500_processed,A,G348A,5,0,2.5602131485714543,2.4839824262174384,0.2530004,0.2933161615025387,348,G,A,G
Q86Y26-4_234-500_processed,A,G348C,5,1,2.5602131485714543,4.335140045203785,0.29950452,0.8758539723285427,348,G,C,G
Q86Y26-4_234-500_processed,A,G348D,5,2,2.5602131485714543,2.8246796259135976,0.22624657,-0.07406964987012432,348,G,D,G
Q86Y26-4_234-500_processed,A,G348E,5,3,2.5602131485714543,2.712832422359037,0.23449257,0.04221245681368391,348,G,E,G
Q86Y26-4_234-500_processed,A,G348F,5,4,2.5602131485714543,3.2079371983380796,0.22612654,-0.07578409117835416,348,G,F,G
Q86Y26-4_234-500_processed,A,G348G,5,5,2.5602131485714543,2.5602131485714543,0.27013594,0.5151675292369995,348,G,G,G
Q86Y26-4_234-500_processed,A,G348H,5,6,2.5602131485714543,3.772712370515455,0.21899915,-0.17877101192456946,348,G,H,G
Q86Y26-4_234-500_processed,A,G348I,5,7,2.5602131485714543,2.8540177271228053,0.25248393,0.2864795545667642,348,G,I,G
Q86Y26-4_234-500_processed,A,G348K,5,8,2.5602131485714543,2.828313162223749,0.2347553,0.045870211188305254,348,G,K,G
Q86Y26-4_234-500_processed,A,G348L,5,9,2.5602131485714543,2.4331137753126835,0.2184551,-0.18673016284535826,348,G,L,G
Q86Y26-4_234-500_processed,A,G348M,5,10,2.5602131485714543,3.785956884138847,0.23745503,0.08329187128359783,348,G,M,G
Q86Y26-4_234-500_processed,A,G348N,5,11,2.5602131485714543,3.127101928086014,0.22939843,-0.02927778065505038,348,G,N,G
Q86Y26-4_234-500_processed,A,G348P,5,12,2.5602131485714543,3.0805551433480183,0.28540587,0.7054939053379755,348,G,P,G
Q86Y26-4_234-500_processed,A,G348Q,5,13,2.5602131485714543,3.3385149556513554,0.25532955,0.32403322148387204,348,G,Q,G
Q86Y26-4_234-500_processed,A,G348R,5,14,2.5602131485714543,3.0355669859078964,0.2291293,-0.03308546224145725,348,G,R,G
Q86Y26-4_234-500_processed,A,G348S,5,15,2.5602131485714543,2.8445017352648363,0.24254379,0.15304131662417952,348,G,S,G
Q86Y26-4_234-500_processed,A,G348T,5,16,2.5602131485714543,2.8968826778292005,0.25701568,0.3461553231654163,348,G,T,G
Q86Y26-4_234-500_processed,A,G348V,5,17,2.5602131485714543,2.623741420309898,0.25994366,0.38434654492104536,348,G,V,G
Q86Y26-4_234-500_processed,A,G348W,5,18,2.5602131485714543,4.250501482991098,0.21195613,-0.2829361267828817,348,G,W,G
Q86Y26-4_234-500_processed,A,G348Y,5,19,2.5602131485714543,3.311579602010778,0.23166347,0.0026447642080357214,348,G,Y,G
Q86Y26-4_234-500_processed,A,P349A,12,0,3.0805551433480183,2.4839824262174384,0.23215966,0.009608749004869077,349,P,A,P
Q86Y26-4_234-500_processed,A,P349C,12,1,3.0805551433480183,4.335140045203785,0.27785552,0.6121900353994894,349,P,C,P
Q86Y26-4_234-500_processed,A,P349D,12,2,3.0805551433480183,2.8246796259135976,0.21419078,-0.24961730121215164,349,P,D,P
Q86Y26-4_234-500_processed,A,P349E,12,3,3.0805551433480183,2.712832422359037,0.21099305,-0.2973748142418581,349,P,E,P
Q86Y26-4_234-500_processed,A,P349F,12,4,3.0805551433480183,3.2079371983380796,0.21289732,-0.26887188106517024,349,P,F,P
Q86Y26-4_234-500_processed,A,P349G,12,5,3.0805551433480183,2.5602131485714543,0.2635235,0.43066291221301956,349,P,G,P
Q86Y26-4_234-500_processed,A,P349H,12,6,3.0805551433480183,3.772712370515455,0.2048548,-0.3905582400644181,349,P,H,P
Q86Y26-4_234-500_processed,A,P349I,12,7,3.0805551433480183,2.8540177271228053,0.2160857,-0.2215615050535169,349,P,I,P
Q86Y26-4_234-500_processed,A,P349K,12,8,3.0805551433480183,2.828313162223749,0.22207023,-0.13410638803449837,349,P,K,P
Q86Y26-4_234-500_processed,A,P349L,12,9,3.0805551433480183,2.4331137753126835,0.19356379,-0.5675442073399839,349,P,L,P
Q86Y26-4_234-500_processed,A,P349M,12,10,3.0805551433480183,3.785956884138847,0.21146314,-0.2903211429735747,349,P,M,P
Q86Y26-4_234-500_processed,A,P349N,12,11,3.0805551433480183,3.127101928086014,0.21754472,-0.20008083629560303,349,P,N,P
Q86Y26-4_234-500_processed,A,P349P,12,12,3.0805551433480183,3.0805551433480183,0.27069917,0.5223045967330566,349,P,P,P
Q86Y26-4_234-500_processed,A,P349Q,12,13,3.0805551433480183,3.3385149556513554,0.23238268,0.012735488838138131,349,P,Q,P
Q86Y26-4_234-500_processed,A,P349R,12,14,3.0805551433480183,3.0355669859078964,0.21334931,-0.26213377289952655,349,P,R,P
Q86Y26-4_234-500_processed,A,P349S,12,15,3.0805551433480183,2.8445017352648363,0.22857417,-0.04094941877301417,349,P,S,P
Q86Y26-4_234-500_processed,A,P349T,12,16,3.0805551433480183,2.8968826778292005,0.22593778,-0.07848146265801159,349,P,T,P
Q86Y26-4_234-500_processed,A,P349V,12,17,3.0805551433480183,2.623741420309898,0.22374882,-0.10988020315748026,349,P,V,P
Q86Y26-4_234-500_processed,A,P349W,12,18,3.0805551433480183,4.250501482991098,0.18467848,-0.7124154279178802,349,P,W,P
Q86Y26-4_234-500_processed,A,P349Y,12,19,3.0805551433480183,3.311579602010778,0.21660987,-0.21383236944545692,349,P,Y,P
Q86Y26-4_234-500_processed,A,L350A,9,0,2.4331137753126835,2.4839824262174384,0.27911767,0.6278938679124099,350,L,A,L
Q86Y26-4_234-500_processed,A,L350C,9,1,2.4331137753126835,4.335140045203785,0.31593105,1.068663215132797,350,L,C,L
Q86Y26-4_234-500_processed,A,L350D,9,2,2.4331137753126835,2.8246796259135976,0.2618332,0.4088444937116614,350,L,D,L
Q86Y26-4_234-500_processed,A,L350E,9,3,2.4331137753126835,2.712832422359037,0.24672809,0.2096515706361951,350,L,E,L
Q86Y26-4_234-500_processed,A,L350F,9,4,2.4331137753126835,3.2079371983380796,0.25582734,0.33057418223315205,350,L,F,L
Q86Y26-4_234-500_processed,A,L350G,9,5,2.4331137753126835,2.5602131485714543,0.31674075,1.0780231470804216,350,L,G,L
Q86Y26-4_234-500_processed,A,L350H,9,6,2.4331137753126835,3.772712370515455,0.24664824,0.20857728250737784,350,L,H,L
Q86Y26-4_234-500_processed,A,L350I,9,7,2.4331137753126835,2.8540177271228053,0.2311738,-0.004237840872743925,350,L,I,L
Q86Y26-4_234-500_processed,A,L350K,9,8,2.4331137753126835,2.828313162223749,0.25574932,0.3295495156721773,350,L,K,L
Q86Y26-4_234-500_processed,A,L350L,9,9,2.4331137753126835,2.4331137753126835,0.22968377,-0.02524414813978748,350,L,L,L
Q86Y26-4_234-500_processed,A,L350M,9,10,2.4331137753126835,3.785956884138847,0.25490025,0.3183854339592401,350,L,M,L
Q86Y26-4_234-500_processed,A,L350N,9,11,2.4331137753126835,3.127101928086014,0.25926775,0.37555518500881013,350,L,N,L
Q86Y26-4_234-500_processed,A,L350P,9,12,2.4331137753126835,3.0805551433480183,0.31277415,1.032045963720964,350,L,P,L
Q86Y26-4_234-500_processed,A,L350Q,9,13,2.4331137753126835,3.3385149556513554,0.2688253,0.4985231741144608,350,L,Q,L
Q86Y26-4_234-500_processed,A,L350R,9,14,2.4331137753126835,3.0355669859078964,0.24493866,0.18552200739703206,350,L,R,L
Q86Y26-4_234-500_processed,A,L350S,9,15,2.4331137753126835,2.8445017352648363,0.26722613,0.4781451816268856,350,L,S,L
Q86Y26-4_234-500_processed,A,L350T,9,16,2.4331137753126835,2.8968826778292005,0.25924775,0.3752948612689555,350,L,T,L
Q86Y26-4_234-500_processed,A,L350V,9,17,2.4331137753126835,2.623741420309898,0.24340571,0.16475624875317396,350,L,V,L
Q86Y26-4_234-500_processed,A,L350W,9,18,2.4331137753126835,4.250501482991098,0.23340102,0.026985604808300034,350,L,W,L
Q86Y26-4_234-500_processed,A,L350Y,9,19,2.4331137753126835,3.311579602010778,0.26202157,0.41128059828461183,350,L,Y,L
Q86Y26-4_234-500_processed,A,A351A,0,0,2.4839824262174384,2.4839824262174384,0.22258785,-0.12662192741297595,351,A,A,A
Q86Y26-4_234-500_processed,A,A351C,0,1,2.4839824262174384,4.335140045203785,0.27413887,0.5656901912428103,351,A,C,A
Q86Y26-4_234-500_processed,A,A351D,0,2,2.4839824262174384,2.8246796259135976,0.20467152,-0.39337219373956234,351,A,D,A
Q86Y26-4_234-500_processed,A,A351E,0,3,2.4839824262174384,2.712832422359037,0.19667263,-0.5180543098032636,351,A,E,A
Q86Y26-4_234-500_processed,A,A351F,0,4,2.4839824262174384,3.2079371983380796,0.2006197,-0.45606435387171684,351,A,F,A
Q86Y26-4_234-500_processed,A,A351G,0,5,2.4839824262174384,2.5602131485714543,0.2558889,0.33138265515860854,351,A,G,A
Q86Y26-4_234-500_processed,A,A351H,0,6,2.4839824262174384,3.772712370515455,0.19911675,-0.4795595882482717,351,A,H,A
Q86Y26-4_234-500_processed,A,A351I,0,7,2.4839824262174384,2.8540177271228053,0.20971882,-0.3165527608352908,351,A,I,A
Q86Y26-4_234-500_processed,A,A351K,0,8,2.4839824262174384,2.828313162223749,0.20972426,-0.3164707200519401,351,A,K,A
Q86Y26-4_234-500_processed,A,A351L,0,9,2.4839824262174384,2.4331137753126835,0.1864131,-0.6837190037240731,351,A,L,A
Q86Y26-4_234-500_processed,A,A351M,0,10,2.4839824262174384,3.785956884138847,0.20496947,-0.38879875350488036,351,A,M,A
Q86Y26-4_234-500_processed,A,A351N,0,11,2.4839824262174384,3.127101928086014,0.21568745,-0.2274430260774618,351,A,N,A
Q86Y26-4_234-500_processed,A,A351P,0,12,2.4839824262174384,3.0805551433480183,0.2208356,-0.15200887869704083,351,A,P,A
Q86Y26-4_234-500_processed,A,A351Q,0,13,2.4839824262174384,3.3385149556513554,0.21819311,-0.19056811912967153,351,A,Q,A
Q86Y26-4_234-500_processed,A,A351R,0,14,2.4839824262174384,3.0355669859078964,0.20748973,-0.35030906677456675,351,A,R,A
Q86Y26-4_234-500_processed,A,A351S,0,15,2.4839824262174384,2.8445017352648363,0.21448909,-0.245188718249022,351,A,S,A
Q86Y26-4_234-500_processed,A,A351T,0,16,2.4839824262174384,2.8968826778292005,0.215084,-0.23637011941360475,351,A,T,A
Q86Y26-4_234-500_processed,A,A351V,0,17,2.4839824262174384,2.623741420309898,0.22223923,-0.1316614789726156,351,A,V,A
Q86Y26-4_234-500_processed,A,A351W,0,18,2.4839824262174384,4.250501482991098,0.17889279,-0.8096674726699921,351,A,W,A
Q86Y26-4_234-500_processed,A,A351Y,0,19,2.4839824262174384,3.311579602010778,0.2008784,-0.4520334888820404,351,A,Y,A
Q86Y26-4_234-500_processed,A,S352A,15,0,2.8445017352648363,2.4839824262174384,0.25714836,0.34789205478992224,352,S,A,S
Q86Y26-4_234-500_processed,A,S352C,15,1,2.8445017352648363,4.335140045203785,0.29792795,0.8570390620795787,352,S,C,S
Q86Y26-4_234-500_processed,A,S352D,15,2,2.8445017352648363,2.8246796259135976,0.22259915,-0.12645874675510926,352,S,D,S
Q86Y26-4_234-500_processed,A,S352E,15,3,2.8445017352648363,2.712832422359037,0.23155175,0.0010754433003384856,352,S,E,S
Q86Y26-4_234-500_processed,A,S352F,15,4,2.8445017352648363,3.2079371983380796,0.22641249,-0.0717007150096649,352,S,F,S
Q86Y26-4_234-500_processed,A,S352G,15,5,2.8445017352648363,2.5602131485714543,0.26864883,0.49627834099357115,352,S,G,S
Q86Y26-4_234-500_processed,A,S352H,15,6,2.8445017352648363,3.772712370515455,0.21595865,-0.2234369457742369,352,S,H,S
Q86Y26-4_234-500_processed,A,S352I,15,7,2.8445017352648363,2.8540177271228053,0.23781586,0.08827119945037154,352,S,I,S
Q86Y26-4_234-500_processed,A,S352K,15,8,2.8445017352648363,2.828313162223749,0.22729398,-0.059136006064099966,352,S,K,S
Q86Y26-4_234-500_processed,A,S352L,15,9,2.8445017352648363,2.4331137753126835,0.20504317,-0.38766822031423953,352,S,L,S
Q86Y26-4_234-500_processed,A,S352M,15,10,2.8445017352648363,3.785956884138847,0.22850613,-0.04191418077806597,352,S,M,S
Q86Y26-4_234-500_processed,A,S352N,15,11,2.8445017352648363,3.127101928086014,0.21742947,-0.20177376743646946,352,S,N,S
Q86Y26-4_234-500_processed,A,S352P,15,12,2.8445017352648363,3.0805551433480183,0.634464,4.378539720859511,352,S,P,S
Q86Y26-4_234-500_processed,A,S352Q,15,13,2.8445017352648363,3.3385149556513554,0.24663804,0.20844014809999312,352,S,Q,S
Q86Y26-4_234-500_processed,A,S352R,15,14,2.8445017352648363,3.0355669859078964,0.21679105,-0.21116385044339658,352,S,R,S
Q86Y26-4_234-500_processed,A,S352S,15,15,2.8445017352648363,2.8445017352648363,0.2538889,0.30505569919187736,352,S,S,S
Q86Y26-4_234-500_processed,A,S352T,15,16,2.8445017352648363,2.8968826778292005,0.25748247,0.35226288872031275,352,S,T,S
Q86Y26-4_234-500_processed,A,S352V,15,17,2.8445017352648363,2.623741420309898,0.2523509,0.2847170274003058,352,S,V,S
Q86Y26-4_234-500_processed,A,S352W,15,18,2.8445017352648363,4.250501482991098,0.19944234,-0.4744584394433926,352,S,W,S
Q86Y26-4_234-500_processed,A,S352Y,15,19,2.8445017352648363,3.311579602010778,0.23692772,0.07600586528199782,352,S,Y,S
Q86Y26-4_234-500_processed,A,E353A,3,0,2.712832422359037,2.4839824262174384,0.24549901,0.1930908762824357,353,E,A,E
Q86Y26-4_234-500_processed,A,E353C,3,1,2.712832422359037,4.335140045203785,0.28537342,0.705096063475645,353,E,C,E
Q86Y26-4_234-500_processed,A,E353D,3,2,2.712832422359037,2.8246796259135976,0.22969273,-0.025117607713618928,353,E,D,E
Q86Y26-4_234-500_processed,A,E353E,3,3,2.712832422359037,2.712832422359037,0.22557667,-0.08364641688605956,353,E,E,E
Q86Y26-4_234-500_processed,A,E353F,3,4,2.712832422359037,3.2079371983380796,0.20467578,-0.39330674235289464,353,E,F,E
Q86Y26-4_234-500_processed,A,E353G,3,5,2.712832422359037,2.5602131485714543,0.29664904,0.8417343791787546,353,E,G,E
Q86Y26-4_234-500_processed,A,E353H,3,6,2.712832422359037,3.772712370515455,0.21018502,-0.3095262951455441,353,E,H,E
Q86Y26-4_234-500_processed,A,E353I,3,7,2.712832422359037,2.8540177271228053,0.20163932,-0.4401997273194763,353,E,I,E
Q86Y26-4_234-500_processed,A,E353K,3,8,2.712832422359037,2.828313162223749,0.23265307,0.016523336609813866,353,E,K,E
Q86Y26-4_234-500_processed,A,E353L,3,9,2.712832422359037,2.4331137753126835,0.19822335,-0.49358909313945154,353,E,L,E
Q86Y26-4_234-500_processed,A,E353M,3,10,2.712832422359037,3.785956884138847,0.22560698,-0.08321268856005148,353,E,M,E
Q86Y26-4_234-500_processed,A,E353N,3,11,2.712832422359037,3.127101928086014,0.22658268,-0.06927220989771887,353,E,N,E
Q86Y26-4_234-500_processed,A,E353P,3,12,2.712832422359037,3.0805551433480183,0.36243546,1.587977265829797,353,E,P,E
Q86Y26-4_234-500_processed,A,E353Q,3,13,2.712832422359037,3.3385149556513554,0.24577023,0.19675005883264207,353,E,Q,E
Q86Y26-4_234-500_processed,A,E353R,3,14,2.712832422359037,3.0355669859078964,0.22231631,-0.13054671721335287,353,E,R,E
Q86Y26-4_234-500_processed,A,E353S,3,15,2.712832422359037,2.8445017352648363,0.24583295,0.19759586091140702,353,E,S,E
Q86Y26-4_234-500_processed,A,E353T,3,16,2.712832422359037,2.8968826778292005,0.2279896,-0.04924503155462667,353,E,T,E
Q86Y26-4_234-500_processed,A,E353V,3,17,2.712832422359037,2.623741420309898,0.21096727,-0.2977619619394728,353,E,V,E
Q86Y26-4_234-500_processed,A,E353W,3,18,2.712832422359037,4.250501482991098,0.19101107,-0.6086346028097522,353,E,W,E
Q86Y26-4_234-500_processed,A,E353Y,3,19,2.712832422359037,3.311579602010778,0.20881861,-0.33015312818853837,353,E,Y,E
Q86Y26-4_234-500_processed,A,V354A,17,0,2.623741420309898,2.4839824262174384,0.24467178,0.18191309706805436,354,V,A,V
Q86Y26-4_234-500_processed,A,V354C,17,1,2.623741420309898,4.335140045203785,0.2675836,0.4827072005266658,354,V,C,V
Q86Y26-4_234-500_processed,A,V354D,17,2,2.623741420309898,2.8246796259135976,0.20525953,-0.3843510486167717,354,V,D,V
Q86Y26-4_234-500_processed,A,V354E,17,3,2.623741420309898,2.712832422359037,0.2139002,-0.2539356087583017,354,V,E,V
Q86Y26-4_234-500_processed,A,V354F,17,4,2.623741420309898,3.2079371983380796,0.21514812,-0.23542071074985627,354,V,F,V
Q86Y26-4_234-500_processed,A,V354G,17,5,2.623741420309898,2.5602131485714543,0.24915221,0.24215264470612896,354,V,G,V
Q86Y26-4_234-500_processed,A,V354H,17,6,2.623741420309898,3.772712370515455,0.20361553,-0.4096212619865697,354,V,H,V
Q86Y26-4_234-500_processed,A,V354I,17,7,2.623741420309898,2.8540177271228053,0.22946875,-0.028283422067240105,354,V,I,V
Q86Y26-4_234-500_processed,A,V354K,17,8,2.623741420309898,2.828313162223749,0.2176422,-0.1986493329902983,354,V,K,V
Q86Y26-4_234-500_processed,A,V354L,17,9,2.623741420309898,2.4331137753126835,0.19485208,-0.54696320122468,354,V,L,V
Q86Y26-4_234-500_processed,A,V354M,17,10,2.623741420309898,3.785956884138847,0.21396549,-0.25296488561266983,354,V,M,V
Q86Y26-4_234-500_processed,A,V354N,17,11,2.623741420309898,3.127101928086014,0.20522821,-0.3848311011342237,354,V,N,V
Q86Y26-4_234-500_processed,A,V354P,17,12,2.623741420309898,3.0805551433480183,0.40977225,2.0877325652479515,354,V,P,V
Q86Y26-4_234-500_processed,A,V354Q,17,13,2.623741420309898,3.3385149556513554,0.23191565,0.006185463931121515,354,V,Q,V
Q86Y26-4_234-500_processed,A,V354R,17,14,2.623741420309898,3.0355669859078964,0.21403567,-0.2519217426039555,354,V,R,V
Q86Y26-4_234-500_processed,A,V354S,17,15,2.623741420309898,2.8445017352648363,0.23223524,0.010668569649350257,354,V,S,V
Q86Y26-4_234-500_processed,A,V354T,17,16,2.623741420309898,2.8968826778292005,0.23603784,0.06368461734641839,354,V,T,V
Q86Y26-4_234-500_processed,A,V354V,17,17,2.623741420309898,2.623741420309898,0.23262899,0.016186114068642565,354,V,V,V
Q86Y26-4_234-500_processed,A,V354W,17,18,2.623741420309898,4.250501482991098,0.20049128,-0.45806672118125336,354,V,W,V
Q86Y26-4_234-500_processed,A,V354Y,17,19,2.623741420309898,3.311579602010778,0.21875563,-0.18233179283576706,354,V,Y,V
Q86Y26-4_234-500_processed,A,C355A,1,0,4.335140045203785,2.4839824262174384,0.19765018,-0.5026150037104021,355,C,A,C
Q86Y26-4_234-500_processed,A,C355C,1,1,4.335140045203785,4.335140045203785,0.22384436,-0.10850513372622772,355,C,C,C
Q86Y26-4_234-500_processed,A,C355D,1,2,4.335140045203785,2.8246796259135976,0.18112043,-0.7719372233185845,355,C,D,C
Q86Y26-4_234-500_processed,A,C355E,1,3,4.335140045203785,2.712832422359037,0.18532681,-0.7016655025668694,355,C,E,C
Q86Y26-4_234-500_processed,A,C355F,1,4,4.335140045203785,3.2079371983380796,0.17278434,-0.9150529603138463,355,C,F,C
Q86Y26-4_234-500_processed,A,C355G,1,5,4.335140045203785,2.5602131485714543,0.21700382,-0.20803211635505248,355,C,G,C
Q86Y26-4_234-500_processed,A,C355H,1,6,4.335140045203785,3.772712370515455,0.16555047,-1.043740390960513,355,C,H,C
Q86Y26-4_234-500_processed,A,C355I,1,7,4.335140045203785,2.8540177271228053,0.1792661,-0.8033191968398301,355,C,I,C
Q86Y26-4_234-500_processed,A,C355K,1,8,4.335140045203785,2.828313162223749,0.18712454,-0.6720088939110774,355,C,K,C
Q86Y26-4_234-500_processed,A,C355L,1,9,4.335140045203785,2.4331137753126835,0.15232244,-1.291251818596848,355,C,L,C
Q86Y26-4_234-500_processed,A,C355M,1,10,4.335140045203785,3.785956884138847,0.17882206,-0.8108715484392104,355,C,M,C
Q86Y26-4_234-500_processed,A,C355N,1,11,4.335140045203785,3.127101928086014,0.17970362,-0.7958918874332632,355,C,N,C
Q86Y26-4_234-500_processed,A,C355P,1,12,4.335140045203785,3.0805551433480183,0.27159378,0.533621509014397,355,C,P,C
Q86Y26-4_234-500_processed,A,C355Q,1,13,4.335140045203785,3.3385149556513554,0.19664598,-0.5184761579992064,355,C,Q,C
Q86Y26-4_234-500_processed,A,C355R,1,14,4.335140045203785,3.0355669859078964,0.17335935,-0.9050086870498752,355,C,R,C
Q86Y26-4_234-500_processed,A,C355S,1,15,4.335140045203785,2.8445017352648363,0.19300087,-0.5765697665387853,355,C,S,C
Q86Y26-4_234-500_processed,A,C355T,1,16,4.335140045203785,2.8968826778292005,0.18952627,-0.6327281360645165,355,C,T,C
Q86Y26-4_234-500_processed,A,C355V,1,17,4.335140045203785,2.623741420309898,0.18765697,-0.6632676021145179,355,C,V,C
Q86Y26-4_234-500_processed,A,C355W,1,18,4.335140045203785,4.250501482991098,0.15632449,-1.2145850899267479,355,C,W,C
Q86Y26-4_234-500_processed,A,C355Y,1,19,4.335140045203785,3.311579602010778,0.18128157,-0.7692219808106532,355,C,Y,C
Q86Y26-4_234-500_processed,A,Q356A,13,0,3.3385149556513554,2.4839824262174384,0.24088284,0.13038642033976644,356,Q,A,Q
Q86Y26-4_234-500_processed,A,Q356C,13,1,3.3385149556513554,4.335140045203785,0.26601303,0.4626349921511247,356,Q,C,Q
Q86Y26-4_234-500_processed,A,Q356D,13,2,3.3385149556513554,2.8246796259135976,0.21250588,-0.2747156581375759,356,Q,D,Q
Q86Y26-4_234-500_processed,A,Q356E,13,3,3.3385149556513554,2.712832422359037,0.20838736,-0.3366838148846446,356,Q,E,Q
Q86Y26-4_234-500_processed,A,Q356F,13,4,3.3385149556513554,3.2079371983380796,0.20222786,-0.4310698302259147,356,Q,F,Q
Q86Y26-4_234-500_processed,A,Q356G,13,5,3.3385149556513554,2.5602131485714543,0.26403767,0.4372821008566208,356,Q,G,Q
Q86Y26-4_234-500_processed,A,Q356H,13,6,3.3385149556513554,3.772712370515455,0.19621462,-0.5253081413975424,356,Q,H,Q
Q86Y26-4_234-500_processed,A,Q356I,13,7,3.3385149556513554,2.8540177271228053,0.20308107,-0.41786921809651933,356,Q,I,Q
Q86Y26-4_234-500_processed,A,Q356K,13,8,3.3385149556513554,2.828313162223749,0.20479275,-0.39151065695534504,356,Q,K,Q
Q86Y26-4_234-500_processed,A,Q356L,13,9,3.3385149556513554,2.4331137753126835,0.18341294,-0.733483559200801,356,Q,L,Q
Q86Y26-4_234-500_processed,A,Q356M,13,10,3.3385149556513554,3.785956884138847,0.20821583,-0.339284099147682,356,Q,M,Q
Q86Y26-4_234-500_processed,A,Q356N,13,11,3.3385149556513554,3.127101928086014,0.20917135,-0.3248187960254889,356,Q,N,Q
Q86Y26-4_234-500_processed,A,Q356P,13,12,3.3385149556513554,3.0805551433480183,0.43351966,2.331236943117656,356,Q,P,Q
Q86Y26-4_234-500_processed,A,Q356Q,13,13,3.3385149556513554,3.3385149556513554,0.2260894,-0.07631462358279772,356,Q,Q,Q
Q86Y26-4_234-500_processed,A,Q356R,13,14,3.3385149556513554,3.0355669859078964,0.19678837,-0.5162233430409302,356,Q,R,Q
Q86Y26-4_234-500_processed,A,Q356S,13,15,3.3385149556513554,2.8445017352648363,0.23092104,-0.007794453209004626,356,Q,S,Q
Q86Y26-4_234-500_processed,A,Q356T,13,16,3.3385149556513554,2.8968826778292005,0.2249821,-0.09216323827478723,356,Q,T,Q
Q86Y26-4_234-500_processed,A,Q356V,13,17,3.3385149556513554,2.623741420309898,0.20751956,-0.34985554342983116,356,Q,V,Q
Q86Y26-4_234-500_processed,A,Q356W,13,18,3.3385149556513554,4.250501482991098,0.18692183,-0.675341785943262,356,Q,W,Q
Q86Y26-4_234-500_processed,A,Q356Y,13,19,3.3385149556513554,3.311579602010778,0.20763531,-0.34809627394848275,356,Q,Y,Q
Q86Y26-4_234-500_processed,A,Q357A,13,0,3.3385149556513554,2.4839824262174384,0.2528321,0.2910894606255504,357,Q,A,Q
Q86Y26-4_234-500_processed,A,Q357C,13,1,3.3385149556513554,4.335140045203785,0.2875549,0.7317772319272253,357,Q,C,Q
Q86Y26-4_234-500_processed,A,Q357D,13,2,3.3385149556513554,2.8246796259135976,0.23498723,0.049096601966798215,357,Q,D,Q
Q86Y26-4_234-500_processed,A,Q357E,13,3,3.3385149556513554,2.712832422359037,0.22814853,-0.046988107817117486,357,Q,E,Q
Q86Y26-4_234-500_processed,A,Q357F,13,4,3.3385149556513554,3.2079371983380796,0.19951676,-0.4732934074478662,357,Q,F,Q
Q86Y26-4_234-500_processed,A,Q357G,13,5,3.3385149556513554,2.5602131485714543,0.31207806,1.023944926664766,357,Q,G,Q
Q86Y26-4_234-500_processed,A,Q357H,13,6,3.3385149556513554,3.772712370515455,0.21635447,-0.21759658620606914,357,Q,H,Q
Q86Y26-4_234-500_processed,A,Q357I,13,7,3.3385149556513554,2.8540177271228053,0.1869014,-0.6756778511254863,357,Q,I,Q
Q86Y26-4_234-500_processed,A,Q357K,13,8,3.3385149556513554,2.828313162223749,0.23462781,0.04409562567945835,357,Q,K,Q
Q86Y26-4_234-500_processed,A,Q357L,13,9,3.3385149556513554,2.4331137753126835,0.18745448,-0.6665897866369108,357,Q,L,Q
Q86Y26-4_234-500_processed,A,Q357M,13,10,3.3385149556513554,3.785956884138847,0.21364446,-0.25773950139433677,357,Q,M,Q
Q86Y26-4_234-500_processed,A,Q357N,13,11,3.3385149556513554,3.127101928086014,0.23930813,0.10880903612258241,357,Q,N,Q
Q86Y26-4_234-500_processed,A,Q357P,13,12,3.3385149556513554,3.0805551433480183,0.3952075,1.9363137410223212,357,Q,P,Q
Q86Y26-4_234-500_processed,A,Q357Q,13,13,3.3385149556513554,3.3385149556513554,0.243342,0.1638911960784667,357,Q,Q,Q
Q86Y26-4_234-500_processed,A,Q357R,13,14,3.3385149556513554,3.0355669859078964,0.21683386,-0.2105335527026836,357,Q,R,Q
Q86Y26-4_234-500_processed,A,Q357S,13,15,3.3385149556513554,2.8445017352648363,0.25912595,0.3737089710679259,357,Q,S,Q
Q86Y26-4_234-500_processed,A,Q357T,13,16,3.3385149556513554,2.8968826778292005,0.22856016,-0.0411480172937162,357,Q,T,Q
Q86Y26-4_234-500_processed,A,Q357V,13,17,3.3385149556513554,2.623741420309898,0.20382436,-0.4064029890044679,357,Q,V,Q
Q86Y26-4_234-500_processed,A,Q357W,13,18,3.3385149556513554,4.250501482991098,0.18510117,-0.7054036354527421,357,Q,W,Q
Q86Y26-4_234-500_processed,A,Q357Y,13,19,3.3385149556513554,3.311579602010778,0.2084614,-0.3355618269393351,357,Q,Y,Q
Q86Y26-4_234-500_processed,A,P358A,12,0,3.0805551433480183,2.4839824262174384,0.22729775,-0.05908234295053827,358,P,A,P
Q86Y26-4_234-500_processed,A,P358C,12,1,3.0805551433480183,4.335140045203785,0.2655678,0.4569313488898741,358,P,C,P
Q86Y26-4_234-500_processed,A,P358D,12,2,3.0805551433480183,2.8246796259135976,0.20220125,-0.43148225339726454,358,P,D,P
Q86Y26-4_234-500_processed,A,P358E,12,3,3.0805551433480183,2.712832422359037,0.19678237,-0.5163183249190711,358,P,E,P
Q86Y26-4_234-500_processed,A,P358F,12,4,3.0805551433480183,3.2079371983380796,0.20224476,-0.43080798794313313,358,P,F,P
Q86Y26-4_234-500_processed,A,P358G,12,5,3.0805551433480183,2.5602131485714543,0.2508932,0.2653645396390253,358,P,G,P
Q86Y26-4_234-500_processed,A,P358H,12,6,3.0805551433480183,3.772712370515455,0.19175345,-0.5966418371231119,358,P,H,P
Q86Y26-4_234-500_processed,A,P358I,12,7,3.0805551433480183,2.8540177271228053,0.20252503,-0.4264673414699943,358,P,I,P
Q86Y26-4_234-500_processed,A,P358K,12,8,3.0805551433480183,2.828313162223749,0.20304032,-0.41849882044567466,358,P,K,P
Q86Y26-4_234-500_processed,A,P358L,12,9,3.0805551433480183,2.4331137753126835,0.18610889,-0.6887366788669258,358,P,L,P
Q86Y26-4_234-500_processed,A,P358M,12,10,3.0805551433480183,3.785956884138847,0.21024317,-0.3086507547666528,358,P,M,P
Q86Y26-4_234-500_processed,A,P358N,12,11,3.0805551433480183,3.127101928086014,0.20580731,-0.3759643785064254,358,P,N,P
Q86Y26-4_234-500_processed,A,P358P,12,12,3.0805551433480183,3.0805551433480183,0.3551976,1.5093259451342829,358,P,P,P
Q86Y26-4_234-500_processed,A,P358Q,12,13,3.0805551433480183,3.3385149556513554,0.21962671,-0.1696076267669272,358,P,Q,P
Q86Y26-4_234-500_processed,A,P358R,12,14,3.0805551433480183,3.0355669859078964,0.20056061,-0.45698549082988316,358,P,R,P
Q86Y26-4_234-500_processed,A,P358S,12,15,3.0805551433480183,2.8445017352648363,0.22098102,-0.14989653379220202,358,P,S,P
Q86Y26-4_234-500_processed,A,P358T,12,16,3.0805551433480183,2.8968826778292005,0.22100402,-0.14956242476100556,358,P,T,P
Q86Y26-4_234-500_processed,A,P358V,12,17,3.0805551433480183,2.623741420309898,0.2108418,-0.2996467249587986,358,P,V,P
Q86Y26-4_234-500_processed,A,P358W,12,18,3.0805551433480183,4.250501482991098,0.1832697,-0.7358753222466119,358,P,W,P
Q86Y26-4_234-500_processed,A,P358Y,12,19,3.0805551433480183,3.311579602010778,0.207647,-0.3479187565851527,358,P,Y,P
Q86Y26-4_234-500_processed,A,V359A,17,0,2.623741420309898,2.4839824262174384,0.2736201,0.5591687146802082,359,V,A,V
Q86Y26-4_234-500_processed,A,V359C,17,1,2.623741420309898,4.335140045203785,0.3014823,0.899376855600765,359,V,C,V
Q86Y26-4_234-500_processed,A,V359D,17,2,2.623741420309898,2.8246796259135976,0.24956891,0.24771809550840462,359,V,D,V
Q86Y26-4_234-500_processed,A,V359E,17,3,2.623741420309898,2.712832422359037,0.24819753,0.22937820415981747,359,V,E,V
Q86Y26-4_234-500_processed,A,V359F,17,4,2.623741420309898,3.2079371983380796,0.20236763,-0.42890446524523673,359,V,F,V
Q86Y26-4_234-500_processed,A,V359G,17,5,2.623741420309898,2.5602131485714543,0.3108241,1.0093265090620906,359,V,G,V
Q86Y26-4_234-500_processed,A,V359H,17,6,2.623741420309898,3.772712370515455,0.21874431,-0.18249745970472575,359,V,H,V
Q86Y26-4_234-500_processed,A,V359I,17,7,2.623741420309898,2.8540177271228053,0.2027259,-0.42335925100771055,359,V,I,V
Q86Y26-4_234-500_processed,A,V359K,17,8,2.623741420309898,2.828313162223749,0.24674684,0.20990372082428155,359,V,K,V
Q86Y26-4_234-500_processed,A,V359L,17,9,2.623741420309898,2.4331137753126835,0.19785988,-0.4993104539305726,359,V,L,V
Q86Y26-4_234-500_processed,A,V359M,17,10,2.623741420309898,3.785956884138847,0.225961,-0.07814960866908693,359,V,M,V
Q86Y26-4_234-500_processed,A,V359N,17,11,2.623741420309898,3.127101928086014,0.24395156,0.17216056933334445,359,V,N,V
Q86Y26-4_234-500_processed,A,V359P,17,12,2.623741420309898,3.0805551433480183,0.45417306,2.540440855162632,359,V,P,V
Q86Y26-4_234-500_processed,A,V359Q,17,13,2.623741420309898,3.3385149556513554,0.25359347,0.30115524826776485,359,V,Q,V
Q86Y26-4_234-500_processed,A,V359R,17,14,2.623741420309898,3.0355669859078964,0.22524959,-0.08832964559833234,359,V,R,V
Q86Y26-4_234-500_processed,A,V359S,17,15,2.623741420309898,2.8445017352648363,0.27198818,0.5386033540100088,359,V,S,V
Q86Y26-4_234-500_processed,A,V359T,17,16,2.623741420309898,2.8968826778292005,0.2535677,0.30081475596545726,359,V,T,V
Q86Y26-4_234-500_processed,A,V359V,17,17,2.623741420309898,2.623741420309898,0.21657456,-0.21435247855127182,359,V,V,V
Q86Y26-4_234-500_processed,A,V359W,17,18,2.623741420309898,4.250501482991098,0.19731717,-0.5078680810387431,359,V,W,V
Q86Y26-4_234-500_processed,A,V359Y,17,19,2.623741420309898,3.311579602010778,0.21247284,-0.27520920932137205,359,V,Y,V
Q86Y26-4_234-500_processed,A,Y360A,19,0,3.311579602010778,2.4839824262174384,0.27457845,0.571210222269283,360,Y,A,Y
Q86Y26-4_234-500_processed,A,Y360C,19,1,3.311579602010778,4.335140045203785,0.31666213,1.0771148992587154,360,Y,C,Y
Q86Y26-4_234-500_processed,A,Y360D,19,2,3.311579602010778,2.8246796259135976,0.24394457,0.17206584011416504,360,Y,D,Y
Q86Y26-4_234-500_processed,A,Y360E,19,3,3.311579602010778,2.712832422359037,0.24234995,0.15040291449007814,360,Y,E,Y
Q86Y26-4_234-500_processed,A,Y360F,19,4,3.311579602010778,3.2079371983380796,0.23188539,0.005760696851196956,360,Y,F,Y
Q86Y26-4_234-500_processed,A,Y360G,19,5,3.311579602010778,2.5602131485714543,0.3122329,1.0257479361733812,360,Y,G,Y
Q86Y26-4_234-500_processed,A,Y360H,19,6,3.311579602010778,3.772712370515455,0.23353133,0.02880599571623066,360,Y,H,Y
Q86Y26-4_234-500_processed,A,Y360I,19,7,3.311579602010778,2.8540177271228053,0.22886655,-0.03680594481533961,360,Y,I,Y
Q86Y26-4_234-500_processed,A,Y360K,19,8,3.311579602010778,2.828313162223749,0.25015295,0.25550813624292845,360,Y,K,Y
Q86Y26-4_234-500_processed,A,Y360L,19,9,3.311579602010778,2.4331137753126835,0.22298461,-0.12089347505402082,360,Y,L,Y
Q86Y26-4_234-500_processed,A,Y360M,19,10,3.311579602010778,3.785956884138847,0.2514981,0.27340427315512117,360,Y,M,Y
Q86Y26-4_234-500_processed,A,Y360N,19,11,3.311579602010778,3.127101928086014,0.25515634,0.3217552548203767,360,Y,N,Y
Q86Y26-4_234-500_processed,A,Y360P,19,12,3.311579602010778,3.0805551433480183,0.53635156,3.364158137927733,360,Y,P,Y
Q86Y26-4_234-500_processed,A,Y360Q,19,13,3.311579602010778,3.3385149556513554,0.26998612,0.513267542629457,360,Y,Q,Y
Q86Y26-4_234-500_processed,A,Y360R,19,14,3.311579602010778,3.0355669859078964,0.24471983,0.1825631390722876,360,Y,R,Y
Q86Y26-4_234-500_processed,A,Y360S,19,15,3.311579602010778,2.8445017352648363,0.27671018,0.5979017240554038,360,Y,S,Y
Q86Y26-4_234-500_processed,A,Y360T,19,16,3.311579602010778,2.8968826778292005,0.2656804,0.45837434837913194,360,Y,T,Y
Q86Y26-4_234-500_processed,A,Y360V,19,17,3.311579602010778,2.623741420309898,0.24304275,0.15982646634575826,360,Y,V,Y
Q86Y26-4_234-500_processed,A,Y360W,19,18,3.311579602010778,4.250501482991098,0.21679248,-0.21114278787494278,360,Y,W,Y
Q86Y26-4_234-500_processed,A,Y360Y,19,19,3.311579602010778,3.311579602010778,0.23569061,0.05886823696983623,360,Y,Y,Y
Q86Y26-4_234-500_processed,A,I361A,7,0,2.8540177271228053,2.4839824262174384,0.37154102,1.6859713245847603,361,I,A,I
Q86Y26-4_234-500_processed,A,I361C,7,1,2.8540177271228053,4.335140045203785,0.39039835,1.8859048276505397,361,I,C,I
Q86Y26-4_234-500_processed,A,I361D,7,2,2.8540177271228053,2.8246796259135976,0.34753287,1.4252462022227959,361,I,D,I
Q86Y26-4_234-500_processed,A,I361E,7,3,2.8540177271228053,2.712832422359037,0.336175,1.2990331836714903,361,I,E,I
Q86Y26-4_234-500_processed,A,I361F,7,4,2.8540177271228053,3.2079371983380796,0.28484392,0.6986014417721966,361,I,F,I
Q86Y26-4_234-500_processed,A,I361G,7,5,2.8540177271228053,2.5602131485714543,0.4359608,2.3560714405168723,361,I,G,I
Q86Y26-4_234-500_processed,A,I361H,7,6,2.8540177271228053,3.772712370515455,0.31458417,1.0530648672313319,361,I,H,I
Q86Y26-4_234-500_processed,A,I361I,7,7,2.8540177271228053,2.8540177271228053,0.27229613,0.5424899929115101,361,I,I,I
Q86Y26-4_234-500_processed,A,I361K,7,8,2.8540177271228053,2.828313162223749,0.3292966,1.2215795042626636,361,I,K,I
Q86Y26-4_234-500_processed,A,I361L,7,9,2.8540177271228053,2.4331137753126835,0.27885994,0.6246907197044884,361,I,L,I
Q86Y26-4_234-500_processed,A,I361M,7,10,2.8540177271228053,3.785956884138847,0.31370002,1.0428058990839961,361,I,M,I
Q86Y26-4_234-500_processed,A,I361N,7,11,2.8540177271228053,3.127101928086014,0.33318874,1.2655052241146103,361,I,N,I
Q86Y26-4_234-500_processed,A,I361P,7,12,2.8540177271228053,3.0805551433480183,0.573759,3.743011531857481,361,I,P,I
Q86Y26-4_234-500_processed,A,I361Q,7,13,2.8540177271228053,3.3385149556513554,0.3492762,1.4444444916893755,361,I,Q,I
Q86Y26-4_234-500_processed,A,I361R,7,14,2.8540177271228053,3.0355669859078964,0.31572,1.0662212921658247,361,I,R,I
Q86Y26-4_234-500_processed,A,I361S,7,15,2.8540177271228053,2.8445017352648363,0.37531146,1.726257672712432,361,I,S,I
Q86Y26-4_234-500_processed,A,I361T,7,16,2.8540177271228053,2.8968826778292005,0.35675082,1.5262634038306546,361,I,T,I
Q86Y26-4_234-500_processed,A,I361V,7,17,2.8540177271228053,2.623741420309898,0.29403958,0.8103879931501823,361,I,V,I
Q86Y26-4_234-500_processed,A,I361W,7,18,2.8540177271228053,4.250501482991098,0.2641608,0.4388661331556609,361,I,W,I
Q86Y26-4_234-500_processed,A,I361Y,7,19,2.8540177271228053,3.311579602010778,0.30020878,0.884240297868934,361,I,Y,I
Q86Y26-4_234-500_processed,A,P362A,12,0,3.0805551433480183,2.4839824262174384,0.23112209,-0.004965213211921005,362,P,A,P
Q86Y26-4_234-500_processed,A,P362C,12,1,3.0805551433480183,4.335140045203785,0.27938896,0.6312635869479583,362,P,C,P
Q86Y26-4_234-500_processed,A,P362D,12,2,3.0805551433480183,2.8246796259135976,0.19210355,-0.5909983646233524,362,P,D,P
Q86Y26-4_234-500_processed,A,P362E,12,3,3.0805551433480183,2.712832422359037,0.20095405,-0.4508554490650163,362,P,E,P
Q86Y26-4_234-500_processed,A,P362F,12,4,3.0805551433480183,3.2079371983380796,0.2099135,-0.3136171230132012,362,P,F,P
Q86Y26-4_234-500_processed,A,P362G,12,5,3.0805551433480183,2.5602131485714543,0.25623384,0.3359094672251606,362,P,G,P
Q86Y26-4_234-500_processed,A,P362H,12,6,3.0805551433480183,3.772712370515455,0.19393918,-0.561536497984168,362,P,H,P
Q86Y26-4_234-500_processed,A,P362I,12,7,3.0805551433480183,2.8540177271228053,0.21409433,-0.2510502114463731,362,P,I,P
Q86Y26-4_234-500_processed,A,P362K,12,8,3.0805551433480183,2.828313162223749,0.20920774,-0.32426888377071195,362,P,K,P
Q86Y26-4_234-500_processed,A,P362L,12,9,3.0805551433480183,2.4331137753126835,0.19791539,-0.4984362101960754,362,P,L,P
Q86Y26-4_234-500_processed,A,P362M,12,10,3.0805551433480183,3.785956884138847,0.21889678,-0.18026757831561158,362,P,M,P
Q86Y26-4_234-500_processed,A,P362N,12,11,3.0805551433480183,3.127101928086014,0.2048519,-0.39060283693976794,362,P,N,P
Q86Y26-4_234-500_processed,A,P362P,12,12,3.0805551433480183,3.0805551433480183,0.26439708,0.4419040650116801,362,P,P,P
Q86Y26-4_234-500_processed,A,P362Q,12,13,3.0805551433480183,3.3385149556513554,0.22469528,-0.0962774121805382,362,P,Q,P
Q86Y26-4_234-500_processed,A,P362R,12,14,3.0805551433480183,3.0355669859078964,0.20333068,-0.4140151576709661,362,P,R,P
Q86Y26-4_234-500_processed,A,P362S,12,15,3.0805551433480183,2.8445017352648363,0.2235018,-0.11343712047465815,362,P,S,P
Q86Y26-4_234-500_processed,A,P362T,12,16,3.0805551433480183,2.8968826778292005,0.22657418,-0.06939338130027617,362,P,T,P
Q86Y26-4_234-500_processed,A,P362V,12,17,3.0805551433480183,2.623741420309898,0.22601107,-0.07743401085841706,362,P,V,P
Q86Y26-4_234-500_processed,A,P362W,12,18,3.0805551433480183,4.250501482991098,0.1887358,-0.6456140781502773,362,P,W,P
Q86Y26-4_234-500_processed,A,P362Y,12,19,3.0805551433480183,3.311579602010778,0.21230678,-0.2776909490724627,362,P,Y,P
Q86Y26-4_234-500_processed,A,K363A,8,0,2.828313162223749,2.4839824262174384,0.24246244,0.15193424671324895,363,K,A,K
Q86Y26-4_234-500_processed,A,K363C,8,1,2.828313162223749,4.335140045203785,0.2758524,0.5871769026239648,363,K,C,K
Q86Y26-4_234-500_processed,A,K363D,8,2,2.828313162223749,2.8246796259135976,0.22776191,-0.052480209662036925,363,K,D,K
Q86Y26-4_234-500_processed,A,K363E,8,3,2.828313162223749,2.712832422359037,0.22358853,-0.11218800775083804,363,K,E,K
Q86Y26-4_234-500_processed,A,K363F,8,4,2.828313162223749,3.2079371983380796,0.20625725,-0.3690880411578984,363,K,F,K
Q86Y26-4_234-500_processed,A,K363G,8,5,2.828313162223749,2.5602131485714543,0.27312055,0.5528815976271145,363,K,G,K
Q86Y26-4_234-500_processed,A,K363H,8,6,2.828313162223749,3.772712370515455,0.20790921,-0.34393628962048783,363,K,H,K
Q86Y26-4_234-500_processed,A,K363I,8,7,2.828313162223749,2.8540177271228053,0.19677201,-0.5164821325551328,363,K,I,K
Q86Y26-4_234-500_processed,A,K363K,8,8,2.828313162223749,2.828313162223749,0.22742729,-0.05723887681828521,363,K,K,K
Q86Y26-4_234-500_processed,A,K363L,8,9,2.828313162223749,2.4331137753126835,0.19031017,-0.6199901604741809,363,K,L,K
Q86Y26-4_234-500_processed,A,K363M,8,10,2.828313162223749,3.785956884138847,0.21319143,-0.26448613981977454,363,K,M,K
Q86Y26-4_234-500_processed,A,K363N,8,11,2.828313162223749,3.127101928086014,0.22194616,-0.13590216544357547,363,K,N,K
Q86Y26-4_234-500_processed,A,K363P,8,12,2.828313162223749,3.0805551433480183,0.3784051,1.7591917390404457,363,K,P,K
Q86Y26-4_234-500_processed,A,K363Q,8,13,2.828313162223749,3.3385149556513554,0.23492563,0.04823984608709031,363,K,Q,K
Q86Y26-4_234-500_processed,A,K363R,8,14,2.828313162223749,3.0355669859078964,0.20852959,-0.33452883705287595,363,K,R,K
Q86Y26-4_234-500_processed,A,K363S,8,15,2.828313162223749,2.8445017352648363,0.2377511,0.08737791491887137,363,K,S,K
Q86Y26-4_234-500_processed,A,K363T,8,16,2.828313162223749,2.8968826778292005,0.22442292,-0.10018770676026412,363,K,T,K
Q86Y26-4_234-500_processed,A,K363V,8,17,2.828313162223749,2.623741420309898,0.19976485,-0.46941177801550604,363,K,V,K
Q86Y26-4_234-500_processed,A,K363W,8,18,2.828313162223749,4.250501482991098,0.18837033,-0.6515857128966823,363,K,W,K
Q86Y26-4_234-500_processed,A,K363Y,8,19,2.828313162223749,3.311579602010778,0.21069618,-0.30183537930223325,363,K,Y,K
Q86Y26-4_234-500_processed,A,K364A,8,0,2.828313162223749,2.4839824262174384,0.24894097,0.2393289336890292,364,K,A,K
Q86Y26-4_234-500_processed,A,K364C,8,1,2.828313162223749,4.335140045203785,0.29223484,0.788613430570046,364,K,C,K
Q86Y26-4_234-500_processed,A,K364D,8,2,2.828313162223749,2.8246796259135976,0.22316863,-0.11823911589643854,364,K,D,K
Q86Y26-4_234-500_processed,A,K364E,8,3,2.828313162223749,2.712832422359037,0.22494976,-0.09262687978346451,364,K,E,K
Q86Y26-4_234-500_processed,A,K364F,8,4,2.828313162223749,3.2079371983380796,0.22659008,-0.069166559558827,364,K,F,K
Q86Y26-4_234-500_processed,A,K364G,8,5,2.828313162223749,2.5602131485714543,0.27378273,0.5612139902951171,364,K,G,K
Q86Y26-4_234-500_processed,A,K364H,8,6,2.828313162223749,3.772712370515455,0.22195917,-0.13571384044375745,364,K,H,K
Q86Y26-4_234-500_processed,A,K364I,8,7,2.828313162223749,2.8540177271228053,0.2154443,-0.23103795739257027,364,K,I,K
Q86Y26-4_234-500_processed,A,K364K,8,8,2.828313162223749,2.828313162223749,0.22844231,-0.042819330765176966,364,K,K,K
Q86Y26-4_234-500_processed,A,K364L,8,9,2.828313162223749,2.4331137753126835,0.20634863,-0.36769295161532545,364,K,L,K
Q86Y26-4_234-500_processed,A,K364M,8,10,2.828313162223749,3.785956884138847,0.23314568,0.0234166702901506,364,K,M,K
Q86Y26-4_234-500_processed,A,K364N,8,11,2.828313162223749,3.127101928086014,0.22964574,-0.02578150978840399,364,K,N,K
Q86Y26-4_234-500_processed,A,K364P,8,12,2.828313162223749,3.0805551433480183,0.37421227,1.7145298945638312,364,K,P,K
Q86Y26-4_234-500_processed,A,K364Q,8,13,2.828313162223749,3.3385149556513554,0.24578999,0.1970165353413339,364,K,Q,K
Q86Y26-4_234-500_processed,A,K364R,8,14,2.828313162223749,3.0355669859078964,0.22194852,-0.13586808083828672,364,K,R,K
Q86Y26-4_234-500_processed,A,K364S,8,15,2.828313162223749,2.8445017352648363,0.24053903,0.12568356870033603,364,K,S,K
Q86Y26-4_234-500_processed,A,K364T,8,16,2.828313162223749,2.8968826778292005,0.24025202,0.12175417901080787,364,K,T,K
Q86Y26-4_234-500_processed,A,K364V,8,17,2.828313162223749,2.623741420309898,0.22143646,-0.14328736126690111,364,K,V,K
Q86Y26-4_234-500_processed,A,K364W,8,18,2.828313162223749,4.250501482991098,0.20949364,-0.31995084713580035,364,K,W,K
Q86Y26-4_234-500_processed,A,K364Y,8,19,2.828313162223749,3.311579602010778,0.23103169,-0.0062372354229950355,364,K,Y,K
Q86Y26-4_234-500_processed,A,A365A,0,0,2.4839824262174384,2.4839824262174384,0.21954976,-0.17073019689835434,365,A,A,A
Q86Y26-4_234-500_processed,A,A365C,0,1,2.4839824262174384,4.335140045203785,0.25251383,0.286875485785435,365,A,C,A
Q86Y26-4_234-500_processed,A,A365D,0,2,2.4839824262174384,2.8246796259135976,0.20567355,-0.37801086677915097,365,A,D,A
Q86Y26-4_234-500_processed,A,A365E,0,3,2.4839824262174384,2.712832422359037,0.20221819,-0.43121969263766935,365,A,E,A
Q86Y26-4_234-500_processed,A,A365F,0,4,2.4839824262174384,3.2079371983380796,0.18916596,-0.6385966028390727,365,A,F,A
Q86Y26-4_234-500_processed,A,A365G,0,5,2.4839824262174384,2.5602131485714543,0.2618005,0.4084215962970583,365,A,G,A
Q86Y26-4_234-500_processed,A,A365H,0,6,2.4839824262174384,3.772712370515455,0.18755808,-0.6648896002766824,365,A,H,A
Q86Y26-4_234-500_processed,A,A365I,0,7,2.4839824262174384,2.8540177271228053,0.18068925,-0.7792119092751515,365,A,I,A
Q86Y26-4_234-500_processed,A,A365K,0,8,2.4839824262174384,2.828313162223749,0.20311858,-0.4172898829623506,365,A,K,A
Q86Y26-4_234-500_processed,A,A365L,0,9,2.4839824262174384,2.4331137753126835,0.17928766,-0.8029528371294709,365,A,L,A
Q86Y26-4_234-500_processed,A,A365M,0,10,2.4839824262174384,3.785956884138847,0.199798,-0.4688933047082888,365,A,M,A
Q86Y26-4_234-500_processed,A,A365N,0,11,2.4839824262174384,3.127101928086014,0.20108008,-0.44889363709730123,365,A,N,A
Q86Y26-4_234-500_processed,A,A365P,0,12,2.4839824262174384,3.0805551433480183,0.36681548,1.6352426289472524,365,A,P,A
Q86Y26-4_234-500_processed,A,A365Q,0,13,2.4839824262174384,3.3385149556513554,0.21158092,-0.28855566665795307,365,A,Q,A
Q86Y26-4_234-500_processed,A,A365R,0,14,2.4839824262174384,3.0355669859078964,0.18561569,-0.6968850899678408,365,A,R,A
Q86Y26-4_234-500_processed,A,A365S,0,15,2.4839824262174384,2.8445017352648363,0.21648423,-0.21568365762905217,365,A,S,A
Q86Y26-4_234-500_processed,A,A365T,0,16,2.4839824262174384,2.8968826778292005,0.19920412,-0.4781901847431358,365,A,T,A
Q86Y26-4_234-500_processed,A,A365V,0,17,2.4839824262174384,2.623741420309898,0.18769783,-0.6625975832016578,365,A,V,A
Q86Y26-4_234-500_processed,A,A365W,0,18,2.4839824262174384,4.250501482991098,0.17363401,-0.9002202157281358,365,A,W,A
Q86Y26-4_234-500_processed,A,A365Y,0,19,2.4839824262174384,3.311579602010778,0.19445567,-0.5532850663992372,365,A,Y,A
Q86Y26-4_234-500_processed,A,A366A,0,0,2.4839824262174384,2.4839824262174384,0.21784468,-0.19567752060122012,366,A,A,A
Q86Y26-4_234-500_processed,A,A366C,0,1,2.4839824262174384,4.335140045203785,0.26237327,0.4158256663778509,366,A,C,A
Q86Y26-4_234-500_processed,A,A366D,0,2,2.4839824262174384,2.8246796259135976,0.19969042,-0.4705759566996337,366,A,D,A
Q86Y26-4_234-500_processed,A,A366E,0,3,2.4839824262174384,2.712832422359037,0.19787993,-0.49899476609245763,366,A,E,A
Q86Y26-4_234-500_processed,A,A366F,0,4,2.4839824262174384,3.2079371983380796,0.21135847,-0.2918906621577788,366,A,F,A
Q86Y26-4_234-500_processed,A,A366G,0,5,2.4839824262174384,2.5602131485714543,0.25165954,0.27554779945271834,366,A,G,A
Q86Y26-4_234-500_processed,A,A366H,0,6,2.4839824262174384,3.772712370515455,0.19905172,-0.48057916787757393,366,A,H,A
Q86Y26-4_234-500_processed,A,A366I,0,7,2.4839824262174384,2.8540177271228053,0.20538591,-0.3824147185460547,366,A,I,A
Q86Y26-4_234-500_processed,A,A366K,0,8,2.4839824262174384,2.828313162223749,0.20463781,-0.39388989036961086,366,A,K,A
Q86Y26-4_234-500_processed,A,A366L,0,9,2.4839824262174384,2.4331137753126835,0.19495472,-0.5453279448369464,366,A,L,A
Q86Y26-4_234-500_processed,A,A366M,0,10,2.4839824262174384,3.785956884138847,0.211784,-0.2855131142034367,366,A,M,A
Q86Y26-4_234-500_processed,A,A366N,0,11,2.4839824262174384,3.127101928086014,0.21255532,-0.27397710567151845,366,A,N,A
Q86Y26-4_234-500_processed,A,A366P,0,12,2.4839824262174384,3.0805551433480183,0.23549725,0.05618405006201754,366,A,P,A
Q86Y26-4_234-500_processed,A,A366Q,0,13,2.4839824262174384,3.3385149556513554,0.21638952,-0.21707982912397616,366,A,Q,A
Q86Y26-4_234-500_processed,A,A366R,0,14,2.4839824262174384,3.0355669859078964,0.20028858,-0.461229295227662,366,A,R,A
Q86Y26-4_234-500_processed,A,A366S,0,15,2.4839824262174384,2.8445017352648363,0.20731628,-0.352946889816077,366,A,S,A
Q86Y26-4_234-500_processed,A,A366T,0,16,2.4839824262174384,2.8968826778292005,0.2086924,-0.3320633988219651,366,A,T,A
Q86Y26-4_234-500_processed,A,A366V,0,17,2.4839824262174384,2.623741420309898,0.20736246,-0.35224444431021795,366,A,V,A
Q86Y26-4_234-500_processed,A,A366W,0,18,2.4839824262174384,4.250501482991098,0.18982416,-0.627882787792925,366,A,W,A
Q86Y26-4_234-500_processed,A,A366Y,0,19,2.4839824262174384,3.311579602010778,0.21251021,-0.27465087953000844,366,A,Y,A
Q86Y26-4_234-500_processed,A,S367A,15,0,2.8445017352648363,2.4839824262174384,0.24266332,0.15466769788858914,367,S,A,S
Q86Y26-4_234-500_processed,A,S367C,15,1,2.8445017352648363,4.335140045203785,0.2817039,0.6599364679701747,367,S,C,S
Q86Y26-4_234-500_processed,A,S367D,15,2,2.8445017352648363,2.8246796259135976,0.21788912,-0.19502559828833754,367,S,D,S
Q86Y26-4_234-500_processed,A,S367E,15,3,2.8445017352648363,2.712832422359037,0.23315574,0.023557312968409128,367,S,E,S
Q86Y26-4_234-500_processed,A,S367F,15,4,2.8445017352648363,3.2079371983380796,0.22235464,-0.12999256376627522,367,S,F,S
Q86Y26-4_234-500_processed,A,S367G,15,5,2.8445017352648363,2.5602131485714543,0.2460748,0.20085593214336228,367,S,G,S
Q86Y26-4_234-500_processed,A,S367H,15,6,2.8445017352648363,3.772712370515455,0.2059113,-0.374374283248024,367,S,H,S
Q86Y26-4_234-500_processed,A,S367I,15,7,2.8445017352648363,2.8540177271228053,0.2519292,0.2791260912791482,367,S,I,S
Q86Y26-4_234-500_processed,A,S367K,15,8,2.8445017352648363,2.828313162223749,0.22801124,-0.04893772343834868,367,S,K,S
Q86Y26-4_234-500_processed,A,S367L,15,9,2.8445017352648363,2.4331137753126835,0.19703643,-0.5123017713276812,367,S,L,S
Q86Y26-4_234-500_processed,A,S367M,15,10,2.8445017352648363,3.785956884138847,0.23070124,-0.01088967558708187,367,S,M,S
Q86Y26-4_234-500_processed,A,S367N,15,11,2.8445017352648363,3.127101928086014,0.21053934,-0.3041936839334469,367,S,N,S
Q86Y26-4_234-500_processed,A,S367P,15,12,2.8445017352648363,3.0805551433480183,0.5547116,3.54931524265409,367,S,P,S
Q86Y26-4_234-500_processed,A,S367Q,15,13,2.8445017352648363,3.3385149556513554,0.25290605,0.29206787863970407,367,S,Q,S
Q86Y26-4_234-500_processed,A,S367R,15,14,2.8445017352648363,3.0355669859078964,0.22222453,-0.13187398954381369,367,S,R,S
Q86Y26-4_234-500_processed,A,S367S,15,15,2.8445017352648363,2.8445017352648363,0.24262902,0.1542010458457438,367,S,S,S
Q86Y26-4_234-500_processed,A,S367T,15,16,2.8445017352648363,2.8968826778292005,0.25844696,0.3648595200145621,367,S,T,S
Q86Y26-4_234-500_processed,A,S367V,15,17,2.8445017352648363,2.623741420309898,0.250928,0.26582753888990285,367,S,V,S
Q86Y26-4_234-500_processed,A,S367W,15,18,2.8445017352648363,4.250501482991098,0.20583545,-0.37553409625255385,367,S,W,S
Q86Y26-4_234-500_processed,A,S367Y,15,19,2.8445017352648363,3.311579602010778,0.23168573,0.0029574348540395423,367,S,Y,S
Q86Y26-4_234-500_processed,A,K368A,8,0,2.828313162223749,2.4839824262174384,0.23977004,0.11514832604826886,368,K,A,K
Q86Y26-4_234-500_processed,A,K368C,8,1,2.828313162223749,4.335140045203785,0.27815205,0.615883446094353,368,K,C,K
Q86Y26-4_234-500_processed,A,K368D,8,2,2.828313162223749,2.8246796259135976,0.21907264,-0.17769693143028287,368,K,D,K
Q86Y26-4_234-500_processed,A,K368E,8,3,2.828313162223749,2.712832422359037,0.22244698,-0.1286576615234103,368,K,E,K
Q86Y26-4_234-500_processed,A,K368F,8,4,2.828313162223749,3.2079371983380796,0.23101835,-0.006424912803740246,368,K,F,K
Q86Y26-4_234-500_processed,A,K368G,8,5,2.828313162223749,2.5602131485714543,0.25788653,0.35754380146135467,368,K,G,K
Q86Y26-4_234-500_processed,A,K368H,8,6,2.828313162223749,3.772712370515455,0.21668226,-0.2127659972635132,368,K,H,K
Q86Y26-4_234-500_processed,A,K368I,8,7,2.828313162223749,2.8540177271228053,0.21419536,-0.24954935312594517,368,K,I,K
Q86Y26-4_234-500_processed,A,K368K,8,8,2.828313162223749,2.828313162223749,0.22844216,-0.04282144432854018,368,K,K,K
Q86Y26-4_234-500_processed,A,K368L,8,9,2.828313162223749,2.4331137753126835,0.2008544,-0.45240713399701316,368,K,L,K
Q86Y26-4_234-500_processed,A,K368M,8,10,2.828313162223749,3.785956884138847,0.22168332,-0.13970897116583503,368,K,M,K
Q86Y26-4_234-500_processed,A,K368N,8,11,2.828313162223749,3.127101928086014,0.22556014,-0.08388291644462531,368,K,N,K
Q86Y26-4_234-500_processed,A,K368P,8,12,2.828313162223749,3.0805551433480183,0.26981288,0.5110696537929271,368,K,P,K
Q86Y26-4_234-500_processed,A,K368Q,8,13,2.828313162223749,3.3385149556513554,0.2391888,0.10716998616839057,368,K,Q,K
Q86Y26-4_234-500_processed,A,K368R,8,14,2.828313162223749,3.0355669859078964,0.21859059,-0.18474678058598037,368,K,R,K
Q86Y26-4_234-500_processed,A,K368S,8,15,2.828313162223749,2.8445017352648363,0.2298088,-0.02347773801348818,368,K,S,K
Q86Y26-4_234-500_processed,A,K368T,8,16,2.828313162223749,2.8968826778292005,0.22843032,-0.04298947572139444,368,K,T,K
Q86Y26-4_234-500_processed,A,K368V,8,17,2.828313162223749,2.623741420309898,0.21883555,-0.18116292698228453,368,K,V,K
Q86Y26-4_234-500_processed,A,K368W,8,18,2.828313162223749,4.250501482991098,0.21155035,-0.2890137190015868,368,K,W,K
Q86Y26-4_234-500_processed,A,K368Y,8,19,2.828313162223749,3.311579602010778,0.23702715,0.07738065689613771,368,K,Y,K
Q86Y26-4_234-500_processed,A,T369A,16,0,2.8968826778292005,2.4839824262174384,0.2524802,0.28643020901924776,369,T,A,T
Q86Y26-4_234-500_processed,A,T369C,16,1,2.8968826778292005,4.335140045203785,0.28417224,0.6903523467334138,369,T,C,T
Q86Y26-4_234-500_processed,A,T369D,16,2,2.8968826778292005,2.8246796259135976,0.21902476,-0.17839662231205589,369,T,D,T
Q86Y26-4_234-500_processed,A,T369E,16,3,2.8968826778292005,2.712832422359037,0.23263627,0.016288159842237637,369,T,E,T
Q86Y26-4_234-500_processed,A,T369F,16,4,2.8968826778292005,3.2079371983380796,0.24466963,0.18188406992371786,369,T,F,T
Q86Y26-4_234-500_processed,A,T369G,16,5,2.8968826778292005,2.5602131485714543,0.24990657,0.2522233860218809,369,T,G,T
Q86Y26-4_234-500_processed,A,T369H,16,6,2.8968826778292005,3.772712370515455,0.21913894,-0.17672826003265918,369,T,H,T
Q86Y26-4_234-500_processed,A,T369I,16,7,2.8968826778292005,2.8540177271228053,0.2301266,-0.01899117106272996,369,T,I,T
Q86Y26-4_234-500_processed,A,T369K,16,8,2.8968826778292005,2.828313162223749,0.24161188,0.14034341847379894,369,T,K,T
Q86Y26-4_234-500_processed,A,T369L,16,9,2.8968826778292005,2.4331137753126835,0.20509775,-0.3868311435184185,369,T,L,T
Q86Y26-4_234-500_processed,A,T369M,16,10,2.8968826778292005,3.785956884138847,0.23177324,0.00418635782971688,369,T,M,T
Q86Y26-4_234-500_processed,A,T369N,16,11,2.8968826778292005,3.127101928086014,0.21831127,-0.18883689512606605,369,T,N,T
Q86Y26-4_234-500_processed,A,T369P,16,12,2.8968826778292005,3.0805551433480183,0.31743822,1.0860753765400182,369,T,P,T
Q86Y26-4_234-500_processed,A,T369Q,16,13,2.8968826778292005,3.3385149556513554,0.25386846,0.3047858764518191,369,T,Q,T
Q86Y26-4_234-500_processed,A,T369R,16,14,2.8968826778292005,3.0355669859078964,0.23123439,-0.003385681318303635,369,T,R,T
Q86Y26-4_234-500_processed,A,T369S,16,15,2.8968826778292005,2.8445017352648363,0.24164385,0.14077949030660897,369,T,S,T
Q86Y26-4_234-500_processed,A,T369T,16,16,2.8968826778292005,2.8968826778292005,0.24124695,0.13536188805002347,369,T,T,T
Q86Y26-4_234-500_processed,A,T369V,16,17,2.8968826778292005,2.623741420309898,0.23809595,0.09213284237183483,369,T,V,T
Q86Y26-4_234-500_processed,A,T369W,16,18,2.8968826778292005,4.250501482991098,0.23163107,0.0021897427901612643,369,T,W,T
Q86Y26-4_234-500_processed,A,T369Y,16,19,2.8968826778292005,3.311579602010778,0.24877481,0.23710664527575864,369,T,Y,T
Q86Y26-4_234-500_processed,A,R370A,14,0,3.0355669859078964,2.4839824262174384,0.25588065,0.3312742661504847,370,R,A,R
Q86Y26-4_234-500_processed,A,R370C,14,1,3.0355669859078964,4.335140045203785,0.29290435,0.7967003622384347,370,R,C,R
Q86Y26-4_234-500_processed,A,R370D,14,2,3.0355669859078964,2.8246796259135976,0.23952165,0.11174044937401817,370,R,D,R
Q86Y26-4_234-500_processed,A,R370E,14,3,3.0355669859078964,2.712832422359037,0.23536803,0.05438932894313797,370,R,E,R
Q86Y26-4_234-500_processed,A,R370F,14,4,3.0355669859078964,3.2079371983380796,0.24354108,0.16659347033170513,370,R,F,R
Q86Y26-4_234-500_processed,A,R370G,14,5,3.0355669859078964,2.5602131485714543,0.28401414,0.6884089646242305,370,R,G,R
Q86Y26-4_234-500_processed,A,R370H,14,6,3.0355669859078964,3.772712370515455,0.2343911,0.04079896291529439,370,R,H,R
Q86Y26-4_234-500_processed,A,R370I,14,7,3.0355669859078964,2.8540177271228053,0.22777757,-0.052257612308813095,370,R,I,R
Q86Y26-4_234-500_processed,A,R370K,14,8,3.0355669859078964,2.828313162223749,0.24095364,0.13135422323013124,370,R,K,R
Q86Y26-4_234-500_processed,A,R370L,14,9,3.0355669859078964,2.4331137753126835,0.21436052,-0.24709684616034677,370,R,L,R
Q86Y26-4_234-500_processed,A,R370M,14,10,3.0355669859078964,3.785956884138847,0.2343195,0.03980137434510367,370,R,M,R
Q86Y26-4_234-500_processed,A,R370N,14,11,3.0355669859078964,3.127101928086014,0.24444348,0.17882376418856039,370,R,N,R
Q86Y26-4_234-500_processed,A,R370P,14,12,3.0355669859078964,3.0805551433480183,0.2666994,0.4714162154223661,370,R,P,R
Q86Y26-4_234-500_processed,A,R370Q,14,13,3.0355669859078964,3.3385149556513554,0.25020534,0.25620636924734985,370,R,Q,R
Q86Y26-4_234-500_processed,A,R370R,14,14,3.0355669859078964,3.0355669859078964,0.23225597,0.010959184257207655,370,R,R,R
Q86Y26-4_234-500_processed,A,R370S,14,15,3.0355669859078964,2.8445017352648363,0.23823823,0.09409318082616136,370,R,S,R
Q86Y26-4_234-500_processed,A,R370T,14,16,3.0355669859078964,2.8968826778292005,0.24681714,0.2108492695258407,370,R,T,R
Q86Y26-4_234-500_processed,A,R370V,14,17,3.0355669859078964,2.623741420309898,0.23847966,0.09741783883620014,370,R,V,R
Q86Y26-4_234-500_processed,A,R370W,14,18,3.0355669859078964,4.250501482991098,0.22954632,-0.02718669403755647,370,R,W,R
Q86Y26-4_234-500_processed,A,R370Y,14,19,3.0355669859078964,3.311579602010778,0.25169468,0.27601421301868045,370,R,Y,R
Q86Y26-4_234-500_processed,A,A371A,0,0,2.4839824262174384,2.4839824262174384,0.2299701,-0.021200146679984933,371,A,A,A
Q86Y26-4_234-500_processed,A,A371C,0,1,2.4839824262174384,4.335140045203785,0.28457922,0.6953519563449645,371,A,C,A
Q86Y26-4_234-500_processed,A,A371D,0,2,2.4839824262174384,2.8246796259135976,0.22016467,-0.16176751668579237,371,A,D,A
Q86Y26-4_234-500_processed,A,A371E,0,3,2.4839824262174384,2.712832422359037,0.21515678,-0.23529253535877703,371,A,E,A
Q86Y26-4_234-500_processed,A,A371F,0,4,2.4839824262174384,3.2079371983380796,0.21250746,-0.27469206169454863,371,A,F,A
Q86Y26-4_234-500_processed,A,A371G,0,5,2.4839824262174384,2.5602131485714543,0.27270976,0.5477060930223476,371,A,G,A
Q86Y26-4_234-500_processed,A,A371H,0,6,2.4839824262174384,3.772712370515455,0.20477079,-0.3918478510687007,371,A,H,A
Q86Y26-4_234-500_processed,A,A371I,0,7,2.4839824262174384,2.8540177271228053,0.21744214,-0.20158767530502553,371,A,I,A
Q86Y26-4_234-500_processed,A,A371K,0,8,2.4839824262174384,2.828313162223749,0.22096704,-0.15009952152393757,371,A,K,A
Q86Y26-4_234-500_processed,A,A371L,0,9,2.4839824262174384,2.4331137753126835,0.19659352,-0.5193063040342871,371,A,L,A
Q86Y26-4_234-500_processed,A,A371M,0,10,2.4839824262174384,3.785956884138847,0.2166377,-0.2134222971064792,371,A,M,A
Q86Y26-4_234-500_processed,A,A371N,0,11,2.4839824262174384,3.127101928086014,0.23095015,-0.007384807155547679,371,A,N,A
Q86Y26-4_234-500_processed,A,A371P,0,12,2.4839824262174384,3.0805551433480183,0.2703132,0.51741475660698,371,A,P,A
Q86Y26-4_234-500_processed,A,A371Q,0,13,2.4839824262174384,3.3385149556513554,0.22724393,-0.05984853359391418,371,A,Q,A
Q86Y26-4_234-500_processed,A,A371R,0,14,2.4839824262174384,3.0355669859078964,0.21243656,-0.27575135650018123,371,A,R,A
Q86Y26-4_234-500_processed,A,A371S,0,15,2.4839824262174384,2.8445017352648363,0.23445876,0.04174154689173537,371,A,S,A
Q86Y26-4_234-500_processed,A,A371T,0,16,2.4839824262174384,2.8968826778292005,0.2253401,-0.08703322114128054,371,A,T,A
Q86Y26-4_234-500_processed,A,A371V,0,17,2.4839824262174384,2.623741420309898,0.22349273,-0.1135678465469031,371,A,V,A
Q86Y26-4_234-500_processed,A,A371W,0,18,2.4839824262174384,4.250501482991098,0.19045205,-0.617688804352951,371,A,W,A
Q86Y26-4_234-500_processed,A,A371Y,0,19,2.4839824262174384,3.311579602010778,0.21306808,-0.2663249560939135,371,A,Y,A
Q86Y26-4_234-500_processed,A,P372A,12,0,3.0805551433480183,2.4839824262174384,0.21915728,-0.17646027423181276,372,P,A,P
Q86Y26-4_234-500_processed,A,P372C,12,1,3.0805551433480183,4.335140045203785,0.27473554,0.5731815056016454,372,P,C,P
Q86Y26-4_234-500_processed,A,P372D,12,2,3.0805551433480183,2.8246796259135976,0.19207516,-0.5914556512186331,372,P,D,P
Q86Y26-4_234-500_processed,A,P372E,12,3,3.0805551433480183,2.712832422359037,0.18941894,-0.634475403632076,372,P,E,P
Q86Y26-4_234-500_processed,A,P372F,12,4,3.0805551433480183,3.2079371983380796,0.21106192,-0.29634065084176764,372,P,F,P
Q86Y26-4_234-500_processed,A,P372G,12,5,3.0805551433480183,2.5602131485714543,0.2467933,0.21052862896393132,372,P,G,P
Q86Y26-4_234-500_processed,A,P372H,12,6,3.0805551433480183,3.772712370515455,0.1923626,-0.5868275519432553,372,P,H,P
Q86Y26-4_234-500_processed,A,P372I,12,7,3.0805551433480183,2.8540177271228053,0.21487449,-0.23947373407888772,372,P,I,P
Q86Y26-4_234-500_processed,A,P372K,12,8,3.0805551433480183,2.828313162223749,0.19898959,-0.4815536563649808,372,P,K,P
Q86Y26-4_234-500_processed,A,P372L,12,9,3.0805551433480183,2.4331137753126835,0.18883803,-0.6439451382027866,372,P,L,P
Q86Y26-4_234-500_processed,A,P372M,12,10,3.0805551433480183,3.785956884138847,0.21300393,-0.2672815451383892,372,P,M,P
Q86Y26-4_234-500_processed,A,P372N,12,11,3.0805551433480183,3.127101928086014,0.213107,-0.2657446611166081,372,P,N,P
Q86Y26-4_234-500_processed,A,P372P,12,12,3.0805551433480183,3.0805551433480183,0.25721192,0.3487239335579351,372,P,P,P
Q86Y26-4_234-500_processed,A,P372Q,12,13,3.0805551433480183,3.3385149556513554,0.22233498,-0.13027674202461648,372,P,Q,P
Q86Y26-4_234-500_processed,A,P372R,12,14,3.0805551433480183,3.0355669859078964,0.19728278,-0.5084109757673266,372,P,R,P
Q86Y26-4_234-500_processed,A,P372S,12,15,3.0805551433480183,2.8445017352648363,0.2140284,-0.2520298104042584,372,P,S,P
Q86Y26-4_234-500_processed,A,P372T,12,16,3.0805551433480183,2.8968826778292005,0.21685977,-0.21015208310104894,372,P,T,P
Q86Y26-4_234-500_processed,A,P372V,12,17,3.0805551433480183,2.623741420309898,0.22168438,-0.1396936416524347,372,P,V,P
Q86Y26-4_234-500_processed,A,P372W,12,18,3.0805551433480183,4.250501482991098,0.1879335,-0.658735066224288,372,P,W,P
Q86Y26-4_234-500_processed,A,P372Y,12,19,3.0805551433480183,3.311579602010778,0.21078236,-0.30053992396500306,372,P,Y,P
Q86Y26-4_234-500_processed,A,R373A,14,0,3.0355669859078964,2.4839824262174384,0.27688354,0.6000667730414111,373,R,A,R
Q86Y26-4_234-500_processed,A,R373C,14,1,3.0355669859078964,4.335140045203785,0.318201,1.0948709768517517,373,R,C,R
Q86Y26-4_234-500_processed,A,R373D,14,2,3.0355669859078964,2.8246796259135976,0.28329068,0.6795079553632521,373,R,D,R
Q86Y26-4_234-500_processed,A,R373E,14,3,3.0355669859078964,2.712832422359037,0.25625104,0.336135038335334,373,R,E,R
Q86Y26-4_234-500_processed,A,R373F,14,4,3.0355669859078964,3.2079371983380796,0.23596016,0.0626075477537702,373,R,F,R
Q86Y26-4_234-500_processed,A,R373G,14,5,3.0355669859078964,2.5602131485714543,0.34270287,1.3718190376832224,373,R,G,R
Q86Y26-4_234-500_processed,A,R373H,14,6,3.0355669859078964,3.772712370515455,0.24905132,0.2408041319745685,373,R,H,R
Q86Y26-4_234-500_processed,A,R373I,14,7,3.0355669859078964,2.8540177271228053,0.22391175,-0.10753563064799243,373,R,I,R
Q86Y26-4_234-500_processed,A,R373K,14,8,3.0355669859078964,2.828313162223749,0.2586501,0.36750859904508937,373,R,K,R
Q86Y26-4_234-500_processed,A,R373L,14,9,3.0355669859078964,2.4331137753126835,0.21423179,-0.24900824073559868,373,R,L,R
Q86Y26-4_234-500_processed,A,R373M,14,10,3.0355669859078964,3.785956884138847,0.23708096,0.07812444024312137,373,R,M,R
Q86Y26-4_234-500_processed,A,R373N,14,11,3.0355669859078964,3.127101928086014,0.2722723,0.5421891804321405,373,R,N,R
Q86Y26-4_234-500_processed,A,R373P,14,12,3.0355669859078964,3.0805551433480183,0.4829448,2.8293816722579224,373,R,P,R
Q86Y26-4_234-500_processed,A,R373Q,14,13,3.0355669859078964,3.3385149556513554,0.27064663,0.5216392082175664,373,R,Q,R
Q86Y26-4_234-500_processed,A,R373R,14,14,3.0355669859078964,3.0355669859078964,0.2394546,0.11082003656477879,373,R,R,R
Q86Y26-4_234-500_processed,A,R373S,14,15,3.0355669859078964,2.8445017352648363,0.2930181,0.7980733254690092,373,R,S,R
Q86Y26-4_234-500_processed,A,R373T,14,16,3.0355669859078964,2.8968826778292005,0.26851135,0.49452876431204384,373,R,T,R
Q86Y26-4_234-500_processed,A,R373V,14,17,3.0355669859078964,2.623741420309898,0.23667608,0.07252497612788622,373,R,V,R
Q86Y26-4_234-500_processed,A,R373W,14,18,3.0355669859078964,4.250501482991098,0.21192542,-0.2833958164499112,373,R,W,R
Q86Y26-4_234-500_processed,A,R373Y,14,19,3.0355669859078964,3.311579602010778,0.24889506,0.23871501883527046,373,R,Y,R
Q86Y26-4_234-500_processed,A,R374A,14,0,3.0355669859078964,2.4839824262174384,0.2521318,0.2818128849391299,374,R,A,R
Q86Y26-4_234-500_processed,A,R374C,14,1,3.0355669859078964,4.335140045203785,0.3013732,0.898081835101569,374,R,C,R
Q86Y26-4_234-500_processed,A,R374D,14,2,3.0355669859078964,2.8246796259135976,0.23098868,-0.006842443527586561,374,R,D,R
Q86Y26-4_234-500_processed,A,R374E,14,3,3.0355669859078964,2.712832422359037,0.22408922,-0.10498315566524252,374,R,E,R
Q86Y26-4_234-500_processed,A,R374F,14,4,3.0355669859078964,3.2079371983380796,0.2370478,0.07766615493317974,374,R,F,R
Q86Y26-4_234-500_processed,A,R374G,14,5,3.0355669859078964,2.5602131485714543,0.28435564,0.6926059265905068,374,R,G,R
Q86Y26-4_234-500_processed,A,R374H,14,6,3.0355669859078964,3.772712370515455,0.22738543,-0.057834481531649495,374,R,H,R
Q86Y26-4_234-500_processed,A,R374I,14,7,3.0355669859078964,2.8540177271228053,0.24197446,0.14528773505865233,374,R,I,R
Q86Y26-4_234-500_processed,A,R374K,14,8,3.0355669859078964,2.828313162223749,0.2372575,0.08056383441137127,374,R,K,R
Q86Y26-4_234-500_processed,A,R374L,14,9,3.0355669859078964,2.4331137753126835,0.22110838,-0.14804734523869156,374,R,L,R
Q86Y26-4_234-500_processed,A,R374M,14,10,3.0355669859078964,3.785956884138847,0.2432264,0.1623213278448976,374,R,M,R
Q86Y26-4_234-500_processed,A,R374N,14,11,3.0355669859078964,3.127101928086014,0.24811175,0.2282289132123988,374,R,N,R
Q86Y26-4_234-500_processed,A,R374P,14,12,3.0355669859078964,3.0805551433480183,0.2905557,0.7682830991939338,374,R,P,R
Q86Y26-4_234-500_processed,A,R374Q,14,13,3.0355669859078964,3.3385149556513554,0.25273338,0.2897826362186312,374,R,Q,R
Q86Y26-4_234-500_processed,A,R374R,14,14,3.0355669859078964,3.0355669859078964,0.23501825,0.04952802968093084,374,R,R,R
Q86Y26-4_234-500_processed,A,R374S,14,15,3.0355669859078964,2.8445017352648363,0.2515568,0.2741839148731212,374,R,S,R
Q86Y26-4_234-500_processed,A,R374T,14,16,3.0355669859078964,2.8968826778292005,0.2460315,0.20027237138684706,374,R,T,R
Q86Y26-4_234-500_processed,A,R374V,14,17,3.0355669859078964,2.623741420309898,0.24399717,0.17277878888195264,374,R,V,R
Q86Y26-4_234-500_processed,A,R374W,14,18,3.0355669859078964,4.250501482991098,0.21099897,-0.2972859765662561,374,R,W,R
Q86Y26-4_234-500_processed,A,R374Y,14,19,3.0355669859078964,3.311579602010778,0.24327143,0.162932904113271,374,R,Y,R
Q86Y26-4_234-500_processed,A,R375A,14,0,3.0355669859078964,2.4839824262174384,0.256387,0.3379181473754006,375,R,A,R
Q86Y26-4_234-500_processed,A,R375C,14,1,3.0355669859078964,4.335140045203785,0.30963364,0.9954184758232176,375,R,C,R
Q86Y26-4_234-500_processed,A,R375D,14,2,3.0355669859078964,2.8246796259135976,0.22456814,-0.09810228194616744,375,R,D,R
Q86Y26-4_234-500_processed,A,R375E,14,3,3.0355669859078964,2.712832422359037,0.21762398,-0.19891691146590118,375,R,E,R
Q86Y26-4_234-500_processed,A,R375F,14,4,3.0355669859078964,3.2079371983380796,0.23266587,0.01670258052339002,375,R,F,R
Q86Y26-4_234-500_processed,A,R375G,14,5,3.0355669859078964,2.5602131485714543,0.29779914,0.8554993624325047,375,R,G,R
Q86Y26-4_234-500_processed,A,R375H,14,6,3.0355669859078964,3.772712370515455,0.21565625,-0.22790417959968778,375,R,H,R
Q86Y26-4_234-500_processed,A,R375I,14,7,3.0355669859078964,2.8540177271228053,0.24068114,0.12762800294739696,375,R,I,R
Q86Y26-4_234-500_processed,A,R375K,14,8,3.0355669859078964,2.828313162223749,0.22818583,-0.04645863392509164,375,R,K,R
Q86Y26-4_234-500_processed,A,R375L,14,9,3.0355669859078964,2.4331137753126835,0.22423232,-0.10292614890438423,375,R,L,R
Q86Y26-4_234-500_processed,A,R375M,14,10,3.0355669859078964,3.785956884138847,0.24393155,0.17188930357278087,375,R,M,R
Q86Y26-4_234-500_processed,A,R375N,14,11,3.0355669859078964,3.127101928086014,0.23747875,0.08361939399364415,375,R,N,R
Q86Y26-4_234-500_processed,A,R375P,14,12,3.0355669859078964,3.0805551433480183,0.27103776,0.5265905002629756,375,R,P,R
Q86Y26-4_234-500_processed,A,R375Q,14,13,3.0355669859078964,3.3385149556513554,0.2463689,0.20481753714242767,375,R,Q,R
Q86Y26-4_234-500_processed,A,R375R,14,14,3.0355669859078964,3.0355669859078964,0.22745925,-0.056784115049343664,375,R,R,R
Q86Y26-4_234-500_processed,A,R375S,14,15,3.0355669859078964,2.8445017352648363,0.24439053,0.17810705703745267,375,R,S,R
Q86Y26-4_234-500_processed,A,R375T,14,16,3.0355669859078964,2.8968826778292005,0.24621251,0.20271138043575054,375,R,T,R
Q86Y26-4_234-500_processed,A,R375V,14,17,3.0355669859078964,2.623741420309898,0.24163426,0.1406487745303575,375,R,V,R
Q86Y26-4_234-500_processed,A,R375W,14,18,3.0355669859078964,4.250501482991098,0.21760254,-0.19923176899496575,375,R,W,R
Q86Y26-4_234-500_processed,A,R375Y,14,19,3.0355669859078964,3.311579602010778,0.23366982,0.03073989443686309,375,R,Y,R
Q86Y26-4_234-500_processed,A,Q376A,13,0,3.3385149556513554,2.4839824262174384,0.22471195,-0.09603812888219654,376,Q,A,Q
Q86Y26-4_234-500_processed,A,Q376C,13,1,3.3385149556513554,4.335140045203785,0.25993165,0.38419046118391864,376,Q,C,Q
Q86Y26-4_234-500_processed,A,Q376D,13,2,3.3385149556513554,2.8246796259135976,0.19771583,-0.5015801253899654,376,Q,D,Q
Q86Y26-4_234-500_processed,A,Q376E,13,3,3.3385149556513554,2.712832422359037,0.19798574,-0.49732847426283144,376,Q,E,Q
Q86Y26-4_234-500_processed,A,Q376F,13,4,3.3385149556513554,3.2079371983380796,0.20159961,-0.4408164855190966,376,Q,F,Q
Q86Y26-4_234-500_processed,A,Q376G,13,5,3.3385149556513554,2.5602131485714543,0.23262306,0.016103056764110724,376,Q,G,Q
Q86Y26-4_234-500_processed,A,Q376H,13,6,3.3385149556513554,3.772712370515455,0.1899206,-0.6263153749629086,376,Q,H,Q
Q86Y26-4_234-500_processed,A,Q376I,13,7,3.3385149556513554,2.8540177271228053,0.2036425,-0.4092054628292996,376,Q,I,Q
Q86Y26-4_234-500_processed,A,Q376K,13,8,3.3385149556513554,2.828313162223749,0.19402364,-0.5601860284229121,376,Q,K,Q
Q86Y26-4_234-500_processed,A,Q376L,13,9,3.3385149556513554,2.4331137753126835,0.18334235,-0.734661967665044,376,Q,L,Q
Q86Y26-4_234-500_processed,A,Q376M,13,10,3.3385149556513554,3.785956884138847,0.20002206,-0.4653912811333494,376,Q,M,Q
Q86Y26-4_234-500_processed,A,Q376N,13,11,3.3385149556513554,3.127101928086014,0.1944372,-0.5535797371403856,376,Q,N,Q
Q86Y26-4_234-500_processed,A,Q376P,13,12,3.3385149556513554,3.0805551433480183,0.45462018,2.544949604713822,376,Q,P,Q
Q86Y26-4_234-500_processed,A,Q376Q,13,13,3.3385149556513554,3.3385149556513554,0.21013089,-0.3103416364459721,376,Q,Q,Q
Q86Y26-4_234-500_processed,A,Q376R,13,14,3.3385149556513554,3.0355669859078964,0.18582067,-0.6934964676294053,376,Q,R,Q
Q86Y26-4_234-500_processed,A,Q376S,13,15,3.3385149556513554,2.8445017352648363,0.22030985,-0.15965402979467302,376,Q,S,Q
Q86Y26-4_234-500_processed,A,Q376T,13,16,3.3385149556513554,2.8968826778292005,0.21633974,-0.21781389714161936,376,Q,T,Q
Q86Y26-4_234-500_processed,A,Q376V,13,17,3.3385149556513554,2.623741420309898,0.21378586,-0.25563589079388327,376,Q,V,Q
Q86Y26-4_234-500_processed,A,Q376W,13,18,3.3385149556513554,4.250501482991098,0.18757626,-0.6645913535719761,376,Q,W,Q
Q86Y26-4_234-500_processed,A,Q376Y,13,19,3.3385149556513554,3.311579602010778,0.20487787,-0.39020422614445105,376,Q,Y,Q
Q86Y26-4_234-500_processed,A,R377A,14,0,3.0355669859078964,2.4839824262174384,0.25279877,0.29064810494456694,377,R,A,R
Q86Y26-4_234-500_processed,A,R377C,14,1,3.0355669859078964,4.335140045203785,0.30119836,0.8960053539602949,377,R,C,R
Q86Y26-4_234-500_processed,A,R377D,14,2,3.0355669859078964,2.8246796259135976,0.23576993,0.05996890051001624,377,R,D,R
Q86Y26-4_234-500_processed,A,R377E,14,3,3.0355669859078964,2.712832422359037,0.23567015,0.05858429327951664,377,R,E,R
Q86Y26-4_234-500_processed,A,R377F,14,4,3.0355669859078964,3.2079371983380796,0.22986488,-0.022685798607383623,377,R,F,R
Q86Y26-4_234-500_processed,A,R377G,14,5,3.0355669859078964,2.5602131485714543,0.28585333,0.7109761691821206,377,R,G,R
Q86Y26-4_234-500_processed,A,R377H,14,6,3.0355669859078964,3.772712370515455,0.22714645,-0.061236572756259156,377,R,H,R
Q86Y26-4_234-500_processed,A,R377I,14,7,3.0355669859078964,2.8540177271228053,0.23271346,0.017368998791857382,377,R,I,R
Q86Y26-4_234-500_processed,A,R377K,14,8,3.0355669859078964,2.828313162223749,0.23364975,0.030459659593674027,377,R,K,R
Q86Y26-4_234-500_processed,A,R377L,14,9,3.0355669859078964,2.4331137753126835,0.21426223,-0.24855614784696944,377,R,L,R
Q86Y26-4_234-500_processed,A,R377M,14,10,3.0355669859078964,3.785956884138847,0.23439531,0.0408577112775782,377,R,M,R
Q86Y26-4_234-500_processed,A,R377N,14,11,3.0355669859078964,3.127101928086014,0.23669627,0.07280437419289187,377,R,N,R
Q86Y26-4_234-500_processed,A,R377P,14,12,3.0355669859078964,3.0805551433480183,0.37869945,1.7623198685513721,377,R,P,R
Q86Y26-4_234-500_processed,A,R377Q,14,13,3.0355669859078964,3.3385149556513554,0.2507689,0.263710791969165,377,R,Q,R
Q86Y26-4_234-500_processed,A,R377R,14,14,3.0355669859078964,3.0355669859078964,0.22387424,-0.10807524218898412,377,R,R,R
Q86Y26-4_234-500_processed,A,R377S,14,15,3.0355669859078964,2.8445017352648363,0.24723639,0.21648413527415533,377,R,S,R
Q86Y26-4_234-500_processed,A,R377T,14,16,3.0355669859078964,2.8968826778292005,0.2422049,0.14842763618633514,377,R,T,R
Q86Y26-4_234-500_processed,A,R377V,14,17,3.0355669859078964,2.623741420309898,0.2356823,0.05875284166335537,377,R,V,R
Q86Y26-4_234-500_processed,A,R377W,14,18,3.0355669859078964,4.250501482991098,0.2102638,-0.30834002777913816,377,R,W,R
Q86Y26-4_234-500_processed,A,R377Y,14,19,3.0355669859078964,3.311579602010778,0.23683707,0.07475228058293037,377,R,Y,R
Q86Y26-4_234-500_processed,A,K378A,8,0,2.828313162223749,2.4839824262174384,0.23325469,0.024940595200111382,378,K,A,K
Q86Y26-4_234-500_processed,A,K378C,8,1,2.828313162223749,4.335140045203785,0.28018793,0.6411760388535955,378,K,C,K
Q86Y26-4_234-500_processed,A,K378D,8,2,2.828313162223749,2.8246796259135976,0.21887186,-0.1806318843699828,378,K,D,K
Q86Y26-4_234-500_processed,A,K378E,8,3,2.828313162223749,2.712832422359037,0.2098971,-0.3138644348377584,378,K,E,K
Q86Y26-4_234-500_processed,A,K378F,8,4,2.828313162223749,3.2079371983380796,0.21489194,-0.2392151628138095,378,K,F,K
Q86Y26-4_234-500_processed,A,K378G,8,5,2.828313162223749,2.5602131485714543,0.26598674,0.46229841771467384,378,K,G,K
Q86Y26-4_234-500_processed,A,K378H,8,6,2.828313162223749,3.772712370515455,0.2087558,-0.33110364655425883,378,K,H,K
Q86Y26-4_234-500_processed,A,K378I,8,7,2.828313162223749,2.8540177271228053,0.21077892,-0.300591654104298,378,K,I,K
Q86Y26-4_234-500_processed,A,K378K,8,8,2.828313162223749,2.828313162223749,0.21616416,-0.2204037763968164,378,K,K,K
Q86Y26-4_234-500_processed,A,K378L,8,9,2.828313162223749,2.4331137753126835,0.20120929,-0.4468833752753404,378,K,L,K
Q86Y26-4_234-500_processed,A,K378M,8,10,2.828313162223749,3.785956884138847,0.22389066,-0.1078389800351004,378,K,M,K
Q86Y26-4_234-500_processed,A,K378N,8,11,2.828313162223749,3.127101928086014,0.22884789,-0.03707022526473258,378,K,N,K
Q86Y26-4_234-500_processed,A,K378P,8,12,2.828313162223749,3.0805551433480183,0.29989943,0.8805579614970982,378,K,P,K
Q86Y26-4_234-500_processed,A,K378Q,8,13,2.828313162223749,3.3385149556513554,0.22818065,-0.04653224470486106,378,K,Q,K
Q86Y26-4_234-500_processed,A,K378R,8,14,2.828313162223749,3.0355669859078964,0.21169747,-0.2868092140076489,378,K,R,K
Q86Y26-4_234-500_processed,A,K378S,8,15,2.828313162223749,2.8445017352648363,0.22950146,-0.02782097810926365,378,K,S,K
Q86Y26-4_234-500_processed,A,K378T,8,16,2.828313162223749,2.8968826778292005,0.22334243,-0.11573342638695971,378,K,T,K
Q86Y26-4_234-500_processed,A,K378V,8,17,2.828313162223749,2.623741420309898,0.221216,-0.14648542191346925,378,K,V,K
Q86Y26-4_234-500_processed,A,K378W,8,18,2.828313162223749,4.250501482991098,0.19935803,-0.4757787680257475,378,K,W,K
Q86Y26-4_234-500_processed,A,K378Y,8,19,2.828313162223749,3.311579602010778,0.22185794,-0.13717966159785544,378,K,Y,K
Q86Y26-4_234-500_processed,A,A379A,0,0,2.4839824262174384,2.4839824262174384,0.21941616,-0.1726799322743089,379,A,A,A
Q86Y26-4_234-500_processed,A,A379C,0,1,2.4839824262174384,4.335140045203785,0.27790943,0.6128617111122686,379,A,C,A
Q86Y26-4_234-500_processed,A,A379D,0,2,2.4839824262174384,2.8246796259135976,0.21427009,-0.24843953626301096,379,A,D,A
Q86Y26-4_234-500_processed,A,A379E,0,3,2.4839824262174384,2.712832422359037,0.1998583,-0.4679506642639475,379,A,E,A
Q86Y26-4_234-500_processed,A,A379F,0,4,2.4839824262174384,3.2079371983380796,0.20709802,-0.35626846717985217,379,A,F,A
Q86Y26-4_234-500_processed,A,A379G,0,5,2.4839824262174384,2.5602131485714543,0.265901,0.4612003965082323,379,A,G,A
Q86Y26-4_234-500_processed,A,A379H,0,6,2.4839824262174384,3.772712370515455,0.19838981,-0.49097147226445814,379,A,H,A
Q86Y26-4_234-500_processed,A,A379I,0,7,2.4839824262174384,2.8540177271228053,0.20902455,-0.32703807582543876,379,A,I,A
Q86Y26-4_234-500_processed,A,A379K,0,8,2.4839824262174384,2.828313162223749,0.21530192,-0.2331443346825779,379,A,K,A
Q86Y26-4_234-500_processed,A,A379L,0,9,2.4839824262174384,2.4331137753126835,0.19303015,-0.5760998017903879,379,A,L,A
Q86Y26-4_234-500_processed,A,A379M,0,10,2.4839824262174384,3.785956884138847,0.20698662,-0.3579648360139609,379,A,M,A
Q86Y26-4_234-500_processed,A,A379N,0,11,2.4839824262174384,3.127101928086014,0.2210911,-0.1482980562879055,379,A,N,A
Q86Y26-4_234-500_processed,A,A379P,0,12,2.4839824262174384,3.0805551433480183,0.23140956,-0.0009227156555141613,379,A,P,A
Q86Y26-4_234-500_processed,A,A379Q,0,13,2.4839824262174384,3.3385149556513554,0.21909304,-0.17739883948456214,379,A,Q,A
Q86Y26-4_234-500_processed,A,A379R,0,14,2.4839824262174384,3.0355669859078964,0.21218903,-0.2794515631577593,379,A,R,A
Q86Y26-4_234-500_processed,A,A379S,0,15,2.4839824262174384,2.8445017352648363,0.22970319,-0.024969806142505213,379,A,S,A
Q86Y26-4_234-500_processed,A,A379T,0,16,2.4839824262174384,2.8968826778292005,0.22472292,-0.09588075192472956,379,A,T,A
Q86Y26-4_234-500_processed,A,A379V,0,17,2.4839824262174384,2.623741420309898,0.21974078,-0.1679440733594162,379,A,V,A
Q86Y26-4_234-500_processed,A,A379W,0,18,2.4839824262174384,4.250501482991098,0.18181956,-0.7601703620957878,379,A,W,A
Q86Y26-4_234-500_processed,A,A379Y,0,19,2.4839824262174384,3.311579602010778,0.2075495,-0.34940048271339286,379,A,Y,A
Q86Y26-4_234-500_processed,A,Q380A,13,0,3.3385149556513554,2.4839824262174384,0.20557311,-0.3795480341526336,380,Q,A,Q
Q86Y26-4_234-500_processed,A,Q380C,13,1,3.3385149556513554,4.335140045203785,0.24954803,0.24743941340425013,380,Q,C,Q
Q86Y26-4_234-500_processed,A,Q380D,13,2,3.3385149556513554,2.8246796259135976,0.19275503,-0.5805176986701011,380,Q,D,Q
Q86Y26-4_234-500_processed,A,Q380E,13,3,3.3385149556513554,2.712832422359037,0.18720388,-0.6707049643957774,380,Q,E,Q
Q86Y26-4_234-500_processed,A,Q380F,13,4,3.3385149556513554,3.2079371983380796,0.19749318,-0.5050907432998092,380,Q,F,Q
Q86Y26-4_234-500_processed,A,Q380G,13,5,3.3385149556513554,2.5602131485714543,0.23480764,0.04659843576131917,380,Q,G,Q
Q86Y26-4_234-500_processed,A,Q380H,13,6,3.3385149556513554,3.772712370515455,0.1824527,-0.7495446052662769,380,Q,H,Q
Q86Y26-4_234-500_processed,A,Q380I,13,7,3.3385149556513554,2.8540177271228053,0.19364186,-0.5662940984582249,380,Q,I,Q
Q86Y26-4_234-500_processed,A,Q380K,13,8,3.3385149556513554,2.828313162223749,0.19518071,-0.5417297351945793,380,Q,K,Q
Q86Y26-4_234-500_processed,A,Q380L,13,9,3.3385149556513554,2.4331137753126835,0.17625736,-0.8547824299878509,380,Q,L,Q
Q86Y26-4_234-500_processed,A,Q380M,13,10,3.3385149556513554,3.785956884138847,0.19490734,-0.5460828165946807,380,Q,M,Q
Q86Y26-4_234-500_processed,A,Q380N,13,11,3.3385149556513554,3.127101928086014,0.19550179,-0.5366230238620856,380,Q,N,Q
Q86Y26-4_234-500_processed,A,Q380P,13,12,3.3385149556513554,3.0805551433480183,0.32843903,1.211865994089463,380,Q,P,Q
Q86Y26-4_234-500_processed,A,Q380Q,13,13,3.3385149556513554,3.3385149556513554,0.20483848,-0.3908086747579437,380,Q,Q,Q
Q86Y26-4_234-500_processed,A,Q380R,13,14,3.3385149556513554,3.0355669859078964,0.18662484,-0.6802301416198364,380,Q,R,Q
Q86Y26-4_234-500_processed,A,Q380S,13,15,3.3385149556513554,2.8445017352648363,0.20407172,-0.40259402115265297,380,Q,S,Q
Q86Y26-4_234-500_processed,A,Q380T,13,16,3.3385149556513554,2.8968826778292005,0.19924442,-0.4775585380243741,380,Q,T,Q
Q86Y26-4_234-500_processed,A,Q380V,13,17,3.3385149556513554,2.623741420309898,0.1979871,-0.4973071249257288,380,Q,V,Q
Q86Y26-4_234-500_processed,A,Q380W,13,18,3.3385149556513554,4.250501482991098,0.17361575,-0.9005382742361784,380,Q,W,Q
Q86Y26-4_234-500_processed,A,Q380Y,13,19,3.3385149556513554,3.311579602010778,0.20026976,-0.4615230529439174,380,Q,Y,Q
Q86Y26-4_234-500_processed,A,R381A,14,0,3.0355669859078964,2.4839824262174384,0.25105453,0.26750991201902274,381,R,A,R
Q86Y26-4_234-500_processed,A,R381C,14,1,3.0355669859078964,4.335140045203785,0.297772,0.8551747724596592,381,R,C,R
Q86Y26-4_234-500_processed,A,R381D,14,2,3.0355669859078964,2.8246796259135976,0.23685232,0.07496312357213597,381,R,D,R
Q86Y26-4_234-500_processed,A,R381E,14,3,3.0355669859078964,2.712832422359037,0.2232403,-0.1172056512990638,381,R,E,R
Q86Y26-4_234-500_processed,A,R381F,14,4,3.0355669859078964,3.2079371983380796,0.23485816,0.04730125654212325,381,R,F,R
Q86Y26-4_234-500_processed,A,R381G,14,5,3.0355669859078964,2.5602131485714543,0.29717308,0.8480102101047382,381,R,G,R
Q86Y26-4_234-500_processed,A,R381H,14,6,3.0355669859078964,3.772712370515455,0.2311785,-0.004171607430533686,381,R,H,R
Q86Y26-4_234-500_processed,A,R381I,14,7,3.0355669859078964,2.8540177271228053,0.21532807,-0.2327573733073951,381,R,I,R
Q86Y26-4_234-500_processed,A,R381K,14,8,3.0355669859078964,2.828313162223749,0.23382738,0.03293916742993508,381,R,K,R
Q86Y26-4_234-500_processed,A,R381L,14,9,3.0355669859078964,2.4331137753126835,0.21015,-0.3100536797013259,381,R,L,R
Q86Y26-4_234-500_processed,A,R381M,14,10,3.0355669859078964,3.785956884138847,0.23179592,0.004504782868864909,381,R,M,R
Q86Y26-4_234-500_processed,A,R381N,14,11,3.0355669859078964,3.127101928086014,0.24696477,0.2128341723593058,381,R,N,R
Q86Y26-4_234-500_processed,A,R381P,14,12,3.0355669859078964,3.0805551433480183,0.2901609,0.7634931121330357,381,R,P,R
Q86Y26-4_234-500_processed,A,R381Q,14,13,3.0355669859078964,3.3385149556513554,0.2426435,0.15439809118662273,381,R,Q,R
Q86Y26-4_234-500_processed,A,R381R,14,14,3.0355669859078964,3.0355669859078964,0.22616105,-0.07529108344051572,381,R,R,R
Q86Y26-4_234-500_processed,A,R381S,14,15,3.0355669859078964,2.8445017352648363,0.25104386,0.26736805167013433,381,R,S,R
Q86Y26-4_234-500_processed,A,R381T,14,16,3.0355669859078964,2.8968826778292005,0.2386645,0.09996158333074434,381,R,T,R
Q86Y26-4_234-500_processed,A,R381V,14,17,3.0355669859078964,2.623741420309898,0.2258203,-0.08016112498058447,381,R,V,R
Q86Y26-4_234-500_processed,A,R381W,14,18,3.0355669859078964,4.250501482991098,0.21192132,-0.28345715669648774,381,R,W,R
Q86Y26-4_234-500_processed,A,R381Y,14,19,3.0355669859078964,3.311579602010778,0.23564334,0.05821222472074672,381,R,Y,R
Q86Y26-4_234-500_processed,A,P382A,12,0,3.0805551433480183,2.4839824262174384,0.23623584,0.06642897336132492,382,P,A,P
Q86Y26-4_234-500_processed,A,P382C,12,1,3.0805551433480183,4.335140045203785,0.2847719,0.6977173608397669,382,P,C,P
Q86Y26-4_234-500_processed,A,P382D,12,2,3.0805551433480183,2.8246796259135976,0.2256967,-0.08192901792605012,382,P,D,P
Q86Y26-4_234-500_processed,A,P382E,12,3,3.0805551433480183,2.712832422359037,0.21528335,-0.23341908693757463,382,P,E,P
Q86Y26-4_234-500_processed,A,P382F,12,4,3.0805551433480183,3.2079371983380796,0.22768971,-0.053506499734284896,382,P,F,P
Q86Y26-4_234-500_processed,A,P382G,12,5,3.0805551433480183,2.5602131485714543,0.26969057,0.5095174000992997,382,P,G,P
Q86Y26-4_234-500_processed,A,P382H,12,6,3.0805551433480183,3.772712370515455,0.21192831,-0.28335254421577305,382,P,H,P
Q86Y26-4_234-500_processed,A,P382I,12,7,3.0805551433480183,2.8540177271228053,0.23550259,0.056258125606246656,382,P,I,P
Q86Y26-4_234-500_processed,A,P382K,12,8,3.0805551433480183,2.828313162223749,0.21771325,-0.1976063032737596,382,P,K,P
Q86Y26-4_234-500_processed,A,P382L,12,9,3.0805551433480183,2.4331137753126835,0.21294163,-0.2682107820113677,382,P,L,P
Q86Y26-4_234-500_processed,A,P382M,12,10,3.0805551433480183,3.785956884138847,0.22766086,-0.053916656280926234,382,P,M,P
Q86Y26-4_234-500_processed,A,P382N,12,11,3.0805551433480183,3.127101928086014,0.22901878,-0.03465004976785868,382,P,N,P
Q86Y26-4_234-500_processed,A,P382P,12,12,3.0805551433480183,3.0805551433480183,0.26658583,0.46996415783288725,382,P,P,P
Q86Y26-4_234-500_processed,A,P382Q,12,13,3.0805551433480183,3.3385149556513554,0.23582536,0.06073795166645468,382,P,Q,P
Q86Y26-4_234-500_processed,A,P382R,12,14,3.0805551433480183,3.0355669859078964,0.21713963,-0.20603435356812805,382,P,R,P
Q86Y26-4_234-500_processed,A,P382S,12,15,3.0805551433480183,2.8445017352648363,0.23078969,-0.00964386855221988,382,P,S,P
Q86Y26-4_234-500_processed,A,P382T,12,16,3.0805551433480183,2.8968826778292005,0.23857538,0.09873540657153901,382,P,T,P
Q86Y26-4_234-500_processed,A,P382V,12,17,3.0805551433480183,2.623741420309898,0.24113446,0.13382530393665604,382,P,V,P
Q86Y26-4_234-500_processed,A,P382W,12,18,3.0805551433480183,4.250501482991098,0.20833497,-0.33747789646755677,382,P,W,P
Q86Y26-4_234-500_processed,A,P382Y,12,19,3.0805551433480183,3.311579602010778,0.22892463,-0.035983226158239345,382,P,Y,P
Q86Y26-4_234-500_processed,A,P383A,12,0,3.0805551433480183,2.4839824262174384,0.23232518,0.011929509619182932,383,P,A,P
Q86Y26-4_234-500_processed,A,P383C,12,1,3.0805551433480183,4.335140045203785,0.27880508,0.624008594090506,383,P,C,P
Q86Y26-4_234-500_processed,A,P383D,12,2,3.0805551433480183,2.8246796259135976,0.20725916,-0.3538158698143212,383,P,D,P
Q86Y26-4_234-500_processed,A,P383E,12,3,3.0805551433480183,2.712832422359037,0.20797879,-0.34288024633573166,383,P,E,P
Q86Y26-4_234-500_processed,A,P383F,12,4,3.0805551433480183,3.2079371983380796,0.2236603,-0.11115442397695352,383,P,F,P
Q86Y26-4_234-500_processed,A,P383G,12,5,3.0805551433480183,2.5602131485714543,0.2567717,0.3429604215293858,383,P,G,P
Q86Y26-4_234-500_processed,A,P383H,12,6,3.0805551433480183,3.772712370515455,0.20630449,-0.36836677828131936,383,P,H,P
Q86Y26-4_234-500_processed,A,P383I,12,7,3.0805551433480183,2.8540177271228053,0.22091942,-0.15079122043562987,383,P,I,P
Q86Y26-4_234-500_processed,A,P383K,12,8,3.0805551433480183,2.828313162223749,0.21347567,-0.2602519051499125,383,P,K,P
Q86Y26-4_234-500_processed,A,P383L,12,9,3.0805551433480183,2.4331137753126835,0.2029859,-0.4193396648435166,383,P,L,P
Q86Y26-4_234-500_processed,A,P383M,12,10,3.0805551433480183,3.785956884138847,0.22714785,-0.06121662546752504,383,P,M,P
Q86Y26-4_234-500_processed,A,P383N,12,11,3.0805551433480183,3.127101928086014,0.21997274,-0.16456302872734696,383,P,N,P
Q86Y26-4_234-500_processed,A,P383P,12,12,3.0805551433480183,3.0805551433480183,0.2996168,0.8771919402499528,383,P,P,P
Q86Y26-4_234-500_processed,A,P383Q,12,13,3.0805551433480183,3.3385149556513554,0.23673245,0.07330498140716846,383,P,Q,P
Q86Y26-4_234-500_processed,A,P383R,12,14,3.0805551433480183,3.0355669859078964,0.2132901,-0.2630159560155132,383,P,R,P
Q86Y26-4_234-500_processed,A,P383S,12,15,3.0805551433480183,2.8445017352648363,0.22457032,-0.09807104851509374,383,P,S,P
Q86Y26-4_234-500_processed,A,P383T,12,16,3.0805551433480183,2.8968826778292005,0.22702782,-0.06292625363372717,383,P,T,P
Q86Y26-4_234-500_processed,A,P383V,12,17,3.0805551433480183,2.623741420309898,0.22664371,-0.06840157089024079,383,P,V,P
Q86Y26-4_234-500_processed,A,P383W,12,18,3.0805551433480183,4.250501482991098,0.20041724,-0.459221690699238,383,P,W,P
Q86Y26-4_234-500_processed,A,P383Y,12,19,3.0805551433480183,3.311579602010778,0.22724009,-0.05990326639868648,383,P,Y,P
Q86Y26-4_234-500_processed,A,A384A,0,0,2.4839824262174384,2.4839824262174384,0.22578512,-0.08066424929929095,384,A,A,A
Q86Y26-4_234-500_processed,A,A384C,0,1,2.4839824262174384,4.335140045203785,0.2798726,0.6372658507143947,384,A,C,A
Q86Y26-4_234-500_processed,A,A384D,0,2,2.4839824262174384,2.8246796259135976,0.20759493,-0.34870994304214364,384,A,D,A
Q86Y26-4_234-500_processed,A,A384E,0,3,2.4839824262174384,2.712832422359037,0.20283751,-0.4216332703763026,384,A,E,A
Q86Y26-4_234-500_processed,A,A384F,0,4,2.4839824262174384,3.2079371983380796,0.21903473,-0.17825092597081815,384,A,F,A
Q86Y26-4_234-500_processed,A,A384G,0,5,2.4839824262174384,2.5602131485714543,0.2513038,0.2708230738098738,384,A,G,A
Q86Y26-4_234-500_processed,A,A384H,0,6,2.4839824262174384,3.772712370515455,0.20676866,-0.36128578088333807,384,A,H,A
Q86Y26-4_234-500_processed,A,A384I,0,7,2.4839824262174384,2.8540177271228053,0.2085314,-0.33450152579303283,384,A,I,A
Q86Y26-4_234-500_processed,A,A384K,0,8,2.4839824262174384,2.828313162223749,0.21740358,-0.2021542954823652,384,A,K,A
Q86Y26-4_234-500_processed,A,A384L,0,9,2.4839824262174384,2.4331137753126835,0.20198457,-0.4348415707294878,384,A,L,A
Q86Y26-4_234-500_processed,A,A384M,0,10,2.4839824262174384,3.785956884138847,0.2243563,-0.10114472108503303,384,A,M,A
Q86Y26-4_234-500_processed,A,A384N,0,11,2.4839824262174384,3.127101928086014,0.22847663,-0.042332602967523614,384,A,N,A
Q86Y26-4_234-500_processed,A,A384P,0,12,2.4839824262174384,3.0805551433480183,0.24094273,0.1312051237532097,384,A,P,A
Q86Y26-4_234-500_processed,A,A384Q,0,13,2.4839824262174384,3.3385149556513554,0.2340188,0.035609605988715654,384,A,Q,A
Q86Y26-4_234-500_processed,A,A384R,0,14,2.4839824262174384,3.0355669859078964,0.21763238,-0.19879351267778733,384,A,R,A
Q86Y26-4_234-500_processed,A,A384S,0,15,2.4839824262174384,2.8445017352648363,0.21566543,-0.2277685152797776,384,A,S,A
Q86Y26-4_234-500_processed,A,A384T,0,16,2.4839824262174384,2.8968826778292005,0.21847478,-0.18644215531943453,384,A,T,A
Q86Y26-4_234-500_processed,A,A384V,0,17,2.4839824262174384,2.623741420309898,0.22027352,-0.16018279582547978,384,A,V,A
Q86Y26-4_234-500_processed,A,A384W,0,18,2.4839824262174384,4.250501482991098,0.19857274,-0.4880968299791483,384,A,W,A
Q86Y26-4_234-500_processed,A,A384Y,0,19,2.4839824262174384,3.311579602010778,0.22365606,-0.11121556985856651,384,A,Y,A
Q86Y26-4_234-500_processed,A,P385A,12,0,3.0805551433480183,2.4839824262174384,0.22803131,-0.04865265638898053,385,P,A,P
Q86Y26-4_234-500_processed,A,P385C,12,1,3.0805551433480183,4.335140045203785,0.27585003,0.5871470640961601,385,P,C,P
Q86Y26-4_234-500_processed,A,P385D,12,2,3.0805551433480183,2.8246796259135976,0.21781264,-0.196147611303642,385,P,D,P
Q86Y26-4_234-500_processed,A,P385E,12,3,3.0805551433480183,2.712832422359037,0.2052101,-0.38510860632410604,385,P,E,P
Q86Y26-4_234-500_processed,A,P385F,12,4,3.0805551433480183,3.2079371983380796,0.20573774,-0.37702864821846926,385,P,F,P
Q86Y26-4_234-500_processed,A,P385G,12,5,3.0805551433480183,2.5602131485714543,0.2682194,0.49081154499017177,385,P,G,P
Q86Y26-4_234-500_processed,A,P385H,12,6,3.0805551433480183,3.772712370515455,0.20527442,-0.384122917110824,385,P,H,P
Q86Y26-4_234-500_processed,A,P385I,12,7,3.0805551433480183,2.8540177271228053,0.20867182,-0.3323749415317362,385,P,I,P
Q86Y26-4_234-500_processed,A,P385K,12,8,3.0805551433480183,2.828313162223749,0.2101818,-0.30957476694964237,385,P,K,P
Q86Y26-4_234-500_processed,A,P385L,12,9,3.0805551433480183,2.4331137753126835,0.18986194,-0.6272687795242776,385,P,L,P
Q86Y26-4_234-500_processed,A,P385M,12,10,3.0805551433480183,3.785956884138847,0.21459527,-0.24361339243739788,385,P,M,P
Q86Y26-4_234-500_processed,A,P385N,12,11,3.0805551433480183,3.127101928086014,0.22320189,-0.11775952453565386,385,P,N,P
Q86Y26-4_234-500_processed,A,P385P,12,12,3.0805551433480183,3.0805551433480183,0.24792439,0.22571735722448139,385,P,P,P
Q86Y26-4_234-500_processed,A,P385Q,12,13,3.0805551433480183,3.3385149556513554,0.23032409,-0.016205321904108616,385,P,Q,P
Q86Y26-4_234-500_processed,A,P385R,12,14,3.0805551433480183,3.0355669859078964,0.20582148,-0.3757476366071316,385,P,R,P
Q86Y26-4_234-500_processed,A,P385S,12,15,3.0805551433480183,2.8445017352648363,0.23208186,0.008517542596329641,385,P,S,P
Q86Y26-4_234-500_processed,A,P385T,12,16,3.0805551433480183,2.8968826778292005,0.22485016,-0.09405527842103245,385,P,T,P
Q86Y26-4_234-500_processed,A,P385V,12,17,3.0805551433480183,2.623741420309898,0.21761473,-0.19905278538713933,385,P,V,P
Q86Y26-4_234-500_processed,A,P385W,12,18,3.0805551433480183,4.250501482991098,0.18138601,-0.7674631235683926,385,P,W,P
Q86Y26-4_234-500_processed,A,P385Y,12,19,3.0805551433480183,3.311579602010778,0.20848998,-0.3351288257982915,385,P,Y,P
Q86Y26-4_234-500_processed,A,E386A,3,0,2.712832422359037,2.4839824262174384,0.26146626,0.4040962166489831,386,E,A,E
Q86Y26-4_234-500_processed,A,E386C,3,1,2.712832422359037,4.335140045203785,0.32097477,1.1267605616170753,386,E,C,E
Q86Y26-4_234-500_processed,A,E386D,3,2,2.712832422359037,2.8246796259135976,0.25036907,0.25838781899492624,386,E,D,E
Q86Y26-4_234-500_processed,A,E386E,3,3,2.712832422359037,2.712832422359037,0.24681383,0.2108047818921105,386,E,E,E
Q86Y26-4_234-500_processed,A,E386F,3,4,2.712832422359037,3.2079371983380796,0.25148857,0.2732776194369574,386,E,F,E
Q86Y26-4_234-500_processed,A,E386G,3,5,2.712832422359037,2.5602131485714543,0.30427098,0.9323961336315861,386,E,G,E
Q86Y26-4_234-500_processed,A,E386H,3,6,2.712832422359037,3.772712370515455,0.24426536,0.1764122006380786,386,E,H,E
Q86Y26-4_234-500_processed,A,E386I,3,7,2.712832422359037,2.8540177271228053,0.238633,0.099528356455722,386,E,I,E
Q86Y26-4_234-500_processed,A,E386K,3,8,2.712832422359037,2.828313162223749,0.2608867,0.396587458956118,386,E,K,E
Q86Y26-4_234-500_processed,A,E386L,3,9,2.712832422359037,2.4331137753126835,0.2262769,-0.07363640572004337,386,E,L,E
Q86Y26-4_234-500_processed,A,E386M,3,10,2.712832422359037,3.785956884138847,0.25318214,0.29571959906576295,386,E,M,E
Q86Y26-4_234-500_processed,A,E386N,3,11,2.712832422359037,3.127101928086014,0.26504654,0.4502455998215332,386,E,N,E
Q86Y26-4_234-500_processed,A,E386P,3,12,2.712832422359037,3.0805551433480183,0.3459446,1.4077166192494919,386,E,P,E
Q86Y26-4_234-500_processed,A,E386Q,3,13,2.712832422359037,3.3385149556513554,0.2684848,0.4941907686171654,386,E,Q,E
Q86Y26-4_234-500_processed,A,E386R,3,14,2.712832422359037,3.0355669859078964,0.25110668,0.2682033057737271,386,E,R,E
Q86Y26-4_234-500_processed,A,E386S,3,15,2.712832422359037,2.8445017352648363,0.2642818,0.44042210276045823,386,E,S,E
Q86Y26-4_234-500_processed,A,E386T,3,16,2.712832422359037,2.8968826778292005,0.26215088,0.4129521890307025,386,E,T,E
Q86Y26-4_234-500_processed,A,E386V,3,17,2.712832422359037,2.623741420309898,0.24694939,0.212627444689516,386,E,V,E
Q86Y26-4_234-500_processed,A,E386W,3,18,2.712832422359037,4.250501482991098,0.22668904,-0.0677550756410239,386,E,W,E
Q86Y26-4_234-500_processed,A,E386Y,3,19,2.712832422359037,3.311579602010778,0.2531405,0.2951690926776074,386,E,Y,E
Q86Y26-4_234-500_processed,A,A387A,0,0,2.4839824262174384,2.4839824262174384,0.23307285,0.022398082901730065,387,A,A,A
Q86Y26-4_234-500_processed,A,A387C,0,1,2.4839824262174384,4.335140045203785,0.29156658,0.7805307639136172,387,A,C,A
Q86Y26-4_234-500_processed,A,A387D,0,2,2.4839824262174384,2.8246796259135976,0.21204239,-0.2816451967468614,387,A,D,A
Q86Y26-4_234-500_processed,A,A387E,0,3,2.4839824262174384,2.712832422359037,0.2004138,-0.45927539096124737,387,A,E,A
Q86Y26-4_234-500_processed,A,A387F,0,4,2.4839824262174384,3.2079371983380796,0.21684004,-0.2104425146967026,387,A,F,A
Q86Y26-4_234-500_processed,A,A387G,0,5,2.4839824262174384,2.5602131485714543,0.27488905,0.5751072342142199,387,A,G,A
Q86Y26-4_234-500_processed,A,A387H,0,6,2.4839824262174384,3.772712370515455,0.20502472,-0.3879511681762915,387,A,H,A
Q86Y26-4_234-500_processed,A,A387I,0,7,2.4839824262174384,2.8540177271228053,0.21875198,-0.18238519792825703,387,A,I,A
Q86Y26-4_234-500_processed,A,A387K,0,8,2.4839824262174384,2.828313162223749,0.22043699,-0.1578040579179535,387,A,K,A
Q86Y26-4_234-500_processed,A,A387L,0,9,2.4839824262174384,2.4331137753126835,0.19849148,-0.48937350021988235,387,A,L,A
Q86Y26-4_234-500_processed,A,A387M,0,10,2.4839824262174384,3.785956884138847,0.22003233,-0.16369488697217716,387,A,M,A
Q86Y26-4_234-500_processed,A,A387N,0,11,2.4839824262174384,3.127101928086014,0.23061688,-0.012078079076424664,387,A,N,A
Q86Y26-4_234-500_processed,A,A387P,0,12,2.4839824262174384,3.0805551433480183,0.2285672,-0.041048294412772135,387,A,P,A
Q86Y26-4_234-500_processed,A,A387Q,0,13,2.4839824262174384,3.3385149556513554,0.22898242,-0.03516487436766469,387,A,Q,A
Q86Y26-4_234-500_processed,A,A387R,0,14,2.4839824262174384,3.0355669859078964,0.2165954,-0.21404554309252422,387,A,R,A
Q86Y26-4_234-500_processed,A,A387S,0,15,2.4839824262174384,2.8445017352648363,0.22758015,-0.055064484354875876,387,A,S,A
Q86Y26-4_234-500_processed,A,A387T,0,16,2.4839824262174384,2.8968826778292005,0.2280987,-0.047695578398418426,387,A,T,A
Q86Y26-4_234-500_processed,A,A387V,0,17,2.4839824262174384,2.623741420309898,0.23006602,-0.019846201238267747,387,A,V,A
Q86Y26-4_234-500_processed,A,A387W,0,18,2.4839824262174384,4.250501482991098,0.19498995,-0.5447668661211869,387,A,W,A
Q86Y26-4_234-500_processed,A,A387Y,0,19,2.4839824262174384,3.311579602010778,0.2164224,-0.21659520470688254,387,A,Y,A
Q86Y26-4_234-500_processed,A,P388A,12,0,3.0805551433480183,2.4839824262174384,0.21694592,-0.20888419127711666,388,P,A,P
Q86Y26-4_234-500_processed,A,P388C,12,1,3.0805551433480183,4.335140045203785,0.27148867,0.5322930295946049,388,P,C,P
Q86Y26-4_234-500_processed,A,P388D,12,2,3.0805551433480183,2.8246796259135976,0.19946854,-0.4740482848345279,388,P,D,P
Q86Y26-4_234-500_processed,A,P388E,12,3,3.0805551433480183,2.712832422359037,0.18807067,-0.6564887735209457,388,P,E,P
Q86Y26-4_234-500_processed,A,P388F,12,4,3.0805551433480183,3.2079371983380796,0.20706956,-0.35670179850575634,388,P,F,P
Q86Y26-4_234-500_processed,A,P388G,12,5,3.0805551433480183,2.5602131485714543,0.24874663,0.23672968849950904,388,P,G,P
Q86Y26-4_234-500_processed,A,P388H,12,6,3.0805551433480183,3.772712370515455,0.19451591,-0.5523236693555306,388,P,H,P
Q86Y26-4_234-500_processed,A,P388I,12,7,3.0805551433480183,2.8540177271228053,0.20064072,-0.45573660358827484,388,P,I,P
Q86Y26-4_234-500_processed,A,P388K,12,8,3.0805551433480183,2.828313162223749,0.19853528,-0.4886853652217704,388,P,K,P
Q86Y26-4_234-500_processed,A,P388L,12,9,3.0805551433480183,2.4331137753126835,0.1867398,-0.6783372198824933,388,P,L,P
Q86Y26-4_234-500_processed,A,P388M,12,10,3.0805551433480183,3.785956884138847,0.20919222,-0.3245035224094356,388,P,M,P
Q86Y26-4_234-500_processed,A,P388N,12,11,3.0805551433480183,3.127101928086014,0.21234944,-0.27705323114743774,388,P,N,P
Q86Y26-4_234-500_processed,A,P388P,12,12,3.0805551433480183,3.0805551433480183,0.2518108,0.27755516723955154,388,P,P,P
Q86Y26-4_234-500_processed,A,P388Q,12,13,3.0805551433480183,3.3385149556513554,0.21270442,-0.2717506327067909,388,P,Q,P
Q86Y26-4_234-500_processed,A,P388R,12,14,3.0805551433480183,3.0355669859078964,0.19618121,-0.5258377465713909,388,P,R,P
Q86Y26-4_234-500_processed,A,P388S,12,15,3.0805551433480183,2.8445017352648363,0.21281193,-0.27014590242898484,388,P,S,P
Q86Y26-4_234-500_processed,A,P388T,12,16,3.0805551433480183,2.8968826778292005,0.21209002,-0.28093266256489224,388,P,T,P
Q86Y26-4_234-500_processed,A,P388V,12,17,3.0805551433480183,2.623741420309898,0.21178177,-0.28554658874636485,388,P,V,P
Q86Y26-4_234-500_processed,A,P388W,12,18,3.0805551433480183,4.250501482991098,0.17717491,-0.8390155195834004,388,P,W,P
Q86Y26-4_234-500_processed,A,P388Y,12,19,3.0805551433480183,3.311579602010778,0.20569009,-0.37775776645702974,388,P,Y,P
Q86Y26-4_234-500_processed,A,K389A,8,0,2.828313162223749,2.4839824262174384,0.24239393,0.15100158924178153,389,K,A,K
Q86Y26-4_234-500_processed,A,K389C,8,1,2.828313162223749,4.335140045203785,0.28483188,0.6984536775763722,389,K,C,K
Q86Y26-4_234-500_processed,A,K389D,8,2,2.828313162223749,2.8246796259135976,0.2426643,0.15468107647806595,389,K,D,K
Q86Y26-4_234-500_processed,A,K389E,8,3,2.828313162223749,2.712832422359037,0.22829616,-0.04489278024071508,389,K,E,K
Q86Y26-4_234-500_processed,A,K389F,8,4,2.828313162223749,3.2079371983380796,0.218637,-0.1840674598533959,389,K,F,K
Q86Y26-4_234-500_processed,A,K389G,8,5,2.828313162223749,2.5602131485714543,0.28722388,0.7277364639184877,389,K,G,K
Q86Y26-4_234-500_processed,A,K389H,8,6,2.828313162223749,3.772712370515455,0.21900193,-0.1787302827313314,389,K,H,K
Q86Y26-4_234-500_processed,A,K389I,8,7,2.828313162223749,2.8540177271228053,0.20942372,-0.3210064369547011,389,K,I,K
Q86Y26-4_234-500_processed,A,K389K,8,8,2.828313162223749,2.828313162223749,0.22575088,-0.08115400177894361,389,K,K,K
Q86Y26-4_234-500_processed,A,K389L,8,9,2.828313162223749,2.4331137753126835,0.20033415,-0.46051812905091083,389,K,L,K
Q86Y26-4_234-500_processed,A,K389M,8,10,2.828313162223749,3.785956884138847,0.22606313,-0.07668999335335769,389,K,M,K
Q86Y26-4_234-500_processed,A,K389N,8,11,2.828313162223749,3.127101928086014,0.23827006,0.09453162146902394,389,K,N,K
Q86Y26-4_234-500_processed,A,K389P,8,12,2.828313162223749,3.0805551433480183,0.34706357,1.420070483816265,389,K,P,K
Q86Y26-4_234-500_processed,A,K389Q,8,13,2.828313162223749,3.3385149556513554,0.24164462,0.14079006125702787,389,K,Q,K
Q86Y26-4_234-500_processed,A,K389R,8,14,2.828313162223749,3.0355669859078964,0.21025416,-0.30848518048893325,389,K,R,K
Q86Y26-4_234-500_processed,A,K389S,8,15,2.828313162223749,2.8445017352648363,0.24971601,0.24968135891428878,389,K,S,K
Q86Y26-4_234-500_processed,A,K389T,8,16,2.828313162223749,2.8968826778292005,0.23838928,0.09617356889480233,389,K,T,K
Q86Y26-4_234-500_processed,A,K389V,8,17,2.828313162223749,2.623741420309898,0.2227419,-0.12439689340329685,389,K,V,K
Q86Y26-4_234-500_processed,A,K389W,8,18,2.828313162223749,4.250501482991098,0.19267789,-0.5817573324130249,389,K,W,K
Q86Y26-4_234-500_processed,A,K389Y,8,19,2.828313162223749,3.311579602010778,0.22158025,-0.14120266215904786,389,K,Y,K
Q86Y26-4_234-500_processed,A,E390A,3,0,2.712832422359037,2.4839824262174384,0.24153185,0.1392513383871885,390,E,A,E
Q86Y26-4_234-500_processed,A,E390C,3,1,2.712832422359037,4.335140045203785,0.29908827,0.8708919642588339,390,E,C,E
Q86Y26-4_234-500_processed,A,E390D,3,2,2.712832422359037,2.8246796259135976,0.23264506,0.01641127958994626,390,E,D,E
Q86Y26-4_234-500_processed,A,E390E,3,3,2.712832422359037,2.712832422359037,0.2248602,-0.09391122145440078,390,E,E,E
Q86Y26-4_234-500_processed,A,E390F,3,4,2.712832422359037,3.2079371983380796,0.2325718,0.015385113029262598,390,E,F,E
Q86Y26-4_234-500_processed,A,E390G,3,5,2.712832422359037,2.5602131485714543,0.28886837,0.7477838990293297,390,E,G,E
Q86Y26-4_234-500_processed,A,E390H,3,6,2.712832422359037,3.772712370515455,0.22634995,-0.07259346877981965,390,E,H,E
Q86Y26-4_234-500_processed,A,E390I,3,7,2.712832422359037,2.8540177271228053,0.21656549,-0.21448619316685014,390,E,I,E
Q86Y26-4_234-500_processed,A,E390K,3,8,2.712832422359037,2.828313162223749,0.22969197,-0.025128345618660175,390,E,K,E
Q86Y26-4_234-500_processed,A,E390L,3,9,2.712832422359037,2.4331137753126835,0.20796728,-0.343054840782957,390,E,L,E
Q86Y26-4_234-500_processed,A,E390M,3,10,2.712832422359037,3.785956884138847,0.23038183,-0.015391093162306357,390,E,M,E
Q86Y26-4_234-500_processed,A,E390N,3,11,2.712832422359037,3.127101928086014,0.24561371,0.1946386362979846,390,E,N,E
Q86Y26-4_234-500_processed,A,E390P,3,12,2.712832422359037,3.0805551433480183,0.36816636,1.6497718947221685,390,E,P,E
Q86Y26-4_234-500_processed,A,E390Q,3,13,2.712832422359037,3.3385149556513554,0.247314,0.21752668721127966,390,E,Q,E
Q86Y26-4_234-500_processed,A,E390R,3,14,2.712832422359037,3.0355669859078964,0.22461976,-0.09736129464601229,390,E,R,E
Q86Y26-4_234-500_processed,A,E390S,3,15,2.712832422359037,2.8445017352648363,0.24419391,0.17544445657898533,390,E,S,E
Q86Y26-4_234-500_processed,A,E390T,3,16,2.712832422359037,2.8968826778292005,0.23911971,0.1062206446187619,390,E,T,E
Q86Y26-4_234-500_processed,A,E390V,3,17,2.712832422359037,2.623741420309898,0.22619893,-0.0747500282896646,390,E,V,E
Q86Y26-4_234-500_processed,A,E390W,3,18,2.712832422359037,4.250501482991098,0.21323647,-0.2638150474282869,390,E,W,E
Q86Y26-4_234-500_processed,A,E390Y,3,19,2.712832422359037,3.311579602010778,0.23749526,0.08384732992096022,390,E,Y,E
Q86Y26-4_234-500_processed,A,I391A,7,0,2.8540177271228053,2.4839824262174384,0.28848812,0.7431544782615626,391,I,A,I
Q86Y26-4_234-500_processed,A,I391C,7,1,2.8540177271228053,4.335140045203785,0.33518726,1.2879598431694765,391,I,C,I
Q86Y26-4_234-500_processed,A,I391D,7,2,2.8540177271228053,2.8246796259135976,0.2890202,0.749631535681848,391,I,D,I
Q86Y26-4_234-500_processed,A,I391E,7,3,2.8540177271228053,2.712832422359037,0.26265007,0.41940011111434694,391,I,E,I
Q86Y26-4_234-500_processed,A,I391F,7,4,2.8540177271228053,3.2079371983380796,0.23506962,0.05024222313274873,391,I,F,I
Q86Y26-4_234-500_processed,A,I391G,7,5,2.8540177271228053,2.5602131485714543,0.36299652,1.5940453069320728,391,I,G,I
Q86Y26-4_234-500_processed,A,I391H,7,6,2.8540177271228053,3.772712370515455,0.25294325,0.29255997384933674,391,I,H,I
Q86Y26-4_234-500_processed,A,I391I,7,7,2.8540177271228053,2.8540177271228053,0.22924264,-0.03148155660952445,391,I,I,I
Q86Y26-4_234-500_processed,A,I391K,7,8,2.8540177271228053,2.828313162223749,0.27182034,0.5364837815308171,391,I,K,I
Q86Y26-4_234-500_processed,A,I391L,7,9,2.8540177271228053,2.4331137753126835,0.22662582,-0.0686568362925205,391,I,L,I
Q86Y26-4_234-500_processed,A,I391M,7,10,2.8540177271228053,3.785956884138847,0.2521911,0.2825991277021028,391,I,M,I
Q86Y26-4_234-500_processed,A,I391N,7,11,2.8540177271228053,3.127101928086014,0.27699232,0.6014248518177064,391,I,N,I
Q86Y26-4_234-500_processed,A,I391P,7,12,2.8540177271228053,3.0805551433480183,0.39883336,1.9741788398562932,391,I,P,I
Q86Y26-4_234-500_processed,A,I391Q,7,13,2.8540177271228053,3.3385149556513554,0.28433922,0.6924041874465899,391,I,Q,I
Q86Y26-4_234-500_processed,A,I391R,7,14,2.8540177271228053,3.0355669859078964,0.25625136,0.33613933855474454,391,I,R,I
Q86Y26-4_234-500_processed,A,I391S,7,15,2.8540177271228053,2.8445017352648363,0.2953112,0.8256837222499841,391,I,S,I
Q86Y26-4_234-500_processed,A,I391T,7,16,2.8540177271228053,2.8968826778292005,0.2721964,0.5412317349769269,391,I,T,I
Q86Y26-4_234-500_processed,A,I391V,7,17,2.8540177271228053,2.623741420309898,0.24757461,0.2210254058279626,391,I,V,I
Q86Y26-4_234-500_processed,A,I391W,7,18,2.8540177271228053,4.250501482991098,0.21113844,-0.2951919945192194,391,I,W,I
Q86Y26-4_234-500_processed,A,I391Y,7,19,2.8540177271228053,3.311579602010778,0.24151964,0.13908479026267628,391,I,Y,I
Q86Y26-4_234-500_processed,A,P392A,12,0,3.0805551433480183,2.4839824262174384,0.223742,-0.10997843839271382,392,P,A,P
Q86Y26-4_234-500_processed,A,P392C,12,1,3.0805551433480183,4.335140045203785,0.27160275,0.5337348687045668,392,P,C,P
Q86Y26-4_234-500_processed,A,P392D,12,2,3.0805551433480183,2.8246796259135976,0.20346764,-0.41190199472247946,392,P,D,P
Q86Y26-4_234-500_processed,A,P392E,12,3,3.0805551433480183,2.712832422359037,0.19772871,-0.5013772200216804,392,P,E,P
Q86Y26-4_234-500_processed,A,P392F,12,4,3.0805551433480183,3.2079371983380796,0.1979705,-0.49756848592722724,392,P,F,P
Q86Y26-4_234-500_processed,A,P392G,12,5,3.0805551433480183,2.5602131485714543,0.25747436,0.3521568879283532,392,P,G,P
Q86Y26-4_234-500_processed,A,P392H,12,6,3.0805551433480183,3.772712370515455,0.19049414,-0.6170065286745202,392,P,H,P
Q86Y26-4_234-500_processed,A,P392I,12,7,3.0805551433480183,2.8540177271228053,0.21165285,-0.2874778378237608,392,P,I,P
Q86Y26-4_234-500_processed,A,P392K,12,8,3.0805551433480183,2.828313162223749,0.20427233,-0.399507377018673,392,P,K,P
Q86Y26-4_234-500_processed,A,P392L,12,9,3.0805551433480183,2.4331137753126835,0.18665469,-0.6797386071722822,392,P,L,P
Q86Y26-4_234-500_processed,A,P392M,12,10,3.0805551433480183,3.785956884138847,0.20651004,-0.36522968298804137,392,P,M,P
Q86Y26-4_234-500_processed,A,P392N,12,11,3.0805551433480183,3.127101928086014,0.21010244,-0.3107701283340836,392,P,N,P
Q86Y26-4_234-500_processed,A,P392P,12,12,3.0805551433480183,3.0805551433480183,0.2921473,0.7875553686438735,392,P,P,P
Q86Y26-4_234-500_processed,A,P392Q,12,13,3.0805551433480183,3.3385149556513554,0.21791121,-0.19470142179495054,392,P,Q,P
Q86Y26-4_234-500_processed,A,P392R,12,14,3.0805551433480183,3.0355669859078964,0.19804111,-0.49645676011398354,392,P,R,P
Q86Y26-4_234-500_processed,A,P392S,12,15,3.0805551433480183,2.8445017352648363,0.21234533,-0.27711470459390986,392,P,S,P
Q86Y26-4_234-500_processed,A,P392T,12,16,3.0805551433480183,2.8968826778292005,0.21568385,-0.2274963183295725,392,P,T,P
Q86Y26-4_234-500_processed,A,P392V,12,17,3.0805551433480183,2.623741420309898,0.21632633,-0.21801166160396623,392,P,V,P
Q86Y26-4_234-500_processed,A,P392W,12,18,3.0805551433480183,4.250501482991098,0.17061912,-0.9531145615366615,392,P,W,P
Q86Y26-4_234-500_processed,A,P392Y,12,19,3.0805551433480183,3.311579602010778,0.20059161,-0.4565022460988477,392,P,Y,P
Q86Y26-4_234-500_processed,A,P393A,12,0,3.0805551433480183,2.4839824262174384,0.21521793,-0.23438725158679063,393,P,A,P
Q86Y26-4_234-500_processed,A,P393C,12,1,3.0805551433480183,4.335140045203785,0.2848938,0.6992136721838007,393,P,C,P
Q86Y26-4_234-500_processed,A,P393D,12,2,3.0805551433480183,2.8246796259135976,0.19826826,-0.4928826810582154,393,P,D,P
Q86Y26-4_234-500_processed,A,P393E,12,3,3.0805551433480183,2.712832422359037,0.19362092,-0.5666293162589847,393,P,E,P
Q86Y26-4_234-500_processed,A,P393F,12,4,3.0805551433480183,3.2079371983380796,0.1971208,-0.5109688102614257,393,P,F,P
Q86Y26-4_234-500_processed,A,P393G,12,5,3.0805551433480183,2.5602131485714543,0.24461867,0.18119462465401526,393,P,G,P
Q86Y26-4_234-500_processed,A,P393H,12,6,3.0805551433480183,3.772712370515455,0.19092144,-0.6100849517104256,393,P,H,P
Q86Y26-4_234-500_processed,A,P393I,12,7,3.0805551433480183,2.8540177271228053,0.20931353,-0.32267066433978864,393,P,I,P
Q86Y26-4_234-500_processed,A,P393K,12,8,3.0805551433480183,2.828313162223749,0.20605102,-0.37223845784492116,393,P,K,P
Q86Y26-4_234-500_processed,A,P393L,12,9,3.0805551433480183,2.4331137753126835,0.18509036,-0.705582694006181,393,P,L,P
Q86Y26-4_234-500_processed,A,P393M,12,10,3.0805551433480183,3.785956884138847,0.2056412,-0.3785059381321576,393,P,M,P
Q86Y26-4_234-500_processed,A,P393N,12,11,3.0805551433480183,3.127101928086014,0.21058081,-0.3035699803858921,393,P,N,P
Q86Y26-4_234-500_processed,A,P393P,12,12,3.0805551433480183,3.0805551433480183,0.25239557,0.2853089482220089,393,P,P,P
Q86Y26-4_234-500_processed,A,P393Q,12,13,3.0805551433480183,3.3385149556513554,0.21602464,-0.22246283108622644,393,P,Q,P
Q86Y26-4_234-500_processed,A,P393R,12,14,3.0805551433480183,3.0355669859078964,0.1977474,-0.5010827431342846,393,P,R,P
Q86Y26-4_234-500_processed,A,P393S,12,15,3.0805551433480183,2.8445017352648363,0.21129459,-0.2928488758020015,393,P,S,P
Q86Y26-4_234-500_processed,A,P393T,12,16,3.0805551433480183,2.8968826778292005,0.21677029,-0.21146948839931845,393,P,T,P
Q86Y26-4_234-500_processed,A,P393V,12,17,3.0805551433480183,2.623741420309898,0.21964312,-0.16936832371732324,393,P,V,P
Q86Y26-4_234-500_processed,A,P393W,12,18,3.0805551433480183,4.250501482991098,0.16728549,-1.01247251415481,393,P,W,P
Q86Y26-4_234-500_processed,A,P393Y,12,19,3.0805551433480183,3.311579602010778,0.19953173,-0.4730589941078678,393,P,Y,P
Q86Y26-4_234-500_processed,A,E394A,3,0,2.712832422359037,2.4839824262174384,0.273889,0.5625501129684365,394,E,A,E
Q86Y26-4_234-500_processed,A,E394C,3,1,2.712832422359037,4.335140045203785,0.33319655,1.2655930850089825,394,E,C,E
Q86Y26-4_234-500_processed,A,E394D,3,2,2.712832422359037,2.8246796259135976,0.26309,0.42507621372828874,394,E,D,E
Q86Y26-4_234-500_processed,A,E394E,3,3,2.712832422359037,2.712832422359037,0.24958703,0.24795996543581833,394,E,E,E
Q86Y26-4_234-500_processed,A,E394F,3,4,2.712832422359037,3.2079371983380796,0.23912385,0.1062775653708864,394,E,F,E
Q86Y26-4_234-500_processed,A,E394G,3,5,2.712832422359037,2.5602131485714543,0.3205456,1.1218362099096881,394,E,G,E
Q86Y26-4_234-500_processed,A,E394H,3,6,2.712832422359037,3.772712370515455,0.2468616,0.21144720854772758,394,E,H,E
Q86Y26-4_234-500_processed,A,E394I,3,7,2.712832422359037,2.8540177271228053,0.2548321,0.3174881915103389,394,E,I,E
Q86Y26-4_234-500_processed,A,E394K,3,8,2.712832422359037,2.828313162223749,0.26426288,0.4401787731050938,394,E,K,E
Q86Y26-4_234-500_processed,A,E394L,3,9,2.712832422359037,2.4331137753126835,0.23913093,0.1063748204869952,394,E,L,E
Q86Y26-4_234-500_processed,A,E394M,3,10,2.712832422359037,3.785956884138847,0.26476857,0.4466770166575379,394,E,M,E
Q86Y26-4_234-500_processed,A,E394N,3,11,2.712832422359037,3.127101928086014,0.27449313,0.570139204919114,394,E,N,E
Q86Y26-4_234-500_processed,A,E394P,3,12,2.712832422359037,3.0805551433480183,0.38966224,1.8781694670787208,394,E,P,E
Q86Y26-4_234-500_processed,A,E394Q,3,13,2.712832422359037,3.3385149556513554,0.27423826,0.5669387610134691,394,E,Q,E
Q86Y26-4_234-500_processed,A,E394R,3,14,2.712832422359037,3.0355669859078964,0.2539239,0.3055174325517407,394,E,R,E
Q86Y26-4_234-500_processed,A,E394S,3,15,2.712832422359037,2.8445017352648363,0.2815555,0.6581028644544434,394,E,S,E
Q86Y26-4_234-500_processed,A,E394T,3,16,2.712832422359037,2.8968826778292005,0.27561778,0.5842396527006368,394,E,T,E
Q86Y26-4_234-500_processed,A,E394V,3,17,2.712832422359037,2.623741420309898,0.26293796,0.42311514647162485,394,E,V,E
Q86Y26-4_234-500_processed,A,E394W,3,18,2.712832422359037,4.250501482991098,0.20534287,-0.383073989811043,394,E,W,E
Q86Y26-4_234-500_processed,A,E394Y,3,19,2.712832422359037,3.311579602010778,0.23786403,0.08893560744308082,394,E,Y,E
Q86Y26-4_234-500_processed,A,A395A,0,0,2.4839824262174384,2.4839824262174384,0.22899503,-0.03498636719944492,395,A,A,A
Q86Y26-4_234-500_processed,A,A395C,0,1,2.4839824262174384,4.335140045203785,0.29534203,0.8260539084246671,395,A,C,A
Q86Y26-4_234-500_processed,A,A395D,0,2,2.4839824262174384,2.8246796259135976,0.25135183,0.27146137095845235,395,A,D,A
Q86Y26-4_234-500_processed,A,A395E,0,3,2.4839824262174384,2.712832422359037,0.21929182,-0.17449517516701762,395,A,E,A
Q86Y26-4_234-500_processed,A,A395F,0,4,2.4839824262174384,3.2079371983380796,0.2081114,-0.3408679487526667,395,A,F,A
Q86Y26-4_234-500_processed,A,A395G,0,5,2.4839824262174384,2.5602131485714543,0.29541,0.8268704583665992,395,A,G,A
Q86Y26-4_234-500_processed,A,A395H,0,6,2.4839824262174384,3.772712370515455,0.21211284,-0.2805911513432263,395,A,H,A
Q86Y26-4_234-500_processed,A,A395I,0,7,2.4839824262174384,2.8540177271228053,0.19200379,-0.5926056966219323,395,A,I,A
Q86Y26-4_234-500_processed,A,A395K,0,8,2.4839824262174384,2.828313162223749,0.20911407,-0.3256845662429003,395,A,K,A
Q86Y26-4_234-500_processed,A,A395L,0,9,2.4839824262174384,2.4331137753126835,0.17978278,-0.7945496916072364,395,A,L,A
Q86Y26-4_234-500_processed,A,A395M,0,10,2.4839824262174384,3.785956884138847,0.20594667,-0.3738334492058504,395,A,M,A
Q86Y26-4_234-500_processed,A,A395N,0,11,2.4839824262174384,3.127101928086014,0.24048,0.1248757565845049,395,A,N,A
Q86Y26-4_234-500_processed,A,A395P,0,12,2.4839824262174384,3.0805551433480183,0.7106043,5.245802069579943,395,A,P,A
Q86Y26-4_234-500_processed,A,A395Q,0,13,2.4839824262174384,3.3385149556513554,0.22701256,-0.06314363756880048,395,A,Q,A
Q86Y26-4_234-500_processed,A,A395R,0,14,2.4839824262174384,3.0355669859078964,0.20003033,-0.4652620728162832,395,A,R,A
Q86Y26-4_234-500_processed,A,A395S,0,15,2.4839824262174384,2.8445017352648363,0.2604437,0.3908405950141286,395,A,S,A
Q86Y26-4_234-500_processed,A,A395T,0,16,2.4839824262174384,2.8968826778292005,0.24075668,0.1286611678039562,395,A,T,A
Q86Y26-4_234-500_processed,A,A395V,0,17,2.4839824262174384,2.623741420309898,0.20798782,-0.3427431992067753,395,A,V,A
Q86Y26-4_234-500_processed,A,A395W,0,18,2.4839824262174384,4.250501482991098,0.17923184,-0.8039013416037954,395,A,W,A
Q86Y26-4_234-500_processed,A,A395Y,0,19,2.4839824262174384,3.311579602010778,0.21193081,-0.2833150717018712,395,A,Y,A
Q86Y26-4_234-500_processed,A,V396A,17,0,2.623741420309898,2.4839824262174384,0.28628877,0.7163063411509293,396,V,A,V
Q86Y26-4_234-500_processed,A,V396C,17,1,2.623741420309898,4.335140045203785,0.33029437,1.2328650811366577,396,V,C,V
Q86Y26-4_234-500_processed,A,V396D,17,2,2.623741420309898,2.8246796259135976,0.29373845,0.8067603282630098,396,V,D,V
Q86Y26-4_234-500_processed,A,V396E,17,3,2.623741420309898,2.712832422359037,0.2667707,0.4723274082314527,396,V,E,V
Q86Y26-4_234-500_processed,A,V396F,17,4,2.623741420309898,3.2079371983380796,0.2192008,-0.17582444397007235,396,V,F,V
Q86Y26-4_234-500_processed,A,V396G,17,5,2.623741420309898,2.5602131485714543,0.34498098,1.3970625837378785,396,V,G,V
Q86Y26-4_234-500_processed,A,V396H,17,6,2.623741420309898,3.772712370515455,0.24971063,0.24960957975398046,396,V,H,V
Q86Y26-4_234-500_processed,A,V396I,17,7,2.623741420309898,2.8540177271228053,0.21140334,-0.2912177818251588,396,V,I,V
Q86Y26-4_234-500_processed,A,V396K,17,8,2.623741420309898,2.828313162223749,0.2671401,0.47704659974412755,396,V,K,V
Q86Y26-4_234-500_processed,A,V396L,17,9,2.623741420309898,2.4331137753126835,0.20197313,-0.4350190718295571,396,V,L,V
Q86Y26-4_234-500_processed,A,V396M,17,10,2.623741420309898,3.785956884138847,0.23992988,0.11734011855946636,396,V,M,V
Q86Y26-4_234-500_processed,A,V396N,17,11,2.623741420309898,3.127101928086014,0.28098813,0.651086362350965,396,V,N,V
Q86Y26-4_234-500_processed,A,V396P,17,12,2.623741420309898,3.0805551433480183,0.67003596,4.770869240061355,396,V,P,V
Q86Y26-4_234-500_processed,A,V396Q,17,13,2.623741420309898,3.3385149556513554,0.2753138,0.5804319436335481,396,V,Q,V
Q86Y26-4_234-500_processed,A,V396R,17,14,2.623741420309898,3.0355669859078964,0.24386157,0.17094066380987982,396,V,R,V
Q86Y26-4_234-500_processed,A,V396S,17,15,2.623741420309898,2.8445017352648363,0.31136402,1.0156248306955225,396,V,S,V
Q86Y26-4_234-500_processed,A,V396T,17,16,2.623741420309898,2.8968826778292005,0.27558273,0.5838007790210078,396,V,T,V
Q86Y26-4_234-500_processed,A,V396V,17,17,2.623741420309898,2.623741420309898,0.23048258,-0.013970790168920666,396,V,V,V
Q86Y26-4_234-500_processed,A,V396W,17,18,2.623741420309898,4.250501482991098,0.19406079,-0.5595921823540922,396,V,W,V
Q86Y26-4_234-500_processed,A,V396Y,17,19,2.623741420309898,3.311579602010778,0.23075262,-0.010165992261015333,396,V,Y,V
Q86Y26-4_234-500_processed,A,K397A,8,0,2.828313162223749,2.4839824262174384,0.25883454,0.36991281758978645,397,K,A,K
Q86Y26-4_234-500_processed,A,K397C,8,1,2.828313162223749,4.335140045203785,0.3184331,1.0975450527961312,397,K,C,K
Q86Y26-4_234-500_processed,A,K397D,8,2,2.828313162223749,2.8246796259135976,0.28896427,0.7489509326680782,397,K,D,K
Q86Y26-4_234-500_processed,A,K397E,8,3,2.828313162223749,2.712832422359037,0.25858977,0.3667221008592614,397,K,E,K
Q86Y26-4_234-500_processed,A,K397F,8,4,2.828313162223749,3.2079371983380796,0.23693635,0.07612516836950911,397,K,F,K
Q86Y26-4_234-500_processed,A,K397G,8,5,2.828313162223749,2.5602131485714543,0.33037996,1.2338323805377753,397,K,G,K
Q86Y26-4_234-500_processed,A,K397H,8,6,2.828313162223749,3.772712370515455,0.24469429,0.18221767012914003,397,K,H,K
Q86Y26-4_234-500_processed,A,K397I,8,7,2.828313162223749,2.8540177271228053,0.21472687,-0.24166193266985603,397,K,I,K
Q86Y26-4_234-500_processed,A,K397K,8,8,2.828313162223749,2.828313162223749,0.24542698,0.19211857649091113,397,K,K,K
Q86Y26-4_234-500_processed,A,K397L,8,9,2.828313162223749,2.4331137753126835,0.20441549,-0.39730617024771986,397,K,L,K
Q86Y26-4_234-500_processed,A,K397M,8,10,2.828313162223749,3.785956884138847,0.24172278,0.1418561856143158,397,K,M,K
Q86Y26-4_234-500_processed,A,K397N,8,11,2.828313162223749,3.127101928086014,0.2753528,0.5809207453462142,397,K,N,K
Q86Y26-4_234-500_processed,A,K397P,8,12,2.828313162223749,3.0805551433480183,0.7601448,5.8836842417152235,397,K,P,K
Q86Y26-4_234-500_processed,A,K397Q,8,13,2.828313162223749,3.3385149556513554,0.26521966,0.45246695943542026,397,K,Q,K
Q86Y26-4_234-500_processed,A,K397R,8,14,2.828313162223749,3.0355669859078964,0.22706334,-0.06242019663498688,397,K,R,K
Q86Y26-4_234-500_processed,A,K397S,8,15,2.828313162223749,2.8445017352648363,0.29570156,0.8303713295074008,397,K,S,K
Q86Y26-4_234-500_processed,A,K397T,8,16,2.828313162223749,2.8968826778292005,0.266865,0.4735324437400701,397,K,T,K
Q86Y26-4_234-500_processed,A,K397V,8,17,2.828313162223749,2.623741420309898,0.22818153,-0.046519764633387584,397,K,V,K
Q86Y26-4_234-500_processed,A,K397W,8,18,2.828313162223749,4.250501482991098,0.20748687,-0.35035256405030135,397,K,W,K
Q86Y26-4_234-500_processed,A,K397Y,8,19,2.828313162223749,3.311579602010778,0.23803012,0.0912254924159539,397,K,Y,K
Q86Y26-4_234-500_processed,A,E398A,3,0,2.712832422359037,2.4839824262174384,0.2534568,0.29934978789481703,398,E,A,E
Q86Y26-4_234-500_processed,A,E398C,3,1,2.712832422359037,4.335140045203785,0.32756603,1.2019643039573535,398,E,C,E
Q86Y26-4_234-500_processed,A,E398D,3,2,2.712832422359037,2.8246796259135976,0.2764473,0.5946170074704077,398,E,D,E
Q86Y26-4_234-500_processed,A,E398E,3,3,2.712832422359037,2.712832422359037,0.252827,0.2910216229368223,398,E,E,E
Q86Y26-4_234-500_processed,A,E398F,3,4,2.712832422359037,3.2079371983380796,0.227677,-0.05368720985317266,398,E,F,E
Q86Y26-4_234-500_processed,A,E398G,3,5,2.712832422359037,2.5602131485714543,0.32294965,1.1493769418814697,398,E,G,E
Q86Y26-4_234-500_processed,A,E398H,3,6,2.712832422359037,3.772712370515455,0.23578024,0.060111970028562944,398,E,H,E
Q86Y26-4_234-500_processed,A,E398I,3,7,2.712832422359037,2.8540177271228053,0.22148697,-0.14255490585768693,398,E,I,E
Q86Y26-4_234-500_processed,A,E398K,3,8,2.712832422359037,2.828313162223749,0.2466308,0.20834270817835288,398,E,K,E
Q86Y26-4_234-500_processed,A,E398L,3,9,2.712832422359037,2.4331137753126835,0.21240471,-0.2762272103778901,398,E,L,E
Q86Y26-4_234-500_processed,A,E398M,3,10,2.712832422359037,3.785956884138847,0.23876497,0.1013438334573491,398,E,M,E
Q86Y26-4_234-500_processed,A,E398N,3,11,2.712832422359037,3.127101928086014,0.26776302,0.48499530939955904,398,E,N,E
Q86Y26-4_234-500_processed,A,E398P,3,12,2.712832422359037,3.0805551433480183,0.7262182,5.438798001043584,398,E,P,E
Q86Y26-4_234-500_processed,A,E398Q,3,13,2.712832422359037,3.3385149556513554,0.26280096,0.4213475623642776,398,E,Q,E
Q86Y26-4_234-500_processed,A,E398R,3,14,2.712832422359037,3.0355669859078964,0.22371587,-0.11035445453345949,398,E,R,E
Q86Y26-4_234-500_processed,A,E398S,3,15,2.712832422359037,2.8445017352648363,0.2839221,0.6872774362058484,398,E,S,E
Q86Y26-4_234-500_processed,A,E398T,3,16,2.712832422359037,2.8968826778292005,0.26347682,0.43006169924185933,398,E,T,E
Q86Y26-4_234-500_processed,A,E398V,3,17,2.712832422359037,2.623741420309898,0.23708059,0.07811929121536831,398,E,V,E
Q86Y26-4_234-500_processed,A,E398W,3,18,2.712832422359037,4.250501482991098,0.19174553,-0.5967694734907703,398,E,W,E
Q86Y26-4_234-500_processed,A,E398Y,3,19,2.712832422359037,3.311579602010778,0.23275171,0.017904526616918104,398,E,Y,E
Q86Y26-4_234-500_processed,A,Y399A,19,0,3.311579602010778,2.4839824262174384,0.30512416,0.942464026812333,399,Y,A,Y
Q86Y26-4_234-500_processed,A,Y399C,19,1,3.311579602010778,4.335140045203785,0.3759922,1.733513918412342,399,Y,C,Y
Q86Y26-4_234-500_processed,A,Y399D,19,2,3.311579602010778,2.8246796259135976,0.35884282,1.5490245688434106,399,Y,D,Y
Q86Y26-4_234-500_processed,A,Y399E,19,3,3.311579602010778,2.712832422359037,0.3070726,0.9653975383252289,399,Y,E,Y
Q86Y26-4_234-500_processed,A,Y399F,19,4,3.311579602010778,3.2079371983380796,0.23605067,0.06386248691137186,399,Y,F,Y
Q86Y26-4_234-500_processed,A,Y399G,19,5,3.311579602010778,2.5602131485714543,0.3983334,1.9689646845026687,399,Y,G,Y
Q86Y26-4_234-500_processed,A,Y399H,19,6,3.311579602010778,3.772712370515455,0.27813137,0.6156259139039705,399,Y,H,Y
Q86Y26-4_234-500_processed,A,Y399I,19,7,3.311579602010778,2.8540177271228053,0.25034755,0.2581011956442486,399,Y,I,Y
Q86Y26-4_234-500_processed,A,Y399K,19,8,3.311579602010778,2.828313162223749,0.29696795,0.8455543897912434,399,Y,K,Y
Q86Y26-4_234-500_processed,A,Y399L,19,9,3.311579602010778,2.4331137753126835,0.23217747,0.009858472108954519,399,Y,L,Y
Q86Y26-4_234-500_processed,A,Y399M,19,10,3.311579602010778,3.785956884138847,0.2604932,0.3914830577324335,399,Y,M,Y
Q86Y26-4_234-500_processed,A,Y399N,19,11,3.311579602010778,3.127101928086014,0.33677703,1.3057746184260022,399,Y,N,Y
Q86Y26-4_234-500_processed,A,Y399P,19,12,3.311579602010778,3.0805551433480183,0.861279,7.5648846553405065,399,Y,P,Y
Q86Y26-4_234-500_processed,A,Y399Q,19,13,3.311579602010778,3.3385149556513554,0.31600618,1.0695322615772191,399,Y,Q,Y
Q86Y26-4_234-500_processed,A,Y399R,19,14,3.311579602010778,3.0355669859078964,0.26142693,0.40358688677023247,399,Y,R,Y
Q86Y26-4_234-500_processed,A,Y399S,19,15,3.311579602010778,2.8445017352648363,0.34826258,1.43328744254777,399,Y,S,Y
Q86Y26-4_234-500_processed,A,Y399T,19,16,3.311579602010778,2.8968826778292005,0.31641874,1.0743022818008285,399,Y,T,Y
Q86Y26-4_234-500_processed,A,Y399V,19,17,3.311579602010778,2.623741420309898,0.26717553,0.4774990737512308,399,Y,V,Y
Q86Y26-4_234-500_processed,A,Y399W,19,18,3.311579602010778,4.250501482991098,0.20562378,-0.3787725389224589,399,Y,W,Y
Q86Y26-4_234-500_processed,A,Y399Y,19,19,3.311579602010778,3.311579602010778,0.24533166,0.1908316023711243,399,Y,Y,Y
Q86Y26-4_234-500_processed,A,V400A,17,0,2.623741420309898,2.4839824262174384,0.26172122,0.4073960152656486,400,V,A,V
Q86Y26-4_234-500_processed,A,V400C,17,1,2.623741420309898,4.335140045203785,0.30718252,0.966688784215961,400,V,C,V
Q86Y26-4_234-500_processed,A,V400D,17,2,2.623741420309898,2.8246796259135976,0.2637007,0.43294505628969304,400,V,D,V
Q86Y26-4_234-500_processed,A,V400E,17,3,2.623741420309898,2.712832422359037,0.24708314,0.2144252051585971,400,V,E,V
Q86Y26-4_234-500_processed,A,V400F,17,4,2.623741420309898,3.2079371983380796,0.21511582,-0.23589902994428646,400,V,F,V
Q86Y26-4_234-500_processed,A,V400G,17,5,2.623741420309898,2.5602131485714543,0.30453396,0.9355010466130365,400,V,G,V
Q86Y26-4_234-500_processed,A,V400H,17,6,2.623741420309898,3.772712370515455,0.2295044,-0.027779265622288052,400,V,H,V
Q86Y26-4_234-500_processed,A,V400I,17,7,2.623741420309898,2.8540177271228053,0.21263032,-0.2728570513262507,400,V,I,V
Q86Y26-4_234-500_processed,A,V400K,17,8,2.623741420309898,2.828313162223749,0.24905522,0.24085631869848967,400,V,K,V
Q86Y26-4_234-500_processed,A,V400L,17,9,2.623741420309898,2.4331137753126835,0.1956843,-0.5337230365255186,400,V,L,V
Q86Y26-4_234-500_processed,A,V400M,17,10,2.623741420309898,3.785956884138847,0.22260706,-0.1263444377031181,400,V,M,V
Q86Y26-4_234-500_processed,A,V400N,17,11,2.623741420309898,3.127101928086014,0.24835955,0.23154847229925613,400,V,N,V
Q86Y26-4_234-500_processed,A,V400P,17,12,2.623741420309898,3.0805551433480183,0.8103183,6.630199179798033,400,V,P,V
Q86Y26-4_234-500_processed,A,V400Q,17,13,2.623741420309898,3.3385149556513554,0.2582294,0.36202082669718194,400,V,Q,V
Q86Y26-4_234-500_processed,A,V400R,17,14,2.623741420309898,3.0355669859078964,0.22368614,-0.11078241737173034,400,V,R,V
Q86Y26-4_234-500_processed,A,V400S,17,15,2.623741420309898,2.8445017352648363,0.2800049,0.6389066022382117,400,V,S,V
Q86Y26-4_234-500_processed,A,V400T,17,16,2.623741420309898,2.8968826778292005,0.2698025,0.5109380471606212,400,V,T,V
Q86Y26-4_234-500_processed,A,V400V,17,17,2.623741420309898,2.623741420309898,0.23115802,-0.004459813623063913,400,V,V,V
Q86Y26-4_234-500_processed,A,V400W,17,18,2.623741420309898,4.250501482991098,0.18725608,-0.6698474188645664,400,V,W,V
Q86Y26-4_234-500_processed,A,V400Y,17,19,2.623741420309898,3.311579602010778,0.221267,-0.1457453095948663,400,V,Y,V
Q86Y26-4_234-500_processed,A,D401A,2,0,2.8246796259135976,2.4839824262174384,0.2290686,-0.0339445801916155,401,D,A,D
Q86Y26-4_234-500_processed,A,D401C,2,1,2.8246796259135976,4.335140045203785,0.29799986,0.8578985194565644,401,D,C,D
Q86Y26-4_234-500_processed,A,D401D,2,2,2.8246796259135976,2.8246796259135976,0.22947462,-0.028200410495283768,401,D,D,D
Q86Y26-4_234-500_processed,A,D401E,2,3,2.8246796259135976,2.712832422359037,0.20995921,-0.3129282738049849,401,D,E,D
Q86Y26-4_234-500_processed,A,D401F,2,4,2.8246796259135976,3.2079371983380796,0.21100047,-0.29726337583666385,401,D,F,D
Q86Y26-4_234-500_processed,A,D401G,2,5,2.8246796259135976,2.5602131485714543,0.28869605,0.7456864318781461,401,D,G,D
Q86Y26-4_234-500_processed,A,D401H,2,6,2.8246796259135976,3.772712370515455,0.20967962,-0.31714417502928915,401,D,H,D
Q86Y26-4_234-500_processed,A,D401I,2,7,2.8246796259135976,2.8540177271228053,0.20622784,-0.36953724265157195,401,D,I,D
Q86Y26-4_234-500_processed,A,D401K,2,8,2.8246796259135976,2.828313162223749,0.22077227,-0.1529291068157146,401,D,K,D
Q86Y26-4_234-500_processed,A,D401L,2,9,2.8246796259135976,2.4331137753126835,0.19318375,-0.57363534804238,401,D,L,D
Q86Y26-4_234-500_processed,A,D401M,2,10,2.8246796259135976,3.785956884138847,0.21342821,-0.26095861994374914,401,D,M,D
Q86Y26-4_234-500_processed,A,D401N,2,11,2.8246796259135976,3.127101928086014,0.23310722,0.0228788554122894,401,D,N,D
Q86Y26-4_234-500_processed,A,D401P,2,12,2.8246796259135976,3.0805551433480183,0.74324167,5.657214875451194,401,D,P,D
Q86Y26-4_234-500_processed,A,D401Q,2,13,2.8246796259135976,3.3385149556513554,0.23083536,-0.009000738176022094,401,D,Q,D
Q86Y26-4_234-500_processed,A,D401R,2,14,2.8246796259135976,3.0355669859078964,0.21615557,-0.22053041906360482,401,D,R,D
Q86Y26-4_234-500_processed,A,D401S,2,15,2.8246796259135976,2.8445017352648363,0.25248966,0.2865553483886901,401,D,S,D
Q86Y26-4_234-500_processed,A,D401T,2,16,2.8246796259135976,2.8968826778292005,0.23465604,0.044488514630459663,401,D,T,D
Q86Y26-4_234-500_processed,A,D401V,2,17,2.8246796259135976,2.623741420309898,0.21790655,-0.1947698400782938,401,D,V,D
Q86Y26-4_234-500_processed,A,D401W,2,18,2.8246796259135976,4.250501482991098,0.18131252,-0.7687006906328653,401,D,W,D
Q86Y26-4_234-500_processed,A,D401Y,2,19,2.8246796259135976,3.311579602010778,0.21819052,-0.19060611800111982,401,D,Y,D
Q86Y26-4_234-500_processed,A,I402A,7,0,2.8540177271228053,2.4839824262174384,0.29503995,0.8224241125492981,402,I,A,I
Q86Y26-4_234-500_processed,A,I402C,7,1,2.8540177271228053,4.335140045203785,0.34703454,1.4197502422864519,402,I,C,I
Q86Y26-4_234-500_processed,A,I402D,7,2,2.8540177271228053,2.8246796259135976,0.31468728,1.0542603318419337,402,I,D,I
Q86Y26-4_234-500_processed,A,I402E,7,3,2.8540177271228053,2.712832422359037,0.29154947,0.7803237151112349,402,I,E,I
Q86Y26-4_234-500_processed,A,I402F,7,4,2.8540177271228053,3.2079371983380796,0.24435274,0.17759543372959152,402,I,F,I
Q86Y26-4_234-500_processed,A,I402G,7,5,2.8540177271228053,2.5602131485714543,0.37366447,1.708680078720123,402,I,G,I
Q86Y26-4_234-500_processed,A,I402H,7,6,2.8540177271228053,3.772712370515455,0.2807778,0.6484832958211473,402,I,H,I
Q86Y26-4_234-500_processed,A,I402I,7,7,2.8540177271228053,2.8540177271228053,0.24969158,0.24935526245940975,402,I,I,I
Q86Y26-4_234-500_processed,A,I402K,7,8,2.8540177271228053,2.828313162223749,0.28813598,0.738863975007435,402,I,K,I
Q86Y26-4_234-500_processed,A,I402L,7,9,2.8540177271228053,2.4331137753126835,0.22387582,-0.1080525158922796,402,I,L,I
Q86Y26-4_234-500_processed,A,I402M,7,10,2.8540177271228053,3.785956884138847,0.26416513,0.4389217113635019,402,I,M,I
Q86Y26-4_234-500_processed,A,I402N,7,11,2.8540177271228053,3.127101928086014,0.29796004,0.8574226804763974,402,I,N,I
Q86Y26-4_234-500_processed,A,I402P,7,12,2.8540177271228053,3.0805551433480183,0.7539786,5.799863789348325,402,I,P,I
Q86Y26-4_234-500_processed,A,I402Q,7,13,2.8540177271228053,3.3385149556513554,0.30155554,0.9002464220683443,402,I,Q,I
Q86Y26-4_234-500_processed,A,I402R,7,14,2.8540177271228053,3.0355669859078964,0.2654357,0.45523767536306936,402,I,R,I
Q86Y26-4_234-500_processed,A,I402S,7,15,2.8540177271228053,2.8445017352648363,0.3284324,1.2117910037844704,402,I,S,I
Q86Y26-4_234-500_processed,A,I402T,7,16,2.8540177271228053,2.8968826778292005,0.3109351,1.010621984145395,402,I,T,I
Q86Y26-4_234-500_processed,A,I402V,7,17,2.8540177271228053,2.623741420309898,0.2671845,0.4776136132669728,402,I,V,I
Q86Y26-4_234-500_processed,A,I402W,7,18,2.8540177271228053,4.250501482991098,0.21843936,-0.1869608005244383,402,I,W,I
Q86Y26-4_234-500_processed,A,I402Y,7,19,2.8540177271228053,3.311579602010778,0.2578745,0.35738651942421207,402,I,Y,I
Q86Y26-4_234-500_processed,A,M403A,10,0,3.785956884138847,2.4839824262174384,0.30905387,0.9886343197889885,403,M,A,M
Q86Y26-4_234-500_processed,A,M403C,10,1,3.785956884138847,4.335140045203785,0.35647905,1.5233022099227005,403,M,C,M
Q86Y26-4_234-500_processed,A,M403D,10,2,3.785956884138847,2.8246796259135976,0.32218882,1.1406725945881175,403,M,D,M
Q86Y26-4_234-500_processed,A,M403E,10,3,3.785956884138847,2.712832422359037,0.28893742,0.748624200936602,403,M,E,M
Q86Y26-4_234-500_processed,A,M403F,10,4,3.785956884138847,3.2079371983380796,0.24947524,0.24646758424870296,403,M,F,M
Q86Y26-4_234-500_processed,A,M403G,10,5,3.785956884138847,2.5602131485714543,0.383795,1.8163220664454842,403,M,G,M
Q86Y26-4_234-500_processed,A,M403H,10,6,3.785956884138847,3.772712370515455,0.27482626,0.5743196018551652,403,M,H,M
Q86Y26-4_234-500_processed,A,M403I,10,7,3.785956884138847,2.8540177271228053,0.22873577,-0.038658760226186195,403,M,I,M
Q86Y26-4_234-500_processed,A,M403K,10,8,3.785956884138847,2.828313162223749,0.29156741,0.780540863672341,403,M,K,M
Q86Y26-4_234-500_processed,A,M403L,10,9,3.785956884138847,2.4331137753126835,0.2039638,-0.4042553182255709,403,M,L,M
Q86Y26-4_234-500_processed,A,M403M,10,10,3.785956884138847,3.785956884138847,0.23534653,0.05409062547705956,403,M,M,M
Q86Y26-4_234-500_processed,A,M403N,10,11,3.785956884138847,3.127101928086014,0.29175022,0.7827530224520279,403,M,N,M
Q86Y26-4_234-500_processed,A,M403P,10,12,3.785956884138847,3.0805551433480183,0.79865694,6.4448031884048005,403,M,P,M
Q86Y26-4_234-500_processed,A,M403Q,10,13,3.785956884138847,3.3385149556513554,0.29294088,0.7971413847286709,403,M,Q,M
Q86Y26-4_234-500_processed,A,M403R,10,14,3.785956884138847,3.0355669859078964,0.25663227,0.34113336929415206,403,M,R,M
Q86Y26-4_234-500_processed,A,M403S,10,15,3.785956884138847,2.8445017352648363,0.3401258,1.3431658368167612,403,M,S,M
Q86Y26-4_234-500_processed,A,M403T,10,16,3.785956884138847,2.8968826778292005,0.3061256,0.954261407633227,403,M,T,M
Q86Y26-4_234-500_processed,A,M403V,10,17,3.785956884138847,2.623741420309898,0.24415554,0.1749246817599387,403,M,V,M
Q86Y26-4_234-500_processed,A,M403W,10,18,3.785956884138847,4.250501482991098,0.21269631,-0.27187165091902554,403,M,W,M
Q86Y26-4_234-500_processed,A,M403Y,10,19,3.785956884138847,3.311579602010778,0.26829016,0.49171262522428927,403,M,Y,M
Q86Y26-4_234-500_processed,A,E404A,3,0,2.712832422359037,2.4839824262174384,0.2379828,0.09057311249650757,404,E,A,E
Q86Y26-4_234-500_processed,A,E404C,3,1,2.712832422359037,4.335140045203785,0.29526705,0.825153106799732,404,E,C,E
Q86Y26-4_234-500_processed,A,E404D,3,2,2.712832422359037,2.8246796259135976,0.26475438,0.4464948310689604,404,E,D,E
Q86Y26-4_234-500_processed,A,E404E,3,3,2.712832422359037,2.712832422359037,0.24189268,0.1441730021321841,404,E,E,E
Q86Y26-4_234-500_processed,A,E404F,3,4,2.712832422359037,3.2079371983380796,0.22005908,-0.16330526582543525,404,E,F,E
Q86Y26-4_234-500_processed,A,E404G,3,5,2.712832422359037,2.5602131485714543,0.30794,0.9755808277395874,404,E,G,E
Q86Y26-4_234-500_processed,A,E404H,3,6,2.712832422359037,3.772712370515455,0.23048949,-0.013873332284668471,404,E,H,E
Q86Y26-4_234-500_processed,A,E404I,3,7,2.712832422359037,2.8540177271228053,0.2080765,-0.34139738526473007,404,E,I,E
Q86Y26-4_234-500_processed,A,E404K,3,8,2.712832422359037,2.828313162223749,0.23675548,0.07362350341343693,404,E,K,E
Q86Y26-4_234-500_processed,A,E404L,3,9,2.712832422359037,2.4331137753126835,0.1993722,-0.47555681710086617,404,E,L,E
Q86Y26-4_234-500_processed,A,E404M,3,10,2.712832422359037,3.785956884138847,0.22043708,-0.1578027572225299,404,E,M,E
Q86Y26-4_234-500_processed,A,E404N,3,11,2.712832422359037,3.127101928086014,0.25298262,0.29308080133709,404,E,N,E
Q86Y26-4_234-500_processed,A,E404P,3,12,2.712832422359037,3.0805551433480183,0.78438324,6.228487848198925,404,E,P,E
Q86Y26-4_234-500_processed,A,E404Q,3,13,2.712832422359037,3.3385149556513554,0.2504024,0.25883161613594996,404,E,Q,E
Q86Y26-4_234-500_processed,A,E404R,3,14,2.712832422359037,3.0355669859078964,0.2197204,-0.168241316007805,404,E,R,E
Q86Y26-4_234-500_processed,A,E404S,3,15,2.712832422359037,2.8445017352648363,0.27078658,0.5234113847852864,404,E,S,E
Q86Y26-4_234-500_processed,A,E404T,3,16,2.712832422359037,2.8968826778292005,0.24885981,0.23824352227375611,404,E,T,E
Q86Y26-4_234-500_processed,A,E404V,3,17,2.712832422359037,2.623741420309898,0.2245376,-0.09854085624749043,404,E,V,E
Q86Y26-4_234-500_processed,A,E404W,3,18,2.712832422359037,4.250501482991098,0.18635303,-0.6847092574855818,404,E,W,E
Q86Y26-4_234-500_processed,A,E404Y,3,19,2.712832422359037,3.311579602010778,0.22607249,-0.07655627897002637,404,E,Y,E
Q86Y26-4_234-500_processed,A,W405A,18,0,4.250501482991098,2.4839824262174384,0.4323636,2.3194645653240604,405,W,A,W
Q86Y26-4_234-500_processed,A,W405C,18,1,4.250501482991098,4.335140045203785,0.5048939,3.0489405525277613,405,W,C,W
Q86Y26-4_234-500_processed,A,W405D,18,2,4.250501482991098,2.8246796259135976,0.47355735,2.735326594905808,405,W,D,W
Q86Y26-4_234-500_processed,A,W405E,18,3,4.250501482991098,2.712832422359037,0.42617583,2.2563224836969953,405,W,E,W
Q86Y26-4_234-500_processed,A,W405F,18,4,4.250501482991098,3.2079371983380796,0.2967487,0.8429283650368324,405,W,F,W
Q86Y26-4_234-500_processed,A,W405G,18,5,4.250501482991098,2.5602131485714543,0.53590554,3.359674512650266,405,W,G,W
Q86Y26-4_234-500_processed,A,W405H,18,6,4.250501482991098,3.772712370515455,0.36359024,1.600462221784162,405,W,H,W
Q86Y26-4_234-500_processed,A,W405I,18,7,4.250501482991098,2.8540177271228053,0.41407993,2.132189149577,405,W,I,W
Q86Y26-4_234-500_processed,A,W405K,18,8,4.250501482991098,2.828313162223749,0.44532734,2.4510786890292406,405,W,K,W
Q86Y26-4_234-500_processed,A,W405L,18,9,4.250501482991098,2.4331137753126835,0.35490102,1.5060878819598629,405,W,L,W
Q86Y26-4_234-500_processed,A,W405M,18,10,4.250501482991098,3.785956884138847,0.37369397,1.7089952375960773,405,W,M,W
Q86Y26-4_234-500_processed,A,W405N,18,11,4.250501482991098,3.127101928086014,0.43226853,2.3184961250921585,405,W,N,W
Q86Y26-4_234-500_processed,A,W405P,18,12,4.250501482991098,3.0805551433480183,0.86670554,7.680346487279277,405,W,P,W
Q86Y26-4_234-500_processed,A,W405Q,18,13,4.250501482991098,3.3385149556513554,0.4283187,2.278214784219464,405,W,Q,W
Q86Y26-4_234-500_processed,A,W405R,18,14,4.250501482991098,3.0355669859078964,0.37836787,1.7587961024118004,405,W,R,W
Q86Y26-4_234-500_processed,A,W405S,18,15,4.250501482991098,2.8445017352648363,0.47209942,2.7207041053800927,405,W,S,W
Q86Y26-4_234-500_processed,A,W405T,18,16,4.250501482991098,2.8968826778292005,0.45797506,2.578756780811609,405,W,T,W
Q86Y26-4_234-500_processed,A,W405V,18,17,4.250501482991098,2.623741420309898,0.4180483,2.17302372561349,405,W,V,W
Q86Y26-4_234-500_processed,A,W405W,18,18,4.250501482991098,4.250501482991098,0.27535337,0.5809278399364998,405,W,W,W
Q86Y26-4_234-500_processed,A,W405Y,18,19,4.250501482991098,3.311579602010778,0.31146285,1.0167769799685937,405,W,Y,W
Q86Y26-4_234-500_processed,A,L406A,9,0,2.4331137753126835,2.4839824262174384,0.30029085,0.8852169238747792,406,L,A,L
Q86Y26-4_234-500_processed,A,L406C,9,1,2.4331137753126835,4.335140045203785,0.34749645,1.424844672743873,406,L,C,L
Q86Y26-4_234-500_processed,A,L406D,9,2,2.4331137753126835,2.8246796259135976,0.31184298,1.0212068598530402,406,L,D,L
Q86Y26-4_234-500_processed,A,L406E,9,3,2.4331137753126835,2.712832422359037,0.2883508,0.7414816399127533,406,L,E,L
Q86Y26-4_234-500_processed,A,L406F,9,4,2.4331137753126835,3.2079371983380796,0.255098,0.3209876035545972,406,L,F,L
Q86Y26-4_234-500_processed,A,L406G,9,5,2.4331137753126835,2.5602131485714543,0.35851005,1.5454079085159456,406,L,G,L
Q86Y26-4_234-500_processed,A,L406H,9,6,2.4331137753126835,3.772712370515455,0.28296292,0.6754707527753692,406,L,H,L
Q86Y26-4_234-500_processed,A,L406I,9,7,2.4331137753126835,2.8540177271228053,0.25016955,0.2557293730587801,406,L,I,L
Q86Y26-4_234-500_processed,A,L406K,9,8,2.4331137753126835,2.828313162223749,0.2898245,0.7594084392328845,406,L,K,L
Q86Y26-4_234-500_processed,A,L406L,9,9,2.4331137753126835,2.4331137753126835,0.22705616,-0.0625225073403124,406,L,L,L
Q86Y26-4_234-500_processed,A,L406M,9,10,2.4331137753126835,3.785956884138847,0.2517137,0.2762665884311588,406,L,M,L
Q86Y26-4_234-500_processed,A,L406N,9,11,2.4331137753126835,3.127101928086014,0.2966794,0.8420982409398861,406,L,N,L
Q86Y26-4_234-500_processed,A,L406P,9,12,2.4331137753126835,3.0805551433480183,0.8248366,6.873665337119902,406,L,P,L
Q86Y26-4_234-500_processed,A,L406Q,9,13,2.4331137753126835,3.3385149556513554,0.29123116,0.7764696427144857,406,L,Q,L
Q86Y26-4_234-500_processed,A,L406R,9,14,2.4331137753126835,3.0355669859078964,0.26202655,0.4113449445304407,406,L,R,L
Q86Y26-4_234-500_processed,A,L406S,9,15,2.4331137753126835,2.8445017352648363,0.32329842,1.153363600024087,406,L,S,L
Q86Y26-4_234-500_processed,A,L406T,9,16,2.4331137753126835,2.8968826778292005,0.30216584,0.9074862645018561,406,L,T,L
Q86Y26-4_234-500_processed,A,L406V,9,17,2.4331137753126835,2.623741420309898,0.26558638,0.45716932937036103,406,L,V,L
Q86Y26-4_234-500_processed,A,L406W,9,18,2.4331137753126835,4.250501482991098,0.23049745,-0.01376117423687595,406,L,W,L
Q86Y26-4_234-500_processed,A,L406Y,9,19,2.4331137753126835,3.311579602010778,0.27633557,0.5932203905936264,406,L,Y,L
Q86Y26-4_234-500_processed,A,V407A,17,0,2.623741420309898,2.4839824262174384,0.25957334,0.37953174412380775,407,V,A,V
Q86Y26-4_234-500_processed,A,V407C,17,1,2.623741420309898,4.335140045203785,0.3047682,0.9382654866329345,407,V,C,V
Q86Y26-4_234-500_processed,A,V407D,17,2,2.623741420309898,2.8246796259135976,0.27372348,0.5604689784899791,407,V,D,V
Q86Y26-4_234-500_processed,A,V407E,17,3,2.623741420309898,2.712832422359037,0.2581562,0.3610654309537431,407,V,E,V
Q86Y26-4_234-500_processed,A,V407F,17,4,2.623741420309898,3.2079371983380796,0.22349493,-0.11353607697309864,407,V,F,V
Q86Y26-4_234-500_processed,A,V407G,17,5,2.623741420309898,2.5602131485714543,0.3024397,0.9107322701519202,407,V,G,V
Q86Y26-4_234-500_processed,A,V407H,17,6,2.623741420309898,3.772712370515455,0.2341959,0.03807892027740123,407,V,H,V
Q86Y26-4_234-500_processed,A,V407I,17,7,2.623741420309898,2.8540177271228053,0.20989715,-0.3138637609442907,407,V,I,V
Q86Y26-4_234-500_processed,A,V407K,17,8,2.623741420309898,2.828313162223749,0.23523779,0.052579844611730375,407,V,K,V
Q86Y26-4_234-500_processed,A,V407L,17,9,2.623741420309898,2.4331137753126835,0.20071633,-0.45455821588132495,407,V,L,V
Q86Y26-4_234-500_processed,A,V407M,17,10,2.623741420309898,3.785956884138847,0.2181364,-0.1913993641745504,407,V,M,V
Q86Y26-4_234-500_processed,A,V407N,17,11,2.623741420309898,3.127101928086014,0.24858962,0.23462869273499498,407,V,N,V
Q86Y26-4_234-500_processed,A,V407P,17,12,2.623741420309898,3.0805551433480183,0.7486835,5.729008236797564,407,V,P,V
Q86Y26-4_234-500_processed,A,V407Q,17,13,2.623741420309898,3.3385149556513554,0.25562638,0.327934603606837,407,V,Q,V
Q86Y26-4_234-500_processed,A,V407R,17,14,2.623741420309898,3.0355669859078964,0.20965451,-0.31752298354369046,407,V,R,V
Q86Y26-4_234-500_processed,A,V407S,17,15,2.623741420309898,2.8445017352648363,0.27752653,0.6080895521912202,407,V,S,V
Q86Y26-4_234-500_processed,A,V407T,17,16,2.623741420309898,2.8968826778292005,0.26342425,0.42938438891437003,407,V,T,V
Q86Y26-4_234-500_processed,A,V407V,17,17,2.623741420309898,2.623741420309898,0.23123497,-0.003377508384532768,407,V,V,V
Q86Y26-4_234-500_processed,A,V407W,17,18,2.623741420309898,4.250501482991098,0.20453502,-0.3954690045015963,407,V,W,V
Q86Y26-4_234-500_processed,A,V407Y,17,19,2.623741420309898,3.311579602010778,0.23928854,0.10853992488763009,407,V,Y,V
Q86Y26-4_234-500_processed,A,G408A,5,0,2.5602131485714543,2.4839824262174384,0.20560504,-0.37905922756836297,408,G,A,G
Q86Y26-4_234-500_processed,A,G408C,5,1,2.5602131485714543,4.335140045203785,0.25057384,0.26111468416884553,408,G,C,G
Q86Y26-4_234-500_processed,A,G408D,5,2,2.5602131485714543,2.8246796259135976,0.22432844,-0.10154483905137346,408,G,D,G
Q86Y26-4_234-500_processed,A,G408E,5,3,2.5602131485714543,2.712832422359037,0.21935254,-0.1736085637105239,408,G,E,G
Q86Y26-4_234-500_processed,A,G408F,5,4,2.5602131485714543,3.2079371983380796,0.18728608,-0.669354713300816,408,G,F,G
Q86Y26-4_234-500_processed,A,G408G,5,5,2.5602131485714543,2.5602131485714543,0.2568106,0.34346988106351617,408,G,G,G
Q86Y26-4_234-500_processed,A,G408H,5,6,2.5602131485714543,3.772712370515455,0.19009717,-0.6234473186118455,408,G,H,G
Q86Y26-4_234-500_processed,A,G408I,5,7,2.5602131485714543,2.8540177271228053,0.2034712,-0.4118470587995915,408,G,I,G
Q86Y26-4_234-500_processed,A,G408K,5,8,2.5602131485714543,2.828313162223749,0.20472923,-0.3924859397407421,408,G,K,G
Q86Y26-4_234-500_processed,A,G408L,5,9,2.5602131485714543,2.4331137753126835,0.16570464,-1.0409514451251605,408,G,L,G
Q86Y26-4_234-500_processed,A,G408M,5,10,2.5602131485714543,3.785956884138847,0.18920842,-0.637904707760511,408,G,M,G
Q86Y26-4_234-500_processed,A,G408N,5,11,2.5602131485714543,3.127101928086014,0.1953036,-0.5397744175953251,408,G,N,G
Q86Y26-4_234-500_processed,A,G408P,5,12,2.5602131485714543,3.0805551433480183,0.7461668,5.695679857156117,408,G,P,G
Q86Y26-4_234-500_processed,A,G408Q,5,13,2.5602131485714543,3.3385149556513554,0.22073857,-0.15341874526981103,408,G,Q,G
Q86Y26-4_234-500_processed,A,G408R,5,14,2.5602131485714543,3.0355669859078964,0.17678891,-0.8456405646211357,408,G,R,G
Q86Y26-4_234-500_processed,A,G408S,5,15,2.5602131485714543,2.8445017352648363,0.22374228,-0.10997436308946062,408,G,S,G
Q86Y26-4_234-500_processed,A,G408T,5,16,2.5602131485714543,2.8968826778292005,0.2256169,-0.08307068029469789,408,G,T,G
Q86Y26-4_234-500_processed,A,G408V,5,17,2.5602131485714543,2.623741420309898,0.21231167,-0.2776178840808513,408,G,V,G
Q86Y26-4_234-500_processed,A,G408W,5,18,2.5602131485714543,4.250501482991098,0.15872717,-1.169323023958622,408,G,W,G
Q86Y26-4_234-500_processed,A,G408Y,5,19,2.5602131485714543,3.311579602010778,0.18512304,-0.705041097486907,408,G,Y,G
Q86Y26-4_234-500_processed,A,T409A,16,0,2.8968826778292005,2.4839824262174384,0.2689509,0.5001206424774085,409,T,A,T
Q86Y26-4_234-500_processed,A,T409C,16,1,2.8968826778292005,4.335140045203785,0.2975789,0.8528658080235457,409,T,C,T
Q86Y26-4_234-500_processed,A,T409D,16,2,2.8968826778292005,2.8246796259135976,0.2526209,0.2882935570239026,409,T,D,T
Q86Y26-4_234-500_processed,A,T409E,16,3,2.8968826778292005,2.712832422359037,0.26152024,0.40479492127050654,409,T,E,T
Q86Y26-4_234-500_processed,A,T409F,16,4,2.8968826778292005,3.2079371983380796,0.25325298,0.2966561499551834,409,T,F,T
Q86Y26-4_234-500_processed,A,T409G,16,5,2.8968826778292005,2.5602131485714543,0.28152308,0.6577021112741213,409,T,G,T
Q86Y26-4_234-500_processed,A,T409H,16,6,2.8968826778292005,3.772712370515455,0.24389073,0.17133602012297577,409,T,H,T
Q86Y26-4_234-500_processed,A,T409I,16,7,2.8968826778292005,2.8540177271228053,0.26058862,0.39272134491814936,409,T,I,T
Q86Y26-4_234-500_processed,A,T409K,16,8,2.8968826778292005,2.828313162223749,0.25487223,0.3180166695518538,409,T,K,T
Q86Y26-4_234-500_processed,A,T409L,16,9,2.8968826778292005,2.4331137753126835,0.20788199,-0.34434959489414385,409,T,L,T
Q86Y26-4_234-500_processed,A,T409M,16,10,2.8968826778292005,3.785956884138847,0.23487817,0.0475796606968365,409,T,M,T
Q86Y26-4_234-500_processed,A,T409N,16,11,2.8968826778292005,3.127101928086014,0.23090814,-0.007976110177864704,409,T,N,T
Q86Y26-4_234-500_processed,A,T409P,16,12,2.8968826778292005,3.0805551433480183,0.65977514,4.655730796737656,409,T,P,T
Q86Y26-4_234-500_processed,A,T409Q,16,13,2.8968826778292005,3.3385149556513554,0.26432398,0.4409642853793294,409,T,Q,T
Q86Y26-4_234-500_processed,A,T409R,16,14,2.8968826778292005,3.0355669859078964,0.23936571,0.10959970601523206,409,T,R,T
Q86Y26-4_234-500_processed,A,T409S,16,15,2.8968826778292005,2.8445017352648363,0.27049205,0.5196810680398406,409,T,S,T
Q86Y26-4_234-500_processed,A,T409T,16,16,2.8968826778292005,2.8968826778292005,0.2741924,0.5663626194315371,409,T,T,T
Q86Y26-4_234-500_processed,A,T409V,16,17,2.8968826778292005,2.623741420309898,0.26935694,0.5052808620434524,409,T,V,T
Q86Y26-4_234-500_processed,A,T409W,16,18,2.8968826778292005,4.250501482991098,0.2285671,-0.04104977333802773,409,T,W,T
Q86Y26-4_234-500_processed,A,T409Y,16,19,2.8968826778292005,3.311579602010778,0.264796,0.44702912236251835,409,T,Y,T
Q86Y26-4_234-500_processed,A,H410A,6,0,3.772712370515455,2.4839824262174384,0.29032356,0.7654671382931377,410,H,A,H
Q86Y26-4_234-500_processed,A,H410C,6,1,3.772712370515455,4.335140045203785,0.31789067,1.091293958986795,410,H,C,H
Q86Y26-4_234-500_processed,A,H410D,6,2,3.772712370515455,2.8246796259135976,0.24944276,0.2460338307222243,410,H,D,H
Q86Y26-4_234-500_processed,A,H410E,6,3,3.772712370515455,2.712832422359037,0.25370377,0.30261182496988115,410,H,E,H
Q86Y26-4_234-500_processed,A,H410F,6,4,3.772712370515455,3.2079371983380796,0.23697779,0.07669815234015387,410,H,F,H
Q86Y26-4_234-500_processed,A,H410G,6,5,3.772712370515455,2.5602131485714543,0.3011673,0.8956364918434014,410,H,G,H
Q86Y26-4_234-500_processed,A,H410H,6,6,3.772712370515455,3.772712370515455,0.23614231,0.06513278957837265,410,H,H,H
Q86Y26-4_234-500_processed,A,H410I,6,7,3.772712370515455,2.8540177271228053,0.25513607,0.32148866787307384,410,H,I,H
Q86Y26-4_234-500_processed,A,H410K,6,8,3.772712370515455,2.828313162223749,0.25574288,0.32946496564850436,410,H,K,H
Q86Y26-4_234-500_processed,A,H410L,6,9,3.772712370515455,2.4331137753126835,0.23109338,-0.005369195071945887,410,H,L,H
Q86Y26-4_234-500_processed,A,H410M,6,10,3.772712370515455,3.785956884138847,0.25336495,0.29813607533497044,410,H,M,H
Q86Y26-4_234-500_processed,A,H410N,6,11,3.772712370515455,3.127101928086014,0.24327154,0.16293452300872258,410,H,N,H
Q86Y26-4_234-500_processed,A,H410P,6,12,3.772712370515455,3.0805551433480183,0.4598771,2.5979064699431484,410,H,P,H
Q86Y26-4_234-500_processed,A,H410Q,6,13,3.772712370515455,3.3385149556513554,0.27057,0.5206687200496163,410,H,Q,H
Q86Y26-4_234-500_processed,A,H410R,6,14,3.772712370515455,3.0355669859078964,0.24094467,0.131231603504961,410,H,R,H
Q86Y26-4_234-500_processed,A,H410S,6,15,3.772712370515455,2.8445017352648363,0.26986864,0.5117771738678162,410,H,S,H
Q86Y26-4_234-500_processed,A,H410T,6,16,3.772712370515455,2.8968826778292005,0.27443942,0.569464990073821,410,H,T,H
Q86Y26-4_234-500_processed,A,H410V,6,17,3.772712370515455,2.623741420309898,0.27068686,0.5221487302477931,410,H,V,H
Q86Y26-4_234-500_processed,A,H410W,6,18,3.772712370515455,4.250501482991098,0.22842883,-0.04301061217997504,410,H,W,H
Q86Y26-4_234-500_processed,A,H410Y,6,19,3.772712370515455,3.311579602010778,0.2430773,0.16029581824196948,410,H,Y,H
Q86Y26-4_234-500_processed,A,L411A,9,0,2.4331137753126835,2.4839824262174384,0.30418944,0.9314331069843131,411,L,A,L
Q86Y26-4_234-500_processed,A,L411C,9,1,2.4331137753126835,4.335140045203785,0.33116204,1.24266490852218,411,L,C,L
Q86Y26-4_234-500_processed,A,L411D,9,2,2.4331137753126835,2.8246796259135976,0.27382597,0.5617576955642334,411,L,D,L
Q86Y26-4_234-500_processed,A,L411E,9,3,2.4331137753126835,2.712832422359037,0.2804842,0.6448472681265196,411,L,E,L
Q86Y26-4_234-500_processed,A,L411F,9,4,2.4331137753126835,3.2079371983380796,0.24729545,0.217277527474663,411,L,F,L
Q86Y26-4_234-500_processed,A,L411G,9,5,2.4331137753126835,2.5602131485714543,0.32974133,1.2266119534286568,411,L,G,L
Q86Y26-4_234-500_processed,A,L411H,9,6,2.4331137753126835,3.772712370515455,0.24832375,0.2310691108808416,411,L,H,L
Q86Y26-4_234-500_processed,A,L411I,9,7,2.4331137753126835,2.8540177271228053,0.2776769,0.6099642812732505,411,L,I,L
Q86Y26-4_234-500_processed,A,L411K,9,8,2.4331137753126835,2.828313162223749,0.27188668,0.5373216224695095,411,L,K,L
Q86Y26-4_234-500_processed,A,L411L,9,9,2.4331137753126835,2.4331137753126835,0.24495164,0.1856974483327023,411,L,L,L
Q86Y26-4_234-500_processed,A,L411M,9,10,2.4331137753126835,3.785956884138847,0.2653793,0.45451465327266405,411,L,M,L
Q86Y26-4_234-500_processed,A,L411N,9,11,2.4331137753126835,3.127101928086014,0.25330985,0.2974077870496239,411,L,N,L
Q86Y26-4_234-500_processed,A,L411P,9,12,2.4331137753126835,3.0805551433480183,0.55134445,3.515260807940444,411,L,P,L
Q86Y26-4_234-500_processed,A,L411Q,9,13,2.4331137753126835,3.3385149556513554,0.28846362,0.7428561030024949,411,L,Q,L
Q86Y26-4_234-500_processed,A,L411R,9,14,2.4331137753126835,3.0355669859078964,0.24187355,0.1439121565869178,411,L,R,L
Q86Y26-4_234-500_processed,A,L411S,9,15,2.4331137753126835,2.8445017352648363,0.2975074,0.8520106413738865,411,L,S,L
Q86Y26-4_234-500_processed,A,L411T,9,16,2.4331137753126835,2.8968826778292005,0.29426774,0.8131353029435079,411,L,T,L
Q86Y26-4_234-500_processed,A,L411V,9,17,2.4331137753126835,2.623741420309898,0.28753358,0.731517195860297,411,L,V,L
Q86Y26-4_234-500_processed,A,L411W,9,18,2.4331137753126835,4.250501482991098,0.23923533,0.10780905306699284,411,L,W,L
Q86Y26-4_234-500_processed,A,L411Y,9,19,2.4331137753126835,3.311579602010778,0.2609186,0.39700088113076293,411,L,Y,L
Q86Y26-4_234-500_processed,A,A412A,0,0,2.4839824262174384,2.4839824262174384,0.21976851,-0.16753974217192213,412,A,A,A
Q86Y26-4_234-500_processed,A,A412C,0,1,2.4839824262174384,4.335140045203785,0.24786189,0.2248793563127549,412,A,C,A
Q86Y26-4_234-500_processed,A,A412D,0,2,2.4839824262174384,2.8246796259135976,0.19432312,-0.55540103073839,412,A,D,A
Q86Y26-4_234-500_processed,A,A412E,0,3,2.4839824262174384,2.712832422359037,0.19538769,-0.5384370306703323,412,A,E,A
Q86Y26-4_234-500_processed,A,A412F,0,4,2.4839824262174384,3.2079371983380796,0.19890057,-0.48295012072998744,412,A,F,A
Q86Y26-4_234-500_processed,A,A412G,0,5,2.4839824262174384,2.5602131485714543,0.24310169,0.16062725302433467,412,A,G,A
Q86Y26-4_234-500_processed,A,A412H,0,6,2.4839824262174384,3.772712370515455,0.18806686,-0.6565512280833263,412,A,H,A
Q86Y26-4_234-500_processed,A,A412I,0,7,2.4839824262174384,2.8540177271228053,0.19104044,-0.6081594644173738,412,A,I,A
Q86Y26-4_234-500_processed,A,A412K,0,8,2.4839824262174384,2.828313162223749,0.19405985,-0.5596071882314352,412,A,K,A
Q86Y26-4_234-500_processed,A,A412L,0,9,2.4839824262174384,2.4331137753126835,0.17817707,-0.8218677563586513,412,A,L,A
Q86Y26-4_234-500_processed,A,A412M,0,10,2.4839824262174384,3.785956884138847,0.19781171,-0.5000693768623216,412,A,M,A
Q86Y26-4_234-500_processed,A,A412N,0,11,2.4839824262174384,3.127101928086014,0.19268383,-0.5816617783418176,412,A,N,A
Q86Y26-4_234-500_processed,A,A412P,0,12,2.4839824262174384,3.0805551433480183,0.40116453,1.998461908971974,412,A,P,A
Q86Y26-4_234-500_processed,A,A412Q,0,13,2.4839824262174384,3.3385149556513554,0.2081838,-0.3397699496381079,412,A,Q,A
Q86Y26-4_234-500_processed,A,A412R,0,14,2.4839824262174384,3.0355669859078964,0.18478344,-0.710673064125778,412,A,R,A
Q86Y26-4_234-500_processed,A,A412S,0,15,2.4839824262174384,2.8445017352648363,0.21057764,-0.30361771304754426,412,A,S,A
Q86Y26-4_234-500_processed,A,A412T,0,16,2.4839824262174384,2.8968826778292005,0.20278619,-0.4224268108853313,412,A,T,A
Q86Y26-4_234-500_processed,A,A412V,0,17,2.4839824262174384,2.623741420309898,0.19291385,-0.5779668268357169,412,A,V,A
Q86Y26-4_234-500_processed,A,A412W,0,18,2.4839824262174384,4.250501482991098,0.18500447,-0.7070065587297536,412,A,W,A
Q86Y26-4_234-500_processed,A,A412Y,0,19,2.4839824262174384,3.311579602010778,0.20644277,-0.36625602333979324,412,A,Y,A
Q86Y26-4_234-500_processed,A,T413A,16,0,2.8968826778292005,2.4839824262174384,0.24388222,0.1712206690861512,413,T,A,T
Q86Y26-4_234-500_processed,A,T413C,16,1,2.8968826778292005,4.335140045203785,0.2781811,0.6162452329626102,413,T,C,T
Q86Y26-4_234-500_processed,A,T413D,16,2,2.8968826778292005,2.8246796259135976,0.22552703,-0.08435680553561531,413,T,D,T
Q86Y26-4_234-500_processed,A,T413E,16,3,2.8968826778292005,2.712832422359037,0.2306638,-0.011416977646038218,413,T,E,T
Q86Y26-4_234-500_processed,A,T413F,16,4,2.8968826778292005,3.2079371983380796,0.21293387,-0.26832658935536047,413,T,F,T
Q86Y26-4_234-500_processed,A,T413G,16,5,2.8968826778292005,2.5602131485714543,0.2765211,0.5955392017628899,413,T,G,T
Q86Y26-4_234-500_processed,A,T413H,16,6,2.8968826778292005,3.772712370515455,0.20880452,-0.3303664409201995,413,T,H,T
Q86Y26-4_234-500_processed,A,T413I,16,7,2.8968826778292005,2.8540177271228053,0.20089903,-0.45171208798138296,413,T,I,T
Q86Y26-4_234-500_processed,A,T413K,16,8,2.8968826778292005,2.828313162223749,0.22373506,-0.11007817722177848,413,T,K,T
Q86Y26-4_234-500_processed,A,T413L,16,9,2.8968826778292005,2.4331137753126835,0.19090737,-0.6103126181125895,413,T,L,T
Q86Y26-4_234-500_processed,A,T413M,16,10,2.8968826778292005,3.785956884138847,0.21679163,-0.2111552937628397,413,T,M,T
Q86Y26-4_234-500_processed,A,T413N,16,11,2.8968826778292005,3.127101928086014,0.22399233,-0.10637644439126126,413,T,N,T
Q86Y26-4_234-500_processed,A,T413P,16,12,2.8968826778292005,3.0805551433480183,0.3774382,1.7489097334589787,413,T,P,T
Q86Y26-4_234-500_processed,A,T413Q,16,13,2.8968826778292005,3.3385149556513554,0.24308594,0.16041325037477627,413,T,Q,T
Q86Y26-4_234-500_processed,A,T413R,16,14,2.8968826778292005,3.0355669859078964,0.212653,-0.27251839905431896,413,T,R,T
Q86Y26-4_234-500_processed,A,T413S,16,15,2.8968826778292005,2.8445017352648363,0.23824862,0.0942362531944757,413,T,S,T
Q86Y26-4_234-500_processed,A,T413T,16,16,2.8968826778292005,2.8968826778292005,0.22771098,-0.05320420222771849,413,T,T,T
Q86Y26-4_234-500_processed,A,T413V,16,17,2.8968826778292005,2.623741420309898,0.21004315,-0.3116633868822699,413,T,V,T
Q86Y26-4_234-500_processed,A,T413W,16,18,2.8968826778292005,4.250501482991098,0.19822901,-0.49350002326730313,413,T,W,T
Q86Y26-4_234-500_processed,A,T413Y,16,19,2.8968826778292005,3.311579602010778,0.2203782,-0.15865934708619578,413,T,Y,T
Q86Y26-4_234-500_processed,A,G414A,5,0,2.5602131485714543,2.4839824262174384,0.23877856,0.1015307540286925,414,G,A,G
Q86Y26-4_234-500_processed,A,G414C,5,1,2.5602131485714543,4.335140045203785,0.28713092,0.7266012602758323,414,G,C,G
Q86Y26-4_234-500_processed,A,G414D,5,2,2.5602131485714543,2.8246796259135976,0.20592608,-0.37414828188358007,414,G,D,G
Q86Y26-4_234-500_processed,A,G414E,5,3,2.5602131485714543,2.712832422359037,0.20966375,-0.3173835961197352,414,G,E,G
Q86Y26-4_234-500_processed,A,G414F,5,4,2.5602131485714543,3.2079371983380796,0.21431859,-0.24771935712208537,414,G,F,G
Q86Y26-4_234-500_processed,A,G414G,5,5,2.5602131485714543,2.5602131485714543,0.26110542,0.39942241494298647,414,G,G,G
Q86Y26-4_234-500_processed,A,G414H,5,6,2.5602131485714543,3.772712370515455,0.20091905,-0.45140045713666144,414,G,H,G
Q86Y26-4_234-500_processed,A,G414I,5,7,2.5602131485714543,2.8540177271228053,0.22820997,-0.04611597856199523,414,G,I,G
Q86Y26-4_234-500_processed,A,G414K,5,8,2.5602131485714543,2.828313162223749,0.21365656,-0.25755944995069724,414,G,K,G
Q86Y26-4_234-500_processed,A,G414L,5,9,2.5602131485714543,2.4331137753126835,0.1895869,-0.6317416760252387,414,G,L,G
Q86Y26-4_234-500_processed,A,G414M,5,10,2.5602131485714543,3.785956884138847,0.21515715,-0.23528702015057246,414,G,M,G
Q86Y26-4_234-500_processed,A,G414N,5,11,2.5602131485714543,3.127101928086014,0.2062725,-0.36885526693976156,414,G,N,G
Q86Y26-4_234-500_processed,A,G414P,5,12,2.5602131485714543,3.0805551433480183,0.29277635,0.7951550903502991,414,G,P,G
Q86Y26-4_234-500_processed,A,G414Q,5,13,2.5602131485714543,3.3385149556513554,0.2291498,-0.032795258682981054,414,G,Q,G
Q86Y26-4_234-500_processed,A,G414R,5,14,2.5602131485714543,3.0355669859078964,0.20356528,-0.41039599826743933,414,G,R,G
Q86Y26-4_234-500_processed,A,G414S,5,15,2.5602131485714543,2.8445017352648363,0.22708336,-0.06213513965042328,414,G,S,G
Q86Y26-4_234-500_processed,A,G414T,5,16,2.5602131485714543,2.8968826778292005,0.23180881,0.004685744040054951,414,G,T,G
Q86Y26-4_234-500_processed,A,G414V,5,17,2.5602131485714543,2.623741420309898,0.23580945,0.06051717235257825,414,G,V,G
Q86Y26-4_234-500_processed,A,G414W,5,18,2.5602131485714543,4.250501482991098,0.18818837,-0.6545621868755697,414,G,W,G
Q86Y26-4_234-500_processed,A,G414Y,5,19,2.5602131485714543,3.311579602010778,0.22088875,-0.1512366825994349,414,G,Y,G
Q86Y26-4_234-500_processed,A,E415A,3,0,2.712832422359037,2.4839824262174384,0.25838265,0.36402051778140265,415,E,A,E
Q86Y26-4_234-500_processed,A,E415C,3,1,2.712832422359037,4.335140045203785,0.3028361,0.9154278887057806,415,E,C,E
Q86Y26-4_234-500_processed,A,E415D,3,2,2.712832422359037,2.8246796259135976,0.2212272,-0.14632281592301455,415,E,D,E
Q86Y26-4_234-500_processed,A,E415E,3,3,2.712832422359037,2.712832422359037,0.23173068,0.003588781420698628,415,E,E,E
Q86Y26-4_234-500_processed,A,E415F,3,4,2.712832422359037,3.2079371983380796,0.2465495,0.20724868262833263,415,E,F,E
Q86Y26-4_234-500_processed,A,E415G,3,5,2.712832422359037,2.5602131485714543,0.28107294,0.6521358106753194,415,E,G,E
Q86Y26-4_234-500_processed,A,E415H,3,6,2.712832422359037,3.772712370515455,0.22974275,-0.02441085573254953,415,E,H,E
Q86Y26-4_234-500_processed,A,E415I,3,7,2.712832422359037,2.8540177271228053,0.24140085,0.1374633407534881,415,E,I,E
Q86Y26-4_234-500_processed,A,E415K,3,8,2.712832422359037,2.828313162223749,0.2481023,0.22810230721356128,415,E,K,E
Q86Y26-4_234-500_processed,A,E415L,3,9,2.712832422359037,2.4331137753126835,0.22596683,-0.07806632946164183,415,E,L,E
Q86Y26-4_234-500_processed,A,E415M,3,10,2.712832422359037,3.785956884138847,0.24371302,0.1689262129006608,415,E,M,E
Q86Y26-4_234-500_processed,A,E415N,3,11,2.712832422359037,3.127101928086014,0.23428729,0.03935265004470889,415,E,N,E
Q86Y26-4_234-500_processed,A,E415P,3,12,2.712832422359037,3.0805551433480183,0.35973445,1.558707725021451,415,E,P,E
Q86Y26-4_234-500_processed,A,E415Q,3,13,2.712832422359037,3.3385149556513554,0.25809756,0.3602997420742826,415,E,Q,E
Q86Y26-4_234-500_processed,A,E415R,3,14,2.712832422359037,3.0355669859078964,0.24223794,0.14887759311243365,415,E,R,E
Q86Y26-4_234-500_processed,A,E415S,3,15,2.712832422359037,2.8445017352648363,0.2505785,0.26117657801227545,415,E,S,E
Q86Y26-4_234-500_processed,A,E415T,3,16,2.712832422359037,2.8968826778292005,0.2514296,0.272494274488122,415,E,T,E
Q86Y26-4_234-500_processed,A,E415V,3,17,2.712832422359037,2.623741420309898,0.24666381,0.20878678604791034,415,E,V,E
Q86Y26-4_234-500_processed,A,E415W,3,18,2.712832422359037,4.250501482991098,0.23287556,0.019637947904981856,415,E,W,E
Q86Y26-4_234-500_processed,A,E415Y,3,19,2.712832422359037,3.311579602010778,0.25192654,0.2790909060457153,415,E,Y,E
Q86Y26-4_234-500_processed,A,S416A,15,0,2.8445017352648363,2.4839824262174384,0.23245794,0.013790006725853399,416,S,A,S
Q86Y26-4_234-500_processed,A,S416C,15,1,2.8445017352648363,4.335140045203785,0.27620122,0.5915405607599977,416,S,C,S
Q86Y26-4_234-500_processed,A,S416D,15,2,2.8445017352648363,2.8246796259135976,0.21443616,-0.24597416113898318,416,S,D,S
Q86Y26-4_234-500_processed,A,S416E,15,3,2.8445017352648363,2.712832422359037,0.21793322,-0.19437858044241196,416,S,E,S
Q86Y26-4_234-500_processed,A,S416F,15,4,2.8445017352648363,3.2079371983380796,0.21785188,-0.1955719210398682,416,S,F,S
Q86Y26-4_234-500_processed,A,S416G,15,5,2.8445017352648363,2.5602131485714543,0.25175872,0.27686424839599766,416,S,G,S
Q86Y26-4_234-500_processed,A,S416H,15,6,2.8445017352648363,3.772712370515455,0.2116141,-0.2880583628329414,416,S,H,S
Q86Y26-4_234-500_processed,A,S416I,15,7,2.8445017352648363,2.8540177271228053,0.21493776,-0.23853623741854013,416,S,I,S
Q86Y26-4_234-500_processed,A,S416K,15,8,2.8445017352648363,2.828313162223749,0.22480157,-0.09475233073486411,416,S,K,S
Q86Y26-4_234-500_processed,A,S416L,15,9,2.8445017352648363,2.4331137753126835,0.19806756,-0.4960404382868516,416,S,L,S
Q86Y26-4_234-500_processed,A,S416M,15,10,2.8445017352648363,3.785956884138847,0.21874453,-0.18249418990415267,416,S,M,S
Q86Y26-4_234-500_processed,A,S416N,15,11,2.8445017352648363,3.127101928086014,0.21885495,-0.18087920243892774,416,S,N,S
Q86Y26-4_234-500_processed,A,S416P,15,12,2.8445017352648363,3.0805551433480183,0.2460962,0.20114427317430572,416,S,P,S
Q86Y26-4_234-500_processed,A,S416Q,15,13,2.8445017352648363,3.3385149556513554,0.23608425,0.06432809755382518,416,S,Q,S
Q86Y26-4_234-500_processed,A,S416R,15,14,2.8445017352648363,3.0355669859078964,0.21458629,-0.2437466740931793,416,S,R,S
Q86Y26-4_234-500_processed,A,S416S,15,15,2.8445017352648363,2.8445017352648363,0.22777487,-0.052295946573834295,416,S,S,S
Q86Y26-4_234-500_processed,A,S416T,15,16,2.8445017352648363,2.8968826778292005,0.22544907,-0.08547283639627423,416,S,T,S
Q86Y26-4_234-500_processed,A,S416V,15,17,2.8445017352648363,2.623741420309898,0.22484133,-0.09418202668119158,416,S,V,S
Q86Y26-4_234-500_processed,A,S416W,15,18,2.8445017352648363,4.250501482991098,0.1925972,-0.5830543596947013,416,S,W,S
Q86Y26-4_234-500_processed,A,S416Y,15,19,2.8445017352648363,3.311579602010778,0.22450386,-0.09902526268819711,416,S,Y,S
Q86Y26-4_234-500_processed,A,D417A,2,0,2.8246796259135976,2.4839824262174384,0.2634687,0.4299572670289825,417,D,A,D
Q86Y26-4_234-500_processed,A,D417C,2,1,2.8246796259135976,4.335140045203785,0.31645393,1.0747090759512226,417,D,C,D
Q86Y26-4_234-500_processed,A,D417D,2,2,2.8246796259135976,2.8246796259135976,0.22784449,-0.05130655905428827,417,D,D,D
Q86Y26-4_234-500_processed,A,D417E,2,3,2.8246796259135976,2.712832422359037,0.23138075,-0.0013278128283067403,417,D,E,D
Q86Y26-4_234-500_processed,A,D417F,2,4,2.8246796259135976,3.2079371983380796,0.25107357,0.26776311089328486,417,D,F,D
Q86Y26-4_234-500_processed,A,D417G,2,5,2.8246796259135976,2.5602131485714543,0.28890765,0.7482619101623533,417,D,G,D
Q86Y26-4_234-500_processed,A,D417H,2,6,2.8246796259135976,3.772712370515455,0.2255921,-0.08342549601981997,417,D,H,D
Q86Y26-4_234-500_processed,A,D417I,2,7,2.8246796259135976,2.8540177271228053,0.2514002,0.2721039418677451,417,D,I,D
Q86Y26-4_234-500_processed,A,D417K,2,8,2.8246796259135976,2.828313162223749,0.24519946,0.18904613907263723,417,D,K,D
Q86Y26-4_234-500_processed,A,D417L,2,9,2.8246796259135976,2.4331137753126835,0.22748345,-0.05643984055845486,417,D,L,D
Q86Y26-4_234-500_processed,A,D417M,2,10,2.8246796259135976,3.785956884138847,0.24836431,0.2316123304451373,417,D,M,D
Q86Y26-4_234-500_processed,A,D417N,2,11,2.8246796259135976,3.127101928086014,0.24026251,0.1218978568202822,417,D,N,D
Q86Y26-4_234-500_processed,A,D417P,2,12,2.8246796259135976,3.0805551433480183,0.3143709,1.0505917247080498,417,D,P,D
Q86Y26-4_234-500_processed,A,D417Q,2,13,2.8246796259135976,3.3385149556513554,0.25547075,0.32588949123854904,417,D,Q,D
Q86Y26-4_234-500_processed,A,D417R,2,14,2.8246796259135976,3.0355669859078964,0.2420492,0.146306370138633,417,D,R,D
Q86Y26-4_234-500_processed,A,D417S,2,15,2.8246796259135976,2.8445017352648363,0.24287772,0.15758335942286594,417,D,S,D
Q86Y26-4_234-500_processed,A,D417T,2,16,2.8246796259135976,2.8968826778292005,0.2489355,0.23925580986073725,417,D,T,D
Q86Y26-4_234-500_processed,A,D417V,2,17,2.8246796259135976,2.623741420309898,0.26014253,0.386930348526055,417,D,V,D
Q86Y26-4_234-500_processed,A,D417W,2,18,2.8246796259135976,4.250501482991098,0.22611359,-0.0759690892551812,417,D,W,D
Q86Y26-4_234-500_processed,A,D417Y,2,19,2.8246796259135976,3.311579602010778,0.25060073,0.26147254697849953,417,D,Y,D
Q86Y26-4_234-500_processed,A,G418A,5,0,2.5602131485714543,2.4839824262174384,0.32905862,1.2188853204711385,418,G,A,G
Q86Y26-4_234-500_processed,A,G418C,5,1,2.5602131485714543,4.335140045203785,0.36091006,1.5714589544823039,418,G,C,G
Q86Y26-4_234-500_processed,A,G418D,5,2,2.5602131485714543,2.8246796259135976,0.26861098,0.4957967234725713,418,G,D,G
Q86Y26-4_234-500_processed,A,G418E,5,3,2.5602131485714543,2.712832422359037,0.2939634,0.8094705109389705,418,G,E,G
Q86Y26-4_234-500_processed,A,G418F,5,4,2.5602131485714543,3.2079371983380796,0.3121133,1.0243554700535589,418,G,F,G
Q86Y26-4_234-500_processed,A,G418G,5,5,2.5602131485714543,2.5602131485714543,0.29961944,0.8772231844787056,418,G,G,G
Q86Y26-4_234-500_processed,A,G418H,5,6,2.5602131485714543,3.772712370515455,0.2659188,0.46142826305947515,418,G,H,G
Q86Y26-4_234-500_processed,A,G418I,5,7,2.5602131485714543,2.8540177271228053,0.35602564,1.5183595562290644,418,G,I,G
Q86Y26-4_234-500_processed,A,G418K,5,8,2.5602131485714543,2.828313162223749,0.29230082,0.7894109068672739,418,G,K,G
Q86Y26-4_234-500_processed,A,G418L,5,9,2.5602131485714543,2.4331137753126835,0.2715158,0.532635820969039,418,G,L,G
Q86Y26-4_234-500_processed,A,G418M,5,10,2.5602131485714543,3.785956884138847,0.30072516,0.8903822808759911,418,G,M,G
Q86Y26-4_234-500_processed,A,G418N,5,11,2.5602131485714543,3.127101928086014,0.26926306,0.5040882064946736,418,G,N,G
Q86Y26-4_234-500_processed,A,G418P,5,12,2.5602131485714543,3.0805551433480183,0.6151612,4.172649298963636,418,G,P,G
Q86Y26-4_234-500_processed,A,G418Q,5,13,2.5602131485714543,3.3385149556513554,0.31464928,1.0538198312456704,418,G,Q,G
Q86Y26-4_234-500_processed,A,G418R,5,14,2.5602131485714543,3.0355669859078964,0.28982803,0.759451515170301,418,G,R,G
Q86Y26-4_234-500_processed,A,G418S,5,15,2.5602131485714543,2.8445017352648363,0.29399407,0.8098398895914938,418,G,S,G
Q86Y26-4_234-500_processed,A,G418T,5,16,2.5602131485714543,2.8968826778292005,0.33715698,1.3100261337906998,418,G,T,G
Q86Y26-4_234-500_processed,A,G418V,5,17,2.5602131485714543,2.623741420309898,0.36250624,1.5887430045333808,418,G,V,G
Q86Y26-4_234-500_processed,A,G418W,5,18,2.5602131485714543,4.250501482991098,0.2941965,0.8122774403550295,418,G,W,G
Q86Y26-4_234-500_processed,A,G418Y,5,19,2.5602131485714543,3.311579602010778,0.31977028,1.112930706176537,418,G,Y,G
Q86Y26-4_234-500_processed,A,K419A,8,0,2.828313162223749,2.4839824262174384,0.23117176,-0.004266556297514157,419,K,A,K
Q86Y26-4_234-500_processed,A,K419C,8,1,2.828313162223749,4.335140045203785,0.2727605,0.548345785245623,419,K,C,K
Q86Y26-4_234-500_processed,A,K419D,8,2,2.828313162223749,2.8246796259135976,0.22372311,-0.11025020505666117,419,K,D,K
Q86Y26-4_234-500_processed,A,K419E,8,3,2.828313162223749,2.712832422359037,0.21914482,-0.17664226770479352,419,K,E,K
Q86Y26-4_234-500_processed,A,K419F,8,4,2.828313162223749,3.2079371983380796,0.2179334,-0.19437595758935222,419,K,F,K
Q86Y26-4_234-500_processed,A,K419G,8,5,2.828313162223749,2.5602131485714543,0.25620323,0.335507949554808,419,K,G,K
Q86Y26-4_234-500_processed,A,K419H,8,6,2.828313162223749,3.772712370515455,0.2088969,-0.32896860107597625,419,K,H,K
Q86Y26-4_234-500_processed,A,K419I,8,7,2.828313162223749,2.8540177271228053,0.21879227,-0.18179581562878244,419,K,I,K
Q86Y26-4_234-500_processed,A,K419K,8,8,2.828313162223749,2.828313162223749,0.22093569,-0.15055487074688956,419,K,K,K
Q86Y26-4_234-500_processed,A,K419L,8,9,2.828313162223749,2.4331137753126835,0.19639577,-0.5224376013340953,419,K,L,K
Q86Y26-4_234-500_processed,A,K419M,8,10,2.828313162223749,3.785956884138847,0.21814074,-0.19133580315398302,419,K,M,K
Q86Y26-4_234-500_processed,A,K419N,8,11,2.828313162223749,3.127101928086014,0.22734737,-0.058376084623989466,419,K,N,K
Q86Y26-4_234-500_processed,A,K419P,8,12,2.828313162223749,3.0805551433480183,0.2709162,0.5250520970010109,419,K,P,K
Q86Y26-4_234-500_processed,A,K419Q,8,13,2.828313162223749,3.3385149556513554,0.2291311,-0.033059942156002387,419,K,Q,K
Q86Y26-4_234-500_processed,A,K419R,8,14,2.828313162223749,3.0355669859078964,0.21313296,-0.26535769264494913,419,K,R,K
Q86Y26-4_234-500_processed,A,K419S,8,15,2.828313162223749,2.8445017352648363,0.22812568,-0.047312633737418563,419,K,S,K
Q86Y26-4_234-500_processed,A,K419T,8,16,2.828313162223749,2.8968826778292005,0.22213946,-0.13310463601333034,419,K,T,K
Q86Y26-4_234-500_processed,A,K419V,8,17,2.828313162223749,2.623741420309898,0.22421409,-0.10318806925245894,419,K,V,K
Q86Y26-4_234-500_processed,A,K419W,8,18,2.828313162223749,4.250501482991098,0.20564538,-0.37844185609175296,419,K,W,K
Q86Y26-4_234-500_processed,A,K419Y,8,19,2.828313162223749,3.311579602010778,0.22279647,-0.12360898934932363,419,K,Y,K
Q86Y26-4_234-500_processed,A,Q420A,13,0,3.3385149556513554,2.4839824262174384,0.22078751,-0.15270758520898153,420,Q,A,Q
Q86Y26-4_234-500_processed,A,Q420C,13,1,3.3385149556513554,4.335140045203785,0.25751323,0.3526650483712135,420,Q,C,Q
Q86Y26-4_234-500_processed,A,Q420D,13,2,3.3385149556513554,2.8246796259135976,0.20753373,-0.34964012537402,420,Q,D,Q
Q86Y26-4_234-500_processed,A,Q420E,13,3,3.3385149556513554,2.712832422359037,0.21190034,-0.28377123234568813,420,Q,E,Q
Q86Y26-4_234-500_processed,A,Q420F,13,4,3.3385149556513554,3.2079371983380796,0.20796515,-0.3430871822460124,420,Q,F,Q
Q86Y26-4_234-500_processed,A,Q420G,13,5,3.3385149556513554,2.5602131485714543,0.23379162,0.032440084809643444,420,Q,G,Q
Q86Y26-4_234-500_processed,A,Q420H,13,6,3.3385149556513554,3.772712370515455,0.19482055,-0.5474656845954834,420,Q,H,Q
Q86Y26-4_234-500_processed,A,Q420I,13,7,3.3385149556513554,2.8540177271228053,0.22722527,-0.06011414230785883,420,Q,I,Q
Q86Y26-4_234-500_processed,A,Q420K,13,8,3.3385149556513554,2.828313162223749,0.20157568,-0.44118820429565053,420,Q,K,Q
Q86Y26-4_234-500_processed,A,Q420L,13,9,3.3385149556513554,2.4331137753126835,0.18811011,-0.6558430601602983,420,Q,L,Q
Q86Y26-4_234-500_processed,A,Q420M,13,10,3.3385149556513554,3.785956884138847,0.20765588,-0.34778381209191744,420,Q,M,Q
Q86Y26-4_234-500_processed,A,Q420N,13,11,3.3385149556513554,3.127101928086014,0.1988637,-0.4835285731352479,420,Q,N,Q
Q86Y26-4_234-500_processed,A,Q420P,13,12,3.3385149556513554,3.0805551433480183,0.4988405,2.9884050876648254,420,Q,P,Q
Q86Y26-4_234-500_processed,A,Q420Q,13,13,3.3385149556513554,3.3385149556513554,0.22105493,-0.14882331869373877,420,Q,Q,Q
Q86Y26-4_234-500_processed,A,Q420R,13,14,3.3385149556513554,3.0355669859078964,0.19842586,-0.4904048629535329,420,Q,R,Q
Q86Y26-4_234-500_processed,A,Q420S,13,15,3.3385149556513554,2.8445017352648363,0.22334382,-0.11571345347956064,420,Q,S,Q
Q86Y26-4_234-500_processed,A,Q420T,13,16,3.3385149556513554,2.8968826778292005,0.22742173,-0.057317961206582724,420,Q,T,Q
Q86Y26-4_234-500_processed,A,Q420V,13,17,3.3385149556513554,2.623741420309898,0.23267163,0.016783331938987067,420,Q,V,Q
Q86Y26-4_234-500_processed,A,Q420W,13,18,3.3385149556513554,4.250501482991098,0.19392827,-0.5617109383993163,420,Q,W,Q
Q86Y26-4_234-500_processed,A,Q420Y,13,19,3.3385149556513554,3.311579602010778,0.21562123,-0.22842176862678865,420,Q,Y,Q
Q86Y26-4_234-500_processed,A,E421A,3,0,2.712832422359037,2.4839824262174384,0.22544576,-0.08552019696690116,421,E,A,E
Q86Y26-4_234-500_processed,A,E421C,3,1,2.712832422359037,4.335140045203785,0.26036215,0.38978215761367896,421,E,C,E
Q86Y26-4_234-500_processed,A,E421D,3,2,2.712832422359037,2.8246796259135976,0.19797502,-0.49749716135936706,421,E,D,E
Q86Y26-4_234-500_processed,A,E421E,3,3,2.712832422359037,2.712832422359037,0.20545022,-0.3814296550194013,421,E,E,E
Q86Y26-4_234-500_processed,A,E421F,3,4,2.712832422359037,3.2079371983380796,0.21370871,-0.2567834511181466,421,E,F,E
Q86Y26-4_234-500_processed,A,E421G,3,5,2.712832422359037,2.5602131485714543,0.23736784,0.08208794940914588,421,E,G,E
Q86Y26-4_234-500_processed,A,E421H,3,6,2.712832422359037,3.772712370515455,0.19274843,-0.5806237603358128,421,E,H,E
Q86Y26-4_234-500_processed,A,E421I,3,7,2.712832422359037,2.8540177271228053,0.20882203,-0.33010149276768097,421,E,I,E
Q86Y26-4_234-500_processed,A,E421K,3,8,2.712832422359037,2.828313162223749,0.21063544,-0.3027485234314836,421,E,K,E
Q86Y26-4_234-500_processed,A,E421L,3,9,2.712832422359037,2.4331137753126835,0.18770202,-0.6625289260384376,421,E,L,E
Q86Y26-4_234-500_processed,A,E421M,3,10,2.712832422359037,3.785956884138847,0.20535703,-0.38285711295581726,421,E,M,E
Q86Y26-4_234-500_processed,A,E421N,3,11,2.712832422359037,3.127101928086014,0.20960158,-0.3183216255953192,421,E,N,E
Q86Y26-4_234-500_processed,A,E421P,3,12,2.712832422359037,3.0805551433480183,0.2464978,0.2065527593163452,421,E,P,E
Q86Y26-4_234-500_processed,A,E421Q,3,13,2.712832422359037,3.3385149556513554,0.2215457,-0.1417035496660718,421,E,Q,E
Q86Y26-4_234-500_processed,A,E421R,3,14,2.712832422359037,3.0355669859078964,0.20331028,-0.4143300041124376,421,E,R,E
Q86Y26-4_234-500_processed,A,E421S,3,15,2.712832422359037,2.8445017352648363,0.2090548,-0.32658070048941334,421,E,S,E
Q86Y26-4_234-500_processed,A,E421T,3,16,2.712832422359037,2.8968826778292005,0.21596839,-0.22329327890263817,421,E,T,E
Q86Y26-4_234-500_processed,A,E421V,3,17,2.712832422359037,2.623741420309898,0.22115655,-0.14734806747413287,421,E,V,E
Q86Y26-4_234-500_processed,A,E421W,3,18,2.712832422359037,4.250501482991098,0.20129056,-0.4456194289925919,421,E,W,E
Q86Y26-4_234-500_processed,A,E421Y,3,19,2.712832422359037,3.311579602010778,0.21442065,-0.2462043809896891,421,E,Y,E
Q86Y26-4_234-500_processed,A,E422A,3,0,2.712832422359037,2.4839824262174384,0.26369122,0.4328230291075813,422,E,A,E
Q86Y26-4_234-500_processed,A,E422C,3,1,2.712832422359037,4.335140045203785,0.3315542,1.2470899958897008,422,E,C,E
Q86Y26-4_234-500_processed,A,E422D,3,2,2.712832422359037,2.8246796259135976,0.24091867,0.13087615164323108,422,E,D,E
Q86Y26-4_234-500_processed,A,E422E,3,3,2.712832422359037,2.712832422359037,0.24510919,0.18782661137516476,422,E,E,E
Q86Y26-4_234-500_processed,A,E422F,3,4,2.712832422359037,3.2079371983380796,0.2685857,0.4954751155820081,422,E,F,E
Q86Y26-4_234-500_processed,A,E422G,3,5,2.712832422359037,2.5602131485714543,0.2907559,0.7707107941787491,422,E,G,E
Q86Y26-4_234-500_processed,A,E422H,3,6,2.712832422359037,3.772712370515455,0.23948714,0.1112667656321259,422,E,H,E
Q86Y26-4_234-500_processed,A,E422I,3,7,2.712832422359037,2.8540177271228053,0.2719829,0.5385367534997276,422,E,I,E
Q86Y26-4_234-500_processed,A,E422K,3,8,2.712832422359037,2.828313162223749,0.25382027,0.30414980897901955,422,E,K,E
Q86Y26-4_234-500_processed,A,E422L,3,9,2.712832422359037,2.4331137753126835,0.24745715,0.21944869791153565,422,E,L,E
Q86Y26-4_234-500_processed,A,E422M,3,10,2.712832422359037,3.785956884138847,0.26470956,0.44591914479311434,422,E,M,E
Q86Y26-4_234-500_processed,A,E422N,3,11,2.712832422359037,3.127101928086014,0.2661916,0.46492100025057326,422,E,N,E
Q86Y26-4_234-500_processed,A,E422P,3,12,2.712832422359037,3.0805551433480183,0.2954458,0.827300347208402,422,E,P,E
Q86Y26-4_234-500_processed,A,E422Q,3,13,2.712832422359037,3.3385149556513554,0.26612252,0.4640367759653452,422,E,Q,E
Q86Y26-4_234-500_processed,A,E422R,3,14,2.712832422359037,3.0355669859078964,0.25116697,0.2690047496738568,422,E,R,E
Q86Y26-4_234-500_processed,A,E422S,3,15,2.712832422359037,2.8445017352648363,0.25491998,0.31864512225372066,422,E,S,E
Q86Y26-4_234-500_processed,A,E422T,3,16,2.712832422359037,2.8968826778292005,0.26654154,0.4693978591709441,422,E,T,E
Q86Y26-4_234-500_processed,A,E422V,3,17,2.712832422359037,2.623741420309898,0.27678046,0.5987794569656602,422,E,V,E
Q86Y26-4_234-500_processed,A,E422W,3,18,2.712832422359037,4.250501482991098,0.24329503,0.16325343491555733,422,E,W,E
Q86Y26-4_234-500_processed,A,E422Y,3,19,2.712832422359037,3.311579602010778,0.26678714,0.47253766149541243,422,E,Y,E
Q86Y26-4_234-500_processed,A,E423A,3,0,2.712832422359037,2.4839824262174384,0.23404746,0.03600923046417848,423,E,A,E
Q86Y26-4_234-500_processed,A,E423C,3,1,2.712832422359037,4.335140045203785,0.26766407,0.48373354910518307,423,E,C,E
Q86Y26-4_234-500_processed,A,E423D,3,2,2.712832422359037,2.8246796259135976,0.19696058,-0.5135004385259623,423,E,D,E
Q86Y26-4_234-500_processed,A,E423E,3,3,2.712832422359037,2.712832422359037,0.20770152,-0.34709036419578343,423,E,E,E
Q86Y26-4_234-500_processed,A,E423F,3,4,2.712832422359037,3.2079371983380796,0.23210433,0.008832745833771138,423,E,F,E
Q86Y26-4_234-500_processed,A,E423G,3,5,2.712832422359037,2.5602131485714543,0.23918056,0.10705677933614932,423,E,G,E
Q86Y26-4_234-500_processed,A,E423H,3,6,2.712832422359037,3.772712370515455,0.20987336,-0.3142222871571354,423,E,H,E
Q86Y26-4_234-500_processed,A,E423I,3,7,2.712832422359037,2.8540177271228053,0.24666184,0.20876032293365043,423,E,I,E
Q86Y26-4_234-500_processed,A,E423K,3,8,2.712832422359037,2.828313162223749,0.21740645,-0.20211203729992744,423,E,K,E
Q86Y26-4_234-500_processed,A,E423L,3,9,2.712832422359037,2.4331137753126835,0.20564859,-0.378392826002083,423,E,L,E
Q86Y26-4_234-500_processed,A,E423M,3,10,2.712832422359037,3.785956884138847,0.22715874,-0.061061506430678536,423,E,M,E
Q86Y26-4_234-500_processed,A,E423N,3,11,2.712832422359037,3.127101928086014,0.19926324,-0.47726364675407806,423,E,N,E
Q86Y26-4_234-500_processed,A,E423P,3,12,2.712832422359037,3.0805551433480183,0.34608182,1.4092324955946793,423,E,P,E
Q86Y26-4_234-500_processed,A,E423Q,3,13,2.712832422359037,3.3385149556513554,0.23418523,0.037930195601068584,423,E,Q,E
Q86Y26-4_234-500_processed,A,E423R,3,14,2.712832422359037,3.0355669859078964,0.21788546,-0.19507915636408135,423,E,R,E
Q86Y26-4_234-500_processed,A,E423S,3,15,2.712832422359037,2.8445017352648363,0.21980059,-0.16707201516695303,423,E,S,E
Q86Y26-4_234-500_processed,A,E423T,3,16,2.712832422359037,2.8968826778292005,0.2353193,0.053712406252359735,423,E,T,E
Q86Y26-4_234-500_processed,A,E423V,3,17,2.712832422359037,2.623741420309898,0.24347082,0.16563995708686496,423,E,V,E
Q86Y26-4_234-500_processed,A,E423W,3,18,2.712832422359037,4.250501482991098,0.21142052,-0.2909601439347764,423,E,W,E
Q86Y26-4_234-500_processed,A,E423Y,3,19,2.712832422359037,3.311579602010778,0.2321227,0.009090452553038864,423,E,Y,E
Q86Y26-4_234-500_processed,A,G424A,5,0,2.5602131485714543,2.4839824262174384,0.22929683,-0.030714805732866557,424,G,A,G
Q86Y26-4_234-500_processed,A,G424C,5,1,2.5602131485714543,4.335140045203785,0.27533126,0.5806507707941851,424,G,C,G
Q86Y26-4_234-500_processed,A,G424D,5,2,2.5602131485714543,2.8246796259135976,0.24447009,0.1791839944332968,424,G,D,G
Q86Y26-4_234-500_processed,A,G424E,5,3,2.5602131485714543,2.712832422359037,0.25846878,0.36514408116509744,424,G,E,G
Q86Y26-4_234-500_processed,A,G424F,5,4,2.5602131485714543,3.2079371983380796,0.21131882,-0.2924854136155719,424,G,F,G
Q86Y26-4_234-500_processed,A,G424G,5,5,2.5602131485714543,2.5602131485714543,0.27912083,0.6279331181926003,424,G,G,G
Q86Y26-4_234-500_processed,A,G424H,5,6,2.5602131485714543,3.772712370515455,0.2047972,-0.3914424893596624,424,G,H,G
Q86Y26-4_234-500_processed,A,G424I,5,7,2.5602131485714543,2.8540177271228053,0.24858275,0.23453675265407092,424,G,I,G
Q86Y26-4_234-500_processed,A,G424K,5,8,2.5602131485714543,2.828313162223749,0.23068886,-0.011064106858777456,424,G,K,G
Q86Y26-4_234-500_processed,A,G424L,5,9,2.5602131485714543,2.4331137753126835,0.2044078,-0.39742436978565276,424,G,L,G
Q86Y26-4_234-500_processed,A,G424M,5,10,2.5602131485714543,3.785956884138847,0.21528347,-0.2334173228233083,424,G,M,G
Q86Y26-4_234-500_processed,A,G424N,5,11,2.5602131485714543,3.127101928086014,0.21320294,-0.26431469275734143,424,G,N,G
Q86Y26-4_234-500_processed,A,G424P,5,12,2.5602131485714543,3.0805551433480183,0.58801395,3.889402925525778,424,G,P,G
Q86Y26-4_234-500_processed,A,G424Q,5,13,2.5602131485714543,3.3385149556513554,0.24690525,0.21203405616953275,424,G,Q,G
Q86Y26-4_234-500_processed,A,G424R,5,14,2.5602131485714543,3.0355669859078964,0.20790878,-0.34394284970988953,424,G,R,G
Q86Y26-4_234-500_processed,A,G424S,5,15,2.5602131485714543,2.8445017352648363,0.24961537,0.24833826150992833,424,G,S,G
Q86Y26-4_234-500_processed,A,G424T,5,16,2.5602131485714543,2.8968826778292005,0.26328743,0.4276212086432696,424,G,T,G
Q86Y26-4_234-500_processed,A,G424V,5,17,2.5602131485714543,2.623741420309898,0.2471429,0.21522813774082217,424,G,V,G
Q86Y26-4_234-500_processed,A,G424W,5,18,2.5602131485714543,4.250501482991098,0.1899215,-0.6263008467926834,424,G,W,G
Q86Y26-4_234-500_processed,A,G424Y,5,19,2.5602131485714543,3.311579602010778,0.22222506,-0.13186644589332552,424,G,Y,G
Q86Y26-4_234-500_processed,A,Q425A,13,0,3.3385149556513554,2.4839824262174384,0.22462225,-0.09732557458481783,425,Q,A,Q
Q86Y26-4_234-500_processed,A,Q425C,13,1,3.3385149556513554,4.335140045203785,0.25396806,0.3061002421672687,425,Q,C,Q
Q86Y26-4_234-500_processed,A,Q425D,13,2,3.3385149556513554,2.8246796259135976,0.18443753,-0.7164180467379044,425,Q,D,Q
Q86Y26-4_234-500_processed,A,Q425E,13,3,3.3385149556513554,2.712832422359037,0.19738464,-0.5068031985106575,425,Q,E,Q
Q86Y26-4_234-500_processed,A,Q425F,13,4,3.3385149556513554,3.2079371983380796,0.19774705,-0.501088144036756,425,Q,F,Q
Q86Y26-4_234-500_processed,A,Q425G,13,5,3.3385149556513554,2.5602131485714543,0.22503324,-0.09143005478323363,425,Q,G,Q
Q86Y26-4_234-500_processed,A,Q425H,13,6,3.3385149556513554,3.772712370515455,0.1837395,-0.7280364055709254,425,Q,H,Q
Q86Y26-4_234-500_processed,A,Q425I,13,7,3.3385149556513554,2.8540177271228053,0.21236399,-0.2768358537605248,425,Q,I,Q
Q86Y26-4_234-500_processed,A,Q425K,13,8,3.3385149556513554,2.828313162223749,0.1949929,-0.544719875704886,425,Q,K,Q
Q86Y26-4_234-500_processed,A,Q425L,13,9,3.3385149556513554,2.4331137753126835,0.18603408,-0.6899714820930408,425,Q,L,Q
Q86Y26-4_234-500_processed,A,Q425M,13,10,3.3385149556513554,3.785956884138847,0.20657408,-0.3642526839838722,425,Q,M,Q
Q86Y26-4_234-500_processed,A,Q425N,13,11,3.3385149556513554,3.127101928086014,0.18788715,-0.6594945272654379,425,Q,N,Q
Q86Y26-4_234-500_processed,A,Q425P,13,12,3.3385149556513554,3.0805551433480183,0.28074837,0.6481187643046956,425,Q,P,Q
Q86Y26-4_234-500_processed,A,Q425Q,13,13,3.3385149556513554,3.3385149556513554,0.20691995,-0.3589803478883663,425,Q,Q,Q
Q86Y26-4_234-500_processed,A,Q425R,13,14,3.3385149556513554,3.0355669859078964,0.1854021,-0.7004191708307411,425,Q,R,Q
Q86Y26-4_234-500_processed,A,Q425S,13,15,3.3385149556513554,2.8445017352648363,0.20731893,-0.35290653970572405,425,Q,S,Q
Q86Y26-4_234-500_processed,A,Q425T,13,16,3.3385149556513554,2.8968826778292005,0.21886957,-0.18066544037622534,425,Q,T,Q
Q86Y26-4_234-500_processed,A,Q425V,13,17,3.3385149556513554,2.623741420309898,0.21562639,-0.228345558075842,425,Q,V,Q
Q86Y26-4_234-500_processed,A,Q425W,13,18,3.3385149556513554,4.250501482991098,0.18696925,-0.6745619099553457,425,Q,W,Q
Q86Y26-4_234-500_processed,A,Q425Y,13,19,3.3385149556513554,3.311579602010778,0.20024696,-0.4618789391780298,425,Q,Y,Q
Q86Y26-4_234-500_processed,A,Q426A,13,0,3.3385149556513554,2.4839824262174384,0.24025382,0.1217788739395892,426,Q,A,Q
Q86Y26-4_234-500_processed,A,Q426C,13,1,3.3385149556513554,4.335140045203785,0.27471972,0.5729829504461345,426,Q,C,Q
Q86Y26-4_234-500_processed,A,Q426D,13,2,3.3385149556513554,2.8246796259135976,0.20243569,-0.42785058121343755,426,Q,D,Q
Q86Y26-4_234-500_processed,A,Q426E,13,3,3.3385149556513554,2.712832422359037,0.21344583,-0.2606963344050789,426,Q,E,Q
Q86Y26-4_234-500_processed,A,Q426F,13,4,3.3385149556513554,3.2079371983380796,0.22028063,-0.16007933667897822,426,Q,F,Q
Q86Y26-4_234-500_processed,A,Q426G,13,5,3.3385149556513554,2.5602131485714543,0.24662146,0.20821699580673647,426,Q,G,Q
Q86Y26-4_234-500_processed,A,Q426H,13,6,3.3385149556513554,3.772712370515455,0.20495877,-0.3889628956106189,426,Q,H,Q
Q86Y26-4_234-500_processed,A,Q426I,13,7,3.3385149556513554,2.8540177271228053,0.2228442,-0.12291995509770726,426,Q,I,Q
Q86Y26-4_234-500_processed,A,Q426K,13,8,3.3385149556513554,2.828313162223749,0.21580793,-0.22566295152689209,426,Q,K,Q
Q86Y26-4_234-500_processed,A,Q426L,13,9,3.3385149556513554,2.4331137753126835,0.19835058,-0.4915882954697487,426,Q,L,Q
Q86Y26-4_234-500_processed,A,Q426M,13,10,3.3385149556513554,3.785956884138847,0.21502,-0.23731796789212667,426,Q,M,Q
Q86Y26-4_234-500_processed,A,Q426N,13,11,3.3385149556513554,3.127101928086014,0.2046656,-0.39346304926510034,426,Q,N,Q
Q86Y26-4_234-500_processed,A,Q426P,13,12,3.3385149556513554,3.0805551433480183,0.30457243,0.9359551861187299,426,Q,P,Q
Q86Y26-4_234-500_processed,A,Q426Q,13,13,3.3385149556513554,3.3385149556513554,0.223612,-0.11185003398323234,426,Q,Q,Q
Q86Y26-4_234-500_processed,A,Q426R,13,14,3.3385149556513554,3.0355669859078964,0.21245217,-0.27551801341007154,426,Q,R,Q
Q86Y26-4_234-500_processed,A,Q426S,13,15,3.3385149556513554,2.8445017352648363,0.21838732,-0.18772284104033643,426,Q,S,Q
Q86Y26-4_234-500_processed,A,Q426T,13,16,3.3385149556513554,2.8968826778292005,0.22510722,-0.09036958334418033,426,Q,T,Q
Q86Y26-4_234-500_processed,A,Q426V,13,17,3.3385149556513554,2.623741420309898,0.23041499,-0.014923632893350525,426,Q,V,Q
Q86Y26-4_234-500_processed,A,Q426W,13,18,3.3385149556513554,4.250501482991098,0.20663847,-0.36327068255544603,426,Q,W,Q
Q86Y26-4_234-500_processed,A,Q426Y,13,19,3.3385149556513554,3.311579602010778,0.22556065,-0.08387566559940385,426,Q,Y,Q
Q86Y26-4_234-500_processed,A,Q427A,13,0,3.3385149556513554,2.4839824262174384,0.23038173,-0.01539256389820165,427,Q,A,Q
Q86Y26-4_234-500_processed,A,Q427C,13,1,3.3385149556513554,4.335140045203785,0.2637847,0.43402667734745826,427,Q,C,Q
Q86Y26-4_234-500_processed,A,Q427D,13,2,3.3385149556513554,2.8246796259135976,0.19976172,-0.46946071590940663,427,Q,D,Q
Q86Y26-4_234-500_processed,A,Q427E,13,3,3.3385149556513554,2.712832422359037,0.20638713,-0.36710520343593456,427,Q,E,Q
Q86Y26-4_234-500_processed,A,Q427F,13,4,3.3385149556513554,3.2079371983380796,0.21850921,-0.18593796894092574,427,Q,F,Q
Q86Y26-4_234-500_processed,A,Q427G,13,5,3.3385149556513554,2.5602131485714543,0.24532154,0.19069497861784357,427,Q,G,Q
Q86Y26-4_234-500_processed,A,Q427H,13,6,3.3385149556513554,3.772712370515455,0.19978702,-0.46906503455862003,427,Q,H,Q
Q86Y26-4_234-500_processed,A,Q427I,13,7,3.3385149556513554,2.8540177271228053,0.21451809,-0.24475846496512188,427,Q,I,Q
Q86Y26-4_234-500_processed,A,Q427K,13,8,3.3385149556513554,2.828313162223749,0.209765,-0.31585625056314126,427,Q,K,Q
Q86Y26-4_234-500_processed,A,Q427L,13,9,3.3385149556513554,2.4331137753126835,0.19446221,-0.5531806643443032,427,Q,L,Q
Q86Y26-4_234-500_processed,A,Q427M,13,10,3.3385149556513554,3.785956884138847,0.2132139,-0.26415124691511416,427,Q,M,Q
Q86Y26-4_234-500_processed,A,Q427N,13,11,3.3385149556513554,3.127101928086014,0.2006679,-0.45531295884607415,427,Q,N,Q
Q86Y26-4_234-500_processed,A,Q427P,13,12,3.3385149556513554,3.0805551433480183,0.3650609,1.6163377039151199,427,Q,P,Q
Q86Y26-4_234-500_processed,A,Q427Q,13,13,3.3385149556513554,3.3385149556513554,0.22295569,-0.12131082583250463,427,Q,Q,Q
Q86Y26-4_234-500_processed,A,Q427R,13,14,3.3385149556513554,3.0355669859078964,0.20223658,-0.43093475081836363,427,Q,R,Q
Q86Y26-4_234-500_processed,A,Q427S,13,15,3.3385149556513554,2.8445017352648363,0.21359698,-0.2584460311459402,427,Q,S,Q
Q86Y26-4_234-500_processed,A,Q427T,13,16,3.3385149556513554,2.8968826778292005,0.21568155,-0.22753023191725563,427,Q,T,Q
Q86Y26-4_234-500_processed,A,Q427V,13,17,3.3385149556513554,2.623741420309898,0.21798716,-0.1935874234897994,427,Q,V,Q
Q86Y26-4_234-500_processed,A,Q427W,13,18,3.3385149556513554,4.250501482991098,0.20094268,-0.4510324702884705,427,Q,W,Q
Q86Y26-4_234-500_processed,A,Q427Y,13,19,3.3385149556513554,3.311579602010778,0.22215228,-0.13291923070389233,427,Q,Y,Q
Q86Y26-4_234-500_processed,A,E428A,3,0,2.712832422359037,2.4839824262174384,0.2756544,0.5846982686072313,428,E,A,E
Q86Y26-4_234-500_processed,A,E428C,3,1,2.712832422359037,4.335140045203785,0.298245,0.8608275427099138,428,E,C,E
Q86Y26-4_234-500_processed,A,E428D,3,2,2.712832422359037,2.8246796259135976,0.23111114,-0.005119296598767864,428,E,D,E
Q86Y26-4_234-500_processed,A,E428E,3,3,2.712832422359037,2.712832422359037,0.24359718,0.16735473139390444,428,E,E,E
Q86Y26-4_234-500_processed,A,E428F,3,4,2.712832422359037,3.2079371983380796,0.2224629,-0.12842742712945554,428,E,F,E
Q86Y26-4_234-500_processed,A,E428G,3,5,2.712832422359037,2.5602131485714543,0.29567516,0.8300543547019767,428,E,G,E
Q86Y26-4_234-500_processed,A,E428H,3,6,2.712832422359037,3.772712370515455,0.22617458,-0.07509781168934415,428,E,H,E
Q86Y26-4_234-500_processed,A,E428I,3,7,2.712832422359037,2.8540177271228053,0.24436803,0.1778024297331665,428,E,I,E
Q86Y26-4_234-500_processed,A,E428K,3,8,2.712832422359037,2.828313162223749,0.25596127,0.33233262381775264,428,E,K,E
Q86Y26-4_234-500_processed,A,E428L,3,9,2.712832422359037,2.4331137753126835,0.21971118,-0.16837560317444655,428,E,L,E
Q86Y26-4_234-500_processed,A,E428M,3,10,2.712832422359037,3.785956884138847,0.2359901,0.06302286737364049,428,E,M,E
Q86Y26-4_234-500_processed,A,E428N,3,11,2.712832422359037,3.127101928086014,0.2386297,0.09948283767673982,428,E,N,E
Q86Y26-4_234-500_processed,A,E428P,3,12,2.712832422359037,3.0805551433480183,0.42715535,2.2663329592590076,428,E,P,E
Q86Y26-4_234-500_processed,A,E428Q,3,13,2.712832422359037,3.3385149556513554,0.25656155,0.3402065136999616,428,E,Q,E
Q86Y26-4_234-500_processed,A,E428R,3,14,2.712832422359037,3.0355669859078964,0.2434299,0.1650845482224622,428,E,R,E
Q86Y26-4_234-500_processed,A,E428S,3,15,2.712832422359037,2.8445017352648363,0.25953802,0.37907234990879,428,E,S,E
Q86Y26-4_234-500_processed,A,E428T,3,16,2.712832422359037,2.8968826778292005,0.25596467,0.3323772226286409,428,E,T,E
Q86Y26-4_234-500_processed,A,E428V,3,17,2.712832422359037,2.623741420309898,0.24986775,0.251705663202188,428,E,V,E
Q86Y26-4_234-500_processed,A,E428W,3,18,2.712832422359037,4.250501482991098,0.21041036,-0.30613417301956325,428,E,W,E
Q86Y26-4_234-500_processed,A,E428Y,3,19,2.712832422359037,3.311579602010778,0.22352588,-0.11309025319307331,428,E,Y,E
Q86Y26-4_234-500_processed,A,E429A,3,0,2.712832422359037,2.4839824262174384,0.2433673,0.16423472696729668,429,E,A,E
Q86Y26-4_234-500_processed,A,E429C,3,1,2.712832422359037,4.335140045203785,0.27192646,0.5378240397519931,429,E,C,E
Q86Y26-4_234-500_processed,A,E429D,3,2,2.712832422359037,2.8246796259135976,0.20502096,-0.38800876569348053,429,E,D,E
Q86Y26-4_234-500_processed,A,E429E,3,3,2.712832422359037,2.712832422359037,0.2145896,-0.24369760475312974,429,E,E,E
Q86Y26-4_234-500_processed,A,E429F,3,4,2.712832422359037,3.2079371983380796,0.21662904,-0.21354983693470442,429,E,F,E
Q86Y26-4_234-500_processed,A,E429G,3,5,2.712832422359037,2.5602131485714543,0.24994363,0.25271760725592063,429,E,G,E
Q86Y26-4_234-500_processed,A,E429H,3,6,2.712832422359037,3.772712370515455,0.19978999,-0.4690186644708749,429,E,H,E
Q86Y26-4_234-500_processed,A,E429I,3,7,2.712832422359037,2.8540177271228053,0.21891291,-0.18003162327482114,429,E,I,E
Q86Y26-4_234-500_processed,A,E429K,3,8,2.712832422359037,2.828313162223749,0.21146537,-0.29028763153842563,429,E,K,E
Q86Y26-4_234-500_processed,A,E429L,3,9,2.712832422359037,2.4331137753126835,0.19040339,-0.6184780105845633,429,E,L,E
Q86Y26-4_234-500_processed,A,E429M,3,10,2.712832422359037,3.785956884138847,0.20982532,-0.31494661909868216,429,E,M,E
Q86Y26-4_234-500_processed,A,E429N,3,11,2.712832422359037,3.127101928086014,0.19989704,-0.46734502669097955,429,E,N,E
Q86Y26-4_234-500_processed,A,E429P,3,12,2.712832422359037,3.0805551433480183,0.42095384,2.2028524649480334,429,E,P,E
Q86Y26-4_234-500_processed,A,E429Q,3,13,2.712832422359037,3.3385149556513554,0.21915671,-0.176468546500963,429,E,Q,E
Q86Y26-4_234-500_processed,A,E429R,3,14,2.712832422359037,3.0355669859078964,0.20324829,-0.415286876932367,429,E,R,E
Q86Y26-4_234-500_processed,A,E429S,3,15,2.712832422359037,2.8445017352648363,0.22979833,-0.023625702392081616,429,E,S,E
Q86Y26-4_234-500_processed,A,E429T,3,16,2.712832422359037,2.8968826778292005,0.23476811,0.04604833801527264,429,E,T,E
Q86Y26-4_234-500_processed,A,E429V,3,17,2.712832422359037,2.623741420309898,0.21851961,-0.18578569889314556,429,E,V,E
Q86Y26-4_234-500_processed,A,E429W,3,18,2.712832422359037,4.250501482991098,0.20151421,-0.4421431126382652,429,E,W,E
Q86Y26-4_234-500_processed,A,E429Y,3,19,2.712832422359037,3.311579602010778,0.2208563,-0.1517081674979398,429,E,Y,E
Q86Y26-4_234-500_processed,A,E430A,3,0,2.712832422359037,2.4839824262174384,0.23627731,0.06700354202688164,430,E,A,E
Q86Y26-4_234-500_processed,A,E430C,3,1,2.712832422359037,4.335140045203785,0.26575768,0.4593645136576413,430,E,C,E
Q86Y26-4_234-500_processed,A,E430D,3,2,2.712832422359037,2.8246796259135976,0.20781037,-0.34543700239417496,430,E,D,E
Q86Y26-4_234-500_processed,A,E430E,3,3,2.712832422359037,2.712832422359037,0.21237892,-0.2766126968936461,430,E,E,E
Q86Y26-4_234-500_processed,A,E430F,3,4,2.712832422359037,3.2079371983380796,0.20015599,-0.46329929751727006,430,E,F,E
Q86Y26-4_234-500_processed,A,E430G,3,5,2.712832422359037,2.5602131485714543,0.25562397,0.3279028875024709,430,E,G,E
Q86Y26-4_234-500_processed,A,E430H,3,6,2.712832422359037,3.772712370515455,0.19427758,-0.5561282522365824,430,E,H,E
Q86Y26-4_234-500_processed,A,E430I,3,7,2.712832422359037,2.8540177271228053,0.21087773,-0.2991069541138619,430,E,I,E
Q86Y26-4_234-500_processed,A,E430K,3,8,2.712832422359037,2.828313162223749,0.21633475,-0.21788750843228955,430,E,K,E
Q86Y26-4_234-500_processed,A,E430L,3,9,2.712832422359037,2.4331137753126835,0.18396638,-0.724256273345486,430,E,L,E
Q86Y26-4_234-500_processed,A,E430M,3,10,2.712832422359037,3.785956884138847,0.20303361,-0.4186024203479338,430,E,M,E
Q86Y26-4_234-500_processed,A,E430N,3,11,2.712832422359037,3.127101928086014,0.2047043,-0.3928687475830783,430,E,N,E
Q86Y26-4_234-500_processed,A,E430P,3,12,2.712832422359037,3.0805551433480183,0.42151937,2.2086516595410535,430,E,P,E
Q86Y26-4_234-500_processed,A,E430Q,3,13,2.712832422359037,3.3385149556513554,0.21939088,-0.17304883833475115,430,E,Q,E
Q86Y26-4_234-500_processed,A,E430R,3,14,2.712832422359037,3.0355669859078964,0.20210603,-0.432958164349731,430,E,R,E
Q86Y26-4_234-500_processed,A,E430S,3,15,2.712832422359037,2.8445017352648363,0.23399901,0.03533361043399408,430,E,S,E
Q86Y26-4_234-500_processed,A,E430T,3,16,2.712832422359037,2.8968826778292005,0.23229697,0.011534092431620957,430,E,T,E
Q86Y26-4_234-500_processed,A,E430V,3,17,2.712832422359037,2.623741420309898,0.21605521,-0.22201148517384917,430,E,V,E
Q86Y26-4_234-500_processed,A,E430W,3,18,2.712832422359037,4.250501482991098,0.19198525,-0.5929044256089189,430,E,W,E
Q86Y26-4_234-500_processed,A,E430Y,3,19,2.712832422359037,3.311579602010778,0.20610178,-0.37146292928073144,430,E,Y,E
Q86Y26-4_234-500_processed,A,G431A,5,0,2.5602131485714543,2.4839824262174384,0.2846021,0.6956330014899198,431,G,A,G
Q86Y26-4_234-500_processed,A,G431C,5,1,2.5602131485714543,4.335140045203785,0.30722696,0.9672107414757702,431,G,C,G
Q86Y26-4_234-500_processed,A,G431D,5,2,2.5602131485714543,2.8246796259135976,0.24449766,0.1795571052966266,431,G,D,G
Q86Y26-4_234-500_processed,A,G431E,5,3,2.5602131485714543,2.712832422359037,0.26767847,0.4839171308164769,431,G,E,G
Q86Y26-4_234-500_processed,A,G431F,5,4,2.5602131485714543,3.2079371983380796,0.22408444,-0.1050519314729409,431,G,F,G
Q86Y26-4_234-500_processed,A,G431G,5,5,2.5602131485714543,2.5602131485714543,0.29880455,0.8675075576868752,431,G,G,G
Q86Y26-4_234-500_processed,A,G431H,5,6,2.5602131485714543,3.772712370515455,0.21640511,-0.21685003229978073,431,G,H,G
Q86Y26-4_234-500_processed,A,G431I,5,7,2.5602131485714543,2.8540177271228053,0.27583873,0.5870057019007882,431,G,I,G
Q86Y26-4_234-500_processed,A,G431K,5,8,2.5602131485714543,2.828313162223749,0.25487,0.3179872457110422,431,G,K,G
Q86Y26-4_234-500_processed,A,G431L,5,9,2.5602131485714543,2.4331137753126835,0.23114829,-0.004596691620735727,431,G,L,G
Q86Y26-4_234-500_processed,A,G431M,5,10,2.5602131485714543,3.785956884138847,0.23920006,0.10732454090767507,431,G,M,G
Q86Y26-4_234-500_processed,A,G431N,5,11,2.5602131485714543,3.127101928086014,0.234607,0.04380581277506457,431,G,N,G
Q86Y26-4_234-500_processed,A,G431P,5,12,2.5602131485714543,3.0805551433480183,0.5235309,3.235482957826397,431,G,P,G
Q86Y26-4_234-500_processed,A,G431Q,5,13,2.5602131485714543,3.3385149556513554,0.2643202,0.4409156253164731,431,G,Q,G
Q86Y26-4_234-500_processed,A,G431R,5,14,2.5602131485714543,3.0355669859078964,0.24532326,0.19071811840174036,431,G,R,G
Q86Y26-4_234-500_processed,A,G431S,5,15,2.5602131485714543,2.8445017352648363,0.27313998,0.5531262848532783,431,G,S,G
Q86Y26-4_234-500_processed,A,G431T,5,16,2.5602131485714543,2.8968826778292005,0.2782304,0.6168589188003617,431,G,T,G
Q86Y26-4_234-500_processed,A,G431V,5,17,2.5602131485714543,2.623741420309898,0.27658665,0.5963584714045075,431,G,V,G
Q86Y26-4_234-500_processed,A,G431W,5,18,2.5602131485714543,4.250501482991098,0.21560468,-0.2286664883180467,431,G,W,G
Q86Y26-4_234-500_processed,A,G431Y,5,19,2.5602131485714543,3.311579602010778,0.23064265,-0.011715080954000645,431,G,Y,G
Q86Y26-4_234-500_processed,A,M432A,10,0,3.785956884138847,2.4839824262174384,0.2684486,0.49372983129479464,432,M,A,M
Q86Y26-4_234-500_processed,A,M432C,10,1,3.785956884138847,4.335140045203785,0.28730524,0.7287299055732921,432,M,C,M
Q86Y26-4_234-500_processed,A,M432D,10,2,3.785956884138847,2.8246796259135976,0.2273927,-0.05773100317721325,432,M,D,M
Q86Y26-4_234-500_processed,A,M432E,10,3,3.785956884138847,2.712832422359037,0.23453614,0.04281923646384467,432,M,E,M
Q86Y26-4_234-500_processed,A,M432F,10,4,3.785956884138847,3.2079371983380796,0.22329968,-0.11634962322278397,432,M,F,M
Q86Y26-4_234-500_processed,A,M432G,10,5,3.785956884138847,2.5602131485714543,0.28712824,0.7265685002605584,432,M,G,M
Q86Y26-4_234-500_processed,A,M432H,10,6,3.785956884138847,3.772712370515455,0.21504901,-0.2368882659169863,432,M,H,M
Q86Y26-4_234-500_processed,A,M432I,10,7,3.785956884138847,2.8540177271228053,0.2275527,-0.055454857940120394,432,M,I,M
Q86Y26-4_234-500_processed,A,M432K,10,8,3.785956884138847,2.828313162223749,0.23949958,0.11143755078250883,432,M,K,M
Q86Y26-4_234-500_processed,A,M432L,10,9,3.785956884138847,2.4331137753126835,0.21292217,-0.26850108416434426,432,M,L,M
Q86Y26-4_234-500_processed,A,M432M,10,10,3.785956884138847,3.785956884138847,0.23160057,0.0017612620243778743,432,M,M,M
Q86Y26-4_234-500_processed,A,M432N,10,11,3.785956884138847,3.127101928086014,0.2242607,-0.10251820009316626,432,M,N,M
Q86Y26-4_234-500_processed,A,M432P,10,12,3.785956884138847,3.0805551433480183,0.35848835,1.545172058394744,432,M,P,M
Q86Y26-4_234-500_processed,A,M432Q,10,13,3.785956884138847,3.3385149556513554,0.2460926,0.2010958828574716,432,M,Q,M
Q86Y26-4_234-500_processed,A,M432R,10,14,3.785956884138847,3.0355669859078964,0.2220175,-0.13486960286037408,432,M,R,M
Q86Y26-4_234-500_processed,A,M432S,10,15,3.785956884138847,2.8445017352648363,0.25266358,0.2888586222992462,432,M,S,M
Q86Y26-4_234-500_processed,A,M432T,10,16,3.785956884138847,2.8968826778292005,0.24076481,0.12877244045444658,432,M,T,M
Q86Y26-4_234-500_processed,A,M432V,10,17,3.785956884138847,2.623741420309898,0.23873281,0.1009015076709252,432,M,V,M
Q86Y26-4_234-500_processed,A,M432W,10,18,3.785956884138847,4.250501482991098,0.21371543,-0.2566834681563568,432,M,W,M
Q86Y26-4_234-500_processed,A,M432Y,10,19,3.785956884138847,3.311579602010778,0.23083214,-0.009046058639302634,432,M,Y,M
Q86Y26-4_234-500_processed,A,Y433A,19,0,3.311579602010778,2.4839824262174384,0.30356485,0.9240514112816328,433,Y,A,Y
Q86Y26-4_234-500_processed,A,Y433C,19,1,3.311579602010778,4.335140045203785,0.34174207,1.3611485482520203,433,Y,C,Y
Q86Y26-4_234-500_processed,A,Y433D,19,2,3.311579602010778,2.8246796259135976,0.2818504,0.6617462947690916,433,Y,D,Y
Q86Y26-4_234-500_processed,A,Y433E,19,3,3.311579602010778,2.712832422359037,0.27207318,0.539676376132574,433,Y,E,Y
Q86Y26-4_234-500_processed,A,Y433F,19,4,3.311579602010778,3.2079371983380796,0.224125,-0.10446876287098339,433,Y,F,Y
Q86Y26-4_234-500_processed,A,Y433G,19,5,3.311579602010778,2.5602131485714543,0.3703494,1.6732046321639942,433,Y,G,Y
Q86Y26-4_234-500_processed,A,Y433H,19,6,3.311579602010778,3.772712370515455,0.23779261,0.08795057354759328,433,Y,H,Y
Q86Y26-4_234-500_processed,A,Y433I,19,7,3.311579602010778,2.8540177271228053,0.23217815,0.009868084614095829,433,Y,I,Y
Q86Y26-4_234-500_processed,A,Y433K,19,8,3.311579602010778,2.828313162223749,0.2764463,0.5946047154855396,433,Y,K,Y
Q86Y26-4_234-500_processed,A,Y433L,19,9,3.311579602010778,2.4331137753126835,0.2194018,-0.17288939582312313,433,Y,L,Y
Q86Y26-4_234-500_processed,A,Y433M,19,10,3.311579602010778,3.785956884138847,0.23792233,0.08973943174236554,433,Y,M,Y
Q86Y26-4_234-500_processed,A,Y433N,19,11,3.311579602010778,3.127101928086014,0.26662728,0.4704941987555422,433,Y,N,Y
Q86Y26-4_234-500_processed,A,Y433P,19,12,3.311579602010778,3.0805551433480183,0.4901591,2.901578233353135,433,Y,P,Y
Q86Y26-4_234-500_processed,A,Y433Q,19,13,3.311579602010778,3.3385149556513554,0.28071675,0.6477272728228839,433,Y,Q,Y
Q86Y26-4_234-500_processed,A,Y433R,19,14,3.311579602010778,3.0355669859078964,0.25332853,0.29765476295071813,433,Y,R,Y
Q86Y26-4_234-500_processed,A,Y433S,19,15,3.311579602010778,2.8445017352648363,0.30247992,0.9112090160651076,433,Y,S,Y
Q86Y26-4_234-500_processed,A,Y433T,19,16,3.311579602010778,2.8968826778292005,0.27106318,0.5269121561656106,433,Y,T,Y
Q86Y26-4_234-500_processed,A,Y433V,19,17,3.311579602010778,2.623741420309898,0.24235034,0.15040818948006518,433,Y,V,Y
Q86Y26-4_234-500_processed,A,Y433W,19,18,3.311579602010778,4.250501482991098,0.21368219,-0.25717808471673487,433,Y,W,Y
Q86Y26-4_234-500_processed,A,Y433Y,19,19,3.311579602010778,3.311579602010778,0.23113616,-0.004767323128802015,433,Y,Y,Y
Q86Y26-4_234-500_processed,A,P434A,12,0,3.0805551433480183,2.4839824262174384,0.24030535,0.12248456471665004,434,P,A,P
Q86Y26-4_234-500_processed,A,P434C,12,1,3.0805551433480183,4.335140045203785,0.2956496,0.8297473815052758,434,P,C,P
Q86Y26-4_234-500_processed,A,P434D,12,2,3.0805551433480183,2.8246796259135976,0.23429829,0.03950589804718185,434,P,D,P
Q86Y26-4_234-500_processed,A,P434E,12,3,3.0805551433480183,2.712832422359037,0.22212268,-0.13334739916864125,434,P,E,P
Q86Y26-4_234-500_processed,A,P434F,12,4,3.0805551433480183,3.2079371983380796,0.20570333,-0.3775550690577478,434,P,F,P
Q86Y26-4_234-500_processed,A,P434G,12,5,3.0805551433480183,2.5602131485714543,0.3032183,0.9199521751509732,434,P,G,P
Q86Y26-4_234-500_processed,A,P434H,12,6,3.0805551433480183,3.772712370515455,0.2134747,-0.26026632675645145,434,P,H,P
Q86Y26-4_234-500_processed,A,P434I,12,7,3.0805551433480183,2.8540177271228053,0.19993374,-0.46677138277161745,434,P,I,P
Q86Y26-4_234-500_processed,A,P434K,12,8,3.0805551433480183,2.828313162223749,0.22391894,-0.10743208918492286,434,P,K,P
Q86Y26-4_234-500_processed,A,P434L,12,9,3.0805551433480183,2.4331137753126835,0.19217512,-0.5898456548742825,434,P,L,P
Q86Y26-4_234-500_processed,A,P434M,12,10,3.0805551433480183,3.785956884138847,0.20793241,-0.3435840954450303,434,P,M,P
Q86Y26-4_234-500_processed,A,P434N,12,11,3.0805551433480183,3.127101928086014,0.23381312,0.03274016459349771,434,P,N,P
Q86Y26-4_234-500_processed,A,P434P,12,12,3.0805551433480183,3.0805551433480183,0.35637248,1.5221407081107698,434,P,P,P
Q86Y26-4_234-500_processed,A,P434Q,12,13,3.0805551433480183,3.3385149556513554,0.23051922,-0.013454328718961461,434,P,Q,P
Q86Y26-4_234-500_processed,A,P434R,12,14,3.0805551433480183,3.0355669859078964,0.20300807,-0.4189970442189467,434,P,R,P
Q86Y26-4_234-500_processed,A,P434S,12,15,3.0805551433480183,2.8445017352648363,0.2574861,0.3523104324850085,434,P,S,P
Q86Y26-4_234-500_processed,A,P434T,12,16,3.0805551433480183,2.8968826778292005,0.23665349,0.0722123607185643,434,P,T,P
Q86Y26-4_234-500_processed,A,P434V,12,17,3.0805551433480183,2.623741420309898,0.20535369,-0.3829082492364594,434,P,V,P
Q86Y26-4_234-500_processed,A,P434W,12,18,3.0805551433480183,4.250501482991098,0.18137962,-0.7675707553237071,434,P,W,P
Q86Y26-4_234-500_processed,A,P434Y,12,19,3.0805551433480183,3.311579602010778,0.20934322,-0.32222208097520966,434,P,Y,P
Q86Y26-4_234-500_processed,A,D435A,2,0,2.8246796259135976,2.4839824262174384,0.302622,0.9128921716468696,435,D,A,D
Q86Y26-4_234-500_processed,A,D435C,2,1,2.8246796259135976,4.335140045203785,0.34615535,1.4100446439233072,435,D,C,D
Q86Y26-4_234-500_processed,A,D435D,2,2,2.8246796259135976,2.8246796259135976,0.2571342,0.34770678453340864,435,D,D,D
Q86Y26-4_234-500_processed,A,D435E,2,3,2.8246796259135976,2.712832422359037,0.27380306,0.5614695496756025,435,D,E,D
Q86Y26-4_234-500_processed,A,D435F,2,4,2.8246796259135976,3.2079371983380796,0.29288778,0.7965003446807175,435,D,F,D
Q86Y26-4_234-500_processed,A,D435G,2,5,2.8246796259135976,2.5602131485714543,0.3404213,1.3464565556091028,435,D,G,D
Q86Y26-4_234-500_processed,A,D435H,2,6,2.8246796259135976,3.772712370515455,0.26624718,0.465632317002162,435,D,H,D
Q86Y26-4_234-500_processed,A,D435I,2,7,2.8246796259135976,2.8540177271228053,0.2770012,0.6015357160482121,435,D,I,D
Q86Y26-4_234-500_processed,A,D435K,2,8,2.8246796259135976,2.828313162223749,0.29429698,0.8134872391267447,435,D,K,D
Q86Y26-4_234-500_processed,A,D435L,2,9,2.8246796259135976,2.4331137753126835,0.26081508,0.3956588785674725,435,D,L,D
Q86Y26-4_234-500_processed,A,D435M,2,10,2.8246796259135976,3.785956884138847,0.28811195,0.7385711950095427,435,D,M,D
Q86Y26-4_234-500_processed,A,D435N,2,11,2.8246796259135976,3.127101928086014,0.26361632,0.4318586083384679,435,D,N,D
Q86Y26-4_234-500_processed,A,D435P,2,12,2.8246796259135976,3.0805551433480183,0.36324182,1.5966970740269262,435,D,P,D
Q86Y26-4_234-500_processed,A,D435Q,2,13,2.8246796259135976,3.3385149556513554,0.29944015,0.8750868548605023,435,D,Q,D
Q86Y26-4_234-500_processed,A,D435R,2,14,2.8246796259135976,3.0355669859078964,0.28049597,0.6449930934388404,435,D,R,D
Q86Y26-4_234-500_processed,A,D435S,2,15,2.8246796259135976,2.8445017352648363,0.29832166,0.8617430679025717,435,D,S,D
Q86Y26-4_234-500_processed,A,D435T,2,16,2.8246796259135976,2.8968826778292005,0.29508144,0.8229227286137253,435,D,T,D
Q86Y26-4_234-500_processed,A,D435V,2,17,2.8246796259135976,2.623741420309898,0.2823755,0.6682284133199579,435,D,V,D
Q86Y26-4_234-500_processed,A,D435W,2,18,2.8246796259135976,4.250501482991098,0.2721337,0.5404403813755082,435,D,W,D
Q86Y26-4_234-500_processed,A,D435Y,2,19,2.8246796259135976,3.311579602010778,0.29547805,0.8276876150085191,435,D,Y,D
Q86Y26-4_234-500_processed,A,P436A,12,0,3.0805551433480183,2.4839824262174384,0.22159626,-0.14097070472984807,436,P,A,P
Q86Y26-4_234-500_processed,A,P436C,12,1,3.0805551433480183,4.335140045203785,0.27956724,0.6334768934841639,436,P,C,P
Q86Y26-4_234-500_processed,A,P436D,12,2,3.0805551433480183,2.8246796259135976,0.19788058,-0.49898443916485347,436,P,D,P
Q86Y26-4_234-500_processed,A,P436E,12,3,3.0805551433480183,2.712832422359037,0.19309781,-0.5750139482117528,436,P,E,P
Q86Y26-4_234-500_processed,A,P436F,12,4,3.0805551433480183,3.2079371983380796,0.19324102,-0.5727169386244924,436,P,F,P
Q86Y26-4_234-500_processed,A,P436G,12,5,3.0805551433480183,2.5602131485714543,0.2569078,0.34474272363013203,436,P,G,P
Q86Y26-4_234-500_processed,A,P436H,12,6,3.0805551433480183,3.772712370515455,0.19040018,-0.6185299692543128,436,P,H,P
Q86Y26-4_234-500_processed,A,P436I,12,7,3.0805551433480183,2.8540177271228053,0.20375559,-0.4074625388140174,436,P,I,P
Q86Y26-4_234-500_processed,A,P436K,12,8,3.0805551433480183,2.828313162223749,0.20767017,-0.34756668719050254,436,P,K,P
Q86Y26-4_234-500_processed,A,P436L,12,9,3.0805551433480183,2.4331137753126835,0.1871672,-0.6713077799531059,436,P,L,P
Q86Y26-4_234-500_processed,A,P436M,12,10,3.0805551433480183,3.785956884138847,0.20843014,-0.3360355143489868,436,P,M,P
Q86Y26-4_234-500_processed,A,P436N,12,11,3.0805551433480183,3.127101928086014,0.21868421,-0.1833766873781989,436,P,N,P
Q86Y26-4_234-500_processed,A,P436P,12,12,3.0805551433480183,3.0805551433480183,0.2682012,0.49057960823548186,436,P,P,P
Q86Y26-4_234-500_processed,A,P436Q,12,13,3.0805551433480183,3.3385149556513554,0.21758282,-0.19952126513743673,436,P,Q,P
Q86Y26-4_234-500_processed,A,P436R,12,14,3.0805551433480183,3.0355669859078964,0.20393442,-0.404707803435142,436,P,R,P
Q86Y26-4_234-500_processed,A,P436S,12,15,3.0805551433480183,2.8445017352648363,0.2166346,-0.2134679563802605,436,P,S,P
Q86Y26-4_234-500_processed,A,P436T,12,16,3.0805551433480183,2.8968826778292005,0.21254063,-0.27419656596918696,436,P,T,P
Q86Y26-4_234-500_processed,A,P436V,12,17,3.0805551433480183,2.623741420309898,0.21203281,-0.2817885649094365,436,P,V,P
Q86Y26-4_234-500_processed,A,P436W,12,18,3.0805551433480183,4.250501482991098,0.15948218,-1.1552148861137723,436,P,W,P
Q86Y26-4_234-500_processed,A,P436Y,12,19,3.0805551433480183,3.311579602010778,0.1950717,-0.5434650986212425,436,P,Y,P
Q86Y26-4_234-500_processed,A,G437A,5,0,2.5602131485714543,2.4839824262174384,0.22995389,-0.021429033504506978,437,G,A,G
Q86Y26-4_234-500_processed,A,G437C,5,1,2.5602131485714543,4.335140045203785,0.2715343,0.5328697355005965,437,G,C,G
Q86Y26-4_234-500_processed,A,G437D,5,2,2.5602131485714543,2.8246796259135976,0.22640616,-0.0717911098240892,437,G,D,G
Q86Y26-4_234-500_processed,A,G437E,5,3,2.5602131485714543,2.712832422359037,0.21397816,-0.25277661421566955,437,G,E,G
Q86Y26-4_234-500_processed,A,G437F,5,4,2.5602131485714543,3.2079371983380796,0.20107503,-0.4489722495952475,437,G,F,G
Q86Y26-4_234-500_processed,A,G437G,5,5,2.5602131485714543,2.5602131485714543,0.27526626,0.5798362868544438,437,G,G,G
Q86Y26-4_234-500_processed,A,G437H,5,6,2.5602131485714543,3.772712370515455,0.20160903,-0.4406702141976854,437,G,H,G
Q86Y26-4_234-500_processed,A,G437I,5,7,2.5602131485714543,2.8540177271228053,0.2258668,-0.0794963444527641,437,G,I,G
Q86Y26-4_234-500_processed,A,G437K,5,8,2.5602131485714543,2.828313162223749,0.2054898,-0.38082357571356973,437,G,K,G
Q86Y26-4_234-500_processed,A,G437L,5,9,2.5602131485714543,2.4331137753126835,0.198239,-0.49334298368434504,437,G,L,G
Q86Y26-4_234-500_processed,A,G437M,5,10,2.5602131485714543,3.785956884138847,0.21756458,-0.19978911516698783,437,G,M,G
Q86Y26-4_234-500_processed,A,G437N,5,11,2.5602131485714543,3.127101928086014,0.21975407,-0.16775026791560177,437,G,N,G
Q86Y26-4_234-500_processed,A,G437P,5,12,2.5602131485714543,3.0805551433480183,0.67727023,4.853137550653586,437,G,P,G
Q86Y26-4_234-500_processed,A,G437Q,5,13,2.5602131485714543,3.3385149556513554,0.23293228,0.02043175767198202,437,G,Q,G
Q86Y26-4_234-500_processed,A,G437R,5,14,2.5602131485714543,3.0355669859078964,0.19410016,-0.5589629378703054,437,G,R,G
Q86Y26-4_234-500_processed,A,G437S,5,15,2.5602131485714543,2.8445017352648363,0.24458086,0.18068312253664398,437,G,S,G
Q86Y26-4_234-500_processed,A,G437T,5,16,2.5602131485714543,2.8968826778292005,0.2319766,0.007040736660359759,437,G,T,G
Q86Y26-4_234-500_processed,A,G437V,5,17,2.5602131485714543,2.623741420309898,0.22743751,-0.05709343295152214,437,G,V,G
Q86Y26-4_234-500_processed,A,G437W,5,18,2.5602131485714543,4.250501482991098,0.17218247,-0.9255949129865515,437,G,W,G
Q86Y26-4_234-500_processed,A,G437Y,5,19,2.5602131485714543,3.311579602010778,0.20008884,-0.46434795110879223,437,G,Y,G
Q86Y26-4_234-500_processed,A,L438A,9,0,2.4331137753126835,2.4839824262174384,0.2829883,0.6757836104224707,438,L,A,L
Q86Y26-4_234-500_processed,A,L438C,9,1,2.4331137753126835,4.335140045203785,0.34437576,1.3903639100739342,438,L,C,L
Q86Y26-4_234-500_processed,A,L438D,9,2,2.4331137753126835,2.8246796259135976,0.28967994,0.7576525577059492,438,L,D,L
Q86Y26-4_234-500_processed,A,L438E,9,3,2.4331137753126835,2.712832422359037,0.2604507,0.3909314961086563,438,L,E,L
Q86Y26-4_234-500_processed,A,L438F,9,4,2.4331137753126835,3.2079371983380796,0.24968949,0.2493274239706894,438,L,F,L
Q86Y26-4_234-500_processed,A,L438G,9,5,2.4331137753126835,2.5602131485714543,0.34260553,1.3707387079010074,438,L,G,L
Q86Y26-4_234-500_processed,A,L438H,9,6,2.4331137753126835,3.772712370515455,0.2626774,0.4197528828166541,438,L,H,L
Q86Y26-4_234-500_processed,A,L438I,9,7,2.4331137753126835,2.8540177271228053,0.24560976,0.1945853565749328,438,L,I,L
Q86Y26-4_234-500_processed,A,L438K,9,8,2.4331137753126835,2.828313162223749,0.2696526,0.509035445470643,438,L,K,L
Q86Y26-4_234-500_processed,A,L438L,9,9,2.4331137753126835,2.4331137753126835,0.2280879,-0.04784897678223321,438,L,L,L
Q86Y26-4_234-500_processed,A,L438M,9,10,2.4331137753126835,3.785956884138847,0.2592168,0.3748917410792596,438,L,M,L
Q86Y26-4_234-500_processed,A,L438N,9,11,2.4331137753126835,3.127101928086014,0.28666624,0.720923039002502,438,L,N,L
Q86Y26-4_234-500_processed,A,L438P,9,12,2.4331137753126835,3.0805551433480183,0.57144094,3.719331394416593,438,L,P,L
Q86Y26-4_234-500_processed,A,L438Q,9,13,2.4331137753126835,3.3385149556513554,0.28406674,0.6890556099789432,438,L,Q,L
Q86Y26-4_234-500_processed,A,L438R,9,14,2.4331137753126835,3.0355669859078964,0.26308176,0.4249697613273601,438,L,R,L
Q86Y26-4_234-500_processed,A,L438S,9,15,2.4331137753126835,2.8445017352648363,0.30330908,0.9210262416136596,438,L,S,L
Q86Y26-4_234-500_processed,A,L438T,9,16,2.4331137753126835,2.8968826778292005,0.2861228,0.7142753131357207,438,L,T,L
Q86Y26-4_234-500_processed,A,L438V,9,17,2.4331137753126835,2.623741420309898,0.25576362,0.32973739961276893,438,L,V,L
Q86Y26-4_234-500_processed,A,L438W,9,18,2.4331137753126835,4.250501482991098,0.22320202,-0.11775759080262238,438,L,W,L
Q86Y26-4_234-500_processed,A,L438Y,9,19,2.4331137753126835,3.311579602010778,0.25600153,0.3328611338838594,438,L,Y,L
Q86Y26-4_234-500_processed,A,L439A,9,0,2.4331137753126835,2.4839824262174384,0.39032742,1.8851597060466712,439,L,A,L
Q86Y26-4_234-500_processed,A,L439C,9,1,2.4331137753126835,4.335140045203785,0.41672054,2.1593735170503456,439,L,C,L
Q86Y26-4_234-500_processed,A,L439D,9,2,2.4331137753126835,2.8246796259135976,0.3987,1.9727881789188673,439,L,D,L
Q86Y26-4_234-500_processed,A,L439E,9,3,2.4331137753126835,2.712832422359037,0.36737734,1.6412884174816826,439,L,E,L
Q86Y26-4_234-500_processed,A,L439F,9,4,2.4331137753126835,3.2079371983380796,0.30779928,0.9739297735045451,439,L,F,L
Q86Y26-4_234-500_processed,A,L439G,9,5,2.4331137753126835,2.5602131485714543,0.48583022,2.8582642237377325,439,L,G,L
Q86Y26-4_234-500_processed,A,L439H,9,6,2.4331137753126835,3.772712370515455,0.33887926,1.3292684537976063,439,L,H,L
Q86Y26-4_234-500_processed,A,L439I,9,7,2.4331137753126835,2.8540177271228053,0.26659447,0.47007466673885,439,L,I,L
Q86Y26-4_234-500_processed,A,L439K,9,8,2.4331137753126835,2.828313162223749,0.3621947,1.5853719811634803,439,L,K,L
Q86Y26-4_234-500_processed,A,L439L,9,9,2.4331137753126835,2.4331137753126835,0.25353423,0.3003726723198691,439,L,L,L
Q86Y26-4_234-500_processed,A,L439M,9,10,2.4331137753126835,3.785956884138847,0.29795128,0.8573179624945632,439,L,M,L
Q86Y26-4_234-500_processed,A,L439N,9,11,2.4331137753126835,3.127101928086014,0.3632041,1.5962892590833073,439,L,N,L
Q86Y26-4_234-500_processed,A,L439P,9,12,2.4331137753126835,3.0805551433480183,0.7988195,6.447330969610239,439,L,P,L
Q86Y26-4_234-500_processed,A,L439Q,9,13,2.4331137753126835,3.3385149556513554,0.3570495,1.52951666847039,439,L,Q,L
Q86Y26-4_234-500_processed,A,L439R,9,14,2.4331137753126835,3.0355669859078964,0.32303917,1.150400477088756,439,L,R,L
Q86Y26-4_234-500_processed,A,L439S,9,15,2.4331137753126835,2.8445017352648363,0.42825013,2.2775146288357697,439,L,S,L
Q86Y26-4_234-500_processed,A,L439T,9,16,2.4331137753126835,2.8968826778292005,0.37416938,1.7140720523298154,439,L,T,L
Q86Y26-4_234-500_processed,A,L439V,9,17,2.4331137753126835,2.623741420309898,0.2915487,0.7803143364248138,439,L,V,L
Q86Y26-4_234-500_processed,A,L439W,9,18,2.4331137753126835,4.250501482991098,0.28301585,0.6761228875375708,439,L,W,L
Q86Y26-4_234-500_processed,A,L439Y,9,19,2.4331137753126835,3.311579602010778,0.3265428,1.190341395323496,439,L,Y,L
Q86Y26-4_234-500_processed,A,S440A,15,0,2.8445017352648363,2.4839824262174384,0.20190462,-0.43608169318577694,440,S,A,S
Q86Y26-4_234-500_processed,A,S440C,15,1,2.8445017352648363,4.335140045203785,0.27012855,0.5150738116292675,440,S,C,S
Q86Y26-4_234-500_processed,A,S440D,15,2,2.8445017352648363,2.8246796259135976,0.22453842,-0.09852908906653968,440,S,D,S
Q86Y26-4_234-500_processed,A,S440E,15,3,2.8445017352648363,2.712832422359037,0.20187886,-0.43648143055906197,440,S,E,S
Q86Y26-4_234-500_processed,A,S440F,15,4,2.8445017352648363,3.2079371983380796,0.18939307,-0.6348966272483869,440,S,F,S
Q86Y26-4_234-500_processed,A,S440G,15,5,2.8445017352648363,2.5602131485714543,0.2597891,0.38233762602688015,440,S,G,S
Q86Y26-4_234-500_processed,A,S440H,15,6,2.8445017352648363,3.772712370515455,0.19692385,-0.5140810577712873,440,S,H,S
Q86Y26-4_234-500_processed,A,S440I,15,7,2.8445017352648363,2.8540177271228053,0.18651994,-0.6819582322264445,440,S,I,S
Q86Y26-4_234-500_processed,A,S440K,15,8,2.8445017352648363,2.828313162223749,0.19244051,-0.5855741462934577,440,S,K,S
Q86Y26-4_234-500_processed,A,S440L,15,9,2.8445017352648363,2.4331137753126835,0.1745599,-0.8841217672984553,440,S,L,S
Q86Y26-4_234-500_processed,A,S440M,15,10,2.8445017352648363,3.785956884138847,0.19717589,-0.5100986862948237,440,S,M,S
Q86Y26-4_234-500_processed,A,S440N,15,11,2.8445017352648363,3.127101928086014,0.21420568,-0.24939597582195272,440,S,N,S
Q86Y26-4_234-500_processed,A,S440P,15,12,2.8445017352648363,3.0805551433480183,0.7496208,5.7414772116936685,440,S,P,S
Q86Y26-4_234-500_processed,A,S440Q,15,13,2.8445017352648363,3.3385149556513554,0.21700777,-0.20797401635758328,440,S,Q,S
Q86Y26-4_234-500_processed,A,S440R,15,14,2.8445017352648363,3.0355669859078964,0.17980349,-0.794198553132579,440,S,R,S
Q86Y26-4_234-500_processed,A,S440S,15,15,2.8445017352648363,2.8445017352648363,0.23146422,-0.00015451030829449763,440,S,S,S
Q86Y26-4_234-500_processed,A,S440T,15,16,2.8445017352648363,2.8968826778292005,0.21476983,-0.24102504025217797,440,S,T,S
Q86Y26-4_234-500_processed,A,S440V,15,17,2.8445017352648363,2.623741420309898,0.20374787,-0.4075814821398366,440,S,V,S
Q86Y26-4_234-500_processed,A,S440W,15,18,2.8445017352648363,4.250501482991098,0.16262433,-1.097074967405235,440,S,W,S
Q86Y26-4_234-500_processed,A,S440Y,15,19,2.8445017352648363,3.311579602010778,0.1954264,-0.5378214530511177,440,S,Y,S
Q86Y26-4_234-500_processed,A,Y441A,19,0,3.311579602010778,2.4839824262174384,0.2792467,0.6294966131652685,441,Y,A,Y
Q86Y26-4_234-500_processed,A,Y441C,19,1,3.311579602010778,4.335140045203785,0.34356946,1.3814310203709053,441,Y,C,Y
Q86Y26-4_234-500_processed,A,Y441D,19,2,3.311579602010778,2.8246796259135976,0.31232485,1.0268181986803875,441,Y,D,Y
Q86Y26-4_234-500_processed,A,Y441E,19,3,3.311579602010778,2.712832422359037,0.28106,0.6519757878029677,441,Y,E,Y
Q86Y26-4_234-500_processed,A,Y441F,19,4,3.311579602010778,3.2079371983380796,0.22113748,-0.1476249104569627,441,Y,F,Y
Q86Y26-4_234-500_processed,A,Y441G,19,5,3.311579602010778,2.5602131485714543,0.35601524,1.5182461417425621,441,Y,G,Y
Q86Y26-4_234-500_processed,A,Y441H,19,6,3.311579602010778,3.772712370515455,0.25269473,0.289270938022686,441,Y,H,Y
Q86Y26-4_234-500_processed,A,Y441I,19,7,3.311579602010778,2.8540177271228053,0.2307947,-0.009573361168569439,441,Y,I,Y
Q86Y26-4_234-500_processed,A,Y441K,19,8,3.311579602010778,2.828313162223749,0.26924253,0.5038273017607916,441,Y,K,Y
Q86Y26-4_234-500_processed,A,Y441L,19,9,3.311579602010778,2.4331137753126835,0.20935315,-0.322072188484705,441,Y,L,Y
Q86Y26-4_234-500_processed,A,Y441M,19,10,3.311579602010778,3.785956884138847,0.2476021,0.2213943585892003,441,Y,M,Y
Q86Y26-4_234-500_processed,A,Y441N,19,11,3.311579602010778,3.127101928086014,0.29130977,0.777421754475592,441,Y,N,Y
Q86Y26-4_234-500_processed,A,Y441P,19,12,3.311579602010778,3.0805551433480183,0.8724465,7.806913116852446,441,Y,P,Y
Q86Y26-4_234-500_processed,A,Y441Q,19,13,3.311579602010778,3.3385149556513554,0.28697225,0.7246630088495848,441,Y,Q,Y
Q86Y26-4_234-500_processed,A,Y441R,19,14,3.311579602010778,3.0355669859078964,0.2435997,0.1673888994214756,441,Y,R,Y
Q86Y26-4_234-500_processed,A,Y441S,19,15,3.311579602010778,2.8445017352648363,0.31457648,1.0529757171584992,441,Y,S,Y
Q86Y26-4_234-500_processed,A,Y441T,19,16,3.311579602010778,2.8968826778292005,0.2876788,0.7332892140075187,441,Y,T,Y
Q86Y26-4_234-500_processed,A,Y441V,19,17,3.311579602010778,2.623741420309898,0.2465337,0.20703610552130103,441,Y,V,Y
Q86Y26-4_234-500_processed,A,Y441W,19,18,3.311579602010778,4.250501482991098,0.18846422,-0.6500506856451993,441,Y,W,Y
Q86Y26-4_234-500_processed,A,Y441Y,19,19,3.311579602010778,3.311579602010778,0.22707851,-0.062204120539963714,441,Y,Y,Y
Q86Y26-4_234-500_processed,A,I442A,7,0,2.8540177271228053,2.4839824262174384,0.31919453,1.1063102403657312,442,I,A,I
Q86Y26-4_234-500_processed,A,I442C,7,1,2.8540177271228053,4.335140045203785,0.3698977,1.668360663575214,442,I,C,I
Q86Y26-4_234-500_processed,A,I442D,7,2,2.8540177271228053,2.8246796259135976,0.3322057,1.2544355526573285,442,I,D,I
Q86Y26-4_234-500_processed,A,I442E,7,3,2.8540177271228053,2.712832422359037,0.2936901,0.8061774160443436,442,I,E,I
Q86Y26-4_234-500_processed,A,I442F,7,4,2.8540177271228053,3.2079371983380796,0.24773288,0.22314895772161725,442,I,F,I
Q86Y26-4_234-500_processed,A,I442G,7,5,2.8540177271228053,2.5602131485714543,0.39467034,1.9306940531251828,442,I,G,I
Q86Y26-4_234-500_processed,A,I442H,7,6,2.8540177271228053,3.772712370515455,0.27934715,0.6307443596325132,442,I,H,I
Q86Y26-4_234-500_processed,A,I442I,7,7,2.8540177271228053,2.8540177271228053,0.250164,0.25565549614358696,442,I,I,I
Q86Y26-4_234-500_processed,A,I442K,7,8,2.8540177271228053,2.828313162223749,0.2981973,0.860257584874253,442,I,K,I
Q86Y26-4_234-500_processed,A,I442L,7,9,2.8540177271228053,2.4331137753126835,0.22877963,-0.03803734223938149,442,I,L,I
Q86Y26-4_234-500_processed,A,I442M,7,10,2.8540177271228053,3.785956884138847,0.25402334,0.3068296431353218,442,I,M,I
Q86Y26-4_234-500_processed,A,I442N,7,11,2.8540177271228053,3.127101928086014,0.3153691,1.0621595877424765,442,I,N,I
Q86Y26-4_234-500_processed,A,I442P,7,12,2.8540177271228053,3.0805551433480183,0.7961586,6.406140610711255,442,I,P,I
Q86Y26-4_234-500_processed,A,I442Q,7,13,2.8540177271228053,3.3385149556513554,0.30631986,0.956547253736314,442,I,Q,I
Q86Y26-4_234-500_processed,A,I442R,7,14,2.8540177271228053,3.0355669859078964,0.26300192,0.4239400981815439,442,I,R,I
Q86Y26-4_234-500_processed,A,I442S,7,15,2.8540177271228053,2.8445017352648363,0.35537714,1.5112853723601596,442,I,S,I
Q86Y26-4_234-500_processed,A,I442T,7,16,2.8540177271228053,2.8968826778292005,0.3281197,1.2082456483583417,442,I,T,I
Q86Y26-4_234-500_processed,A,I442V,7,17,2.8540177271228053,2.623741420309898,0.26179764,0.4083845863328073,442,I,V,I
Q86Y26-4_234-500_processed,A,I442W,7,18,2.8540177271228053,4.250501482991098,0.21477328,-0.24097379244080452,442,I,W,I
Q86Y26-4_234-500_processed,A,I442Y,7,19,2.8540177271228053,3.311579602010778,0.2568279,0.3436962913151792,442,I,Y,I
Q86Y26-4_234-500_processed,A,N443A,11,0,3.127101928086014,2.4839824262174384,0.22436877,-0.10096554647413603,443,N,A,N
Q86Y26-4_234-500_processed,A,N443C,11,1,3.127101928086014,4.335140045203785,0.28612003,0.7142413898157254,443,N,C,N
Q86Y26-4_234-500_processed,A,N443D,11,2,3.127101928086014,2.8246796259135976,0.2400266,0.11866570158320766,443,N,D,N
Q86Y26-4_234-500_processed,A,N443E,11,3,3.127101928086014,2.712832422359037,0.21946089,-0.17202702602539643,443,N,E,N
Q86Y26-4_234-500_processed,A,N443F,11,4,3.127101928086014,3.2079371983380796,0.20641355,-0.366701969595134,443,N,F,N
Q86Y26-4_234-500_processed,A,N443G,11,5,3.127101928086014,2.5602131485714543,0.29708105,0.8469085480901856,443,N,G,N
Q86Y26-4_234-500_processed,A,N443H,11,6,3.127101928086014,3.772712370515455,0.21000119,-0.31229567167087635,443,N,H,N
Q86Y26-4_234-500_processed,A,N443I,11,7,3.127101928086014,2.8540177271228053,0.19731075,-0.5079694567406023,443,N,I,N
Q86Y26-4_234-500_processed,A,N443K,11,8,3.127101928086014,2.828313162223749,0.21058258,-0.30354331307221705,443,N,K,N
Q86Y26-4_234-500_processed,A,N443L,11,9,3.127101928086014,2.4331137753126835,0.18505204,-0.7062179848257555,443,N,L,N
Q86Y26-4_234-500_processed,A,N443M,11,10,3.127101928086014,3.785956884138847,0.21213114,-0.28031742675480587,443,N,M,N
Q86Y26-4_234-500_processed,A,N443N,11,11,3.127101928086014,3.127101928086014,0.23013598,-0.018858914136517524,443,N,N,N
Q86Y26-4_234-500_processed,A,N443P,11,12,3.127101928086014,3.0805551433480183,0.82988745,6.9620745263493,443,N,P,N
Q86Y26-4_234-500_processed,A,N443Q,11,13,3.127101928086014,3.3385149556513554,0.23076543,-0.009985508776021446,443,N,Q,N
Q86Y26-4_234-500_processed,A,N443R,11,14,3.127101928086014,3.0355669859078964,0.19623527,-0.5249807746106355,443,N,R,N
Q86Y26-4_234-500_processed,A,N443S,11,15,3.127101928086014,2.8445017352648363,0.25944248,0.3778292620873841,443,N,S,N
Q86Y26-4_234-500_processed,A,N443T,11,16,3.127101928086014,2.8968826778292005,0.23837465,0.09597207541743813,443,N,T,N
Q86Y26-4_234-500_processed,A,N443V,11,17,3.127101928086014,2.623741420309898,0.20584942,-0.3753203387476972,443,N,V,N
Q86Y26-4_234-500_processed,A,N443W,11,18,3.127101928086014,4.250501482991098,0.17624314,-0.8550272142320142,443,N,W,N
Q86Y26-4_234-500_processed,A,N443Y,11,19,3.127101928086014,3.311579602010778,0.20720732,-0.3546047475486386,443,N,Y,N
Q86Y26-4_234-500_processed,A,E444A,3,0,2.712832422359037,2.4839824262174384,0.24266692,0.15471654983239103,444,E,A,E
Q86Y26-4_234-500_processed,A,E444C,3,1,2.712832422359037,4.335140045203785,0.30225214,0.9085094536551838,444,E,C,E
Q86Y26-4_234-500_processed,A,E444D,3,2,2.712832422359037,2.8246796259135976,0.25346833,0.2995021705943557,444,E,D,E
Q86Y26-4_234-500_processed,A,E444E,3,3,2.712832422359037,2.712832422359037,0.23619503,0.06586342075957985,444,E,E,E
Q86Y26-4_234-500_processed,A,E444F,3,4,2.712832422359037,3.2079371983380796,0.20898147,-0.32768952545939034,444,E,F,E
Q86Y26-4_234-500_processed,A,E444G,3,5,2.712832422359037,2.5602131485714543,0.29664358,0.8416690317529254,444,E,G,E
Q86Y26-4_234-500_processed,A,E444H,3,6,2.712832422359037,3.772712370515455,0.21797389,-0.19378213990286997,444,E,H,E
Q86Y26-4_234-500_processed,A,E444I,3,7,2.712832422359037,2.8540177271228053,0.2128504,-0.26957176846387376,444,E,I,E
Q86Y26-4_234-500_processed,A,E444K,3,8,2.712832422359037,2.828313162223749,0.2328721,0.019589568488565523,444,E,K,E
Q86Y26-4_234-500_processed,A,E444L,3,9,2.712832422359037,2.4331137753126835,0.19564383,-0.5343659334491752,444,E,L,E
Q86Y26-4_234-500_processed,A,E444M,3,10,2.712832422359037,3.785956884138847,0.2164659,-0.21595380735151215,444,E,M,E
Q86Y26-4_234-500_processed,A,E444N,3,11,2.712832422359037,3.127101928086014,0.24581425,0.197343682830452,444,E,N,E
Q86Y26-4_234-500_processed,A,E444P,3,12,2.712832422359037,3.0805551433480183,0.8121719,6.66046169977682,444,E,P,E
Q86Y26-4_234-500_processed,A,E444Q,3,13,2.712832422359037,3.3385149556513554,0.23821841,0.09382016139965255,444,E,Q,E
Q86Y26-4_234-500_processed,A,E444R,3,14,2.712832422359037,3.0355669859078964,0.21785396,-0.19554131294188315,444,E,R,E
Q86Y26-4_234-500_processed,A,E444S,3,15,2.712832422359037,2.8445017352648363,0.27137393,0.5308425206268765,444,E,S,E
Q86Y26-4_234-500_processed,A,E444T,3,16,2.712832422359037,2.8968826778292005,0.24619696,0.20250181926528055,444,E,T,E
Q86Y26-4_234-500_processed,A,E444V,3,17,2.712832422359037,2.623741420309898,0.22705884,-0.06248429975557357,444,E,V,E
Q86Y26-4_234-500_processed,A,E444W,3,18,2.712832422359037,4.250501482991098,0.18044195,-0.783390351531929,444,E,W,E
Q86Y26-4_234-500_processed,A,E444Y,3,19,2.712832422359037,3.311579602010778,0.2138059,-0.2553378005503615,444,E,Y,E
Q86Y26-4_234-500_processed,A,L445A,9,0,2.4331137753126835,2.4839824262174384,0.4245451,2.239643555611594,445,L,A,L
Q86Y26-4_234-500_processed,A,L445C,9,1,2.4331137753126835,4.335140045203785,0.45370078,2.5356776543894064,445,L,C,L
Q86Y26-4_234-500_processed,A,L445D,9,2,2.4331137753126835,2.8246796259135976,0.4820685,2.820608153753257,445,L,D,L
Q86Y26-4_234-500_processed,A,L445E,9,3,2.4331137753126835,2.712832422359037,0.42386734,2.232706505311157,445,L,E,L
Q86Y26-4_234-500_processed,A,L445F,9,4,2.4331137753126835,3.2079371983380796,0.321163,1.1289193412735954,445,L,F,L
Q86Y26-4_234-500_processed,A,L445G,9,5,2.4331137753126835,2.5602131485714543,0.5604765,3.6077401395427926,445,L,G,L
Q86Y26-4_234-500_processed,A,L445H,9,6,2.4331137753126835,3.772712370515455,0.37876642,1.763031379825402,445,L,H,L
Q86Y26-4_234-500_processed,A,L445I,9,7,2.4331137753126835,2.8540177271228053,0.29777104,0.8551633705261508,445,L,I,L
Q86Y26-4_234-500_processed,A,L445K,9,8,2.4331137753126835,2.828313162223749,0.41977167,2.1907230685603953,445,L,K,L
Q86Y26-4_234-500_processed,A,L445L,9,9,2.4331137753126835,2.4331137753126835,0.26638976,0.46745651688097634,445,L,L,L
Q86Y26-4_234-500_processed,A,L445M,9,10,2.4331137753126835,3.785956884138847,0.30666888,0.9606522393634567,445,L,M,L
Q86Y26-4_234-500_processed,A,L445N,9,11,2.4331137753126835,3.127101928086014,0.4188618,2.1813811613155507,445,L,N,L
Q86Y26-4_234-500_processed,A,L445P,9,12,2.4331137753126835,3.0805551433480183,0.7808025,6.17587254707983,445,L,P,L
Q86Y26-4_234-500_processed,A,L445Q,9,13,2.4331137753126835,3.3385149556513554,0.39191943,1.9018722759915234,445,L,Q,L
Q86Y26-4_234-500_processed,A,L445R,9,14,2.4331137753126835,3.0355669859078964,0.35713118,1.5304062199808348,445,L,R,L
Q86Y26-4_234-500_processed,A,L445S,9,15,2.4331137753126835,2.8445017352648363,0.4860815,2.8607791397600817,445,L,S,L
Q86Y26-4_234-500_processed,A,L445T,9,16,2.4331137753126835,2.8968826778292005,0.43978497,2.3949130660191718,445,L,T,L
Q86Y26-4_234-500_processed,A,L445V,9,17,2.4331137753126835,2.623741420309898,0.33194578,1.2515057265423446,445,L,V,L
Q86Y26-4_234-500_processed,A,L445W,9,18,2.4331137753126835,4.250501482991098,0.29960054,0.8769980805146488,445,L,W,L
Q86Y26-4_234-500_processed,A,L445Y,9,19,2.4331137753126835,3.311579602010778,0.34864914,1.437544132258059,445,L,Y,L
Q86Y26-4_234-500_processed,A,C446A,1,0,4.335140045203785,2.4839824262174384,0.19741468,-0.5063291695139394,446,C,A,C
Q86Y26-4_234-500_processed,A,C446C,1,1,4.335140045203785,4.335140045203785,0.24290085,0.15789776054648652,446,C,C,C
Q86Y26-4_234-500_processed,A,C446D,1,2,4.335140045203785,2.8246796259135976,0.21295464,-0.268016739373258,446,C,D,C
Q86Y26-4_234-500_processed,A,C446E,1,3,4.335140045203785,2.712832422359037,0.19554755,-0.5358957036662382,446,C,E,C
Q86Y26-4_234-500_processed,A,C446F,1,4,4.335140045203785,3.2079371983380796,0.16384155,-1.0747958965325033,446,C,F,C
Q86Y26-4_234-500_processed,A,C446G,1,5,4.335140045203785,2.5602131485714543,0.26733157,0.47949118028906057,446,C,G,C
Q86Y26-4_234-500_processed,A,C446H,1,6,4.335140045203785,3.772712370515455,0.17522313,-0.8726317987951576,446,C,H,C
Q86Y26-4_234-500_processed,A,C446I,1,7,4.335140045203785,2.8540177271228053,0.15014343,-1.3336913992164827,446,C,I,C
Q86Y26-4_234-500_processed,A,C446K,1,8,4.335140045203785,2.828313162223749,0.18906355,-0.6402662382933522,446,C,K,C
Q86Y26-4_234-500_processed,A,C446L,1,9,4.335140045203785,2.4331137753126835,0.14387581,-1.4586624264615433,446,C,L,C
Q86Y26-4_234-500_processed,A,C446M,1,10,4.335140045203785,3.785956884138847,0.1673016,-1.0121834363764914,446,C,M,C
Q86Y26-4_234-500_processed,A,C446N,1,11,4.335140045203785,3.127101928086014,0.19957002,-0.4724598423237508,446,C,N,C
Q86Y26-4_234-500_processed,A,C446P,1,12,4.335140045203785,3.0805551433480183,0.70568526,5.186298954341013,446,C,P,C
Q86Y26-4_234-500_processed,A,C446Q,1,13,4.335140045203785,3.3385149556513554,0.19833674,-0.4918059507893735,446,C,Q,C
Q86Y26-4_234-500_processed,A,C446R,1,14,4.335140045203785,3.0355669859078964,0.16348374,-1.0813310764293775,446,C,R,C
Q86Y26-4_234-500_processed,A,C446S,1,15,4.335140045203785,2.8445017352648363,0.23022245,-0.01763892219707075,446,C,S,C
Q86Y26-4_234-500_processed,A,C446T,1,16,4.335140045203785,2.8968826778292005,0.20819661,-0.33957560282941834,446,C,T,C
Q86Y26-4_234-500_processed,A,C446V,1,17,4.335140045203785,2.623741420309898,0.16476384,-1.0580033735905725,446,C,V,C
Q86Y26-4_234-500_processed,A,C446W,1,18,4.335140045203785,4.250501482991098,0.13888967,-1.5613568946484329,446,C,W,C
Q86Y26-4_234-500_processed,A,C446Y,1,19,4.335140045203785,3.311579602010778,0.16822352,-0.9956755355685526,446,C,Y,C
Q86Y26-4_234-500_processed,A,S447A,15,0,2.8445017352648363,2.4839824262174384,0.23189108,0.005840591989467736,447,S,A,S
Q86Y26-4_234-500_processed,A,S447C,15,1,2.8445017352648363,4.335140045203785,0.300511,0.8878357564618241,447,S,C,S
Q86Y26-4_234-500_processed,A,S447D,15,2,2.8445017352648363,2.8246796259135976,0.29021212,0.7641149032693384,447,S,D,S
Q86Y26-4_234-500_processed,A,S447E,15,3,2.8445017352648363,2.712832422359037,0.25151452,0.27362234755342607,447,S,E,S
Q86Y26-4_234-500_processed,A,S447F,15,4,2.8445017352648363,3.2079371983380796,0.20418249,-0.4008893590770851,447,S,F,S
Q86Y26-4_234-500_processed,A,S447G,15,5,2.8445017352648363,2.5602131485714543,0.29619747,0.8363213995501708,447,S,G,S
Q86Y26-4_234-500_processed,A,S447H,15,6,2.8445017352648363,3.772712370515455,0.22145551,-0.14301100195248106,447,S,H,S
Q86Y26-4_234-500_processed,A,S447I,15,7,2.8445017352648363,2.8540177271228053,0.21456106,-0.2441209011540757,447,S,I,S
Q86Y26-4_234-500_processed,A,S447K,15,8,2.8445017352648363,2.828313162223749,0.22260886,-0.12631839028336866,447,S,K,S
Q86Y26-4_234-500_processed,A,S447L,15,9,2.8445017352648363,2.4331137753126835,0.17778972,-0.8284867201750945,447,S,L,S
Q86Y26-4_234-500_processed,A,S447M,15,10,2.8445017352648363,3.785956884138847,0.20808522,-0.3412651330342126,447,S,M,S
Q86Y26-4_234-500_processed,A,S447N,15,11,2.8445017352648363,3.127101928086014,0.23916437,0.10683424744280745,447,S,N,S
Q86Y26-4_234-500_processed,A,S447P,15,12,2.8445017352648363,3.0805551433480183,0.86327577,7.606920449785348,447,S,P,S
Q86Y26-4_234-500_processed,A,S447Q,15,13,2.8445017352648363,3.3385149556513554,0.24837166,0.23171071029458867,447,S,Q,S
Q86Y26-4_234-500_processed,A,S447R,15,14,2.8445017352648363,3.0355669859078964,0.19478522,-0.5480287956811586,447,S,R,S
Q86Y26-4_234-500_processed,A,S447S,15,15,2.8445017352648363,2.8445017352648363,0.27573085,0.5856553071557347,447,S,S,S
Q86Y26-4_234-500_processed,A,S447T,15,16,2.8445017352648363,2.8968826778292005,0.25114223,0.26867594733001987,447,S,T,S
Q86Y26-4_234-500_processed,A,S447V,15,17,2.8445017352648363,2.623741420309898,0.23191771,0.006214324101286306,447,S,V,S
Q86Y26-4_234-500_processed,A,S447W,15,18,2.8445017352648363,4.250501482991098,0.17415726,-0.8911141774778875,447,S,W,S
Q86Y26-4_234-500_processed,A,S447Y,15,19,2.8445017352648363,3.311579602010778,0.21433946,-0.24740941788698623,447,S,Y,S
Q86Y26-4_234-500_processed,A,Q448A,13,0,3.3385149556513554,2.4839824262174384,0.2694235,0.5061265418796002,448,Q,A,Q
Q86Y26-4_234-500_processed,A,Q448C,13,1,3.3385149556513554,4.335140045203785,0.29938,0.8743700829416601,448,Q,C,Q
Q86Y26-4_234-500_processed,A,Q448D,13,2,3.3385149556513554,2.8246796259135976,0.24697007,0.21290548338583792,448,Q,D,Q
Q86Y26-4_234-500_processed,A,Q448E,13,3,3.3385149556513554,2.712832422359037,0.25440457,0.31185671375776824,448,Q,E,Q
Q86Y26-4_234-500_processed,A,Q448F,13,4,3.3385149556513554,3.2079371983380796,0.21765147,-0.19851325267620235,448,Q,F,Q
Q86Y26-4_234-500_processed,A,Q448G,13,5,3.3385149556513554,2.5602131485714543,0.34815484,1.4321007171470392,448,Q,G,Q
Q86Y26-4_234-500_processed,A,Q448H,13,6,3.3385149556513554,3.772712370515455,0.22803496,-0.04860080867757299,448,Q,H,Q
Q86Y26-4_234-500_processed,A,Q448I,13,7,3.3385149556513554,2.8540177271228053,0.23795749,0.09022429091430917,448,Q,I,Q
Q86Y26-4_234-500_processed,A,Q448K,13,8,3.3385149556513554,2.828313162223749,0.25431293,0.31064873685909267,448,Q,K,Q
Q86Y26-4_234-500_processed,A,Q448L,13,9,3.3385149556513554,2.4331137753126835,0.19422771,-0.5569248700287815,448,Q,L,Q
Q86Y26-4_234-500_processed,A,Q448M,13,10,3.3385149556513554,3.785956884138847,0.2322964,0.011526154501289576,448,Q,M,Q
Q86Y26-4_234-500_processed,A,Q448N,13,11,3.3385149556513554,3.127101928086014,0.22418025,-0.10367447171865662,448,Q,N,Q
Q86Y26-4_234-500_processed,A,Q448P,13,12,3.3385149556513554,3.0805551433480183,0.6959069,5.06970469064259,448,Q,P,Q
Q86Y26-4_234-500_processed,A,Q448Q,13,13,3.3385149556513554,3.3385149556513554,0.2599213,0.38405606275319415,448,Q,Q,Q
Q86Y26-4_234-500_processed,A,Q448R,13,14,3.3385149556513554,3.0355669859078964,0.23333459,0.02605733933251586,448,Q,R,Q
Q86Y26-4_234-500_processed,A,Q448S,13,15,3.3385149556513554,2.8445017352648363,0.2842163,0.6908940329669729,448,Q,S,Q
Q86Y26-4_234-500_processed,A,Q448T,13,16,3.3385149556513554,2.8968826778292005,0.2697063,0.5097171301332911,448,Q,T,Q
Q86Y26-4_234-500_processed,A,Q448V,13,17,3.3385149556513554,2.623741420309898,0.24657573,0.20760162060878107,448,Q,V,Q
Q86Y26-4_234-500_processed,A,Q448W,13,18,3.3385149556513554,4.250501482991098,0.20615616,-0.3706320001186042,448,Q,W,Q
Q86Y26-4_234-500_processed,A,Q448Y,13,19,3.3385149556513554,3.311579602010778,0.23218721,0.009995134995878785,448,Q,Y,Q
Q86Y26-4_234-500_processed,A,K449A,8,0,2.828313162223749,2.4839824262174384,0.2290069,-0.03481820541846481,449,K,A,K
Q86Y26-4_234-500_processed,A,K449C,8,1,2.828313162223749,4.335140045203785,0.2968003,0.8435463330561482,449,K,C,K
Q86Y26-4_234-500_processed,A,K449D,8,2,2.828313162223749,2.8246796259135976,0.2214037,-0.143762332829806,449,K,D,K
Q86Y26-4_234-500_processed,A,K449E,8,3,2.828313162223749,2.712832422359037,0.2087465,-0.33124460729430316,449,K,E,K
Q86Y26-4_234-500_processed,A,K449F,8,4,2.828313162223749,3.2079371983380796,0.20489289,-0.38997372135827046,449,K,F,K
Q86Y26-4_234-500_processed,A,K449G,8,5,2.828313162223749,2.5602131485714543,0.2776544,0.6096838175887933,449,K,G,K
Q86Y26-4_234-500_processed,A,K449H,8,6,2.828313162223749,3.772712370515455,0.20319296,-0.41614111555127675,449,K,H,K
Q86Y26-4_234-500_processed,A,K449I,8,7,2.828313162223749,2.8540177271228053,0.21776974,-0.1967771736904772,449,K,I,K
Q86Y26-4_234-500_processed,A,K449K,8,8,2.828313162223749,2.828313162223749,0.21410316,-0.2509189211247276,449,K,K,K
Q86Y26-4_234-500_processed,A,K449L,8,9,2.828313162223749,2.4331137753126835,0.1995189,-0.4732598190540921,449,K,L,K
Q86Y26-4_234-500_processed,A,K449M,8,10,2.828313162223749,3.785956884138847,0.21611829,-0.2210805654207909,449,K,M,K
Q86Y26-4_234-500_processed,A,K449N,8,11,2.828313162223749,3.127101928086014,0.23795287,0.09016060459746955,449,K,N,K
Q86Y26-4_234-500_processed,A,K449P,8,12,2.828313162223749,3.0805551433480183,0.24952766,0.24716747946345652,449,K,P,K
Q86Y26-4_234-500_processed,A,K449Q,8,13,2.828313162223749,3.3385149556513554,0.22970559,-0.024935909297097436,449,K,Q,K
Q86Y26-4_234-500_processed,A,K449R,8,14,2.828313162223749,3.0355669859078964,0.207565,-0.34916493024342854,449,K,R,K
Q86Y26-4_234-500_processed,A,K449S,8,15,2.828313162223749,2.8445017352648363,0.227422,-0.05731414477046615,449,K,S,K
Q86Y26-4_234-500_processed,A,K449T,8,16,2.828313162223749,2.8968826778292005,0.22763534,-0.054279599120889976,449,K,T,K
Q86Y26-4_234-500_processed,A,K449V,8,17,2.828313162223749,2.623741420309898,0.22429553,-0.1020177901927799,449,K,V,K
Q86Y26-4_234-500_processed,A,K449W,8,18,2.828313162223749,4.250501482991098,0.17857167,-0.8151366226963197,449,K,W,K
Q86Y26-4_234-500_processed,A,K449Y,8,19,2.828313162223749,3.311579602010778,0.20811583,-0.3408008131029,449,K,Y,K
Q86Y26-4_234-500_processed,A,V450A,17,0,2.623741420309898,2.4839824262174384,0.25558218,0.32735389364317746,450,V,A,V
Q86Y26-4_234-500_processed,A,V450C,17,1,2.623741420309898,4.335140045203785,0.308636,0.9837404413803152,450,V,C,V
Q86Y26-4_234-500_processed,A,V450D,17,2,2.623741420309898,2.8246796259135976,0.2278455,-0.05129216029584549,450,V,D,V
Q86Y26-4_234-500_processed,A,V450E,17,3,2.623741420309898,2.712832422359037,0.21793483,-0.19435497482075792,450,V,E,V
Q86Y26-4_234-500_processed,A,V450F,17,4,2.623741420309898,3.2079371983380796,0.21138829,-0.2914434789530529,450,V,F,V
Q86Y26-4_234-500_processed,A,V450G,17,5,2.623741420309898,2.5602131485714543,0.30568787,0.9491073892707971,450,V,G,V
Q86Y26-4_234-500_processed,A,V450H,17,6,2.623741420309898,3.772712370515455,0.20789677,-0.3441251789771166,450,V,H,V
Q86Y26-4_234-500_processed,A,V450I,17,7,2.623741420309898,2.8540177271228053,0.2179611,-0.193969652682206,450,V,I,V
Q86Y26-4_234-500_processed,A,V450K,17,8,2.623741420309898,2.828313162223749,0.23270333,0.017227126842079832,450,V,K,V
Q86Y26-4_234-500_processed,A,V450L,17,9,2.623741420309898,2.4331137753126835,0.20887594,-0.32928578061924785,450,V,L,V
Q86Y26-4_234-500_processed,A,V450M,17,10,2.623741420309898,3.785956884138847,0.2292702,-0.031091524442250495,450,V,M,V
Q86Y26-4_234-500_processed,A,V450N,17,11,2.623741420309898,3.127101928086014,0.24055547,0.12590849201864596,450,V,N,V
Q86Y26-4_234-500_processed,A,V450P,17,12,2.623741420309898,3.0805551433480183,0.31188443,1.02168978291792,450,V,P,V
Q86Y26-4_234-500_processed,A,V450Q,17,13,2.623741420309898,3.3385149556513554,0.24545352,0.19247682518738374,450,V,Q,V
Q86Y26-4_234-500_processed,A,V450R,17,14,2.623741420309898,3.0355669859078964,0.23009236,-0.01947439301923204,450,V,R,V
Q86Y26-4_234-500_processed,A,V450S,17,15,2.623741420309898,2.8445017352648363,0.2553844,0.3247541830259554,450,V,S,V
Q86Y26-4_234-500_processed,A,V450T,17,16,2.623741420309898,2.8968826778292005,0.24644804,0.2058830158742131,450,V,T,V
Q86Y26-4_234-500_processed,A,V450V,17,17,2.623741420309898,2.623741420309898,0.23513427,0.0511410788686506,450,V,V,V
Q86Y26-4_234-500_processed,A,V450W,17,18,2.623741420309898,4.250501482991098,0.18173206,-0.7616411084312014,450,V,W,V
Q86Y26-4_234-500_processed,A,V450Y,17,19,2.623741420309898,3.311579602010778,0.2123956,-0.27636349633071877,450,V,Y,V
Q86Y26-4_234-500_processed,A,F451A,4,0,3.2079371983380796,2.4839824262174384,0.42724591,2.267258267440702,451,F,A,F
Q86Y26-4_234-500_processed,A,F451C,4,1,3.2079371983380796,4.335140045203785,0.47615212,2.7613401356955607,451,F,C,F
Q86Y26-4_234-500_processed,A,F451D,4,2,3.2079371983380796,2.8246796259135976,0.46091396,2.608340463218935,451,F,D,F
Q86Y26-4_234-500_processed,A,F451E,4,3,3.2079371983380796,2.712832422359037,0.43113586,2.306954093760839,451,F,E,F
Q86Y26-4_234-500_processed,A,F451F,4,4,3.2079371983380796,3.2079371983380796,0.2546769,0.3154447769658436,451,F,F,F
Q86Y26-4_234-500_processed,A,F451G,4,5,3.2079371983380796,2.5602131485714543,0.53829795,3.383731131430342,451,F,G,F
Q86Y26-4_234-500_processed,A,F451H,4,6,3.2079371983380796,3.772712370515455,0.35009027,1.453393846053015,451,F,H,F
Q86Y26-4_234-500_processed,A,F451I,4,7,3.2079371983380796,2.8540177271228053,0.33688214,1.3069510324793783,451,F,I,F
Q86Y26-4_234-500_processed,A,F451K,4,8,3.2079371983380796,2.828313162223749,0.42847157,2.2797753510529004,451,F,K,F
Q86Y26-4_234-500_processed,A,F451L,4,9,3.2079371983380796,2.4331137753126835,0.32712018,1.1969022710479675,451,F,L,F
Q86Y26-4_234-500_processed,A,F451M,4,10,3.2079371983380796,3.785956884138847,0.35953048,1.5564935500759054,451,F,M,F
Q86Y26-4_234-500_processed,A,F451N,4,11,3.2079371983380796,3.127101928086014,0.422422,2.217903206629013,451,F,N,F
Q86Y26-4_234-500_processed,A,F451P,4,12,3.2079371983380796,3.0805551433480183,0.7775301,6.128325989882618,451,F,P,F
Q86Y26-4_234-500_processed,A,F451Q,4,13,3.2079371983380796,3.3385149556513554,0.42517364,2.2460740965866375,451,F,Q,F
Q86Y26-4_234-500_processed,A,F451R,4,14,3.2079371983380796,3.0355669859078964,0.3786325,1.7616083081473932,451,F,R,F
Q86Y26-4_234-500_processed,A,F451S,4,15,3.2079371983380796,2.8445017352648363,0.4884884,2.884863713227727,451,F,S,F
Q86Y26-4_234-500_processed,A,F451T,4,16,3.2079371983380796,2.8968826778292005,0.42590493,2.2535528527128723,451,F,T,F
Q86Y26-4_234-500_processed,A,F451V,4,17,3.2079371983380796,2.623741420309898,0.34110883,1.3541079845104314,451,F,V,F
Q86Y26-4_234-500_processed,A,F451W,4,18,3.2079371983380796,4.250501482991098,0.24314685,0.16124086406606508,451,F,W,F
Q86Y26-4_234-500_processed,A,F451Y,4,19,3.2079371983380796,3.311579602010778,0.2672236,0.4781128400304069,451,F,Y,F
Q86Y26-4_234-500_processed,A,V452A,17,0,2.623741420309898,2.4839824262174384,0.31454673,1.0526308542248464,452,V,A,V
Q86Y26-4_234-500_processed,A,V452C,17,1,2.623741420309898,4.335140045203785,0.35447565,1.5014417771504087,452,V,C,V
Q86Y26-4_234-500_processed,A,V452D,17,2,2.623741420309898,2.8246796259135976,0.36251017,1.588785561592307,452,V,D,V
Q86Y26-4_234-500_processed,A,V452E,17,3,2.623741420309898,2.712832422359037,0.32241872,1.1433038881846935,452,V,E,V
Q86Y26-4_234-500_processed,A,V452F,17,4,2.623741420309898,3.2079371983380796,0.2533888,0.29845114870328093,452,V,F,V
Q86Y26-4_234-500_processed,A,V452G,17,5,2.623741420309898,2.5602131485714543,0.4053009,2.041435326134416,452,V,G,V
Q86Y26-4_234-500_processed,A,V452H,17,6,2.623741420309898,3.772712370515455,0.2924369,0.7910552330813444,452,V,H,V
Q86Y26-4_234-500_processed,A,V452I,17,7,2.623741420309898,2.8540177271228053,0.22305857,-0.11982651406200528,452,V,I,V
Q86Y26-4_234-500_processed,A,V452K,17,8,2.623741420309898,2.828313162223749,0.29774225,0.8548191647567707,452,V,K,V
Q86Y26-4_234-500_processed,A,V452L,17,9,2.623741420309898,2.4331137753126835,0.22068511,-0.154195866628003,452,V,L,V
Q86Y26-4_234-500_processed,A,V452M,17,10,2.623741420309898,3.785956884138847,0.26201957,0.41125478250334246,452,V,M,V
Q86Y26-4_234-500_processed,A,V452N,17,11,2.623741420309898,3.127101928086014,0.33145487,1.2459694297597892,452,V,N,V
Q86Y26-4_234-500_processed,A,V452P,17,12,2.623741420309898,3.0805551433480183,0.7686445,6.001682877862226,452,V,P,V
Q86Y26-4_234-500_processed,A,V452Q,17,13,2.623741420309898,3.3385149556513554,0.31385827,1.0446432692352539,452,V,Q,V
Q86Y26-4_234-500_processed,A,V452R,17,14,2.623741420309898,3.0355669859078964,0.26149458,0.40446274918682135,452,V,R,V
Q86Y26-4_234-500_processed,A,V452S,17,15,2.623741420309898,2.8445017352648363,0.3588178,1.5487525447929853,452,V,S,V
Q86Y26-4_234-500_processed,A,V452T,17,16,2.623741420309898,2.8968826778292005,0.32093987,1.1263602458857773,452,V,T,V
Q86Y26-4_234-500_processed,A,V452V,17,17,2.623741420309898,2.623741420309898,0.23561914,0.05787632445621749,452,V,V,V
Q86Y26-4_234-500_processed,A,V452W,17,18,2.623741420309898,4.250501482991098,0.22092094,-0.15076914328828683,452,V,W,V
Q86Y26-4_234-500_processed,A,V452Y,17,19,2.623741420309898,3.311579602010778,0.27227995,0.5422858182383669,452,V,Y,V
Q86Y26-4_234-500_processed,A,S453A,15,0,2.8445017352648363,2.4839824262174384,0.22693193,-0.06429250473780845,453,S,A,S
Q86Y26-4_234-500_processed,A,S453C,15,1,2.8445017352648363,4.335140045203785,0.28086185,0.6495236321120623,453,S,C,S
Q86Y26-4_234-500_processed,A,S453D,15,2,2.8445017352648363,2.8246796259135976,0.23004171,-0.020189225000825095,453,S,D,S
Q86Y26-4_234-500_processed,A,S453E,15,3,2.8445017352648363,2.712832422359037,0.21700591,-0.2080014219215448,453,S,E,S
Q86Y26-4_234-500_processed,A,S453F,15,4,2.8445017352648363,3.2079371983380796,0.20663139,-0.36337862118906106,453,S,F,S
Q86Y26-4_234-500_processed,A,S453G,15,5,2.8445017352648363,2.5602131485714543,0.27770746,0.6103450208409485,453,S,G,S
Q86Y26-4_234-500_processed,A,S453H,15,6,2.8445017352648363,3.772712370515455,0.20479558,-0.39146719426755017,453,S,H,S
Q86Y26-4_234-500_processed,A,S453I,15,7,2.8445017352648363,2.8540177271228053,0.21678124,-0.21130821950357648,453,S,I,S
Q86Y26-4_234-500_processed,A,S453K,15,8,2.8445017352648363,2.828313162223749,0.21409717,-0.25100792357677093,453,S,K,S
Q86Y26-4_234-500_processed,A,S453L,15,9,2.8445017352648363,2.4331137753126835,0.19272327,-0.5810279213261965,453,S,L,S
Q86Y26-4_234-500_processed,A,S453M,15,10,2.8445017352648363,3.785956884138847,0.21521641,-0.23440974906705936,453,S,M,S
Q86Y26-4_234-500_processed,A,S453N,15,11,2.8445017352648363,3.127101928086014,0.2268442,-0.06554276413753501,453,S,N,S
Q86Y26-4_234-500_processed,A,S453P,15,12,2.8445017352648363,3.0805551433480183,0.55029607,3.504667505685227,453,S,P,S
Q86Y26-4_234-500_processed,A,S453Q,15,13,2.8445017352648363,3.3385149556513554,0.22638845,-0.07204379940460137,453,S,Q,S
Q86Y26-4_234-500_processed,A,S453R,15,14,2.8445017352648363,3.0355669859078964,0.20062065,-0.45604948724940586,453,S,R,S
Q86Y26-4_234-500_processed,A,S453S,15,15,2.8445017352648363,2.8445017352648363,0.24487156,0.18461489167052314,453,S,S,S
Q86Y26-4_234-500_processed,A,S453T,15,16,2.8445017352648363,2.8968826778292005,0.23348251,0.02812413444378492,453,S,T,S
Q86Y26-4_234-500_processed,A,S453V,15,17,2.8445017352648363,2.623741420309898,0.21993275,-0.1651457922119548,453,S,V,S
Q86Y26-4_234-500_processed,A,S453W,15,18,2.8445017352648363,4.250501482991098,0.18177423,-0.7609322160941046,453,S,W,S
Q86Y26-4_234-500_processed,A,S453Y,15,19,2.8445017352648363,3.311579602010778,0.21002327,-0.31196290227745116,453,S,Y,S
Q86Y26-4_234-500_processed,A,K454A,8,0,2.828313162223749,2.4839824262174384,0.24759121,0.22124818059336637,454,K,A,K
Q86Y26-4_234-500_processed,A,K454C,8,1,2.828313162223749,4.335140045203785,0.30550867,0.9469962365966839,454,K,C,K
Q86Y26-4_234-500_processed,A,K454D,8,2,2.828313162223749,2.8246796259135976,0.27843276,0.6193775218332944,454,K,D,K
Q86Y26-4_234-500_processed,A,K454E,8,3,2.828313162223749,2.712832422359037,0.24707533,0.2143202736584715,454,K,E,K
Q86Y26-4_234-500_processed,A,K454F,8,4,2.828313162223749,3.2079371983380796,0.22784273,-0.05133154524224304,454,K,F,K
Q86Y26-4_234-500_processed,A,K454G,8,5,2.828313162223749,2.5602131485714543,0.31257787,1.0297627015132194,454,K,G,K
Q86Y26-4_234-500_processed,A,K454H,8,6,2.828313162223749,3.772712370515455,0.23340252,0.027006633368618638,454,K,H,K
Q86Y26-4_234-500_processed,A,K454I,8,7,2.828313162223749,2.8540177271228053,0.20985918,-0.3144361591044531,454,K,I,K
Q86Y26-4_234-500_processed,A,K454K,8,8,2.828313162223749,2.828313162223749,0.23619805,0.06590533880328653,454,K,K,K
Q86Y26-4_234-500_processed,A,K454L,8,9,2.828313162223749,2.4331137753126835,0.19612493,-0.5267301035953803,454,K,L,K
Q86Y26-4_234-500_processed,A,K454M,8,10,2.828313162223749,3.785956884138847,0.22822122,-0.04595629296271775,454,K,M,K
Q86Y26-4_234-500_processed,A,K454N,8,11,2.828313162223749,3.127101928086014,0.25873515,0.3686174207625237,454,K,N,K
Q86Y26-4_234-500_processed,A,K454P,8,12,2.828313162223749,3.0805551433480183,0.828334,6.934663856341594,454,K,P,K
Q86Y26-4_234-500_processed,A,K454Q,8,13,2.828313162223749,3.3385149556513554,0.25409102,0.30772247614326453,454,K,Q,K
Q86Y26-4_234-500_processed,A,K454R,8,14,2.828313162223749,3.0355669859078964,0.21477272,-0.2409821864378342,454,K,R,K
Q86Y26-4_234-500_processed,A,K454S,8,15,2.828313162223749,2.8445017352648363,0.2820218,0.6638628018165404,454,K,S,K
Q86Y26-4_234-500_processed,A,K454T,8,16,2.828313162223749,2.8968826778292005,0.25610018,0.33415577273505803,454,K,T,K
Q86Y26-4_234-500_processed,A,K454V,8,17,2.828313162223749,2.623741420309898,0.22521175,-0.08887167503372817,454,K,V,K
Q86Y26-4_234-500_processed,A,K454W,8,18,2.828313162223749,4.250501482991098,0.19609259,-0.5272428770906179,454,K,W,K
Q86Y26-4_234-500_processed,A,K454Y,8,19,2.828313162223749,3.311579602010778,0.23064032,-0.011747831498916672,454,K,Y,K
Q86Y26-4_234-500_processed,A,V455A,17,0,2.623741420309898,2.4839824262174384,0.30272487,0.9141107414061511,455,V,A,V
Q86Y26-4_234-500_processed,A,V455C,17,1,2.623741420309898,4.335140045203785,0.33542663,1.2906448793519003,455,V,C,V
Q86Y26-4_234-500_processed,A,V455D,17,2,2.623741420309898,2.8246796259135976,0.3190213,1.1043172744790335,455,V,D,V
Q86Y26-4_234-500_processed,A,V455E,17,3,2.623741420309898,2.712832422359037,0.28813213,0.7388171166543602,455,V,E,V
Q86Y26-4_234-500_processed,A,V455F,17,4,2.623741420309898,3.2079371983380796,0.2409366,0.13112140604362776,455,V,F,V
Q86Y26-4_234-500_processed,A,V455G,17,5,2.623741420309898,2.5602131485714543,0.37875053,1.7628626101210245,455,V,G,V
Q86Y26-4_234-500_processed,A,V455H,17,6,2.623741420309898,3.772712370515455,0.259666,0.3807368310614523,455,V,H,V
Q86Y26-4_234-500_processed,A,V455I,17,7,2.623741420309898,2.8540177271228053,0.20514901,-0.3860451776641738,455,V,I,V
Q86Y26-4_234-500_processed,A,V455K,17,8,2.623741420309898,2.828313162223749,0.28768775,0.7333982886035328,455,V,K,V
Q86Y26-4_234-500_processed,A,V455L,17,9,2.623741420309898,2.4331137753126835,0.21014267,-0.31016410199453726,455,V,L,V
Q86Y26-4_234-500_processed,A,V455M,17,10,2.623741420309898,3.785956884138847,0.24866436,0.23562895477204804,455,V,M,V
Q86Y26-4_234-500_processed,A,V455N,17,11,2.623741420309898,3.127101928086014,0.30173063,0.9023243342196524,455,V,N,V
Q86Y26-4_234-500_processed,A,V455P,17,12,2.623741420309898,3.0805551433480183,0.74116415,5.630070093873383,455,V,P,V
Q86Y26-4_234-500_processed,A,V455Q,17,13,2.623741420309898,3.3385149556513554,0.28027546,0.6422609248163266,455,V,Q,V
Q86Y26-4_234-500_processed,A,V455R,17,14,2.623741420309898,3.0355669859078964,0.25871563,0.3683629644424674,455,V,R,V
Q86Y26-4_234-500_processed,A,V455S,17,15,2.623741420309898,2.8445017352648363,0.33442625,1.279417361070609,455,V,S,V
Q86Y26-4_234-500_processed,A,V455T,17,16,2.623741420309898,2.8968826778292005,0.28811792,0.7386438464884809,455,V,T,V
Q86Y26-4_234-500_processed,A,V455V,17,17,2.623741420309898,2.623741420309898,0.22395292,-0.10694335399678068,455,V,V,V
Q86Y26-4_234-500_processed,A,V455W,17,18,2.623741420309898,4.250501482991098,0.21618395,-0.2201118085692788,455,V,W,V
Q86Y26-4_234-500_processed,A,V455Y,17,19,2.623741420309898,3.311579602010778,0.24950418,0.24685395127768683,455,V,Y,V
Q86Y26-4_234-500_processed,A,E456A,3,0,2.712832422359037,2.4839824262174384,0.23630877,0.06743932542062847,456,E,A,E
Q86Y26-4_234-500_processed,A,E456C,3,1,2.712832422359037,4.335140045203785,0.2889681,0.7489973481445136,456,E,C,E
Q86Y26-4_234-500_processed,A,E456D,3,2,2.712832422359037,2.8246796259135976,0.25512835,0.3213871259481843,456,E,D,E
Q86Y26-4_234-500_processed,A,E456E,3,3,2.712832422359037,2.712832422359037,0.23801816,0.09106055717778894,456,E,E,E
Q86Y26-4_234-500_processed,A,E456F,3,4,2.712832422359037,3.2079371983380796,0.208207,-0.3394180979891648,456,E,F,E
Q86Y26-4_234-500_processed,A,E456G,3,5,2.712832422359037,2.5602131485714543,0.29859987,0.8650648049411563,456,E,G,E
Q86Y26-4_234-500_processed,A,E456H,3,6,2.712832422359037,3.772712370515455,0.22591896,-0.07875049937051626,456,E,H,E
Q86Y26-4_234-500_processed,A,E456I,3,7,2.712832422359037,2.8540177271228053,0.19934142,-0.47603900948948397,456,E,I,E
Q86Y26-4_234-500_processed,A,E456K,3,8,2.712832422359037,2.828313162223749,0.23635408,0.06806702255861385,456,E,K,E
Q86Y26-4_234-500_processed,A,E456L,3,9,2.712832422359037,2.4331137753126835,0.1884447,-0.6503697748375953,456,E,L,E
Q86Y26-4_234-500_processed,A,E456M,3,10,2.712832422359037,3.785956884138847,0.20935148,-0.32209739526485703,456,E,M,E
Q86Y26-4_234-500_processed,A,E456N,3,11,2.712832422359037,3.127101928086014,0.24478273,0.18341380787006312,456,E,N,E
Q86Y26-4_234-500_processed,A,E456P,3,12,2.712832422359037,3.0805551433480183,0.6534012,4.585058507474961,456,E,P,E
Q86Y26-4_234-500_processed,A,E456Q,3,13,2.712832422359037,3.3385149556513554,0.24038008,0.12350781622392781,456,E,Q,E
Q86Y26-4_234-500_processed,A,E456R,3,14,2.712832422359037,3.0355669859078964,0.21388537,-0.25415605631602,456,E,R,E
Q86Y26-4_234-500_processed,A,E456S,3,15,2.712832422359037,2.8445017352648363,0.26982838,0.5112663014379082,456,E,S,E
Q86Y26-4_234-500_processed,A,E456T,3,16,2.712832422359037,2.8968826778292005,0.24343522,0.16515675900069915,456,E,T,E
Q86Y26-4_234-500_processed,A,E456V,3,17,2.712832422359037,2.623741420309898,0.21644522,-0.2162586791151333,456,E,V,E
Q86Y26-4_234-500_processed,A,E456W,3,18,2.712832422359037,4.250501482991098,0.18446779,-0.7159150838432832,456,E,W,E
Q86Y26-4_234-500_processed,A,E456Y,3,19,2.712832422359037,3.311579602010778,0.21644385,-0.21627888749872537,456,E,Y,E
Q86Y26-4_234-500_processed,A,A457A,0,0,2.4839824262174384,2.4839824262174384,0.2464265,0.20559294600517808,457,A,A,A
Q86Y26-4_234-500_processed,A,A457C,0,1,2.4839824262174384,4.335140045203785,0.2952582,0.8250467633388936,457,A,C,A
Q86Y26-4_234-500_processed,A,A457D,0,2,2.4839824262174384,2.8246796259135976,0.26593557,0.46164314337802714,457,A,D,A
Q86Y26-4_234-500_processed,A,A457E,0,3,2.4839824262174384,2.712832422359037,0.2329952,0.021311943003671785,457,A,E,A
Q86Y26-4_234-500_processed,A,A457F,0,4,2.4839824262174384,3.2079371983380796,0.21154344,-0.28911735140601025,457,A,F,A
Q86Y26-4_234-500_processed,A,A457G,0,5,2.4839824262174384,2.5602131485714543,0.2954801,0.8277123105515971,457,A,G,A
Q86Y26-4_234-500_processed,A,A457H,0,6,2.4839824262174384,3.772712370515455,0.22318453,-0.11800984252473445,457,A,H,A
Q86Y26-4_234-500_processed,A,A457I,0,7,2.4839824262174384,2.8540177271228053,0.20692511,-0.35890180392246895,457,A,I,A
Q86Y26-4_234-500_processed,A,A457K,0,8,2.4839824262174384,2.828313162223749,0.22429462,-0.10203085110990551,457,A,K,A
Q86Y26-4_234-500_processed,A,A457L,0,9,2.4839824262174384,2.4331137753126835,0.19898541,-0.4816190978378726,457,A,L,A
Q86Y26-4_234-500_processed,A,A457M,0,10,2.4839824262174384,3.785956884138847,0.22224644,-0.13155716711058418,457,A,M,A
Q86Y26-4_234-500_processed,A,A457N,0,11,2.4839824262174384,3.127101928086014,0.25225,0.28337971786597693,457,A,N,A
Q86Y26-4_234-500_processed,A,A457P,0,12,2.4839824262174384,3.0805551433480183,0.7856904,6.247853206324734,457,A,P,A
Q86Y26-4_234-500_processed,A,A457Q,0,13,2.4839824262174384,3.3385149556513554,0.24473253,0.18273485668920397,457,A,Q,A
Q86Y26-4_234-500_processed,A,A457R,0,14,2.4839824262174384,3.0355669859078964,0.20013422,-0.4636392781368326,457,A,R,A
Q86Y26-4_234-500_processed,A,A457S,0,15,2.4839824262174384,2.8445017352648363,0.26832253,0.4921247794062922,457,A,S,A
Q86Y26-4_234-500_processed,A,A457T,0,16,2.4839824262174384,2.8968826778292005,0.24959543,0.24807214454878657,457,A,T,A
Q86Y26-4_234-500_processed,A,A457V,0,17,2.4839824262174384,2.623741420309898,0.22714038,-0.061322941274547516,457,A,V,A
Q86Y26-4_234-500_processed,A,A457W,0,18,2.4839824262174384,4.250501482991098,0.19418426,-0.5576190322854302,457,A,W,A
Q86Y26-4_234-500_processed,A,A457Y,0,19,2.4839824262174384,3.311579602010778,0.22215642,-0.1328592989938443,457,A,Y,A
Q86Y26-4_234-500_processed,A,V458A,17,0,2.623741420309898,2.4839824262174384,0.26622027,0.4652879218341083,458,V,A,V
Q86Y26-4_234-500_processed,A,V458C,17,1,2.623741420309898,4.335140045203785,0.31875563,1.1012591551054063,458,V,C,V
Q86Y26-4_234-500_processed,A,V458D,17,2,2.623741420309898,2.8246796259135976,0.2720068,0.5388385188310885,458,V,D,V
Q86Y26-4_234-500_processed,A,V458E,17,3,2.623741420309898,2.712832422359037,0.25894675,0.37137484815260635,458,V,E,V
Q86Y26-4_234-500_processed,A,V458F,17,4,2.623741420309898,3.2079371983380796,0.22981624,-0.023372713538163392,458,V,F,V
Q86Y26-4_234-500_processed,A,V458G,17,5,2.623741420309898,2.5602131485714543,0.31215236,1.0248100574355425,458,V,G,V
Q86Y26-4_234-500_processed,A,V458H,17,6,2.623741420309898,3.772712370515455,0.22987969,-0.022476629694884176,458,V,H,V
Q86Y26-4_234-500_processed,A,V458I,17,7,2.623741420309898,2.8540177271228053,0.22672908,-0.06718410209132553,458,V,I,V
Q86Y26-4_234-500_processed,A,V458K,17,8,2.623741420309898,2.828313162223749,0.2542034,0.30920468083073416,458,V,K,V
Q86Y26-4_234-500_processed,A,V458L,17,9,2.623741420309898,2.4331137753126835,0.19807087,-0.4959883716854968,458,V,L,V
Q86Y26-4_234-500_processed,A,V458M,17,10,2.623741420309898,3.785956884138847,0.22779001,-0.052080770533532994,458,V,M,V
Q86Y26-4_234-500_processed,A,V458N,17,11,2.623741420309898,3.127101928086014,0.2605931,0.3927793461732837,458,V,N,V
Q86Y26-4_234-500_processed,A,V458P,17,12,2.623741420309898,3.0805551433480183,0.5979842,3.9926822976264598,458,V,P,V
Q86Y26-4_234-500_processed,A,V458Q,17,13,2.623741420309898,3.3385149556513554,0.2596612,0.3806744323214861,458,V,Q,V
Q86Y26-4_234-500_processed,A,V458R,17,14,2.623741420309898,3.0355669859078964,0.23261328,0.01596615507176158,458,V,R,V
Q86Y26-4_234-500_processed,A,V458S,17,15,2.623741420309898,2.8445017352648363,0.2792925,0.6300655545038114,458,V,S,V
Q86Y26-4_234-500_processed,A,V458T,17,16,2.623741420309898,2.8968826778292005,0.26025918,0.3884452639812547,458,V,T,V
Q86Y26-4_234-500_processed,A,V458V,17,17,2.623741420309898,2.623741420309898,0.23311058,0.022925742157534068,458,V,V,V
Q86Y26-4_234-500_processed,A,V458W,17,18,2.623741420309898,4.250501482991098,0.19505173,-0.5437830277356748,458,V,W,V
Q86Y26-4_234-500_processed,A,V458Y,17,19,2.623741420309898,3.311579602010778,0.23224007,0.010736262949908593,458,V,Y,V
Q86Y26-4_234-500_processed,A,I459A,7,0,2.8540177271228053,2.4839824262174384,0.37260023,1.6973053399895943,459,I,A,I
Q86Y26-4_234-500_processed,A,I459C,7,1,2.8540177271228053,4.335140045203785,0.41999185,2.192982886655386,459,I,C,I
Q86Y26-4_234-500_processed,A,I459D,7,2,2.8540177271228053,2.8246796259135976,0.39052403,1.887224950912914,459,I,D,I
Q86Y26-4_234-500_processed,A,I459E,7,3,2.8540177271228053,2.712832422359037,0.36708945,1.6381911298256342,459,I,E,I
Q86Y26-4_234-500_processed,A,I459F,7,4,2.8540177271228053,3.2079371983380796,0.2850293,0.7008759510870601,459,I,F,I
Q86Y26-4_234-500_processed,A,I459G,7,5,2.8540177271228053,2.5602131485714543,0.47881,2.787973124722707,459,I,G,I
Q86Y26-4_234-500_processed,A,I459H,7,6,2.8540177271228053,3.772712370515455,0.33734906,1.3121745055917362,459,I,H,I
Q86Y26-4_234-500_processed,A,I459I,7,7,2.8540177271228053,2.8540177271228053,0.2865132,0.7190517942501484,459,I,I,I
Q86Y26-4_234-500_processed,A,I459K,7,8,2.8540177271228053,2.828313162223749,0.3542867,1.4993771931640747,459,I,K,I
Q86Y26-4_234-500_processed,A,I459L,7,9,2.8540177271228053,2.4331137753126835,0.27366,0.5596706400435327,459,I,L,I
Q86Y26-4_234-500_processed,A,I459M,7,10,2.8540177271228053,3.785956884138847,0.3177752,1.08996236390156,459,I,M,I
Q86Y26-4_234-500_processed,A,I459N,7,11,2.8540177271228053,3.127101928086014,0.3773643,1.748123674598766,459,I,N,I
Q86Y26-4_234-500_processed,A,I459P,7,12,2.8540177271228053,3.0805551433480183,0.80074555,6.477401400156398,459,I,P,I
Q86Y26-4_234-500_processed,A,I459Q,7,13,2.8540177271228053,3.3385149556513554,0.36249855,1.5886598242520835,459,I,Q,I
Q86Y26-4_234-500_processed,A,I459R,7,14,2.8540177271228053,3.0355669859078964,0.33132866,1.2445453638139672,459,I,R,I
Q86Y26-4_234-500_processed,A,I459S,7,15,2.8540177271228053,2.8445017352648363,0.40403622,2.0283116253725875,459,I,S,I
Q86Y26-4_234-500_processed,A,I459T,7,16,2.8540177271228053,2.8968826778292005,0.356381,1.5222336079730463,459,I,T,I
Q86Y26-4_234-500_processed,A,I459V,7,17,2.8540177271228053,2.623741420309898,0.3061606,0.9546731862812332,459,I,V,I
Q86Y26-4_234-500_processed,A,I459W,7,18,2.8540177271228053,4.250501482991098,0.25985777,0.38323023024746883,459,I,W,I
Q86Y26-4_234-500_processed,A,I459Y,7,19,2.8540177271228053,3.311579602010778,0.29569376,0.830277598261466,459,I,Y,I
Q86Y26-4_234-500_processed,A,H460A,6,0,3.772712370515455,2.4839824262174384,0.3394615,1.3357628780207533,460,H,A,H
Q86Y26-4_234-500_processed,A,H460C,6,1,3.772712370515455,4.335140045203785,0.36415094,1.6065181245233446,460,H,C,H
Q86Y26-4_234-500_processed,A,H460D,6,2,3.772712370515455,2.8246796259135976,0.31566378,1.0655708380061346,460,H,D,H
Q86Y26-4_234-500_processed,A,H460E,6,3,3.772712370515455,2.712832422359037,0.30977312,0.9970494770351562,460,H,E,H
Q86Y26-4_234-500_processed,A,H460F,6,4,3.772712370515455,3.2079371983380796,0.2735482,0.5582640842267828,460,H,F,H
Q86Y26-4_234-500_processed,A,H460G,6,5,3.772712370515455,2.5602131485714543,0.4063915,2.052742438617369,460,H,G,H
Q86Y26-4_234-500_processed,A,H460H,6,6,3.772712370515455,3.772712370515455,0.2988523,0.8680772054856714,460,H,H,H
Q86Y26-4_234-500_processed,A,H460I,6,7,3.772712370515455,2.8540177271228053,0.2827073,0.6723202982962819,460,H,I,H
Q86Y26-4_234-500_processed,A,H460K,6,8,3.772712370515455,2.828313162223749,0.3200517,1.1161644470232135,460,H,K,H
Q86Y26-4_234-500_processed,A,H460L,6,9,3.772712370515455,2.4331137753126835,0.27522862,0.5793645710556891,460,H,L,H
Q86Y26-4_234-500_processed,A,H460M,6,10,3.772712370515455,3.785956884138847,0.28769472,0.7334833653856376,460,H,M,H
Q86Y26-4_234-500_processed,A,H460N,6,11,3.772712370515455,3.127101928086014,0.30860308,0.9833545972734242,460,H,N,H
Q86Y26-4_234-500_processed,A,H460P,6,12,3.772712370515455,3.0805551433480183,0.49006322,2.9006191174742444,460,H,P,H
Q86Y26-4_234-500_processed,A,H460Q,6,13,3.772712370515455,3.3385149556513554,0.3249166,1.1718307515047077,460,H,Q,H
Q86Y26-4_234-500_processed,A,H460R,6,14,3.772712370515455,3.0355669859078964,0.29622993,0.8367105988466034,460,H,R,H
Q86Y26-4_234-500_processed,A,H460S,6,15,3.772712370515455,2.8445017352648363,0.35043973,1.4572327481031149,460,H,S,H
Q86Y26-4_234-500_processed,A,H460T,6,16,3.772712370515455,2.8968826778292005,0.3297012,1.2261578494366736,460,H,T,H
Q86Y26-4_234-500_processed,A,H460V,6,17,3.772712370515455,2.623741420309898,0.29378647,0.8073388751522927,460,H,V,H
Q86Y26-4_234-500_processed,A,H460W,6,18,3.772712370515455,4.250501482991098,0.25785065,0.35707505570596987,460,H,W,H
Q86Y26-4_234-500_processed,A,H460Y,6,19,3.772712370515455,3.311579602010778,0.28855607,0.7439820096420519,460,H,Y,H
Q86Y26-4_234-500_processed,A,P461A,12,0,3.0805551433480183,2.4839824262174384,0.18354566,-0.7312687449329058,461,P,A,P
Q86Y26-4_234-500_processed,A,P461C,12,1,3.0805551433480183,4.335140045203785,0.260806,0.39554100700149974,461,P,C,P
Q86Y26-4_234-500_processed,A,P461D,12,2,3.0805551433480183,2.8246796259135976,0.19743286,-0.5060423331446434,461,P,D,P
Q86Y26-4_234-500_processed,A,P461E,12,3,3.0805551433480183,2.712832422359037,0.17889915,-0.809559182446396,461,P,E,P
Q86Y26-4_234-500_processed,A,P461F,12,4,3.0805551433480183,3.2079371983380796,0.17162435,-0.9353966885814596,461,P,F,P
Q86Y26-4_234-500_processed,A,P461G,12,5,3.0805551433480183,2.5602131485714543,0.24497925,0.1860706674577406,461,P,G,P
Q86Y26-4_234-500_processed,A,P461H,12,6,3.0805551433480183,3.772712370515455,0.17184804,-0.9314650987105322,461,P,H,P
Q86Y26-4_234-500_processed,A,P461I,12,7,3.0805551433480183,2.8540177271228053,0.18416312,-0.7209813099404189,461,P,I,P
Q86Y26-4_234-500_processed,A,P461K,12,8,3.0805551433480183,2.828313162223749,0.17816877,-0.8220094639657827,461,P,K,P
Q86Y26-4_234-500_processed,A,P461L,12,9,3.0805551433480183,2.4331137753126835,0.16193038,-1.1098366735557907,461,P,L,P
Q86Y26-4_234-500_processed,A,P461M,12,10,3.0805551433480183,3.785956884138847,0.17807086,-0.8236815970916916,461,P,M,P
Q86Y26-4_234-500_processed,A,P461N,12,11,3.0805551433480183,3.127101928086014,0.20275831,-0.42285797536789405,461,P,N,P
Q86Y26-4_234-500_processed,A,P461P,12,12,3.0805551433480183,3.0805551433480183,0.2757576,0.5859903250905187,461,P,P,P
Q86Y26-4_234-500_processed,A,P461Q,12,13,3.0805551433480183,3.3385149556513554,0.19192928,-0.5938065092847167,461,P,Q,P
Q86Y26-4_234-500_processed,A,P461R,12,14,3.0805551433480183,3.0355669859078964,0.1709498,-0.9472768732911885,461,P,R,P
Q86Y26-4_234-500_processed,A,P461S,12,15,3.0805551433480183,2.8445017352648363,0.19740927,-0.5064145189340191,461,P,S,P
Q86Y26-4_234-500_processed,A,P461T,12,16,3.0805551433480183,2.8968826778292005,0.19418716,-0.5575726082917648,461,P,T,P
Q86Y26-4_234-500_processed,A,P461V,12,17,3.0805551433480183,2.623741420309898,0.19378702,-0.5639705197613715,461,P,V,P
Q86Y26-4_234-500_processed,A,P461W,12,18,3.0805551433480183,4.250501482991098,0.13850275,-1.5694542736940742,461,P,W,P
Q86Y26-4_234-500_processed,A,P461Y,12,19,3.0805551433480183,3.311579602010778,0.1689132,-0.9833731620246605,461,P,Y,P
Q86Y26-4_234-500_processed,A,Q462A,13,0,3.3385149556513554,2.4839824262174384,0.26600978,0.46259339849955783,462,Q,A,Q
Q86Y26-4_234-500_processed,A,Q462C,13,1,3.3385149556513554,4.335140045203785,0.32834318,1.2107795726309227,462,Q,C,Q
Q86Y26-4_234-500_processed,A,Q462D,13,2,3.3385149556513554,2.8246796259135976,0.28326356,0.6791740151357852,462,Q,D,Q
Q86Y26-4_234-500_processed,A,Q462E,13,3,3.3385149556513554,2.712832422359037,0.24990949,0.2522623372778138,462,Q,E,Q
Q86Y26-4_234-500_processed,A,Q462F,13,4,3.3385149556513554,3.2079371983380796,0.2342987,0.039511712236245944,462,Q,F,Q
Q86Y26-4_234-500_processed,A,Q462G,13,5,3.3385149556513554,2.5602131485714543,0.33123872,1.243530360676274,462,Q,G,Q
Q86Y26-4_234-500_processed,A,Q462H,13,6,3.3385149556513554,3.772712370515455,0.24463087,0.18135973749572987,462,Q,H,Q
Q86Y26-4_234-500_processed,A,Q462I,13,7,3.3385149556513554,2.8540177271228053,0.24127164,0.135699101731665,462,Q,I,Q
Q86Y26-4_234-500_processed,A,Q462K,13,8,3.3385149556513554,2.828313162223749,0.24858151,0.2345201992701712,462,Q,K,Q
Q86Y26-4_234-500_processed,A,Q462L,13,9,3.3385149556513554,2.4331137753126835,0.2232954,-0.11641126900867771,462,Q,L,Q
Q86Y26-4_234-500_processed,A,Q462M,13,10,3.3385149556513554,3.785956884138847,0.25296903,0.29290102137424556,462,Q,M,Q
Q86Y26-4_234-500_processed,A,Q462N,13,11,3.3385149556513554,3.127101928086014,0.28359607,0.6832669357326473,462,Q,N,Q
Q86Y26-4_234-500_processed,A,Q462P,13,12,3.3385149556513554,3.0805551433480183,0.6148101,4.168942546970806,462,Q,P,Q
Q86Y26-4_234-500_processed,A,Q462Q,13,13,3.3385149556513554,3.3385149556513554,0.2677675,0.485052309657657,462,Q,Q,Q
Q86Y26-4_234-500_processed,A,Q462R,13,14,3.3385149556513554,3.0355669859078964,0.23470242,0.045134200213304276,462,Q,R,Q
Q86Y26-4_234-500_processed,A,Q462S,13,15,3.3385149556513554,2.8445017352648363,0.28795332,0.7366372469490973,462,Q,S,Q
Q86Y26-4_234-500_processed,A,Q462T,13,16,3.3385149556513554,2.8968826778292005,0.2717933,0.5361423603606841,462,Q,T,Q
Q86Y26-4_234-500_processed,A,Q462V,13,17,3.3385149556513554,2.623741420309898,0.2597989,0.3824650949405206,462,Q,V,Q
Q86Y26-4_234-500_processed,A,Q462W,13,18,3.3385149556513554,4.250501482991098,0.20187467,-0.4365464001522257,462,Q,W,Q
Q86Y26-4_234-500_processed,A,Q462Y,13,19,3.3385149556513554,3.311579602010778,0.23445772,0.04172701829138925,462,Q,Y,Q
Q86Y26-4_234-500_processed,A,F463A,4,0,3.2079371983380796,2.4839824262174384,0.52679354,3.2681923035535676,463,F,A,F
Q86Y26-4_234-500_processed,A,F463C,4,1,3.2079371983380796,4.335140045203785,0.56223637,3.625608090060991,463,F,C,F
Q86Y26-4_234-500_processed,A,F463D,4,2,3.2079371983380796,2.8246796259135976,0.631754,4.34937200895996,463,F,D,F
Q86Y26-4_234-500_processed,A,F463E,4,3,3.2079371983380796,2.712832422359037,0.57730854,3.779335832283478,463,F,E,F
Q86Y26-4_234-500_processed,A,F463F,4,4,3.2079371983380796,3.2079371983380796,0.28538248,0.7052071258298037,463,F,F,F
Q86Y26-4_234-500_processed,A,F463G,4,5,3.2079371983380796,2.5602131485714543,0.66351026,4.697441680273334,463,F,G,F
Q86Y26-4_234-500_processed,A,F463H,4,6,3.2079371983380796,3.772712370515455,0.43868178,2.38371574743993,463,F,H,F
Q86Y26-4_234-500_processed,A,F463I,4,7,3.2079371983380796,2.8540177271228053,0.40028232,1.989277752497307,463,F,I,F
Q86Y26-4_234-500_processed,A,F463K,4,8,3.2079371983380796,2.828313162223749,0.5685425,3.6897674421585434,463,F,K,F
Q86Y26-4_234-500_processed,A,F463L,4,9,3.2079371983380796,2.4331137753126835,0.3559413,1.5174398487679444,463,F,L,F
Q86Y26-4_234-500_processed,A,F463M,4,10,3.2079371983380796,3.785956884138847,0.401682,2.003845754103675,463,F,M,F
Q86Y26-4_234-500_processed,A,F463N,4,11,3.2079371983380796,3.127101928086014,0.5281437,3.281734828721761,463,F,N,F
Q86Y26-4_234-500_processed,A,F463P,4,12,3.2079371983380796,3.0805551433480183,0.91451097,8.925003350611343,463,F,P,F
Q86Y26-4_234-500_processed,A,F463Q,4,13,3.2079371983380796,3.3385149556513554,0.5370642,3.371323088672704,463,F,Q,F
Q86Y26-4_234-500_processed,A,F463R,4,14,3.2079371983380796,3.0355669859078964,0.485666,2.8566207805188903,463,F,R,F
Q86Y26-4_234-500_processed,A,F463S,4,15,3.2079371983380796,2.8445017352648363,0.606717,4.08383240138837,463,F,S,F
Q86Y26-4_234-500_processed,A,F463T,4,16,3.2079371983380796,2.8968826778292005,0.5564188,3.5666006972506867,463,F,T,F
Q86Y26-4_234-500_processed,A,F463V,4,17,3.2079371983380796,2.623741420309898,0.42353693,2.2293235479879363,463,F,V,F
Q86Y26-4_234-500_processed,A,F463W,4,18,3.2079371983380796,4.250501482991098,0.28194514,0.6629163402239768,463,F,W,F
Q86Y26-4_234-500_processed,A,F463Y,4,19,3.2079371983380796,3.311579602010778,0.3143579,1.050441011995701,463,F,Y,F
Q86Y26-4_234-500_processed,A,L464A,9,0,2.4331137753126835,2.4839824262174384,0.4083801,2.0733348850932565,464,L,A,L
Q86Y26-4_234-500_processed,A,L464C,9,1,2.4331137753126835,4.335140045203785,0.43123797,2.307994833951148,464,L,C,L
Q86Y26-4_234-500_processed,A,L464D,9,2,2.4331137753126835,2.8246796259135976,0.45214787,2.5200096566226975,464,L,D,L
Q86Y26-4_234-500_processed,A,L464E,9,3,2.4331137753126835,2.712832422359037,0.40289024,2.016407996068548,464,L,E,L
Q86Y26-4_234-500_processed,A,L464F,9,4,2.4331137753126835,3.2079371983380796,0.3214267,1.1319424261770574,464,L,F,L
Q86Y26-4_234-500_processed,A,L464G,9,5,2.4331137753126835,2.5602131485714543,0.5109208,3.109225597373723,464,L,G,L
Q86Y26-4_234-500_processed,A,L464H,9,6,2.4331137753126835,3.772712370515455,0.36682242,1.6353173712314555,464,L,H,L
Q86Y26-4_234-500_processed,A,L464I,9,7,2.4331137753126835,2.8540177271228053,0.29609308,0.8350692897367664,464,L,I,L
Q86Y26-4_234-500_processed,A,L464K,9,8,2.4331137753126835,2.828313162223749,0.39187014,1.90135517257216,464,L,K,L
Q86Y26-4_234-500_processed,A,L464L,9,9,2.4331137753126835,2.4331137753126835,0.26642808,0.467946778936823,464,L,L,L
Q86Y26-4_234-500_processed,A,L464M,9,10,2.4331137753126835,3.785956884138847,0.32041007,1.1202802122243407,464,L,M,L
Q86Y26-4_234-500_processed,A,L464N,9,11,2.4331137753126835,3.127101928086014,0.40145308,2.0014643442235593,464,L,N,L
Q86Y26-4_234-500_processed,A,L464P,9,12,2.4331137753126835,3.0805551433480183,0.8279232,6.927448394926811,464,L,P,L
Q86Y26-4_234-500_processed,A,L464Q,9,13,2.4331137753126835,3.3385149556513554,0.3892484,1.8738184356737586,464,L,Q,L
Q86Y26-4_234-500_processed,A,L464R,9,14,2.4331137753126835,3.0355669859078964,0.3500312,1.4527447968889133,464,L,R,L
Q86Y26-4_234-500_processed,A,L464S,9,15,2.4331137753126835,2.8445017352648363,0.4621841,2.6211174841678684,464,L,S,L
Q86Y26-4_234-500_processed,A,L464T,9,16,2.4331137753126835,2.8968826778292005,0.40843874,2.073941758646958,464,L,T,L
Q86Y26-4_234-500_processed,A,L464V,9,17,2.4331137753126835,2.623741420309898,0.31814015,1.0941696667385754,464,L,V,L
Q86Y26-4_234-500_processed,A,L464W,9,18,2.4331137753126835,4.250501482991098,0.29813695,0.8595366074249907,464,L,W,L
Q86Y26-4_234-500_processed,A,L464Y,9,19,2.4331137753126835,3.311579602010778,0.33760822,1.3150722727805944,464,L,Y,L
Q86Y26-4_234-500_processed,A,A465A,0,0,2.4839824262174384,2.4839824262174384,0.24944483,0.24606148860938648,465,A,A,A
Q86Y26-4_234-500_processed,A,A465C,0,1,2.4839824262174384,4.335140045203785,0.3043642,0.9334969598956929,465,A,C,A
Q86Y26-4_234-500_processed,A,A465D,0,2,2.4839824262174384,2.8246796259135976,0.24958976,0.247996364254075,465,A,D,A
Q86Y26-4_234-500_processed,A,A465E,0,3,2.4839824262174384,2.712832422359037,0.23100117,-0.00666670276933734,465,A,E,A
Q86Y26-4_234-500_processed,A,A465F,0,4,2.4839824262174384,3.2079371983380796,0.20343603,-0.41238955367856156,465,A,F,A
Q86Y26-4_234-500_processed,A,A465G,0,5,2.4839824262174384,2.5602131485714543,0.30701435,0.9647129475915919,465,A,G,A
Q86Y26-4_234-500_processed,A,A465H,0,6,2.4839824262174384,3.772712370515455,0.21956424,-0.1705188782103384,465,A,H,A
Q86Y26-4_234-500_processed,A,A465I,0,7,2.4839824262174384,2.8540177271228053,0.20382848,-0.40633940151892867,465,A,I,A
Q86Y26-4_234-500_processed,A,A465K,0,8,2.4839824262174384,2.828313162223749,0.23336276,0.026451114586918956,465,A,K,A
Q86Y26-4_234-500_processed,A,A465L,0,9,2.4839824262174384,2.4331137753126835,0.1969046,-0.5143854149923538,465,A,L,A
Q86Y26-4_234-500_processed,A,A465M,0,10,2.4839824262174384,3.785956884138847,0.22148772,-0.1425441035750974,465,A,M,A
Q86Y26-4_234-500_processed,A,A465N,0,11,2.4839824262174384,3.127101928086014,0.2573539,0.3505814279831626,465,A,N,A
Q86Y26-4_234-500_processed,A,A465P,0,12,2.4839824262174384,3.0805551433480183,0.74002916,5.615300250586417,465,A,P,A
Q86Y26-4_234-500_processed,A,A465Q,0,13,2.4839824262174384,3.3385149556513554,0.25011438,0.2549941300011105,465,A,Q,A
Q86Y26-4_234-500_processed,A,A465R,0,14,2.4839824262174384,3.0355669859078964,0.22077844,-0.15283945745504735,465,A,R,A
Q86Y26-4_234-500_processed,A,A465S,0,15,2.4839824262174384,2.8445017352648363,0.27818763,0.6163264926646602,465,A,S,A
Q86Y26-4_234-500_processed,A,A465T,0,16,2.4839824262174384,2.8968826778292005,0.25607052,0.3337666332039402,465,A,T,A
Q86Y26-4_234-500_processed,A,A465V,0,17,2.4839824262174384,2.623741420309898,0.21959051,-0.17013561689353973,465,A,V,A
Q86Y26-4_234-500_processed,A,A465W,0,18,2.4839824262174384,4.250501482991098,0.17418157,-0.8906917509055656,465,A,W,A
Q86Y26-4_234-500_processed,A,A465Y,0,19,2.4839824262174384,3.311579602010778,0.20856157,-0.3340444829973527,465,A,Y,A
Q86Y26-4_234-500_processed,A,D466A,2,0,2.8246796259135976,2.4839824262174384,0.25756082,0.35328732080354364,466,D,A,D
Q86Y26-4_234-500_processed,A,D466C,2,1,2.8246796259135976,4.335140045203785,0.3145768,1.0529795181546577,466,D,C,D
Q86Y26-4_234-500_processed,A,D466D,2,2,2.8246796259135976,2.8246796259135976,0.26795313,0.48741880767484536,466,D,D,D
Q86Y26-4_234-500_processed,A,D466E,2,3,2.8246796259135976,2.712832422359037,0.24896796,0.23968975516678648,466,D,E,D
Q86Y26-4_234-500_processed,A,D466F,2,4,2.8246796259135976,3.2079371983380796,0.17690301,-0.843681077003357,466,D,F,D
Q86Y26-4_234-500_processed,A,D466G,2,5,2.8246796259135976,2.5602131485714543,0.38758215,1.8562825708329729,466,D,G,D
Q86Y26-4_234-500_processed,A,D466H,2,6,2.8246796259135976,3.772712370515455,0.21852188,-0.18575254049193246,466,D,H,D
Q86Y26-4_234-500_processed,A,D466I,2,7,2.8246796259135976,2.8540177271228053,0.19038248,-0.6188170831692036,466,D,I,D
Q86Y26-4_234-500_processed,A,D466K,2,8,2.8246796259135976,2.828313162223749,0.28622732,0.7155544069215891,466,D,K,D
Q86Y26-4_234-500_processed,A,D466L,2,9,2.8246796259135976,2.4331137753126835,0.18711093,-0.6722325024079634,466,D,L,D
Q86Y26-4_234-500_processed,A,D466M,2,10,2.8246796259135976,3.785956884138847,0.21003756,-0.311747581386157,466,D,M,D
Q86Y26-4_234-500_processed,A,D466N,2,11,2.8246796259135976,3.127101928086014,0.25156558,0.2743002571347869,466,D,N,D
Q86Y26-4_234-500_processed,A,D466P,2,12,2.8246796259135976,3.0805551433480183,0.7521529,5.775319275055423,466,D,P,D
Q86Y26-4_234-500_processed,A,D466Q,2,13,2.8246796259135976,3.3385149556513554,0.2677473,0.4847950437066806,466,D,Q,D
Q86Y26-4_234-500_processed,A,D466R,2,14,2.8246796259135976,3.0355669859078964,0.25429678,0.3104357889228565,466,D,R,D
Q86Y26-4_234-500_processed,A,D466S,2,15,2.8246796259135976,2.8445017352648363,0.2968659,0.8443323586511167,466,D,S,D
Q86Y26-4_234-500_processed,A,D466T,2,16,2.8246796259135976,2.8968826778292005,0.25022373,0.2564514028995879,466,D,T,D
Q86Y26-4_234-500_processed,A,D466V,2,17,2.8246796259135976,2.623741420309898,0.20115644,-0.447705585648992,466,D,V,D
Q86Y26-4_234-500_processed,A,D466W,2,18,2.8246796259135976,4.250501482991098,0.15568659,-1.2266970966607216,466,D,W,D
Q86Y26-4_234-500_processed,A,D466Y,2,19,2.8246796259135976,3.311579602010778,0.19095641,-0.6095189764762965,466,D,Y,D
Q86Y26-4_234-500_processed,A,L467A,9,0,2.4331137753126835,2.4839824262174384,0.39226073,1.9054519740131497,467,L,A,L
Q86Y26-4_234-500_processed,A,L467C,9,1,2.4331137753126835,4.335140045203785,0.41848484,2.1775090236356553,467,L,C,L
Q86Y26-4_234-500_processed,A,L467D,9,2,2.4331137753126835,2.8246796259135976,0.42676565,2.2623510368214976,467,L,D,L
Q86Y26-4_234-500_processed,A,L467E,9,3,2.4331137753126835,2.712832422359037,0.39098594,1.8920755717002762,467,L,E,L
Q86Y26-4_234-500_processed,A,L467F,9,4,2.4331137753126835,3.2079371983380796,0.2831733,0.6780623319078396,467,L,F,L
Q86Y26-4_234-500_processed,A,L467G,9,5,2.4331137753126835,2.5602131485714543,0.49322078,2.932203608618274,467,L,G,L
Q86Y26-4_234-500_processed,A,L467H,9,6,2.4331137753126835,3.772712370515455,0.3420252,1.3642943600811726,467,L,H,L
Q86Y26-4_234-500_processed,A,L467I,9,7,2.4331137753126835,2.8540177271228053,0.28513363,0.7021557940841419,467,L,I,L
Q86Y26-4_234-500_processed,A,L467K,9,8,2.4331137753126835,2.828313162223749,0.37361896,1.708193950344717,467,L,K,L
Q86Y26-4_234-500_processed,A,L467L,9,9,2.4331137753126835,2.4331137753126835,0.26142547,0.40356797887469653,467,L,L,L
Q86Y26-4_234-500_processed,A,L467M,9,10,2.4331137753126835,3.785956884138847,0.301599,0.9007621618964523,467,L,M,L
Q86Y26-4_234-500_processed,A,L467N,9,11,2.4331137753126835,3.127101928086014,0.36582848,1.6246128851804689,467,L,N,L
Q86Y26-4_234-500_processed,A,L467P,9,12,2.4331137753126835,3.0805551433480183,0.8558769,7.4536473628948725,467,L,P,L
Q86Y26-4_234-500_processed,A,L467Q,9,13,2.4331137753126835,3.3385149556513554,0.360047,1.5620997421746865,467,L,Q,L
Q86Y26-4_234-500_processed,A,L467R,9,14,2.4331137753126835,3.0355669859078964,0.3161683,1.0714071755627255,467,L,R,L
Q86Y26-4_234-500_processed,A,L467S,9,15,2.4331137753126835,2.8445017352648363,0.4514728,2.5131955372828316,467,L,S,L
Q86Y26-4_234-500_processed,A,L467T,9,16,2.4331137753126835,2.8968826778292005,0.3906721,1.888779977412669,467,L,T,L
Q86Y26-4_234-500_processed,A,L467V,9,17,2.4331137753126835,2.623741420309898,0.3135616,1.041198220062535,467,L,V,L
Q86Y26-4_234-500_processed,A,L467W,9,18,2.4331137753126835,4.250501482991098,0.277161,0.603530153641671,467,L,W,L
Q86Y26-4_234-500_processed,A,L467Y,9,19,2.4331137753126835,3.311579602010778,0.31509656,1.0590031336525145,467,L,Y,L
Q86Y26-4_234-500_processed,A,L468A,9,0,2.4331137753126835,2.4839824262174384,0.28987235,0.7599897570932995,468,L,A,L
Q86Y26-4_234-500_processed,A,L468C,9,1,2.4331137753126835,4.335140045203785,0.33499303,1.2857805612208006,468,L,C,L
Q86Y26-4_234-500_processed,A,L468D,9,2,2.4331137753126835,2.8246796259135976,0.29794738,0.8572713018705782,468,L,D,L
Q86Y26-4_234-500_processed,A,L468E,9,3,2.4331137753126835,2.712832422359037,0.2859214,0.7118097055307554,468,L,E,L
Q86Y26-4_234-500_processed,A,L468F,9,4,2.4331137753126835,3.2079371983380796,0.24658118,0.20767501249416676,468,L,F,L
Q86Y26-4_234-500_processed,A,L468G,9,5,2.4331137753126835,2.5602131485714543,0.32998848,1.2294070918701496,468,L,G,L
Q86Y26-4_234-500_processed,A,L468H,9,6,2.4331137753126835,3.772712370515455,0.26039362,0.3901907027584306,468,L,H,L
Q86Y26-4_234-500_processed,A,L468I,9,7,2.4331137753126835,2.8540177271228053,0.25351086,0.30006401761723256,468,L,I,L
Q86Y26-4_234-500_processed,A,L468K,9,8,2.4331137753126835,2.828313162223749,0.26753512,0.4820886358947152,468,L,K,L
Q86Y26-4_234-500_processed,A,L468L,9,9,2.4331137753126835,2.4331137753126835,0.23329484,0.025501916307700268,468,L,L,L
Q86Y26-4_234-500_processed,A,L468M,9,10,2.4331137753126835,3.785956884138847,0.25860164,0.36687676754669274,468,L,M,L
Q86Y26-4_234-500_processed,A,L468N,9,11,2.4331137753126835,3.127101928086014,0.27185118,0.5368733596291619,468,L,N,L
Q86Y26-4_234-500_processed,A,L468P,9,12,2.4331137753126835,3.0805551433480183,0.7306087,5.4942826537692575,468,L,P,L
Q86Y26-4_234-500_processed,A,L468Q,9,13,2.4331137753126835,3.3385149556513554,0.2866918,0.721235644411137,468,L,Q,L
Q86Y26-4_234-500_processed,A,L468R,9,14,2.4331137753126835,3.0355669859078964,0.24603972,0.20038322513974416,468,L,R,L
Q86Y26-4_234-500_processed,A,L468S,9,15,2.4331137753126835,2.8445017352648363,0.30599058,0.9526719198264899,468,L,S,L
Q86Y26-4_234-500_processed,A,L468T,9,16,2.4331137753126835,2.8968826778292005,0.28950942,0.7555803122521506,468,L,T,L
Q86Y26-4_234-500_processed,A,L468V,9,17,2.4331137753126835,2.623741420309898,0.26764292,0.48346367641775023,468,L,V,L
Q86Y26-4_234-500_processed,A,L468W,9,18,2.4331137753126835,4.250501482991098,0.23111604,-0.005050325308524339,468,L,W,L
Q86Y26-4_234-500_processed,A,L468Y,9,19,2.4331137753126835,3.311579602010778,0.25753725,0.35297911635675916,468,L,Y,L
Q86Y26-4_234-500_processed,A,S469A,15,0,2.8445017352648363,2.4839824262174384,0.24411637,0.17439394975462097,469,S,A,S
Q86Y26-4_234-500_processed,A,S469C,15,1,2.8445017352648363,4.335140045203785,0.26352605,0.4306959270365207,469,S,C,S
Q86Y26-4_234-500_processed,A,S469D,15,2,2.8445017352648363,2.8246796259135976,0.23327279,0.02519366665677092,469,S,D,S
Q86Y26-4_234-500_processed,A,S469E,15,3,2.8445017352648363,2.712832422359037,0.25611842,0.33439510820356844,469,S,E,S
Q86Y26-4_234-500_processed,A,S469F,15,4,2.8445017352648363,3.2079371983380796,0.19797562,-0.49748777663931265,469,S,F,S
Q86Y26-4_234-500_processed,A,S469G,15,5,2.8445017352648363,2.5602131485714543,0.3156881,1.065852272276847,469,S,G,S
Q86Y26-4_234-500_processed,A,S469H,15,6,2.8445017352648363,3.772712370515455,0.19838053,-0.4911174118869227,469,S,H,S
Q86Y26-4_234-500_processed,A,S469I,15,7,2.8445017352648363,2.8540177271228053,0.2196415,-0.16939179701779106,469,S,I,S
Q86Y26-4_234-500_processed,A,S469K,15,8,2.8445017352648363,2.828313162223749,0.25055483,0.2608615462630881,469,S,K,S
Q86Y26-4_234-500_processed,A,S469L,15,9,2.8445017352648363,2.4331137753126835,0.19947302,-0.4739780633282281,469,S,L,S
Q86Y26-4_234-500_processed,A,S469M,15,10,2.8445017352648363,3.785956884138847,0.21715817,-0.2057617423633734,469,S,M,S
Q86Y26-4_234-500_processed,A,S469N,15,11,2.8445017352648363,3.127101928086014,0.1910424,-0.6081278869279466,469,S,N,S
Q86Y26-4_234-500_processed,A,S469P,15,12,2.8445017352648363,3.0805551433480183,0.7442726,5.670738194972209,469,S,P,S
Q86Y26-4_234-500_processed,A,S469Q,15,13,2.8445017352648363,3.3385149556513554,0.2510885,0.267961619392012,469,S,Q,S
Q86Y26-4_234-500_processed,A,S469R,15,14,2.8445017352648363,3.0355669859078964,0.22821063,-0.04610667222923248,469,S,R,S
Q86Y26-4_234-500_processed,A,S469S,15,15,2.8445017352648363,2.8445017352648363,0.26771778,0.48441843281817054,469,S,S,S
Q86Y26-4_234-500_processed,A,S469T,15,16,2.8445017352648363,2.8968826778292005,0.2538449,0.3044747365168554,469,S,T,S
Q86Y26-4_234-500_processed,A,S469V,15,17,2.8445017352648363,2.623741420309898,0.21368867,-0.25708164006627343,469,S,V,S
Q86Y26-4_234-500_processed,A,S469W,15,18,2.8445017352648363,4.250501482991098,0.19210558,-0.5909657204110463,469,S,W,S
Q86Y26-4_234-500_processed,A,S469Y,15,19,2.8445017352648363,3.311579602010778,0.21064122,-0.3026615916837522,469,S,Y,S
Q86Y26-4_234-500_processed,A,P470A,12,0,3.0805551433480183,2.4839824262174384,0.20071717,-0.45454521227472844,470,P,A,P
Q86Y26-4_234-500_processed,A,P470C,12,1,3.0805551433480183,4.335140045203785,0.2552666,0.3232055575848186,470,P,C,P
Q86Y26-4_234-500_processed,A,P470D,12,2,3.0805551433480183,2.8246796259135976,0.17773837,-0.8293650042589412,470,P,D,P
Q86Y26-4_234-500_processed,A,P470E,12,3,3.0805551433480183,2.712832422359037,0.18074797,-0.7782203227982282,470,P,E,P
Q86Y26-4_234-500_processed,A,P470F,12,4,3.0805551433480183,3.2079371983380796,0.19525956,-0.5404751615016085,470,P,F,P
Q86Y26-4_234-500_processed,A,P470G,12,5,3.0805551433480183,2.5602131485714543,0.2339764,0.03501810770766112,470,P,G,P
Q86Y26-4_234-500_processed,A,P470H,12,6,3.0805551433480183,3.772712370515455,0.17904943,-0.8070024302727707,470,P,H,P
Q86Y26-4_234-500_processed,A,P470I,12,7,3.0805551433480183,2.8540177271228053,0.20556502,-0.37967189842095517,470,P,I,P
Q86Y26-4_234-500_processed,A,P470K,12,8,3.0805551433480183,2.828313162223749,0.18891421,-0.6427020935568112,470,P,K,P
Q86Y26-4_234-500_processed,A,P470L,12,9,3.0805551433480183,2.4331137753126835,0.1759118,-0.8607370908643036,470,P,L,P
Q86Y26-4_234-500_processed,A,P470M,12,10,3.0805551433480183,3.785956884138847,0.19551231,-0.5364558069658987,470,P,M,P
Q86Y26-4_234-500_processed,A,P470N,12,11,3.0805551433480183,3.127101928086014,0.19266695,-0.5819331194500388,470,P,N,P
Q86Y26-4_234-500_processed,A,P470P,12,12,3.0805551433480183,3.0805551433480183,0.22536393,-0.08669199464340194,470,P,P,P
Q86Y26-4_234-500_processed,A,P470Q,12,13,3.0805551433480183,3.3385149556513554,0.2014421,-0.44326381612344923,470,P,Q,P
Q86Y26-4_234-500_processed,A,P470R,12,14,3.0805551433480183,3.0355669859078964,0.18744895,-0.6666805259398828,470,P,R,P
Q86Y26-4_234-500_processed,A,P470S,12,15,3.0805551433480183,2.8445017352648363,0.19148652,-0.6009498018145437,470,P,S,P
Q86Y26-4_234-500_processed,A,P470T,12,16,3.0805551433480183,2.8968826778292005,0.19803672,-0.49652595568652813,470,P,T,P
Q86Y26-4_234-500_processed,A,P470V,12,17,3.0805551433480183,2.623741420309898,0.20906243,-0.3264653504579873,470,P,V,P
Q86Y26-4_234-500_processed,A,P470W,12,18,3.0805551433480183,4.250501482991098,0.17062545,-0.9530026793508639,470,P,W,P
Q86Y26-4_234-500_processed,A,P470Y,12,19,3.0805551433480183,3.311579602010778,0.19771987,-0.5015164815465489,470,P,Y,P
Q86Y26-4_234-500_processed,A,E471A,3,0,2.712832422359037,2.4839824262174384,0.2741874,0.5662997231531499,471,E,A,E
Q86Y26-4_234-500_processed,A,E471C,3,1,2.712832422359037,4.335140045203785,0.30648646,0.9585070078608576,471,E,C,E
Q86Y26-4_234-500_processed,A,E471D,3,2,2.712832422359037,2.8246796259135976,0.2449885,0.186195738853287,471,E,D,E
Q86Y26-4_234-500_processed,A,E471E,3,3,2.712832422359037,2.712832422359037,0.24907102,0.24106745024531806,471,E,E,E
Q86Y26-4_234-500_processed,A,E471F,3,4,2.712832422359037,3.2079371983380796,0.21518971,-0.23480501772697837,471,E,F,E
Q86Y26-4_234-500_processed,A,E471G,3,5,2.712832422359037,2.5602131485714543,0.3073209,0.968314029961326,471,E,G,E
Q86Y26-4_234-500_processed,A,E471H,3,6,2.712832422359037,3.772712370515455,0.22907752,-0.03381843402356255,471,E,H,E
Q86Y26-4_234-500_processed,A,E471I,3,7,2.712832422359037,2.8540177271228053,0.24934144,0.24468079474563642,471,E,I,E
Q86Y26-4_234-500_processed,A,E471K,3,8,2.712832422359037,2.828313162223749,0.26099807,0.3980312033031558,471,E,K,E
Q86Y26-4_234-500_processed,A,E471L,3,9,2.712832422359037,2.4331137753126835,0.23304516,0.022010844880455127,471,E,L,E
Q86Y26-4_234-500_processed,A,E471M,3,10,2.712832422359037,3.785956884138847,0.24688804,0.21180265138580678,471,E,M,E
Q86Y26-4_234-500_processed,A,E471N,3,11,2.712832422359037,3.127101928086014,0.24411671,0.17439859315264816,471,E,N,E
Q86Y26-4_234-500_processed,A,E471P,3,12,2.712832422359037,3.0805551433480183,0.43291926,2.325123918908213,471,E,P,E
Q86Y26-4_234-500_processed,A,E471Q,3,13,2.712832422359037,3.3385149556513554,0.26720607,0.4778891069460861,471,E,Q,E
Q86Y26-4_234-500_processed,A,E471R,3,14,2.712832422359037,3.0355669859078964,0.23985137,0.11626365593636556,471,E,R,E
Q86Y26-4_234-500_processed,A,E471S,3,15,2.712832422359037,2.8445017352648363,0.26707897,0.47626600194378144,471,E,S,E
Q86Y26-4_234-500_processed,A,E471T,3,16,2.712832422359037,2.8968826778292005,0.26084563,0.39605498484374,471,E,T,E
Q86Y26-4_234-500_processed,A,E471V,3,17,2.712832422359037,2.623741420309898,0.25592798,0.33189561316936345,471,E,V,E
Q86Y26-4_234-500_processed,A,E471W,3,18,2.712832422359037,4.250501482991098,0.20250106,-0.426838483015472,471,E,W,E
Q86Y26-4_234-500_processed,A,E471Y,3,19,2.712832422359037,3.311579602010778,0.21996681,-0.1646494396705478,471,E,Y,E
Q86Y26-4_234-500_processed,A,K472A,8,0,2.828313162223749,2.4839824262174384,0.2789374,0.6256535586702117,472,K,A,K
Q86Y26-4_234-500_processed,A,K472C,8,1,2.828313162223749,4.335140045203785,0.3132363,1.0374189154993476,472,K,C,K
Q86Y26-4_234-500_processed,A,K472D,8,2,2.828313162223749,2.8246796259135976,0.26291177,0.4227772096055171,472,K,D,K
Q86Y26-4_234-500_processed,A,K472E,8,3,2.828313162223749,2.712832422359037,0.2699141,0.5123537856144025,472,K,E,K
Q86Y26-4_234-500_processed,A,K472F,8,4,2.828313162223749,3.2079371983380796,0.23691376,0.0758127898629013,472,K,F,K
Q86Y26-4_234-500_processed,A,K472G,8,5,2.828313162223749,2.5602131485714543,0.3272579,1.1984662621694524,472,K,G,K
Q86Y26-4_234-500_processed,A,K472H,8,6,2.828313162223749,3.772712370515455,0.23159786,0.0017231636337089462,472,K,H,K
Q86Y26-4_234-500_processed,A,K472I,8,7,2.828313162223749,2.8540177271228053,0.22980347,-0.023553087703127584,472,K,I,K
Q86Y26-4_234-500_processed,A,K472K,8,8,2.828313162223749,2.828313162223749,0.25163674,0.2752451415753415,472,K,K,K
Q86Y26-4_234-500_processed,A,K472L,8,9,2.828313162223749,2.4331137753126835,0.21370238,-0.256877672190855,472,K,L,K
Q86Y26-4_234-500_processed,A,K472M,8,10,2.828313162223749,3.785956884138847,0.24448891,0.1794387213101889,472,K,M,K
Q86Y26-4_234-500_processed,A,K472N,8,11,2.828313162223749,3.127101928086014,0.23498636,0.049084582762343176,472,K,N,K
Q86Y26-4_234-500_processed,A,K472P,8,12,2.828313162223749,3.0805551433480183,0.5885849,3.895296251220169,472,K,P,K
Q86Y26-4_234-500_processed,A,K472Q,8,13,2.828313162223749,3.3385149556513554,0.2677721,0.4851112092902249,472,K,Q,K
Q86Y26-4_234-500_processed,A,K472R,8,14,2.828313162223749,3.0355669859078964,0.22738749,-0.05780521897329194,472,K,R,K
Q86Y26-4_234-500_processed,A,K472S,8,15,2.828313162223749,2.8445017352648363,0.27722117,0.6042809526251538,472,K,S,K
Q86Y26-4_234-500_processed,A,K472T,8,16,2.828313162223749,2.8968826778292005,0.27181512,0.5364179080996536,472,K,T,K
Q86Y26-4_234-500_processed,A,K472V,8,17,2.828313162223749,2.623741420309898,0.23752533,0.08426244151370166,472,K,V,K
Q86Y26-4_234-500_processed,A,K472W,8,18,2.828313162223749,4.250501482991098,0.22334035,-0.11576349329577629,472,K,W,K
Q86Y26-4_234-500_processed,A,K472Y,8,19,2.828313162223749,3.311579602010778,0.24647315,0.20622100798807552,472,K,Y,K
Q86Y26-4_234-500_processed,A,Q473A,13,0,3.3385149556513554,2.4839824262174384,0.20174813,-0.438510298015507,473,Q,A,Q
Q86Y26-4_234-500_processed,A,Q473C,13,1,3.3385149556513554,4.335140045203785,0.25017214,0.25576392801564485,473,Q,C,Q
Q86Y26-4_234-500_processed,A,Q473D,13,2,3.3385149556513554,2.8246796259135976,0.18520416,-0.7036969336644416,473,Q,D,Q
Q86Y26-4_234-500_processed,A,Q473E,13,3,3.3385149556513554,2.712832422359037,0.18093438,-0.7750743712955616,473,Q,E,Q
Q86Y26-4_234-500_processed,A,Q473F,13,4,3.3385149556513554,3.2079371983380796,0.1925972,-0.5830543596947013,473,Q,F,Q
Q86Y26-4_234-500_processed,A,Q473G,13,5,3.3385149556513554,2.5602131485714543,0.22996686,-0.02124579691701378,473,Q,G,Q
Q86Y26-4_234-500_processed,A,Q473H,13,6,3.3385149556513554,3.772712370515455,0.1725124,-0.9198125603079554,473,Q,H,Q
Q86Y26-4_234-500_processed,A,Q473I,13,7,3.3385149556513554,2.8540177271228053,0.19437136,-0.5546308785639914,473,Q,I,Q
Q86Y26-4_234-500_processed,A,Q473K,13,8,3.3385149556513554,2.828313162223749,0.19067758,-0.6140335484626713,473,Q,K,Q
Q86Y26-4_234-500_processed,A,Q473L,13,9,3.3385149556513554,2.4331137753126835,0.17341386,-0.9040578943321403,473,Q,L,Q
Q86Y26-4_234-500_processed,A,Q473M,13,10,3.3385149556513554,3.785956884138847,0.19145125,-0.6015193932243312,473,Q,M,Q
Q86Y26-4_234-500_processed,A,Q473N,13,11,3.3385149556513554,3.127101928086014,0.19149782,-0.6007674147321146,473,Q,N,Q
Q86Y26-4_234-500_processed,A,Q473P,13,12,3.3385149556513554,3.0805551433480183,0.23938052,0.10980308190189414,473,Q,P,Q
Q86Y26-4_234-500_processed,A,Q473Q,13,13,3.3385149556513554,3.3385149556513554,0.20447512,-0.39638954877357135,473,Q,Q,Q
Q86Y26-4_234-500_processed,A,Q473R,13,14,3.3385149556513554,3.0355669859078964,0.1831172,-0.7384231872308422,473,Q,R,Q
Q86Y26-4_234-500_processed,A,Q473S,13,15,3.3385149556513554,2.8445017352648363,0.19584395,-0.5311879357127258,473,Q,S,Q
Q86Y26-4_234-500_processed,A,Q473T,13,16,3.3385149556513554,2.8968826778292005,0.19990656,-0.46719619309097515,473,Q,T,Q
Q86Y26-4_234-500_processed,A,Q473V,13,17,3.3385149556513554,2.623741420309898,0.19727683,-0.508504836988557,473,Q,V,Q
Q86Y26-4_234-500_processed,A,Q473W,13,18,3.3385149556513554,4.250501482991098,0.1743816,-0.8872167202603448,473,Q,W,Q
Q86Y26-4_234-500_processed,A,Q473Y,13,19,3.3385149556513554,3.311579602010778,0.1933181,-0.5714810093458006,473,Q,Y,Q
Q86Y26-4_234-500_processed,A,R474A,14,0,3.0355669859078964,2.4839824262174384,0.278726,0.6230254621417266,474,R,A,R
Q86Y26-4_234-500_processed,A,R474C,14,1,3.0355669859078964,4.335140045203785,0.309519,0.994077475454588,474,R,C,R
Q86Y26-4_234-500_processed,A,R474D,14,2,3.0355669859078964,2.8246796259135976,0.29180598,0.7834276154970382,474,R,D,R
Q86Y26-4_234-500_processed,A,R474E,14,3,3.0355669859078964,2.712832422359037,0.27159402,0.533624521926902,474,R,E,R
Q86Y26-4_234-500_processed,A,R474F,14,4,3.0355669859078964,3.2079371983380796,0.2239677,-0.10673072778588588,474,R,F,R
Q86Y26-4_234-500_processed,A,R474G,14,5,3.0355669859078964,2.5602131485714543,0.35323277,1.487851970453768,474,R,G,R
Q86Y26-4_234-500_processed,A,R474H,14,6,3.0355669859078964,3.772712370515455,0.24256697,0.1533568228382437,474,R,H,R
Q86Y26-4_234-500_processed,A,R474I,14,7,3.0355669859078964,2.8540177271228053,0.21566376,-0.22779318120836722,474,R,I,R
Q86Y26-4_234-500_processed,A,R474K,14,8,3.0355669859078964,2.828313162223749,0.2619386,0.4102077878492977,474,R,K,R
Q86Y26-4_234-500_processed,A,R474L,14,9,3.0355669859078964,2.4331137753126835,0.21249098,-0.27493827239367163,474,R,L,R
Q86Y26-4_234-500_processed,A,R474M,14,10,3.0355669859078964,3.785956884138847,0.23431908,0.03979556051399935,474,R,M,R
Q86Y26-4_234-500_processed,A,R474N,14,11,3.0355669859078964,3.127101928086014,0.26126975,0.40155138805872237,474,R,N,R
Q86Y26-4_234-500_processed,A,R474P,14,12,3.0355669859078964,3.0805551433480183,0.61135834,4.132563877640636,474,R,P,R
Q86Y26-4_234-500_processed,A,R474Q,14,13,3.0355669859078964,3.3385149556513554,0.2720714,0.539653804196687,474,R,Q,R
Q86Y26-4_234-500_processed,A,R474R,14,14,3.0355669859078964,3.0355669859078964,0.23393437,0.034431939684523294,474,R,R,R
Q86Y26-4_234-500_processed,A,R474S,14,15,3.0355669859078964,2.8445017352648363,0.30087206,0.8921283877973393,474,R,S,R
Q86Y26-4_234-500_processed,A,R474T,14,16,3.0355669859078964,2.8968826778292005,0.26418602,0.43919039503236834,474,R,T,R
Q86Y26-4_234-500_processed,A,R474V,14,17,3.0355669859078964,2.623741420309898,0.22829032,-0.04497566999113467,474,R,V,R
Q86Y26-4_234-500_processed,A,R474W,14,18,3.0355669859078964,4.250501482991098,0.21244814,-0.2755783518824839,474,R,W,R
Q86Y26-4_234-500_processed,A,R474Y,14,19,3.0355669859078964,3.311579602010778,0.23367414,0.030800224916472385,474,R,Y,R
Q86Y26-4_234-500_processed,A,D475A,2,0,2.8246796259135976,2.4839824262174384,0.30994508,0.999059791140742,475,D,A,D
Q86Y26-4_234-500_processed,A,D475C,2,1,2.8246796259135976,4.335140045203785,0.3562715,1.521040126573825,475,D,C,D
Q86Y26-4_234-500_processed,A,D475D,2,2,2.8246796259135976,2.8246796259135976,0.2680909,0.48917448835393174,475,D,D,D
Q86Y26-4_234-500_processed,A,D475E,2,3,2.8246796259135976,2.712832422359037,0.28549102,0.7065375174432814,475,D,E,D
Q86Y26-4_234-500_processed,A,D475F,2,4,2.8246796259135976,3.2079371983380796,0.2866905,0.7212196137702117,475,D,F,D
Q86Y26-4_234-500_processed,A,D475G,2,5,2.8246796259135976,2.5602131485714543,0.36486205,1.6141928433385835,475,D,G,D
Q86Y26-4_234-500_processed,A,D475H,2,6,2.8246796259135976,3.772712370515455,0.27835184,0.6183705865114836,475,D,H,D
Q86Y26-4_234-500_processed,A,D475I,2,7,2.8246796259135976,2.8540177271228053,0.28854096,0.743798002812119,475,D,I,D
Q86Y26-4_234-500_processed,A,D475K,2,8,2.8246796259135976,2.828313162223749,0.31061232,1.0068544899589338,475,D,K,D
Q86Y26-4_234-500_processed,A,D475L,2,9,2.8246796259135976,2.4331137753126835,0.27010182,0.5147348276014174,475,D,L,D
Q86Y26-4_234-500_processed,A,D475M,2,10,2.8246796259135976,3.785956884138847,0.29986435,0.880140280199986,475,D,M,D
Q86Y26-4_234-500_processed,A,D475N,2,11,2.8246796259135976,3.127101928086014,0.26788983,0.48661198250958215,475,D,N,D
Q86Y26-4_234-500_processed,A,D475P,2,12,2.8246796259135976,3.0805551433480183,0.3701298,1.6708499056895392,475,D,P,D
Q86Y26-4_234-500_processed,A,D475Q,2,13,2.8246796259135976,3.3385149556513554,0.31961432,1.1111380240168123,475,D,Q,D
Q86Y26-4_234-500_processed,A,D475R,2,14,2.8246796259135976,3.0355669859078964,0.30401254,0.929343233644945,475,D,R,D
Q86Y26-4_234-500_processed,A,D475S,2,15,2.8246796259135976,2.8445017352648363,0.29967695,0.8779083878773408,475,D,S,D
Q86Y26-4_234-500_processed,A,D475T,2,16,2.8246796259135976,2.8968826778292005,0.3010396,0.894119398462368,475,D,T,D
Q86Y26-4_234-500_processed,A,D475V,2,17,2.8246796259135976,2.623741420309898,0.2915214,0.7799839087255128,475,D,V,D
Q86Y26-4_234-500_processed,A,D475W,2,18,2.8246796259135976,4.250501482991098,0.2668516,0.47336145487628767,475,D,W,D
Q86Y26-4_234-500_processed,A,D475Y,2,19,2.8246796259135976,3.311579602010778,0.28868705,0.7455768585080086,475,D,Y,D
Q86Y26-4_234-500_processed,A,P476A,12,0,3.0805551433480183,2.4839824262174384,0.21091175,-0.2985959018156198,476,P,A,P
Q86Y26-4_234-500_processed,A,P476C,12,1,3.0805551433480183,4.335140045203785,0.27290753,0.5501983319602091,476,P,C,P
Q86Y26-4_234-500_processed,A,P476D,12,2,3.0805551433480183,2.8246796259135976,0.21112892,-0.29533491683541524,476,P,D,P
Q86Y26-4_234-500_processed,A,P476E,12,3,3.0805551433480183,2.712832422359037,0.2061094,-0.37134636175780333,476,P,E,P
Q86Y26-4_234-500_processed,A,P476F,12,4,3.0805551433480183,3.2079371983380796,0.18349615,-0.7320948967298296,476,P,F,P
Q86Y26-4_234-500_processed,A,P476G,12,5,3.0805551433480183,2.5602131485714543,0.2554049,0.3250237338237888,476,P,G,P
Q86Y26-4_234-500_processed,A,P476H,12,6,3.0805551433480183,3.772712370515455,0.19416153,-0.5579821099104704,476,P,H,P
Q86Y26-4_234-500_processed,A,P476I,12,7,3.0805551433480183,2.8540177271228053,0.20565483,-0.3782972759655123,476,P,I,P
Q86Y26-4_234-500_processed,A,P476K,12,8,3.0805551433480183,2.828313162223749,0.20402737,-0.4032766291742085,476,P,K,P
Q86Y26-4_234-500_processed,A,P476L,12,9,3.0805551433480183,2.4331137753126835,0.17740001,-0.8351573304229482,476,P,L,P
Q86Y26-4_234-500_processed,A,P476M,12,10,3.0805551433480183,3.785956884138847,0.20521244,-0.38507274660703805,476,P,M,P
Q86Y26-4_234-500_processed,A,P476N,12,11,3.0805551433480183,3.127101928086014,0.21688229,-0.20982065467597732,476,P,N,P
Q86Y26-4_234-500_processed,A,P476P,12,12,3.0805551433480183,3.0805551433480183,0.31590584,1.0683715546326824,476,P,P,P
Q86Y26-4_234-500_processed,A,P476Q,12,13,3.0805551433480183,3.3385149556513554,0.21785924,-0.1954639191231844,476,P,Q,P
Q86Y26-4_234-500_processed,A,P476R,12,14,3.0805551433480183,3.0355669859078964,0.19299044,-0.5767371971108204,476,P,R,P
Q86Y26-4_234-500_processed,A,P476S,12,15,3.0805551433480183,2.8445017352648363,0.21886574,-0.18072144024930237,476,P,S,P
Q86Y26-4_234-500_processed,A,P476T,12,16,3.0805551433480183,2.8968826778292005,0.22044191,-0.15773252023153161,476,P,T,P
Q86Y26-4_234-500_processed,A,P476V,12,17,3.0805551433480183,2.623741420309898,0.22150274,-0.14232633510332215,476,P,V,P
Q86Y26-4_234-500_processed,A,P476W,12,18,3.0805551433480183,4.250501482991098,0.15570949,-1.226261531585372,476,P,W,P
Q86Y26-4_234-500_processed,A,P476Y,12,19,3.0805551433480183,3.311579602010778,0.1840151,-0.7234451554333421,476,P,Y,P
Q86Y26-4_234-500_processed,A,L477A,9,0,2.4331137753126835,2.4839824262174384,0.302128,0.907037507049169,477,L,A,L
Q86Y26-4_234-500_processed,A,L477C,9,1,2.4331137753126835,4.335140045203785,0.36879566,1.65653272953108,477,L,C,L
Q86Y26-4_234-500_processed,A,L477D,9,2,2.4331137753126835,2.8246796259135976,0.3044919,0.935004657405338,477,L,D,L
Q86Y26-4_234-500_processed,A,L477E,9,3,2.4331137753126835,2.712832422359037,0.2929703,0.7974964096056897,477,L,E,L
Q86Y26-4_234-500_processed,A,L477F,9,4,2.4331137753126835,3.2079371983380796,0.27602386,0.5893222474103756,477,L,F,L
Q86Y26-4_234-500_processed,A,L477G,9,5,2.4331137753126835,2.5602131485714543,0.3511696,1.4652446989133816,477,L,G,L
Q86Y26-4_234-500_processed,A,L477H,9,6,2.4331137753126835,3.772712370515455,0.2778716,0.6123905440059779,477,L,H,L
Q86Y26-4_234-500_processed,A,L477I,9,7,2.4331137753126835,2.8540177271228053,0.26722264,0.47810066432008747,477,L,I,L
Q86Y26-4_234-500_processed,A,L477K,9,8,2.4331137753126835,2.828313162223749,0.28846413,0.7428622739329257,477,L,K,L
Q86Y26-4_234-500_processed,A,L477L,9,9,2.4331137753126835,2.4331137753126835,0.24341552,0.16488935126615367,477,L,L,L
Q86Y26-4_234-500_processed,A,L477M,9,10,2.4331137753126835,3.785956884138847,0.27074364,0.5228676414374003,477,L,M,L
Q86Y26-4_234-500_processed,A,L477N,9,11,2.4331137753126835,3.127101928086014,0.30255374,0.91208366314249,477,L,N,L
Q86Y26-4_234-500_processed,A,L477P,9,12,2.4331137753126835,3.0805551433480183,0.69447523,5.052814142105164,477,L,P,L
Q86Y26-4_234-500_processed,A,L477Q,9,13,2.4331137753126835,3.3385149556513554,0.30239347,0.9101844977222567,477,L,Q,L
Q86Y26-4_234-500_processed,A,L477R,9,14,2.4331137753126835,3.0355669859078964,0.26560056,0.45735114999604976,477,L,R,L
Q86Y26-4_234-500_processed,A,L477S,9,15,2.4331137753126835,2.8445017352648363,0.3136864,1.0426477440926,477,L,S,L
Q86Y26-4_234-500_processed,A,L477T,9,16,2.4331137753126835,2.8968826778292005,0.30914366,0.9896854971814589,477,L,T,L
Q86Y26-4_234-500_processed,A,L477V,9,17,2.4331137753126835,2.623741420309898,0.28369087,0.6844333471878267,477,L,V,L
Q86Y26-4_234-500_processed,A,L477W,9,18,2.4331137753126835,4.250501482991098,0.23735161,0.0818638394096538,477,L,W,L
Q86Y26-4_234-500_processed,A,L477Y,9,19,2.4331137753126835,3.311579602010778,0.28083536,0.6491956884230223,477,L,Y,L
Q86Y26-4_234-500_processed,A,A478A,0,0,2.4839824262174384,2.4839824262174384,0.23408292,0.03650377845402175,478,A,A,A
Q86Y26-4_234-500_processed,A,A478C,0,1,2.4839824262174384,4.335140045203785,0.2895277,0.7558027094631559,478,A,C,A
Q86Y26-4_234-500_processed,A,A478D,0,2,2.4839824262174384,2.8246796259135976,0.23651324,0.07027104476432178,478,A,D,A
Q86Y26-4_234-500_processed,A,A478E,0,3,2.4839824262174384,2.712832422359037,0.20701857,-0.35747827495607953,478,A,E,A
Q86Y26-4_234-500_processed,A,A478F,0,4,2.4839824262174384,3.2079371983380796,0.19493036,-0.5457160454934229,478,A,F,A
Q86Y26-4_234-500_processed,A,A478G,0,5,2.4839824262174384,2.5602131485714543,0.2838706,0.6866441527338637,478,A,G,A
Q86Y26-4_234-500_processed,A,A478H,0,6,2.4839824262174384,3.772712370515455,0.20422073,-0.4003011190700745,478,A,H,A
Q86Y26-4_234-500_processed,A,A478I,0,7,2.4839824262174384,2.8540177271228053,0.19775262,-0.5010003215412856,478,A,I,A
Q86Y26-4_234-500_processed,A,A478K,0,8,2.4839824262174384,2.828313162223749,0.2189222,-0.17989589488391744,478,A,K,A
Q86Y26-4_234-500_processed,A,A478L,0,9,2.4839824262174384,2.4331137753126835,0.18919952,-0.6380496825857912,478,A,L,A
Q86Y26-4_234-500_processed,A,A478M,0,10,2.4839824262174384,3.785956884138847,0.20928554,-0.3230934063934576,478,A,M,A
Q86Y26-4_234-500_processed,A,A478N,0,11,2.4839824262174384,3.127101928086014,0.23685774,0.07503814267164843,478,A,N,A
Q86Y26-4_234-500_processed,A,A478P,0,12,2.4839824262174384,3.0805551433480183,0.50997907,3.0998039452797386,478,A,P,A
Q86Y26-4_234-500_processed,A,A478Q,0,13,2.4839824262174384,3.3385149556513554,0.2292098,-0.03194626497578679,478,A,Q,A
Q86Y26-4_234-500_processed,A,A478R,0,14,2.4839824262174384,3.0355669859078964,0.20353542,-0.41085649616763475,478,A,R,A
Q86Y26-4_234-500_processed,A,A478S,0,15,2.4839824262174384,2.8445017352648363,0.24675305,0.20998730035720892,478,A,S,A
Q86Y26-4_234-500_processed,A,A478T,0,16,2.4839824262174384,2.8968826778292005,0.2323737,0.012609557226780366,478,A,T,A
Q86Y26-4_234-500_processed,A,A478V,0,17,2.4839824262174384,2.623741420309898,0.21350992,-0.2597420765236891,478,A,V,A
Q86Y26-4_234-500_processed,A,A478W,0,18,2.4839824262174384,4.250501482991098,0.17017473,-0.960973519918677,478,A,W,A
Q86Y26-4_234-500_processed,A,A478Y,0,19,2.4839824262174384,3.311579602010778,0.20097041,-0.45060071870411667,478,A,Y,A
Q86Y26-4_234-500_processed,A,L479A,9,0,2.4331137753126835,2.4839824262174384,0.47839895,2.7838549494826395,479,L,A,L
Q86Y26-4_234-500_processed,A,L479C,9,1,2.4331137753126835,4.335140045203785,0.5017053,3.01705295498815,479,L,C,L
Q86Y26-4_234-500_processed,A,L479D,9,2,2.4331137753126835,2.8246796259135976,0.53717345,3.3724216964939644,479,L,D,L
Q86Y26-4_234-500_processed,A,L479E,9,3,2.4331137753126835,2.712832422359037,0.49150234,2.915015263103176,479,L,E,L
Q86Y26-4_234-500_processed,A,L479F,9,4,2.4331137753126835,3.2079371983380796,0.34100482,1.3529509645842452,479,L,F,L
Q86Y26-4_234-500_processed,A,L479G,9,5,2.4331137753126835,2.5602131485714543,0.5770078,3.7762548118574237,479,L,G,L
Q86Y26-4_234-500_processed,A,L479H,9,6,2.4331137753126835,3.772712370515455,0.41338828,2.1250604229739487,479,L,H,L
Q86Y26-4_234-500_processed,A,L479I,9,7,2.4331137753126835,2.8540177271228053,0.35901996,1.550949224188971,479,L,I,L
Q86Y26-4_234-500_processed,A,L479K,9,8,2.4331137753126835,2.828313162223749,0.47795808,2.779437878409994,479,L,K,L
Q86Y26-4_234-500_processed,A,L479L,9,9,2.4331137753126835,2.4331137753126835,0.31114537,1.0130748664731641,479,L,L,L
Q86Y26-4_234-500_processed,A,L479M,9,10,2.4331137753126835,3.785956884138847,0.35730532,1.532302178508374,479,L,M,L
Q86Y26-4_234-500_processed,A,L479N,9,11,2.4331137753126835,3.127101928086014,0.46052554,2.6044322055421465,479,L,N,L
Q86Y26-4_234-500_processed,A,L479P,9,12,2.4331137753126835,3.0805551433480183,0.88368875,8.069587749594668,479,L,P,L
Q86Y26-4_234-500_processed,A,L479Q,9,13,2.4331137753126835,3.3385149556513554,0.4428154,2.4256408701378,479,L,Q,L
Q86Y26-4_234-500_processed,A,L479R,9,14,2.4331137753126835,3.0355669859078964,0.42133632,2.2067748544253547,479,L,R,L
Q86Y26-4_234-500_processed,A,L479S,9,15,2.4331137753126835,2.8445017352648363,0.5431034,3.4321065144152074,479,L,S,L
Q86Y26-4_234-500_processed,A,L479T,9,16,2.4331137753126835,2.8968826778292005,0.48963472,2.8963323724157095,479,L,T,L
Q86Y26-4_234-500_processed,A,L479V,9,17,2.4331137753126835,2.623741420309898,0.39927265,1.978758369561408,479,L,V,L
Q86Y26-4_234-500_processed,A,L479W,9,18,2.4331137753126835,4.250501482991098,0.3655439,1.6215457331807748,479,L,W,L
Q86Y26-4_234-500_processed,A,L479Y,9,19,2.4331137753126835,3.311579602010778,0.3869864,1.8500061206612244,479,L,Y,L
Q86Y26-4_234-500_processed,A,I480A,7,0,2.8540177271228053,2.4839824262174384,0.28146777,0.6570184087015348,480,I,A,I
Q86Y26-4_234-500_processed,A,I480C,7,1,2.8540177271228053,4.335140045203785,0.3403015,1.3451228445169832,480,I,C,I
Q86Y26-4_234-500_processed,A,I480D,7,2,2.8540177271228053,2.8246796259135976,0.28922266,0.7520940345295976,480,I,D,I
Q86Y26-4_234-500_processed,A,I480E,7,3,2.8540177271228053,2.712832422359037,0.26127863,0.4016664221588756,480,I,E,I
Q86Y26-4_234-500_processed,A,I480F,7,4,2.8540177271228053,3.2079371983380796,0.2395983,0.11279236729411446,480,I,F,I
Q86Y26-4_234-500_processed,A,I480G,7,5,2.8540177271228053,2.5602131485714543,0.33526832,1.2888692247520768,480,I,G,I
Q86Y26-4_234-500_processed,A,I480H,7,6,2.8540177271228053,3.772712370515455,0.25225016,0.2833820878951121,480,I,H,I
Q86Y26-4_234-500_processed,A,I480I,7,7,2.8540177271228053,2.8540177271228053,0.23388913,0.03380079192223495,480,I,I,I
Q86Y26-4_234-500_processed,A,I480K,7,8,2.8540177271228053,2.828313162223749,0.26422793,0.4397292544686354,480,I,K,I
Q86Y26-4_234-500_processed,A,I480L,7,9,2.8540177271228053,2.4331137753126835,0.21740963,-0.20206540049985677,480,I,L,I
Q86Y26-4_234-500_processed,A,I480M,7,10,2.8540177271228053,3.785956884138847,0.24481456,0.18384422505196785,480,I,M,I
Q86Y26-4_234-500_processed,A,I480N,7,11,2.8540177271228053,3.127101928086014,0.2787919,0.6238448124031309,480,I,N,I
Q86Y26-4_234-500_processed,A,I480P,7,12,2.8540177271228053,3.0805551433480183,0.75314623,5.788658186966367,480,I,P,I
Q86Y26-4_234-500_processed,A,I480Q,7,13,2.8540177271228053,3.3385149556513554,0.2748665,0.574824267627125,480,I,Q,I
Q86Y26-4_234-500_processed,A,I480R,7,14,2.8540177271228053,3.0355669859078964,0.24469493,0.18222633738438687,480,I,R,I
Q86Y26-4_234-500_processed,A,I480S,7,15,2.8540177271228053,2.8445017352648363,0.3013614,0.8979417021542851,480,I,S,I
Q86Y26-4_234-500_processed,A,I480T,7,16,2.8540177271228053,2.8968826778292005,0.27894253,0.6257172728943683,480,I,T,I
Q86Y26-4_234-500_processed,A,I480V,7,17,2.8540177271228053,2.623741420309898,0.2532897,0.2971414965150271,480,I,V,I
Q86Y26-4_234-500_processed,A,I480W,7,18,2.8540177271228053,4.250501482991098,0.2134814,-0.2601667077086228,480,I,W,I
Q86Y26-4_234-500_processed,A,I480Y,7,19,2.8540177271228053,3.311579602010778,0.24819359,0.22932549754115683,480,I,Y,I
Q86Y26-4_234-500_processed,A,E481A,3,0,2.712832422359037,2.4839824262174384,0.24725772,0.21677076389153394,481,E,A,E
Q86Y26-4_234-500_processed,A,E481C,3,1,2.712832422359037,4.335140045203785,0.31163406,1.0187726152637804,481,E,C,E
Q86Y26-4_234-500_processed,A,E481D,3,2,2.712832422359037,2.8246796259135976,0.24342945,0.16507848004108816,481,E,D,E
Q86Y26-4_234-500_processed,A,E481E,3,3,2.712832422359037,2.712832422359037,0.23234577,0.012218166000131925,481,E,E,E
Q86Y26-4_234-500_processed,A,E481F,3,4,2.712832422359037,3.2079371983380796,0.21295065,-0.2680763070984199,481,E,F,E
Q86Y26-4_234-500_processed,A,E481G,3,5,2.712832422359037,2.5602131485714543,0.29367545,0.80600105878472,481,E,G,E
Q86Y26-4_234-500_processed,A,E481H,3,6,2.712832422359037,3.772712370515455,0.22225213,-0.13147484003405652,481,E,H,E
Q86Y26-4_234-500_processed,A,E481I,3,7,2.712832422359037,2.8540177271228053,0.21771266,-0.19761505250115052,481,E,I,E
Q86Y26-4_234-500_processed,A,E481K,3,8,2.712832422359037,2.828313162223749,0.22623411,-0.07424755573869013,481,E,K,E
Q86Y26-4_234-500_processed,A,E481L,3,9,2.712832422359037,2.4331137753126835,0.20605512,-0.37217583652016606,481,E,L,E
Q86Y26-4_234-500_processed,A,E481M,3,10,2.712832422359037,3.785956884138847,0.22996323,-0.021297127675150573,481,E,M,E
Q86Y26-4_234-500_processed,A,E481N,3,11,2.712832422359037,3.127101928086014,0.24851412,0.23361805621479492,481,E,N,E
Q86Y26-4_234-500_processed,A,E481P,3,12,2.712832422359037,3.0805551433480183,0.66191053,4.679549621491921,481,E,P,E
Q86Y26-4_234-500_processed,A,E481Q,3,13,2.712832422359037,3.3385149556513554,0.252521,0.2869706151823814,481,E,Q,E
Q86Y26-4_234-500_processed,A,E481R,3,14,2.712832422359037,3.0355669859078964,0.22028671,-0.1599908452215104,481,E,R,E
Q86Y26-4_234-500_processed,A,E481S,3,15,2.712832422359037,2.8445017352648363,0.26549044,0.4559395855209031,481,E,S,E
Q86Y26-4_234-500_processed,A,E481T,3,16,2.712832422359037,2.8968826778292005,0.2547994,0.31705775726300567,481,E,T,E
Q86Y26-4_234-500_processed,A,E481V,3,17,2.712832422359037,2.623741420309898,0.23539606,0.054778670800552653,481,E,V,E
Q86Y26-4_234-500_processed,A,E481W,3,18,2.712832422359037,4.250501482991098,0.17874111,-0.8122498315304477,481,E,W,E
Q86Y26-4_234-500_processed,A,E481Y,3,19,2.712832422359037,3.311579602010778,0.21836667,-0.1880253366908402,481,E,Y,E
Q86Y26-4_234-500_processed,A,E482A,3,0,2.712832422359037,2.4839824262174384,0.2737978,0.561403599999192,482,E,A,E
Q86Y26-4_234-500_processed,A,E482C,3,1,2.712832422359037,4.335140045203785,0.34482357,1.395320831536252,482,E,C,E
Q86Y26-4_234-500_processed,A,E482D,3,2,2.712832422359037,2.8246796259135976,0.30550942,0.9470050154836784,482,E,D,E
Q86Y26-4_234-500_processed,A,E482E,3,3,2.712832422359037,2.712832422359037,0.26320446,0.4265517225766041,482,E,E,E
Q86Y26-4_234-500_processed,A,E482F,3,4,2.712832422359037,3.2079371983380796,0.21546319,-0.23075850567983391,482,E,F,E
Q86Y26-4_234-500_processed,A,E482G,3,5,2.712832422359037,2.5602131485714543,0.38232207,1.8007405211323497,482,E,G,E
Q86Y26-4_234-500_processed,A,E482H,3,6,2.712832422359037,3.772712370515455,0.2439675,0.172376682420064,482,E,H,E
Q86Y26-4_234-500_processed,A,E482I,3,7,2.712832422359037,2.8540177271228053,0.22365661,-0.11120763157461633,482,E,I,E
Q86Y26-4_234-500_processed,A,E482K,3,8,2.712832422359037,2.828313162223749,0.29613277,0.8355454289913008,482,E,K,E
Q86Y26-4_234-500_processed,A,E482L,3,9,2.712832422359037,2.4331137753126835,0.21397933,-0.2527591164624743,482,E,L,E
Q86Y26-4_234-500_processed,A,E482M,3,10,2.712832422359037,3.785956884138847,0.23359188,0.02965173230279783,482,E,M,E
Q86Y26-4_234-500_processed,A,E482N,3,11,2.712832422359037,3.127101928086014,0.2995938,0.8769178364435432,482,E,N,E
Q86Y26-4_234-500_processed,A,E482P,3,12,2.712832422359037,3.0805551433480183,0.852627,7.388388048472858,482,E,P,E
Q86Y26-4_234-500_processed,A,E482Q,3,13,2.712832422359037,3.3385149556513554,0.2728985,0.5500845608298973,482,E,Q,E
Q86Y26-4_234-500_processed,A,E482R,3,14,2.712832422359037,3.0355669859078964,0.25871354,0.3683357698980616,482,E,R,E
Q86Y26-4_234-500_processed,A,E482S,3,15,2.712832422359037,2.8445017352648363,0.3324915,1.257655285503393,482,E,S,E
Q86Y26-4_234-500_processed,A,E482T,3,16,2.712832422359037,2.8968826778292005,0.28531408,0.7043686257563438,482,E,T,E
Q86Y26-4_234-500_processed,A,E482V,3,17,2.712832422359037,2.623741420309898,0.24374732,0.16939145539069722,482,E,V,E
Q86Y26-4_234-500_processed,A,E482W,3,18,2.712832422359037,4.250501482991098,0.17287014,-0.9135525039723824,482,E,W,E
Q86Y26-4_234-500_processed,A,E482Y,3,19,2.712832422359037,3.311579602010778,0.22635183,-0.07256666448218485,482,E,Y,E
Q86Y26-4_234-500_processed,A,L483A,9,0,2.4331137753126835,2.4839824262174384,0.42472968,2.241532117991834,483,L,A,L
Q86Y26-4_234-500_processed,A,L483C,9,1,2.4331137753126835,4.335140045203785,0.46456072,2.645011915339621,483,L,C,L
Q86Y26-4_234-500_processed,A,L483D,9,2,2.4331137753126835,2.8246796259135976,0.5057882,3.05788465640374,483,L,D,L
Q86Y26-4_234-500_processed,A,L483E,9,3,2.4331137753126835,2.712832422359037,0.4592437,2.591530875912356,483,L,E,L
Q86Y26-4_234-500_processed,A,L483F,9,4,2.4331137753126835,3.2079371983380796,0.32208598,1.1394951180655628,483,L,F,L
Q86Y26-4_234-500_processed,A,L483G,9,5,2.4331137753126835,2.5602131485714543,0.54589075,3.4602026256024225,483,L,G,L
Q86Y26-4_234-500_processed,A,L483H,9,6,2.4331137753126835,3.772712370515455,0.39766443,1.9619844607994952,483,L,H,L
Q86Y26-4_234-500_processed,A,L483I,9,7,2.4331137753126835,2.8540177271228053,0.30233628,0.9095066917070468,483,L,I,L
Q86Y26-4_234-500_processed,A,L483K,9,8,2.4331137753126835,2.828313162223749,0.4358002,2.3544385399016465,483,L,K,L
Q86Y26-4_234-500_processed,A,L483L,9,9,2.4331137753126835,2.4331137753126835,0.26639724,0.46755220919274865,483,L,L,L
Q86Y26-4_234-500_processed,A,L483M,9,10,2.4331137753126835,3.785956884138847,0.3209868,1.1268986669285093,483,L,M,L
Q86Y26-4_234-500_processed,A,L483N,9,11,2.4331137753126835,3.127101928086014,0.42294216,2.2232323359526363,483,L,N,L
Q86Y26-4_234-500_processed,A,L483P,9,12,2.4331137753126835,3.0805551433480183,0.8795799,7.971144901646303,483,L,P,L
Q86Y26-4_234-500_processed,A,L483Q,9,13,2.4331137753126835,3.3385149556513554,0.40847644,2.074331833348786,483,L,Q,L
Q86Y26-4_234-500_processed,A,L483R,9,14,2.4331137753126835,3.0355669859078964,0.35770163,1.536615635073201,483,L,R,L
Q86Y26-4_234-500_processed,A,L483S,9,15,2.4331137753126835,2.8445017352648363,0.49539942,2.9539928565535836,483,L,S,L
Q86Y26-4_234-500_processed,A,L483T,9,16,2.4331137753126835,2.8968826778292005,0.44185233,2.4158804174870823,483,L,T,L
Q86Y26-4_234-500_processed,A,L483V,9,17,2.4331137753126835,2.623741420309898,0.3493339,1.445079110823821,483,L,V,L
Q86Y26-4_234-500_processed,A,L483W,9,18,2.4331137753126835,4.250501482991098,0.2913924,0.7784220667166066,483,L,W,L
Q86Y26-4_234-500_processed,A,L483Y,9,19,2.4331137753126835,3.311579602010778,0.35118082,1.4653679753820106,483,L,Y,L
Q86Y26-4_234-500_processed,A,E484A,3,0,2.712832422359037,2.4839824262174384,0.24967939,0.24919260395105336,484,E,A,E
Q86Y26-4_234-500_processed,A,E484C,3,1,2.712832422359037,4.335140045203785,0.31358403,1.0414588667550373,484,E,C,E
Q86Y26-4_234-500_processed,A,E484D,3,2,2.712832422359037,2.8246796259135976,0.2809777,0.6509572882701531,484,E,D,E
Q86Y26-4_234-500_processed,A,E484E,3,3,2.712832422359037,2.712832422359037,0.2500724,0.2544343830702367,484,E,E,E
Q86Y26-4_234-500_processed,A,E484F,3,4,2.712832422359037,3.2079371983380796,0.23177668,0.00423468786623471,484,E,F,E
Q86Y26-4_234-500_processed,A,E484G,3,5,2.712832422359037,2.5602131485714543,0.31821555,1.0950385663274975,484,E,G,E
Q86Y26-4_234-500_processed,A,E484H,3,6,2.712832422359037,3.772712370515455,0.24206732,0.1465532797308855,484,E,H,E
Q86Y26-4_234-500_processed,A,E484I,3,7,2.712832422359037,2.8540177271228053,0.21456899,-0.24400330243597168,484,E,I,E
Q86Y26-4_234-500_processed,A,E484K,3,8,2.712832422359037,2.828313162223749,0.24765138,0.2220556051409761,484,E,K,E
Q86Y26-4_234-500_processed,A,E484L,3,9,2.712832422359037,2.4331137753126835,0.19999483,-0.46581664924996824,484,E,L,E
Q86Y26-4_234-500_processed,A,E484M,3,10,2.712832422359037,3.785956884138847,0.22778282,-0.0521830626103198,484,E,M,E
Q86Y26-4_234-500_processed,A,E484N,3,11,2.712832422359037,3.127101928086014,0.26794323,0.4872927017289147,484,E,N,E
Q86Y26-4_234-500_processed,A,E484P,3,12,2.712832422359037,3.0805551433480183,0.8475261,7.28831998991575,484,E,P,E
Q86Y26-4_234-500_processed,A,E484Q,3,13,2.712832422359037,3.3385149556513554,0.25612023,0.33441896292372764,484,E,Q,E
Q86Y26-4_234-500_processed,A,E484R,3,14,2.712832422359037,3.0355669859078964,0.22668152,-0.06786239347665812,484,E,R,E
Q86Y26-4_234-500_processed,A,E484S,3,15,2.712832422359037,2.8445017352648363,0.29227525,0.7891018703297453,484,E,S,E
Q86Y26-4_234-500_processed,A,E484T,3,16,2.712832422359037,2.8968826778292005,0.27039367,0.5184345435521422,484,E,T,E
Q86Y26-4_234-500_processed,A,E484V,3,17,2.712832422359037,2.623741420309898,0.23341839,0.027228364427929197,484,E,V,E
Q86Y26-4_234-500_processed,A,E484W,3,18,2.712832422359037,4.250501482991098,0.19325599,-0.5724767954401239,484,E,W,E
Q86Y26-4_234-500_processed,A,E484Y,3,19,2.712832422359037,3.311579602010778,0.23697042,0.07659637598320501,484,E,Y,E
Q86Y26-4_234-500_processed,A,Q485A,13,0,3.3385149556513554,2.4839824262174384,0.21330686,-0.26276620060900924,485,Q,A,Q
Q86Y26-4_234-500_processed,A,Q485C,13,1,3.3385149556513554,4.335140045203785,0.26911128,0.502159335044497,485,Q,C,Q
Q86Y26-4_234-500_processed,A,Q485D,13,2,3.3385149556513554,2.8246796259135976,0.23612349,0.06487194058244272,485,Q,D,Q
Q86Y26-4_234-500_processed,A,Q485E,13,3,3.3385149556513554,2.712832422359037,0.20670936,-0.36218985631717104,485,Q,E,Q
Q86Y26-4_234-500_processed,A,Q485F,13,4,3.3385149556513554,3.2079371983380796,0.1966658,-0.5181625383968841,485,Q,F,Q
Q86Y26-4_234-500_processed,A,Q485G,13,5,3.3385149556513554,2.5602131485714543,0.2808779,0.6497220860646576,485,Q,G,Q
Q86Y26-4_234-500_processed,A,Q485H,13,6,3.3385149556513554,3.772712370515455,0.19974351,-0.46974549925794584,485,Q,H,Q
Q86Y26-4_234-500_processed,A,Q485I,13,7,3.3385149556513554,2.8540177271228053,0.18874542,-0.6454569089126266,485,Q,I,Q
Q86Y26-4_234-500_processed,A,Q485K,13,8,3.3385149556513554,2.828313162223749,0.20240526,-0.4283217618415064,485,Q,K,Q
Q86Y26-4_234-500_processed,A,Q485L,13,9,3.3385149556513554,2.4331137753126835,0.1764426,-0.8515942113052871,485,Q,L,Q
Q86Y26-4_234-500_processed,A,Q485M,13,10,3.3385149556513554,3.785956884138847,0.1964595,-0.52142818159575,485,Q,M,Q
Q86Y26-4_234-500_processed,A,Q485N,13,11,3.3385149556513554,3.127101928086014,0.22041495,-0.15812469088277603,485,Q,N,Q
Q86Y26-4_234-500_processed,A,Q485P,13,12,3.3385149556513554,3.0805551433480183,0.7258309,5.4339301538405556,485,Q,P,Q
Q86Y26-4_234-500_processed,A,Q485Q,13,13,3.3385149556513554,3.3385149556513554,0.21454135,-0.2444133642904489,485,Q,Q,Q
Q86Y26-4_234-500_processed,A,Q485R,13,14,3.3385149556513554,3.0355669859078964,0.18617697,-0.6876131438844674,485,Q,R,Q
Q86Y26-4_234-500_processed,A,Q485S,13,15,3.3385149556513554,2.8445017352648363,0.24364668,0.1680263217359529,485,Q,S,Q
Q86Y26-4_234-500_processed,A,Q485T,13,16,3.3385149556513554,2.8968826778292005,0.21855138,-0.18532063130255239,485,Q,T,Q
Q86Y26-4_234-500_processed,A,Q485V,13,17,3.3385149556513554,2.623741420309898,0.19672824,-0.5171744390131394,485,Q,V,Q
Q86Y26-4_234-500_processed,A,Q485W,13,18,3.3385149556513554,4.250501482991098,0.17025022,-0.9596373336026393,485,Q,W,Q
Q86Y26-4_234-500_processed,A,Q485Y,13,19,3.3385149556513554,3.311579602010778,0.2024333,-0.42788749845327434,485,Q,Y,Q
Q86Y26-4_234-500_processed,A,E486A,3,0,2.712832422359037,2.4839824262174384,0.31368712,1.042656049917943,486,E,A,E
Q86Y26-4_234-500_processed,A,E486C,3,1,2.712832422359037,4.335140045203785,0.3432468,1.3778534168548813,486,E,C,E
Q86Y26-4_234-500_processed,A,E486D,3,2,2.712832422359037,2.8246796259135976,0.32146055,1.1323304672547718,486,E,D,E
Q86Y26-4_234-500_processed,A,E486E,3,3,2.712832422359037,2.712832422359037,0.2929725,0.7975230266376773,486,E,E,E
Q86Y26-4_234-500_processed,A,E486F,3,4,2.712832422359037,3.2079371983380796,0.23346317,0.027853943429537176,486,E,F,E
Q86Y26-4_234-500_processed,A,E486G,3,5,2.712832422359037,2.5602131485714543,0.41172448,2.107897424917107,486,E,G,E
Q86Y26-4_234-500_processed,A,E486H,3,6,2.712832422359037,3.772712370515455,0.27238426,0.5436017280083549,486,E,H,E
Q86Y26-4_234-500_processed,A,E486I,3,7,2.712832422359037,2.8540177271228053,0.23645154,0.06941667181276812,486,E,I,E
Q86Y26-4_234-500_processed,A,E486K,3,8,2.712832422359037,2.828313162223749,0.33170974,1.2488443019301636,486,E,K,E
Q86Y26-4_234-500_processed,A,E486L,3,9,2.712832422359037,2.4331137753126835,0.21346627,-0.26039190768381015,486,E,L,E
Q86Y26-4_234-500_processed,A,E486M,3,10,2.712832422359037,3.785956884138847,0.24276863,0.15610001130022533,486,E,M,E
Q86Y26-4_234-500_processed,A,E486N,3,11,2.712832422359037,3.127101928086014,0.32299522,1.1498979275734107,486,E,N,E
Q86Y26-4_234-500_processed,A,E486P,3,12,2.712832422359037,3.0805551433480183,0.6709773,4.781521339463154,486,E,P,E
Q86Y26-4_234-500_processed,A,E486Q,3,13,2.712832422359037,3.3385149556513554,0.27591482,0.5879578693184501,486,E,Q,E
Q86Y26-4_234-500_processed,A,E486R,3,14,2.712832422359037,3.0355669859078964,0.2950171,0.8221493548123956,486,E,R,E
Q86Y26-4_234-500_processed,A,E486S,3,15,2.712832422359037,2.8445017352648363,0.36801422,1.648136673632226,486,E,S,E
Q86Y26-4_234-500_processed,A,E486T,3,16,2.712832422359037,2.8968826778292005,0.29803684,0.8583404898036529,486,E,T,E
Q86Y26-4_234-500_processed,A,E486V,3,17,2.712832422359037,2.623741420309898,0.24474399,0.18288984077659276,486,E,V,E
Q86Y26-4_234-500_processed,A,E486W,3,18,2.712832422359037,4.250501482991098,0.2221665,-0.1327135691017739,486,E,W,E
Q86Y26-4_234-500_processed,A,E486Y,3,19,2.712832422359037,3.311579602010778,0.26550126,0.45607827539361323,486,E,Y,E
Q86Y26-4_234-500_processed,A,E487A,3,0,2.712832422359037,2.4839824262174384,0.23405793,0.036155314550106454,487,E,A,E
Q86Y26-4_234-500_processed,A,E487C,3,1,2.712832422359037,4.335140045203785,0.27168262,0.5347440807206905,487,E,C,E
Q86Y26-4_234-500_processed,A,E487D,3,2,2.712832422359037,2.8246796259135976,0.24225202,0.14906937532306153,487,E,D,E
Q86Y26-4_234-500_processed,A,E487E,3,3,2.712832422359037,2.712832422359037,0.22846526,-0.04249385358900126,487,E,E,E
Q86Y26-4_234-500_processed,A,E487F,3,4,2.712832422359037,3.2079371983380796,0.1954141,-0.538017157863882,487,E,F,E
Q86Y26-4_234-500_processed,A,E487G,3,5,2.712832422359037,2.5602131485714543,0.2751616,0.5785244966566413,487,E,G,E
Q86Y26-4_234-500_processed,A,E487H,3,6,2.712832422359037,3.772712370515455,0.21114346,-0.2951166211143491,487,E,H,E
Q86Y26-4_234-500_processed,A,E487I,3,7,2.712832422359037,2.8540177271228053,0.2100058,-0.3122260619131201,487,E,I,E
Q86Y26-4_234-500_processed,A,E487K,3,8,2.712832422359037,2.828313162223749,0.22203447,-0.1346239538880889,487,E,K,E
Q86Y26-4_234-500_processed,A,E487L,3,9,2.712832422359037,2.4331137753126835,0.18569803,-0.6955234804962762,487,E,L,E
Q86Y26-4_234-500_processed,A,E487M,3,10,2.712832422359037,3.785956884138847,0.20919189,-0.32450847653027914,487,E,M,E
Q86Y26-4_234-500_processed,A,E487N,3,11,2.712832422359037,3.127101928086014,0.2316018,0.0017786364617028427,487,E,N,E
Q86Y26-4_234-500_processed,A,E487P,3,12,2.712832422359037,3.0805551433480183,0.7525194,5.780236840471931,487,E,P,E
Q86Y26-4_234-500_processed,A,E487Q,3,13,2.712832422359037,3.3385149556513554,0.23036842,-0.015580191603878357,487,E,Q,E
Q86Y26-4_234-500_processed,A,E487R,3,14,2.712832422359037,3.0355669859078964,0.2011471,-0.44785094384795,487,E,R,E
Q86Y26-4_234-500_processed,A,E487S,3,15,2.712832422359037,2.8445017352648363,0.2507635,0.26363901546069934,487,E,S,E
Q86Y26-4_234-500_processed,A,E487T,3,16,2.712832422359037,2.8968826778292005,0.23993875,0.11746166257870505,487,E,T,E
Q86Y26-4_234-500_processed,A,E487V,3,17,2.712832422359037,2.623741420309898,0.2244493,-0.09980868131416964,487,E,V,E
Q86Y26-4_234-500_processed,A,E487W,3,18,2.712832422359037,4.250501482991098,0.17311674,-0.9092433368095415,487,E,W,E
Q86Y26-4_234-500_processed,A,E487Y,3,19,2.712832422359037,3.311579602010778,0.20118175,-0.44731172972810596,487,E,Y,E
Q86Y26-4_234-500_processed,A,G488A,5,0,2.5602131485714543,2.4839824262174384,0.25506684,0.3205778547805066,488,G,A,G
Q86Y26-4_234-500_processed,A,G488C,5,1,2.5602131485714543,4.335140045203785,0.31949982,1.1098215649981207,488,G,C,G
Q86Y26-4_234-500_processed,A,G488D,5,2,2.5602131485714543,2.8246796259135976,0.26384112,0.4347528777509163,488,G,D,G
Q86Y26-4_234-500_processed,A,G488E,5,3,2.5602131485714543,2.712832422359037,0.26621106,0.4651700672306297,488,G,E,G
Q86Y26-4_234-500_processed,A,G488F,5,4,2.5602131485714543,3.2079371983380796,0.2300598,-0.019933900174823882,488,G,F,G
Q86Y26-4_234-500_processed,A,G488G,5,5,2.5602131485714543,2.5602131485714543,0.30220076,0.9079003651503481,488,G,G,G
Q86Y26-4_234-500_processed,A,G488H,5,6,2.5602131485714543,3.772712370515455,0.21721567,-0.20491618483352625,488,G,H,G
Q86Y26-4_234-500_processed,A,G488I,5,7,2.5602131485714543,2.8540177271228053,0.25092083,0.26573200915168627,488,G,I,G
Q86Y26-4_234-500_processed,A,G488K,5,8,2.5602131485714543,2.828313162223749,0.23433505,0.04001814206311016,488,G,K,G
Q86Y26-4_234-500_processed,A,G488L,5,9,2.5602131485714543,2.4331137753126835,0.2161184,-0.2210790261464496,488,G,L,G
Q86Y26-4_234-500_processed,A,G488M,5,10,2.5602131485714543,3.785956884138847,0.23612875,0.0649448475675235,488,G,M,G
Q86Y26-4_234-500_processed,A,G488N,5,11,2.5602131485714543,3.127101928086014,0.23944229,0.11065107049918588,488,G,N,G
Q86Y26-4_234-500_processed,A,G488P,5,12,2.5602131485714543,3.0805551433480183,0.54390925,3.4402265425655503,488,G,P,G
Q86Y26-4_234-500_processed,A,G488Q,5,13,2.5602131485714543,3.3385149556513554,0.26129445,0.4018713927653256,488,G,Q,G
Q86Y26-4_234-500_processed,A,G488R,5,14,2.5602131485714543,3.0355669859078964,0.21072194,-0.30144809063302913,488,G,R,G
Q86Y26-4_234-500_processed,A,G488S,5,15,2.5602131485714543,2.8445017352648363,0.26385504,0.4349320148797148,488,G,S,G
Q86Y26-4_234-500_processed,A,G488T,5,16,2.5602131485714543,2.8968826778292005,0.26848736,0.49422339314213914,488,G,T,G
Q86Y26-4_234-500_processed,A,G488V,5,17,2.5602131485714543,2.623741420309898,0.26782694,0.48581035569884246,488,G,V,G
Q86Y26-4_234-500_processed,A,G488W,5,18,2.5602131485714543,4.250501482991098,0.19517392,-0.5418378774475113,488,G,W,G
Q86Y26-4_234-500_processed,A,G488Y,5,19,2.5602131485714543,3.311579602010778,0.22946036,-0.028402042713820963,488,G,Y,G
Q86Y26-4_234-500_processed,A,L489A,9,0,2.4331137753126835,2.4839824262174384,0.43133906,2.3090251870255316,489,L,A,L
Q86Y26-4_234-500_processed,A,L489C,9,1,2.4331137753126835,4.335140045203785,0.4499891,2.4982132634379384,489,L,C,L
Q86Y26-4_234-500_processed,A,L489D,9,2,2.4331137753126835,2.8246796259135976,0.49376783,2.937675049757346,489,L,D,L
Q86Y26-4_234-500_processed,A,L489E,9,3,2.4331137753126835,2.712832422359037,0.42675605,2.2622529692155418,489,L,E,L
Q86Y26-4_234-500_processed,A,L489F,9,4,2.4331137753126835,3.2079371983380796,0.2757081,0.5853706380080989,489,L,F,L
Q86Y26-4_234-500_processed,A,L489G,9,5,2.4331137753126835,2.5602131485714543,0.5665869,3.669847998882243,489,L,G,L
Q86Y26-4_234-500_processed,A,L489H,9,6,2.4331137753126835,3.772712370515455,0.36873144,1.6558429705945212,489,L,H,L
Q86Y26-4_234-500_processed,A,L489I,9,7,2.4331137753126835,2.8540177271228053,0.30044937,0.8871027213255595,489,L,I,L
Q86Y26-4_234-500_processed,A,L489K,9,8,2.4331137753126835,2.828313162223749,0.42582187,2.252703591016859,489,L,K,L
Q86Y26-4_234-500_processed,A,L489L,9,9,2.4331137753126835,2.4331137753126835,0.26408902,0.43794268301912687,489,L,L,L
Q86Y26-4_234-500_processed,A,L489M,9,10,2.4331137753126835,3.785956884138847,0.3043167,0.9329360126714814,489,L,M,L
Q86Y26-4_234-500_processed,A,L489N,9,11,2.4331137753126835,3.127101928086014,0.41405603,2.1319428602428085,489,L,N,L
Q86Y26-4_234-500_processed,A,L489P,9,12,2.4331137753126835,3.0805551433480183,0.6839127,4.929529527466002,489,L,P,L
Q86Y26-4_234-500_processed,A,L489Q,9,13,2.4331137753126835,3.3385149556513554,0.38155437,1.7926101367227854,489,L,Q,L
Q86Y26-4_234-500_processed,A,L489R,9,14,2.4331137753126835,3.0355669859078964,0.37382582,1.710403461339996,489,L,R,L
Q86Y26-4_234-500_processed,A,L489S,9,15,2.4331137753126835,2.8445017352648363,0.4921813,2.921806637257045,489,L,S,L
Q86Y26-4_234-500_processed,A,L489T,9,16,2.4331137753126835,2.8968826778292005,0.42182884,2.2118241859241263,489,L,T,L
Q86Y26-4_234-500_processed,A,L489V,9,17,2.4331137753126835,2.623741420309898,0.3311318,1.2423234761351423,489,L,V,L
Q86Y26-4_234-500_processed,A,L489W,9,18,2.4331137753126835,4.250501482991098,0.286872,0.7234379834159479,489,L,W,L
Q86Y26-4_234-500_processed,A,L489Y,9,19,2.4331137753126835,3.311579602010778,0.30970347,0.9962350725647281,489,L,Y,L
Q86Y26-4_234-500_processed,A,T490A,16,0,2.8968826778292005,2.4839824262174384,0.257793,0.3563220145237428,490,T,A,T
Q86Y26-4_234-500_processed,A,T490C,16,1,2.8968826778292005,4.335140045203785,0.29621828,0.8365708616285156,490,T,C,T
Q86Y26-4_234-500_processed,A,T490D,16,2,2.8968826778292005,2.8246796259135976,0.22948396,-0.028068311398585788,490,T,D,T
Q86Y26-4_234-500_processed,A,T490E,16,3,2.8968826778292005,2.712832422359037,0.2377006,0.08668121767144155,490,T,E,T
Q86Y26-4_234-500_processed,A,T490F,16,4,2.8968826778292005,3.2079371983380796,0.23908538,0.10574887250134335,490,T,F,T
Q86Y26-4_234-500_processed,A,T490G,16,5,2.8968826778292005,2.5602131485714543,0.28278816,0.6733170083849013,490,T,G,T
Q86Y26-4_234-500_processed,A,T490H,16,6,2.8968826778292005,3.772712370515455,0.22682743,-0.06578193879182681,490,T,H,T
Q86Y26-4_234-500_processed,A,T490I,16,7,2.8968826778292005,2.8540177271228053,0.24958834,0.24797746872581294,490,T,I,T
Q86Y26-4_234-500_processed,A,T490K,16,8,2.8968826778292005,2.828313162223749,0.24746366,0.2195361170428478,490,T,K,T
Q86Y26-4_234-500_processed,A,T490L,16,9,2.8968826778292005,2.4331137753126835,0.22605023,-0.07687438936029578,490,T,L,T
Q86Y26-4_234-500_processed,A,T490M,16,10,2.8968826778292005,3.785956884138847,0.24911134,0.24160639265653316,490,T,M,T
Q86Y26-4_234-500_processed,A,T490N,16,11,2.8968826778292005,3.127101928086014,0.24166264,0.14103582934374415,490,T,N,T
Q86Y26-4_234-500_processed,A,T490P,16,12,2.8968826778292005,3.0805551433480183,0.34984672,1.4507174207107978,490,T,P,T
Q86Y26-4_234-500_processed,A,T490Q,16,13,2.8968826778292005,3.3385149556513554,0.25942594,0.377614037337044,490,T,Q,T
Q86Y26-4_234-500_processed,A,T490R,16,14,2.8968826778292005,3.0355669859078964,0.23398632,0.03515653246061179,490,T,R,T
Q86Y26-4_234-500_processed,A,T490S,16,15,2.8968826778292005,2.8445017352648363,0.24005468,0.11905064450202785,490,T,S,T
Q86Y26-4_234-500_processed,A,T490T,16,16,2.8968826778292005,2.8968826778292005,0.24631506,0.20409257499656885,490,T,T,T
Q86Y26-4_234-500_processed,A,T490V,16,17,2.8968826778292005,2.623741420309898,0.24858741,0.23459917636502514,490,T,V,T
Q86Y26-4_234-500_processed,A,T490W,16,18,2.8968826778292005,4.250501482991098,0.22321865,-0.1175178143236516,490,T,W,T
Q86Y26-4_234-500_processed,A,T490Y,16,19,2.8968826778292005,3.311579602010778,0.24390247,0.17149520411710972,490,T,Y,T
Q86Y26-4_234-500_processed,A,L491A,9,0,2.4331137753126835,2.4839824262174384,0.27489904,0.5752324526059773,491,L,A,L
Q86Y26-4_234-500_processed,A,L491C,9,1,2.4331137753126835,4.335140045203785,0.34516448,1.399092394560382,491,L,C,L
Q86Y26-4_234-500_processed,A,L491D,9,2,2.4331137753126835,2.8246796259135976,0.2627756,0.4210202808670799,491,L,D,L
Q86Y26-4_234-500_processed,A,L491E,9,3,2.4331137753126835,2.712832422359037,0.25085908,0.2649106161972775,491,L,E,L
Q86Y26-4_234-500_processed,A,L491F,9,4,2.4331137753126835,3.2079371983380796,0.25400203,0.306548511766771,491,L,F,L
Q86Y26-4_234-500_processed,A,L491G,9,5,2.4331137753126835,2.5602131485714543,0.3188883,1.1027864974999826,491,L,G,L
Q86Y26-4_234-500_processed,A,L491H,9,6,2.4331137753126835,3.772712370515455,0.25435233,0.31116810385670823,491,L,H,L
Q86Y26-4_234-500_processed,A,L491I,9,7,2.4331137753126835,2.8540177271228053,0.2584552,0.36496681540076015,491,L,I,L
Q86Y26-4_234-500_processed,A,L491K,9,8,2.4331137753126835,2.828313162223749,0.2625534,0.41815194822546586,491,L,K,L
Q86Y26-4_234-500_processed,A,L491L,9,9,2.4331137753126835,2.4331137753126835,0.23586565,0.0612968824539839,491,L,L,L
Q86Y26-4_234-500_processed,A,L491M,9,10,2.4331137753126835,3.785956884138847,0.26532578,0.45382822650222365,491,L,M,L
Q86Y26-4_234-500_processed,A,L491N,9,11,2.4331137753126835,3.127101928086014,0.27735385,0.6059361485483011,491,L,N,L
Q86Y26-4_234-500_processed,A,L491P,9,12,2.4331137753126835,3.0805551433480183,0.31347358,1.0401759579998022,491,L,P,L
Q86Y26-4_234-500_processed,A,L491Q,9,13,2.4331137753126835,3.3385149556513554,0.27901584,0.6266284559291191,491,L,Q,L
Q86Y26-4_234-500_processed,A,L491R,9,14,2.4331137753126835,3.0355669859078964,0.25478756,0.316901975839739,491,L,R,L
Q86Y26-4_234-500_processed,A,L491S,9,15,2.4331137753126835,2.8445017352648363,0.27850428,0.6202674807744207,491,L,S,L
Q86Y26-4_234-500_processed,A,L491T,9,16,2.4331137753126835,2.8968826778292005,0.27586874,0.5873812922471394,491,L,T,L
Q86Y26-4_234-500_processed,A,L491V,9,17,2.4331137753126835,2.623741420309898,0.27642357,0.5943205023602954,491,L,V,L
Q86Y26-4_234-500_processed,A,L491W,9,18,2.4331137753126835,4.250501482991098,0.2231549,-0.11843702664070588,491,L,W,L
Q86Y26-4_234-500_processed,A,L491Y,9,19,2.4331137753126835,3.311579602010778,0.25685945,0.3441096594812304,491,L,Y,L
Q86Y26-4_234-500_processed,A,A492A,0,0,2.4839824262174384,2.4839824262174384,0.21910426,-0.1772348865393808,492,A,A,A
Q86Y26-4_234-500_processed,A,A492C,0,1,2.4839824262174384,4.335140045203785,0.28081432,0.6489352382684843,492,A,C,A
Q86Y26-4_234-500_processed,A,A492D,0,2,2.4839824262174384,2.8246796259135976,0.21603075,-0.2223726461858322,492,A,D,A
Q86Y26-4_234-500_processed,A,A492E,0,3,2.4839824262174384,2.712832422359037,0.20851561,-0.3347405616453608,492,A,E,A
Q86Y26-4_234-500_processed,A,A492F,0,4,2.4839824262174384,3.2079371983380796,0.19748181,-0.5052700899413781,492,A,F,A
Q86Y26-4_234-500_processed,A,A492G,0,5,2.4839824262174384,2.5602131485714543,0.26240534,0.4162398844636861,492,A,G,A
Q86Y26-4_234-500_processed,A,A492H,0,6,2.4839824262174384,3.772712370515455,0.19602899,-0.5282515969556156,492,A,H,A
Q86Y26-4_234-500_processed,A,A492I,0,7,2.4839824262174384,2.8540177271228053,0.20205006,-0.4338259374062353,492,A,I,A
Q86Y26-4_234-500_processed,A,A492K,0,8,2.4839824262174384,2.828313162223749,0.21162303,-0.28792461190927654,492,A,K,A
Q86Y26-4_234-500_processed,A,A492L,0,9,2.4839824262174384,2.4331137753126835,0.18669148,-0.6791328000596925,492,A,L,A
Q86Y26-4_234-500_processed,A,A492M,0,10,2.4839824262174384,3.785956884138847,0.21026546,-0.3083151257184785,492,A,M,A
Q86Y26-4_234-500_processed,A,A492N,0,11,2.4839824262174384,3.127101928086014,0.2204293,-0.15791591913991487,492,A,N,A
Q86Y26-4_234-500_processed,A,A492P,0,12,2.4839824262174384,3.0805551433480183,0.2939011,0.8087198383777735,492,A,P,A
Q86Y26-4_234-500_processed,A,A492Q,0,13,2.4839824262174384,3.3385149556513554,0.22558536,-0.08352209426955914,492,A,Q,A
Q86Y26-4_234-500_processed,A,A492R,0,14,2.4839824262174384,3.0355669859078964,0.20330879,-0.4143530033136811,492,A,R,A
Q86Y26-4_234-500_processed,A,A492S,0,15,2.4839824262174384,2.8445017352648363,0.22727314,-0.059432755335314114,492,A,S,A
Q86Y26-4_234-500_processed,A,A492T,0,16,2.4839824262174384,2.8968826778292005,0.22754242,-0.055601097639325636,492,A,T,A
Q86Y26-4_234-500_processed,A,A492V,0,17,2.4839824262174384,2.623741420309898,0.21786731,-0.19534542612202,492,A,V,A
Q86Y26-4_234-500_processed,A,A492W,0,18,2.4839824262174384,4.250501482991098,0.16764608,-1.0060066064059985,492,A,W,A
Q86Y26-4_234-500_processed,A,A492Y,0,19,2.4839824262174384,3.311579602010778,0.20267917,-0.4240821150303864,492,A,Y,A
Q86Y26-4_234-500_processed,A,Q493A,13,0,3.3385149556513554,2.4839824262174384,0.23076972,-0.009925069363189154,493,Q,A,Q
Q86Y26-4_234-500_processed,A,Q493C,13,1,3.3385149556513554,4.335140045203785,0.2975129,0.8520762356739109,493,Q,C,Q
Q86Y26-4_234-500_processed,A,Q493D,13,2,3.3385149556513554,2.8246796259135976,0.24662428,0.20825489030387445,493,Q,D,Q
Q86Y26-4_234-500_processed,A,Q493E,13,3,3.3385149556513554,2.712832422359037,0.22305602,-0.1198632719720727,493,Q,E,Q
Q86Y26-4_234-500_processed,A,Q493F,13,4,3.3385149556513554,3.2079371983380796,0.21624783,-0.21916942099589443,493,Q,F,Q
Q86Y26-4_234-500_processed,A,Q493G,13,5,3.3385149556513554,2.5602131485714543,0.30138215,0.8981879943479056,493,Q,G,Q
Q86Y26-4_234-500_processed,A,Q493H,13,6,3.3385149556513554,3.772712370515455,0.22376911,-0.1095880839012281,493,Q,H,Q
Q86Y26-4_234-500_processed,A,Q493I,13,7,3.3385149556513554,2.8540177271228053,0.21110508,-0.29569280249952923,493,Q,I,Q
Q86Y26-4_234-500_processed,A,Q493K,13,8,3.3385149556513554,2.828313162223749,0.22803006,-0.048670432881819936,493,Q,K,Q
Q86Y26-4_234-500_processed,A,Q493L,13,9,3.3385149556513554,2.4331137753126835,0.19089165,-0.6105670697776044,493,Q,L,Q
Q86Y26-4_234-500_processed,A,Q493M,13,10,3.3385149556513554,3.785956884138847,0.21565756,-0.22788479872623502,493,Q,M,Q
Q86Y26-4_234-500_processed,A,Q493N,13,11,3.3385149556513554,3.127101928086014,0.24867207,0.23573204051950403,493,Q,N,Q
Q86Y26-4_234-500_processed,A,Q493P,13,12,3.3385149556513554,3.0805551433480183,0.6367021,4.402697035466511,493,Q,P,Q
Q86Y26-4_234-500_processed,A,Q493Q,13,13,3.3385149556513554,3.3385149556513554,0.23226075,0.011026246597710676,493,Q,Q,Q
Q86Y26-4_234-500_processed,A,Q493R,13,14,3.3385149556513554,3.0355669859078964,0.21493769,-0.2385373412769498,493,Q,R,Q
Q86Y26-4_234-500_processed,A,Q493S,13,15,3.3385149556513554,2.8445017352648363,0.2654007,0.45478904635736395,493,Q,S,Q
Q86Y26-4_234-500_processed,A,Q493T,13,16,3.3385149556513554,2.8968826778292005,0.24562085,0.19473494044475848,493,Q,T,Q
Q86Y26-4_234-500_processed,A,Q493V,13,17,3.3385149556513554,2.623741420309898,0.22280511,-0.1234842110573886,493,Q,V,Q
Q86Y26-4_234-500_processed,A,Q493W,13,18,3.3385149556513554,4.250501482991098,0.19003455,-0.6244641813907964,493,Q,W,Q
Q86Y26-4_234-500_processed,A,Q493Y,13,19,3.3385149556513554,3.311579602010778,0.22121105,-0.1465572126048631,493,Q,Y,Q
Q86Y26-4_234-500_processed,A,L494A,9,0,2.4331137753126835,2.4839824262174384,0.418483,2.1774900416646714,494,L,A,L
Q86Y26-4_234-500_processed,A,L494C,9,1,2.4331137753126835,4.335140045203785,0.47143105,2.713998956094611,494,L,C,L
Q86Y26-4_234-500_processed,A,L494D,9,2,2.4331137753126835,2.8246796259135976,0.49771962,2.977195998862873,494,L,D,L
Q86Y26-4_234-500_processed,A,L494E,9,3,2.4331137753126835,2.712832422359037,0.4390101,2.387048931432417,494,L,E,L
Q86Y26-4_234-500_processed,A,L494F,9,4,2.4331137753126835,3.2079371983380796,0.29696268,0.8454912241508938,494,L,F,L
Q86Y26-4_234-500_processed,A,L494G,9,5,2.4331137753126835,2.5602131485714543,0.50838345,3.0838423863552467,494,L,G,L
Q86Y26-4_234-500_processed,A,L494H,9,6,2.4331137753126835,3.772712370515455,0.37615275,1.7352244511922048,494,L,H,L
Q86Y26-4_234-500_processed,A,L494I,9,7,2.4331137753126835,2.8540177271228053,0.32384863,1.1596481670363015,494,L,I,L
Q86Y26-4_234-500_processed,A,L494K,9,8,2.4331137753126835,2.828313162223749,0.4152944,2.144698074631675,494,L,K,L
Q86Y26-4_234-500_processed,A,L494L,9,9,2.4331137753126835,2.4331137753126835,0.28548586,0.7064743288871624,494,L,L,L
Q86Y26-4_234-500_processed,A,L494M,9,10,2.4331137753126835,3.785956884138847,0.33759433,1.3149170153236516,494,L,M,L
Q86Y26-4_234-500_processed,A,L494N,9,11,2.4331137753126835,3.127101928086014,0.4356166,2.352571853707366,494,L,N,L
Q86Y26-4_234-500_processed,A,L494P,9,12,2.4331137753126835,3.0805551433480183,0.8702952,7.758929001824782,494,L,P,L
Q86Y26-4_234-500_processed,A,L494Q,9,13,2.4331137753126835,3.3385149556513554,0.40517026,2.040080420518665,494,L,Q,L
Q86Y26-4_234-500_processed,A,L494R,9,14,2.4331137753126835,3.0355669859078964,0.36297092,1.5937685199865388,494,L,R,L
Q86Y26-4_234-500_processed,A,L494S,9,15,2.4331137753126835,2.8445017352648363,0.4742034,2.741804821944858,494,L,S,L
Q86Y26-4_234-500_processed,A,L494T,9,16,2.4331137753126835,2.8968826778292005,0.41725454,2.164864862719973,494,L,T,L
Q86Y26-4_234-500_processed,A,L494V,9,17,2.4331137753126835,2.623741420309898,0.34493408,1.3965435928208931,494,L,V,L
Q86Y26-4_234-500_processed,A,L494W,9,18,2.4331137753126835,4.250501482991098,0.2892723,0.7526978123011182,494,L,W,L
Q86Y26-4_234-500_processed,A,L494Y,9,19,2.4331137753126835,3.311579602010778,0.32641396,1.188876625477208,494,L,Y,L
Q86Y26-4_234-500_processed,A,V495A,17,0,2.623741420309898,2.4839824262174384,0.31637228,1.0737652487465137,495,V,A,V
Q86Y26-4_234-500_processed,A,V495C,17,1,2.623741420309898,4.335140045203785,0.35938168,1.554877864148996,495,V,C,V
Q86Y26-4_234-500_processed,A,V495D,17,2,2.623741420309898,2.8246796259135976,0.33387497,1.2732229973873788,495,V,D,V
Q86Y26-4_234-500_processed,A,V495E,17,3,2.623741420309898,2.712832422359037,0.29581663,0.8317524468087895,495,V,E,V
Q86Y26-4_234-500_processed,A,V495F,17,4,2.623741420309898,3.2079371983380796,0.2497214,0.2497531370429923,495,V,F,V
Q86Y26-4_234-500_processed,A,V495G,17,5,2.623741420309898,2.5602131485714543,0.38837025,1.8645800082294854,495,V,G,V
Q86Y26-4_234-500_processed,A,V495H,17,6,2.623741420309898,3.772712370515455,0.28154305,0.657948901938909,495,V,H,V
Q86Y26-4_234-500_processed,A,V495I,17,7,2.623741420309898,2.8540177271228053,0.2282635,-0.04535630536748658,495,V,I,V
Q86Y26-4_234-500_processed,A,V495K,17,8,2.623741420309898,2.828313162223749,0.29711595,0.8473263323571412,495,V,K,V
Q86Y26-4_234-500_processed,A,V495L,17,9,2.623741420309898,2.4331137753126835,0.22944698,-0.028591252108413068,495,V,L,V
Q86Y26-4_234-500_processed,A,V495M,17,10,2.623741420309898,3.785956884138847,0.26556176,0.456853802394,495,V,M,V
Q86Y26-4_234-500_processed,A,V495N,17,11,2.623741420309898,3.127101928086014,0.31418923,1.0484842058156076,495,V,N,V
Q86Y26-4_234-500_processed,A,V495P,17,12,2.623741420309898,3.0805551433480183,0.81539553,6.713644497324534,495,V,P,V
Q86Y26-4_234-500_processed,A,V495Q,17,13,2.623741420309898,3.3385149556513554,0.30726185,0.9676206462600919,495,V,Q,V
Q86Y26-4_234-500_processed,A,V495R,17,14,2.623741420309898,3.0355669859078964,0.2684707,0.49401133020592625,495,V,R,V
Q86Y26-4_234-500_processed,A,V495S,17,15,2.623741420309898,2.8445017352648363,0.35238317,1.4785497746271181,495,V,S,V
Q86Y26-4_234-500_processed,A,V495T,17,16,2.623741420309898,2.8968826778292005,0.30748695,0.9702639275430702,495,V,T,V
Q86Y26-4_234-500_processed,A,V495V,17,17,2.623741420309898,2.623741420309898,0.2500592,0.2542583815589661,495,V,V,V
Q86Y26-4_234-500_processed,A,V495W,17,18,2.623741420309898,4.250501482991098,0.22381112,-0.10898352986162207,495,V,W,V
Q86Y26-4_234-500_processed,A,V495Y,17,19,2.623741420309898,3.311579602010778,0.25517464,0.32199595519330104,495,V,Y,V
Q86Y26-4_234-500_processed,A,Q496A,13,0,3.3385149556513554,2.4839824262174384,0.22822428,-0.045912935578242275,496,Q,A,Q
Q86Y26-4_234-500_processed,A,Q496C,13,1,3.3385149556513554,4.335140045203785,0.29450294,0.8159660002636521,496,Q,C,Q
Q86Y26-4_234-500_processed,A,Q496D,13,2,3.3385149556513554,2.8246796259135976,0.24401201,0.17297993066815343,496,Q,D,Q
Q86Y26-4_234-500_processed,A,Q496E,13,3,3.3385149556513554,2.712832422359037,0.21793452,-0.19435956479289807,496,Q,E,Q
Q86Y26-4_234-500_processed,A,Q496F,13,4,3.3385149556513554,3.2079371983380796,0.19833235,-0.491874834402386,496,Q,F,Q
Q86Y26-4_234-500_processed,A,Q496G,13,5,3.3385149556513554,2.5602131485714543,0.28732267,0.7289427640792651,496,Q,G,Q
Q86Y26-4_234-500_processed,A,Q496H,13,6,3.3385149556513554,3.772712370515455,0.20647694,-0.36573463699524633,496,Q,H,Q
Q86Y26-4_234-500_processed,A,Q496I,13,7,3.3385149556513554,2.8540177271228053,0.19648446,-0.5210329303178124,496,Q,I,Q
Q86Y26-4_234-500_processed,A,Q496K,13,8,3.3385149556513554,2.828313162223749,0.2151524,-0.2353573947273202,496,Q,K,Q
Q86Y26-4_234-500_processed,A,Q496L,13,9,3.3385149556513554,2.4331137753126835,0.1805492,-0.7815775339193348,496,Q,L,Q
Q86Y26-4_234-500_processed,A,Q496M,13,10,3.3385149556513554,3.785956884138847,0.20750646,-0.3500546618887157,496,Q,M,Q
Q86Y26-4_234-500_processed,A,Q496N,13,11,3.3385149556513554,3.127101928086014,0.23523434,0.052531803084732154,496,Q,N,Q
Q86Y26-4_234-500_processed,A,Q496P,13,12,3.3385149556513554,3.0805551433480183,0.7741772,6.080125326627481,496,Q,P,Q
Q86Y26-4_234-500_processed,A,Q496Q,13,13,3.3385149556513554,3.3385149556513554,0.23011804,-0.019112076962396474,496,Q,Q,Q
Q86Y26-4_234-500_processed,A,Q496R,13,14,3.3385149556513554,3.0355669859078964,0.19765556,-0.5025302025301454,496,Q,R,Q
Q86Y26-4_234-500_processed,A,Q496S,13,15,3.3385149556513554,2.8445017352648363,0.25653282,0.3398299430309598,496,Q,S,Q
Q86Y26-4_234-500_processed,A,Q496T,13,16,3.3385149556513554,2.8968826778292005,0.23121646,-0.0036377919453861596,496,Q,T,Q
Q86Y26-4_234-500_processed,A,Q496V,13,17,3.3385149556513554,2.623741420309898,0.20947842,-0.3201805261142754,496,Q,V,Q
Q86Y26-4_234-500_processed,A,Q496W,13,18,3.3385149556513554,4.250501482991098,0.16958527,-0.9714234089120694,496,Q,W,Q
Q86Y26-4_234-500_processed,A,Q496Y,13,19,3.3385149556513554,3.311579602010778,0.20510349,-0.3867431720741271,496,Q,Y,Q
Q86Y26-4_234-500_processed,A,K497A,8,0,2.828313162223749,2.4839824262174384,0.2613605,0.4027267014004443,497,K,A,K
Q86Y26-4_234-500_processed,A,K497C,8,1,2.828313162223749,4.335140045203785,0.3114298,1.0163916785100162,497,K,C,K
Q86Y26-4_234-500_processed,A,K497D,8,2,2.828313162223749,2.8246796259135976,0.30885258,0.9862773663296581,497,K,D,K
Q86Y26-4_234-500_processed,A,K497E,8,3,2.828313162223749,2.712832422359037,0.26991197,0.5123269414422693,497,K,E,K
Q86Y26-4_234-500_processed,A,K497F,8,4,2.828313162223749,3.2079371983380796,0.21675935,-0.21163054376270252,497,K,F,K
Q86Y26-4_234-500_processed,A,K497G,8,5,2.828313162223749,2.5602131485714543,0.35592747,1.517289046441785,497,K,G,K
Q86Y26-4_234-500_processed,A,K497H,8,6,2.828313162223749,3.772712370515455,0.24352787,0.16641430901182142,497,K,H,K
Q86Y26-4_234-500_processed,A,K497I,8,7,2.828313162223749,2.8540177271228053,0.21292597,-0.2684444003703984,497,K,I,K
Q86Y26-4_234-500_processed,A,K497K,8,8,2.828313162223749,2.828313162223749,0.2566482,0.3413423085761458,497,K,K,K
Q86Y26-4_234-500_processed,A,K497L,8,9,2.828313162223749,2.4331137753126835,0.18597987,-0.6908665848598111,497,K,L,K
Q86Y26-4_234-500_processed,A,K497M,8,10,2.828313162223749,3.785956884138847,0.22072561,-0.15360716531437446,497,K,M,K
Q86Y26-4_234-500_processed,A,K497N,8,11,2.828313162223749,3.127101928086014,0.28237355,0.6682041466219065,497,K,N,K
Q86Y26-4_234-500_processed,A,K497P,8,12,2.828313162223749,3.0805551433480183,0.81288874,6.672227114092819,497,K,P,K
Q86Y26-4_234-500_processed,A,K497Q,8,13,2.828313162223749,3.3385149556513554,0.25856185,0.36635795526410997,497,K,Q,K
Q86Y26-4_234-500_processed,A,K497R,8,14,2.828313162223749,3.0355669859078964,0.22291052,-0.12196262392503432,497,K,R,K
Q86Y26-4_234-500_processed,A,K497S,8,15,2.828313162223749,2.8445017352648363,0.30686593,0.9629687526038383,497,K,S,K
Q86Y26-4_234-500_processed,A,K497T,8,16,2.828313162223749,2.8968826778292005,0.27353102,0.5580481206832033,497,K,T,K
Q86Y26-4_234-500_processed,A,K497V,8,17,2.828313162223749,2.623741420309898,0.22780596,-0.05185416887176886,497,K,V,K
Q86Y26-4_234-500_processed,A,K497W,8,18,2.828313162223749,4.250501482991098,0.19264524,-0.5822820816241281,497,K,W,K
Q86Y26-4_234-500_processed,A,K497Y,8,19,2.828313162223749,3.311579602010778,0.23446576,0.04183909490423521,497,K,Y,K
Q86Y26-4_234-500_processed,A,R498A,14,0,3.0355669859078964,2.4839824262174384,0.36926058,1.6615243929383254,498,R,A,R
Q86Y26-4_234-500_processed,A,R498C,14,1,3.0355669859078964,4.335140045203785,0.42583713,2.2528596121609326,498,R,C,R
Q86Y26-4_234-500_processed,A,R498D,14,2,3.0355669859078964,2.8246796259135976,0.4235554,2.229512745978709,498,R,D,R
Q86Y26-4_234-500_processed,A,R498E,14,3,3.0355669859078964,2.712832422359037,0.39835525,1.9691925546539628,498,R,E,R
Q86Y26-4_234-500_processed,A,R498F,14,4,3.0355669859078964,3.2079371983380796,0.22319525,-0.1178551379237347,498,R,F,R
Q86Y26-4_234-500_processed,A,R498G,14,5,3.0355669859078964,2.5602131485714543,0.45573568,2.5561949874908616,498,R,G,R
Q86Y26-4_234-500_processed,A,R498H,14,6,3.0355669859078964,3.772712370515455,0.30557588,0.9477880439727976,498,R,H,R
Q86Y26-4_234-500_processed,A,R498I,14,7,3.0355669859078964,2.8540177271228053,0.303144,0.9190729698346025,498,R,I,R
Q86Y26-4_234-500_processed,A,R498K,14,8,3.0355669859078964,2.828313162223749,0.35331917,1.4887973479031793,498,R,K,R
Q86Y26-4_234-500_processed,A,R498L,14,9,3.0355669859078964,2.4331137753126835,0.24658388,0.20771130698475582,498,R,L,R
Q86Y26-4_234-500_processed,A,R498M,14,10,3.0355669859078964,3.785956884138847,0.28945142,0.7548753956949977,498,R,M,R
Q86Y26-4_234-500_processed,A,R498N,14,11,3.0355669859078964,3.127101928086014,0.3618625,1.5817764331819497,498,R,N,R
Q86Y26-4_234-500_processed,A,R498P,14,12,3.0355669859078964,3.0805551433480183,0.712421,5.267928559295902,498,R,P,R
Q86Y26-4_234-500_processed,A,R498Q,14,13,3.0355669859078964,3.3385149556513554,0.36866882,1.6551704475369848,498,R,Q,R
Q86Y26-4_234-500_processed,A,R498R,14,14,3.0355669859078964,3.0355669859078964,0.30464712,0.9368366383217158,498,R,R,R
Q86Y26-4_234-500_processed,A,R498S,14,15,3.0355669859078964,2.8445017352648363,0.4250735,2.2450497670201486,498,R,S,R
Q86Y26-4_234-500_processed,A,R498T,14,16,3.0355669859078964,2.8968826778292005,0.3815676,1.7927503251772514,498,R,T,R
Q86Y26-4_234-500_processed,A,R498V,14,17,3.0355669859078964,2.623741420309898,0.3209183,1.1261127292012165,498,R,V,R
Q86Y26-4_234-500_processed,A,R498W,14,18,3.0355669859078964,4.250501482991098,0.21975064,-0.16780023936555755,498,R,W,R
Q86Y26-4_234-500_processed,A,R498Y,14,19,3.0355669859078964,3.311579602010778,0.2426025,0.15384018077091222,498,R,Y,R
Q86Y26-4_234-500_processed,A,L499A,9,0,2.4331137753126835,2.4839824262174384,0.29282624,0.795757415677602,499,L,A,L
Q86Y26-4_234-500_processed,A,L499C,9,1,2.4331137753126835,4.335140045203785,0.35961768,1.5574402387076396,499,L,C,L
Q86Y26-4_234-500_processed,A,L499D,9,2,2.4331137753126835,2.8246796259135976,0.3029472,0.916743351124294,499,L,D,L
Q86Y26-4_234-500_processed,A,L499E,9,3,2.4331137753126835,2.712832422359037,0.2793956,0.6313461112122151,499,L,E,L
Q86Y26-4_234-500_processed,A,L499F,9,4,2.4331137753126835,3.2079371983380796,0.26986971,0.5117907863915128,499,L,F,L
Q86Y26-4_234-500_processed,A,L499G,9,5,2.4331137753126835,2.5602131485714543,0.34135693,1.356867237912139,499,L,G,L
Q86Y26-4_234-500_processed,A,L499H,9,6,2.4331137753126835,3.772712370515455,0.27549607,0.5827153884507366,499,L,H,L
Q86Y26-4_234-500_processed,A,L499I,9,7,2.4331137753126835,2.8540177271228053,0.263414,0.429252295604588,499,L,I,L
Q86Y26-4_234-500_processed,A,L499K,9,8,2.4331137753126835,2.828313162223749,0.27246767,0.5446538529806527,499,L,K,L
Q86Y26-4_234-500_processed,A,L499L,9,9,2.4331137753126835,2.4331137753126835,0.24066827,0.1274518801604324,499,L,L,L
Q86Y26-4_234-500_processed,A,L499M,9,10,2.4331137753126835,3.785956884138847,0.2675927,0.4828231497151819,499,L,M,L
Q86Y26-4_234-500_processed,A,L499N,9,11,2.4331137753126835,3.127101928086014,0.29352638,0.804204148985016,499,L,N,L
Q86Y26-4_234-500_processed,A,L499P,9,12,2.4331137753126835,3.0805551433480183,0.8141345,6.692755375697743,499,L,P,L
Q86Y26-4_234-500_processed,A,L499Q,9,13,2.4331137753126835,3.3385149556513554,0.2912882,0.7771604621484385,499,L,Q,L
Q86Y26-4_234-500_processed,A,L499R,9,14,2.4331137753126835,3.0355669859078964,0.26314735,0.42581555670642757,499,L,R,L
Q86Y26-4_234-500_processed,A,L499S,9,15,2.4331137753126835,2.8445017352648363,0.31793138,1.0917633061474463,499,L,S,L
Q86Y26-4_234-500_processed,A,L499T,9,16,2.4331137753126835,2.8968826778292005,0.30251938,0.9116765453236392,499,L,T,L
Q86Y26-4_234-500_processed,A,L499V,9,17,2.4331137753126835,2.623741420309898,0.27586135,0.5872887956813518,499,L,V,L
Q86Y26-4_234-500_processed,A,L499W,9,18,2.4331137753126835,4.250501482991098,0.23919345,0.1072338557509811,499,L,W,L
Q86Y26-4_234-500_processed,A,L499Y,9,19,2.4331137753126835,3.311579602010778,0.27146554,0.5320006982216265,499,L,Y,L
Q86Y26-4_234-500_processed,A,M500A,10,0,3.785956884138847,2.4839824262174384,0.2737261,0.5605019590049811,500,M,A,M
Q86Y26-4_234-500_processed,A,M500C,10,1,3.785956884138847,4.335140045203785,0.32693315,1.194777598343434,500,M,C,M
Q86Y26-4_234-500_processed,A,M500D,10,2,3.785956884138847,2.8246796259135976,0.2694042,0.5058812553146586,500,M,D,M
Q86Y26-4_234-500_processed,A,M500E,10,3,3.785956884138847,2.712832422359037,0.2657727,0.4595569502184399,500,M,E,M
Q86Y26-4_234-500_processed,A,M500F,10,4,3.785956884138847,3.2079371983380796,0.24720287,0.21603394268650933,500,M,F,M
Q86Y26-4_234-500_processed,A,M500G,10,5,3.785956884138847,2.5602131485714543,0.31716466,1.0829183045924333,500,M,G,M
Q86Y26-4_234-500_processed,A,M500H,10,6,3.785956884138847,3.772712370515455,0.25269303,0.2892484489414182,500,M,H,M
Q86Y26-4_234-500_processed,A,M500I,10,7,3.785956884138847,2.8540177271228053,0.23878373,0.10160187210924543,500,M,I,M
Q86Y26-4_234-500_processed,A,M500K,10,8,3.785956884138847,2.828313162223749,0.26304162,0.42445207228053894,500,M,K,M
Q86Y26-4_234-500_processed,A,M500L,10,9,3.785956884138847,2.4331137753126835,0.2165728,-0.2143783868136595,500,M,L,M
Q86Y26-4_234-500_processed,A,M500M,10,10,3.785956884138847,3.785956884138847,0.23658042,0.07120096242727081,500,M,M,M
Q86Y26-4_234-500_processed,A,M500N,10,11,3.785956884138847,3.127101928086014,0.2670761,0.4762294621613683,500,M,N,M
Q86Y26-4_234-500_processed,A,M500P,10,12,3.785956884138847,3.0805551433480183,0.6081372,4.098721738370985,500,M,P,M
Q86Y26-4_234-500_processed,A,M500Q,10,13,3.785956884138847,3.3385149556513554,0.27033764,0.5177244898816449,500,M,Q,M
Q86Y26-4_234-500_processed,A,M500R,10,14,3.785956884138847,3.0355669859078964,0.23802353,0.09113470685080227,500,M,R,M
Q86Y26-4_234-500_processed,A,M500S,10,15,3.785956884138847,2.8445017352648363,0.2878445,0.735310401680673,500,M,S,M
Q86Y26-4_234-500_processed,A,M500T,10,16,3.785956884138847,2.8968826778292005,0.274593,0.5713927571587015,500,M,T,M
Q86Y26-4_234-500_processed,A,M500V,10,17,3.785956884138847,2.623741420309898,0.25298575,0.2931221971343889,500,M,V,M
Q86Y26-4_234-500_processed,A,M500W,10,18,3.785956884138847,4.250501482991098,0.22467749,-0.09653274714075788,500,M,W,M
Q86Y26-4_234-500_processed,A,M500Y,10,19,3.785956884138847,3.311579602010778,0.25976533,0.3820284331361373,500,M,Y,M
