,variant,RaSP_ddG,mutatex_name,rosetta_name,wt_AA,pos,mt_AA,chainid
0,I234A,2.2980801565276168,IA234A,A.I.234.A,I,234,A,A
1,I234C,2.259181218351626,IA234C,A.I.234.C,I,234,C,A
2,I234D,2.729483834856022,IA234D,A.I.234.D,I,234,D,A
3,I234E,2.4530636275469995,IA234E,A.I.234.E,I,234,E,A
4,I234F,1.5864217309072606,IA234F,A.I.234.F,I,234,F,A
5,I234G,3.0132698132191327,IA234G,A.I.234.G,I,234,G,A
6,I234H,1.9384843311247095,IA234H,A.I.234.H,I,234,H,A
7,I234I,1.1029014118799307,IA234I,A.I.234.I,I,234,I,A
8,I234K,2.555303753739976,IA234K,A.I.234.K,I,234,K,A
9,I234L,0.7894955469733691,IA234L,A.I.234.L,I,234,L,A
10,I234M,1.311515557679475,IA234M,A.I.234.M,I,234,M,A
11,I234N,2.0896312848690304,IA234N,A.I.234.N,I,234,N,A
12,I234P,3.5462562666547406,IA234P,A.I.234.P,I,234,P,A
13,I234Q,2.06364097369079,IA234Q,A.I.234.Q,I,234,Q,A
14,I234R,2.088987523596993,IA234R,A.I.234.R,I,234,R,A
15,I234S,2.3461789088673988,IA234S,A.I.234.S,I,234,S,A
16,I234T,1.9406884917153504,IA234T,A.I.234.T,I,234,T,A
17,I234V,1.2949753084547737,IA234V,A.I.234.V,I,234,V,A
18,I234W,1.6559348346448923,IA234W,A.I.234.W,I,234,W,A
19,I234Y,2.030792327853761,IA234Y,A.I.234.Y,I,234,Y,A
20,S235A,0.2732617874979515,SA235A,A.S.235.A,S,235,A,A
21,S235C,0.9545560389845076,SA235C,A.S.235.C,S,235,C,A
22,S235D,0.1137023847775625,SA235D,A.S.235.D,S,235,D,A
23,S235E,0.0199659554981207,SA235E,A.S.235.E,S,235,E,A
24,S235F,0.1319550555806559,SA235F,A.S.235.F,S,235,F,A
25,S235G,0.7653810731005783,SA235G,A.S.235.G,S,235,G,A
26,S235H,-0.0399054384559716,SA235H,A.S.235.H,S,235,H,A
27,S235I,0.2077905122661799,SA235I,A.S.235.I,S,235,I,A
28,S235K,0.0762312817248267,SA235K,A.S.235.K,S,235,K,A
29,S235L,-0.0452670646917541,SA235L,A.S.235.L,S,235,L,A
30,S235M,0.2840101063835476,SA235M,A.S.235.M,S,235,M,A
31,S235N,0.1606349464164091,SA235N,A.S.235.N,S,235,N,A
32,S235P,1.0267064969866655,SA235P,A.S.235.P,S,235,P,A
33,S235Q,0.3762173804672108,SA235Q,A.S.235.Q,S,235,Q,A
34,S235R,-0.0176374507481802,SA235R,A.S.235.R,S,235,R,A
35,S235S,0.2924594294400401,SA235S,A.S.235.S,S,235,S,A
36,S235T,0.3771052183316925,SA235T,A.S.235.T,S,235,T,A
37,S235V,0.3732715728110558,SA235V,A.S.235.V,S,235,V,A
38,S235W,-0.293953755719667,SA235W,A.S.235.W,S,235,W,A
39,S235Y,0.0722142166755462,SA235Y,A.S.235.Y,S,235,Y,A
40,K236A,0.3553090903966427,KA236A,A.K.236.A,K,236,A,A
41,K236C,1.0781794444009114,KA236C,A.K.236.C,K,236,C,A
42,K236D,0.2230921868946761,KA236D,A.K.236.D,K,236,D,A
43,K236E,0.0289015233081135,KA236E,A.K.236.E,K,236,E,A
44,K236F,0.2768689945843283,KA236F,A.K.236.F,K,236,F,A
45,K236G,1.0219970162045575,KA236G,A.K.236.G,K,236,G,A
46,K236H,0.1183518022386098,KA236H,A.K.236.H,K,236,H,A
47,K236I,0.1158537644918794,KA236I,A.K.236.I,K,236,I,A
48,K236K,0.1319906958274536,KA236K,A.K.236.K,K,236,K,A
49,K236L,-0.0998551214647824,KA236L,A.K.236.L,K,236,L,A
50,K236M,0.2308663362570262,KA236M,A.K.236.M,K,236,M,A
51,K236N,0.4124402510346414,KA236N,A.K.236.N,K,236,N,A
52,K236P,0.8085755090451624,KA236P,A.K.236.P,K,236,P,A
53,K236Q,0.3090176111980741,KA236Q,A.K.236.Q,K,236,Q,A
54,K236R,0.0082062898570406,KA236R,A.K.236.R,K,236,R,A
55,K236S,0.4317952796913871,KA236S,A.K.236.S,K,236,S,A
56,K236T,0.432671066794309,KA236T,A.K.236.T,K,236,T,A
57,K236V,0.2716771540823848,KA236V,A.K.236.V,K,236,V,A
58,K236W,-0.2507176759913881,KA236W,A.K.236.W,K,236,W,A
59,K236Y,0.2748281164623045,KA236Y,A.K.236.Y,K,236,Y,A
60,D237A,0.4000545562907764,DA237A,A.D.237.A,D,237,A,A
61,D237C,1.1502093421308897,DA237C,A.D.237.C,D,237,C,A
62,D237D,0.2313960076561788,DA237D,A.D.237.D,D,237,D,A
63,D237E,0.0066461596620603,DA237E,A.D.237.E,D,237,E,A
64,D237F,-0.0801082799051944,DA237F,A.D.237.F,D,237,F,A
65,D237G,0.930944850481813,DA237G,A.D.237.G,D,237,G,A
66,D237H,-0.0680219935687409,DA237H,A.D.237.H,D,237,H,A
67,D237I,0.2506360628224552,DA237I,A.D.237.I,D,237,I,A
68,D237K,0.1882918713989617,DA237K,A.D.237.K,D,237,K,A
69,D237L,-0.0492082042916386,DA237L,A.D.237.L,D,237,L,A
70,D237M,0.2212489804847012,DA237M,A.D.237.M,D,237,M,A
71,D237N,0.3221221811462116,DA237N,A.D.237.N,D,237,N,A
72,D237P,1.823195620269446,DA237P,A.D.237.P,D,237,P,A
73,D237Q,0.3775027374375111,DA237Q,A.D.237.Q,D,237,Q,A
74,D237R,0.1128547307714672,DA237R,A.D.237.R,D,237,R,A
75,D237S,0.4603147926138995,DA237S,A.D.237.S,D,237,S,A
76,D237T,0.4059749071635499,DA237T,A.D.237.T,D,237,T,A
77,D237V,0.3496063659363707,DA237V,A.D.237.V,D,237,V,A
78,D237W,-0.6731473947981792,DA237W,A.D.237.W,D,237,W,A
79,D237Y,-0.0066079841882821,DA237Y,A.D.237.Y,D,237,Y,A
80,V238A,0.7155033506558336,VA238A,A.V.238.A,V,238,A,A
81,V238C,1.3167788989357927,VA238C,A.V.238.C,V,238,C,A
82,V238D,0.923437117235948,VA238D,A.V.238.D,V,238,D,A
83,V238E,0.5487480433117361,VA238E,A.V.238.E,V,238,E,A
84,V238F,0.1201654777218941,VA238F,A.V.238.F,V,238,F,A
85,V238G,1.6356384675788584,VA238G,A.V.238.G,V,238,G,A
86,V238H,0.4288367945344584,VA238H,A.V.238.H,V,238,H,A
87,V238I,-0.1622394621192141,VA238I,A.V.238.I,V,238,I,A
88,V238K,0.5607335666207205,VA238K,A.V.238.K,V,238,K,A
89,V238L,-0.2055757014443943,VA238L,A.V.238.L,V,238,L,A
90,V238M,0.1877418491707988,VA238M,A.V.238.M,V,238,M,A
91,V238N,0.8081363964458743,VA238N,A.V.238.N,V,238,N,A
92,V238P,5.283850091122055,VA238P,A.V.238.P,V,238,P,A
93,V238Q,0.6526910626376772,VA238Q,A.V.238.Q,V,238,Q,A
94,V238R,0.3531474426869674,VA238R,A.V.238.R,V,238,R,A
95,V238S,1.0126531953781777,VA238S,A.V.238.S,V,238,S,A
96,V238T,0.5394216840659524,VA238T,A.V.238.T,V,238,T,A
97,V238V,0.0632610914894576,VA238V,A.V.238.V,V,238,V,A
98,V238W,-0.3037687579034753,VA238W,A.V.238.W,V,238,W,A
99,V238Y,0.2405400029929194,VA238Y,A.V.238.Y,V,238,Y,A
100,Y239A,2.1953867198358656,YA239A,A.Y.239.A,Y,239,A,A
101,Y239C,2.5349183262972184,YA239C,A.Y.239.C,Y,239,C,A
102,Y239D,2.3065181559601355,YA239D,A.Y.239.D,Y,239,D,A
103,Y239E,2.007623285232887,YA239E,A.Y.239.E,Y,239,E,A
104,Y239F,0.4613752095717427,YA239F,A.Y.239.F,Y,239,F,A
105,Y239G,3.263207822792851,YA239G,A.Y.239.G,Y,239,G,A
106,Y239H,1.4219765491178735,YA239H,A.Y.239.H,Y,239,H,A
107,Y239I,1.1280881738710635,YA239I,A.Y.239.I,Y,239,I,A
108,Y239K,2.05240177445967,YA239K,A.Y.239.K,Y,239,K,A
109,Y239L,0.7253442366412868,YA239L,A.Y.239.L,Y,239,L,A
110,Y239M,1.119543147341895,YA239M,A.Y.239.M,Y,239,M,A
111,Y239N,1.9547643298780024,YA239N,A.Y.239.N,Y,239,N,A
112,Y239P,5.993758488936256,YA239P,A.Y.239.P,Y,239,P,A
113,Y239Q,2.0641547793780504,YA239Q,A.Y.239.Q,Y,239,Q,A
114,Y239R,1.4978251716422757,YA239R,A.Y.239.R,Y,239,R,A
115,Y239S,2.695225753289335,YA239S,A.Y.239.S,Y,239,S,A
116,Y239T,2.243889698809146,YA239T,A.Y.239.T,Y,239,T,A
117,Y239V,1.3236136101092433,YA239V,A.Y.239.V,Y,239,V,A
118,Y239W,0.1248096735577941,YA239W,A.Y.239.W,Y,239,W,A
119,Y239Y,0.6350148214210979,YA239Y,A.Y.239.Y,Y,239,Y,A
120,E240A,0.2322031789153089,EA240A,A.E.240.A,E,240,A,A
121,E240C,0.8934508405829211,EA240C,A.E.240.C,E,240,C,A
122,E240D,0.3288041747501646,EA240D,A.E.240.D,E,240,D,A
123,E240E,0.0062969301227105,EA240E,A.E.240.E,E,240,E,A
124,E240F,-0.2199363733557663,EA240F,A.E.240.F,E,240,F,A
125,E240G,1.1166002687400307,EA240G,A.E.240.G,E,240,G,A
126,E240H,-0.1147198590904396,EA240H,A.E.240.H,E,240,H,A
127,E240I,-0.4396147587903404,EA240I,A.E.240.I,E,240,I,A
128,E240K,0.0864024280108749,EA240K,A.E.240.K,E,240,K,A
129,E240L,-0.5077344853065757,EA240L,A.E.240.L,E,240,L,A
130,E240M,-0.0892068732492151,EA240M,A.E.240.M,E,240,M,A
131,E240N,0.364997137606724,EA240N,A.E.240.N,E,240,N,A
132,E240P,6.374313453059559,EA240P,A.E.240.P,E,240,P,A
133,E240Q,0.2121228085475179,EA240Q,A.E.240.Q,E,240,Q,A
134,E240R,-0.1304857397576292,EA240R,A.E.240.R,E,240,R,A
135,E240S,0.5914757124819044,EA240S,A.E.240.S,E,240,S,A
136,E240T,0.239239670669491,EA240T,A.E.240.T,E,240,T,A
137,E240V,-0.2033578378746575,EA240V,A.E.240.V,E,240,V,A
138,E240W,-0.739958825259372,EA240W,A.E.240.W,E,240,W,A
139,E240Y,-0.2124589526999815,EA240Y,A.E.240.Y,E,240,Y,A
140,N241A,0.215280193705441,NA241A,A.N.241.A,N,241,A,A
141,N241C,0.8097426112918995,NA241C,A.N.241.C,N,241,C,A
142,N241D,0.8487057825458966,NA241D,A.N.241.D,N,241,D,A
143,N241E,0.5898825935878943,NA241E,A.N.241.E,N,241,E,A
144,N241F,-0.790925390646014,NA241F,A.N.241.F,N,241,F,A
145,N241G,1.4630414398874283,NA241G,A.N.241.G,N,241,G,A
146,N241H,-0.2121086977862546,NA241H,A.N.241.H,N,241,H,A
147,N241I,-0.1146621011907333,NA241I,A.N.241.I,N,241,I,A
148,N241K,0.3609428816700188,NA241K,A.N.241.K,N,241,K,A
149,N241L,-0.6984744704641377,NA241L,A.N.241.L,N,241,L,A
150,N241M,-0.3449328598518264,NA241M,A.N.241.M,N,241,M,A
151,N241N,0.3517698885872639,NA241N,A.N.241.N,N,241,N,A
152,N241P,4.895360012577165,NA241P,A.N.241.P,N,241,P,A
153,N241Q,0.3814471937589886,NA241Q,A.N.241.Q,N,241,Q,A
154,N241R,-0.1890475578734912,NA241R,A.N.241.R,N,241,R,A
155,N241S,0.7940416736045366,NA241S,A.N.241.S,N,241,S,A
156,N241T,0.5300545634429127,NA241T,A.N.241.T,N,241,T,A
157,N241V,0.0749948625665192,NA241V,A.N.241.V,N,241,V,A
158,N241W,-1.274331420785697,NA241W,A.N.241.W,N,241,W,A
159,N241Y,-0.6706934574284695,NA241Y,A.N.241.Y,N,241,Y,A
160,F242A,3.864240736977308,FA242A,A.F.242.A,F,242,A,A
161,F242C,4.137725925010304,FA242C,A.F.242.C,F,242,C,A
162,F242D,4.6554971313973486,FA242D,A.F.242.D,F,242,D,A
163,F242E,4.160848714593721,FA242E,A.F.242.E,F,242,E,A
164,F242F,0.581233645519631,FA242F,A.F.242.F,F,242,F,A
165,F242G,5.45724605770802,FA242G,A.F.242.G,F,242,G,A
166,F242H,2.532279148886578,FA242H,A.F.242.H,F,242,H,A
167,F242I,2.4554769319391982,FA242I,A.F.242.I,F,242,I,A
168,F242K,4.016742350746255,FA242K,A.F.242.K,F,242,K,A
169,F242L,2.168999063100209,FA242L,A.F.242.L,F,242,L,A
170,F242M,2.575927792998717,FA242M,A.F.242.M,F,242,M,A
171,F242N,3.925929962587563,FA242N,A.F.242.N,F,242,N,A
172,F242P,8.145531707227216,FA242P,A.F.242.P,F,242,P,A
173,F242Q,3.903961372378131,FA242Q,A.F.242.Q,F,242,Q,A
174,F242R,3.4755413100387824,FA242R,A.F.242.R,F,242,R,A
175,F242S,4.5821533825176575,FA242S,A.F.242.S,F,242,S,A
176,F242T,3.900799279136236,FA242T,A.F.242.T,F,242,T,A
177,F242V,2.81220837738796,FA242V,A.F.242.V,F,242,V,A
178,F242W,0.7983067377356151,FA242W,A.F.242.W,F,242,W,A
179,F242Y,0.8182415826143657,FA242Y,A.F.242.Y,F,242,Y,A
180,R243A,1.260350478876366,RA243A,A.R.243.A,R,243,A,A
181,R243C,1.7242681348920756,RA243C,A.R.243.C,R,243,C,A
182,R243D,1.6491662071370397,RA243D,A.R.243.D,R,243,D,A
183,R243E,1.092986687725742,RA243E,A.R.243.E,R,243,E,A
184,R243F,0.0167701864547364,RA243F,A.R.243.F,R,243,F,A
185,R243G,2.1952818274392705,RA243G,A.R.243.G,R,243,G,A
186,R243H,0.6764294681771079,RA243H,A.R.243.H,R,243,H,A
187,R243I,0.1657390583489898,RA243I,A.R.243.I,R,243,I,A
188,R243K,0.9063006983130324,RA243K,A.R.243.K,R,243,K,A
189,R243L,-0.0888825632500367,RA243L,A.R.243.L,R,243,L,A
190,R243M,0.541713487052628,RA243M,A.R.243.M,R,243,M,A
191,R243N,1.1466279267047337,RA243N,A.R.243.N,R,243,N,A
192,R243P,6.7065341861077465,RA243P,A.R.243.P,R,243,P,A
193,R243Q,1.0988240392187447,RA243Q,A.R.243.Q,R,243,Q,A
194,R243R,0.4657913491451487,RA243R,A.R.243.R,R,243,R,A
195,R243S,1.6441722121297822,RA243S,A.R.243.S,R,243,S,A
196,R243T,1.1673589163876086,RA243T,A.R.243.T,R,243,T,A
197,R243V,0.3289462833128054,RA243V,A.R.243.V,R,243,V,A
198,R243W,-0.3262098791866658,RA243W,A.R.243.W,R,243,W,A
199,R243Y,0.2609532011194904,RA243Y,A.R.243.Y,R,243,Y,A
200,Q244A,0.3773297718864682,QA244A,A.Q.244.A,Q,244,A,A
201,Q244C,1.0850915058925197,QA244C,A.Q.244.C,Q,244,C,A
202,Q244D,1.0483970697635696,QA244D,A.Q.244.D,Q,244,D,A
203,Q244E,0.4291812556857555,QA244E,A.Q.244.E,Q,244,E,A
204,Q244F,-0.2309524450439842,QA244F,A.Q.244.F,Q,244,F,A
205,Q244G,1.4625822048392858,QA244G,A.Q.244.G,Q,244,G,A
206,Q244H,0.1279445593254691,QA244H,A.Q.244.H,Q,244,H,A
207,Q244I,-0.3666567133582132,QA244I,A.Q.244.I,Q,244,I,A
208,Q244K,0.3356193767925486,QA244K,A.Q.244.K,Q,244,K,A
209,Q244L,-0.5843117812103604,QA244L,A.Q.244.L,Q,244,L,A
210,Q244M,-0.2287325715791754,QA244M,A.Q.244.M,Q,244,M,A
211,Q244N,0.7039257613049262,QA244N,A.Q.244.N,Q,244,N,A
212,Q244P,6.687832711149928,QA244P,A.Q.244.P,Q,244,P,A
213,Q244Q,0.2737644272385531,QA244Q,A.Q.244.Q,Q,244,Q,A
214,Q244R,-0.1180291809725264,QA244R,A.Q.244.R,Q,244,R,A
215,Q244S,1.0524380273786835,QA244S,A.Q.244.S,Q,244,S,A
216,Q244T,0.4877910309007455,QA244T,A.Q.244.T,Q,244,T,A
217,Q244V,-0.125121662946856,QA244V,A.Q.244.V,Q,244,V,A
218,Q244W,-0.6159908182634005,QA244W,A.Q.244.W,Q,244,W,A
219,Q244Y,0.0138227869325358,QA244Y,A.Q.244.Y,Q,244,Y,A
220,W245A,5.5386480730527055,WA245A,A.W.245.A,W,245,A,A
221,W245C,5.869033811646551,WA245C,A.W.245.C,W,245,C,A
222,W245D,6.808201879241623,WA245D,A.W.245.D,W,245,D,A
223,W245E,6.403357604437576,WA245E,A.W.245.E,W,245,E,A
224,W245F,1.3354309253262024,WA245F,A.W.245.F,W,245,F,A
225,W245G,6.869236147203897,WA245G,A.W.245.G,W,245,G,A
226,W245H,4.167628180514948,WA245H,A.W.245.H,W,245,H,A
227,W245I,4.331761769552807,WA245I,A.W.245.I,W,245,I,A
228,W245K,7.229244654396085,WA245K,A.W.245.K,W,245,K,A
229,W245L,3.2345922873450315,WA245L,A.W.245.L,W,245,L,A
230,W245M,3.688222731543061,WA245M,A.W.245.M,W,245,M,A
231,W245N,5.613448642706991,WA245N,A.W.245.N,W,245,N,A
232,W245P,10.23741201162271,WA245P,A.W.245.P,W,245,P,A
233,W245Q,5.348929495157164,WA245Q,A.W.245.Q,W,245,Q,A
234,W245R,5.921018427334642,WA245R,A.W.245.R,W,245,R,A
235,W245S,6.515805731553923,WA245S,A.W.245.S,W,245,S,A
236,W245T,5.91376555268125,WA245T,A.W.245.T,W,245,T,A
237,W245V,4.692649754913596,WA245V,A.W.245.V,W,245,V,A
238,W245W,2.3450842091081663,WA245W,A.W.245.W,W,245,W,A
239,W245Y,1.9070139164198552,WA245Y,A.W.245.Y,W,245,Y,A
240,Q246A,0.9041901577619688,QA246A,A.Q.246.A,Q,246,A,A
241,Q246C,1.2355807417281168,QA246C,A.Q.246.C,Q,246,C,A
242,Q246D,1.1889664244732996,QA246D,A.Q.246.D,Q,246,D,A
243,Q246E,0.6796506997377544,QA246E,A.Q.246.E,Q,246,E,A
244,Q246F,0.1373319250110544,QA246F,A.Q.246.F,Q,246,F,A
245,Q246G,1.8514881104003784,QA246G,A.Q.246.G,Q,246,G,A
246,Q246H,0.3835416759036686,QA246H,A.Q.246.H,Q,246,H,A
247,Q246I,-0.1999637516120594,QA246I,A.Q.246.I,Q,246,I,A
248,Q246K,0.4842937767892563,QA246K,A.Q.246.K,Q,246,K,A
249,Q246L,-0.4073318887160687,QA246L,A.Q.246.L,Q,246,L,A
250,Q246M,0.0963414052436018,QA246M,A.Q.246.M,Q,246,M,A
251,Q246N,0.9346844993442404,QA246N,A.Q.246.N,Q,246,N,A
252,Q246P,5.0995169266298985,QA246P,A.Q.246.P,Q,246,P,A
253,Q246Q,0.6177129217552269,QA246Q,A.Q.246.Q,Q,246,Q,A
254,Q246R,0.1919542279446795,QA246R,A.Q.246.R,Q,246,R,A
255,Q246S,1.277785714700275,QA246S,A.Q.246.S,Q,246,S,A
256,Q246T,0.7791794070715932,QA246T,A.Q.246.T,Q,246,T,A
257,Q246V,0.0107400236600474,QA246V,A.Q.246.V,Q,246,V,A
258,Q246W,0.0285980759972964,QA246W,A.Q.246.W,Q,246,W,A
259,Q246Y,0.4109419005589115,QA246Y,A.Q.246.Y,Q,246,Y,A
260,R247A,0.4759196252572356,RA247A,A.R.247.A,R,247,A,A
261,R247C,1.1995920858855882,RA247C,A.R.247.C,R,247,C,A
262,R247D,0.8645471793182965,RA247D,A.R.247.D,R,247,D,A
263,R247E,0.4730880136895798,RA247E,A.R.247.E,R,247,E,A
264,R247F,0.0849132175838646,RA247F,A.R.247.F,R,247,F,A
265,R247G,1.3262935053232183,RA247G,A.R.247.G,R,247,G,A
266,R247H,0.2434528142757341,RA247H,A.R.247.H,R,247,H,A
267,R247I,0.0493396734426559,RA247I,A.R.247.I,R,247,I,A
268,R247K,0.227371164273023,RA247K,A.R.247.K,R,247,K,A
269,R247L,-0.290583658184595,RA247L,A.R.247.L,R,247,L,A
270,R247M,0.249867065306471,RA247M,A.R.247.M,R,247,M,A
271,R247N,0.6018377913483325,RA247N,A.R.247.N,R,247,N,A
272,R247P,6.639460606667593,RA247P,A.R.247.P,R,247,P,A
273,R247Q,0.5696266295200914,RA247Q,A.R.247.Q,R,247,Q,A
274,R247R,-0.0172168457295829,RA247R,A.R.247.R,R,247,R,A
275,R247S,0.9056970518449808,RA247S,A.R.247.S,R,247,S,A
276,R247T,0.5684830787909136,RA247T,A.R.247.T,R,247,T,A
277,R247V,0.1870328898448886,RA247V,A.R.247.V,R,247,V,A
278,R247W,-0.3987992548002267,RA247W,A.R.247.W,R,247,W,A
279,R247Y,0.1408892644355686,RA247Y,A.R.247.Y,R,247,Y,A
280,Y248A,3.787455789639878,YA248A,A.Y.248.A,Y,248,A,A
281,Y248C,3.963821546547579,YA248C,A.Y.248.C,Y,248,C,A
282,Y248D,5.047728057177135,YA248D,A.Y.248.D,Y,248,D,A
283,Y248E,4.418316167963195,YA248E,A.Y.248.E,Y,248,E,A
284,Y248F,0.6702793142279636,YA248F,A.Y.248.F,Y,248,F,A
285,Y248G,5.931147492625419,YA248G,A.Y.248.G,Y,248,G,A
286,Y248H,2.6106840489185226,YA248H,A.Y.248.H,Y,248,H,A
287,Y248I,2.406820662937164,YA248I,A.Y.248.I,Y,248,I,A
288,Y248K,4.873481471104856,YA248K,A.Y.248.K,Y,248,K,A
289,Y248L,1.638692664597901,YA248L,A.Y.248.L,Y,248,L,A
290,Y248M,1.9939727414355437,YA248M,A.Y.248.M,Y,248,M,A
291,Y248N,3.702624075276373,YA248N,A.Y.248.N,Y,248,N,A
292,Y248P,8.963320054137897,YA248P,A.Y.248.P,Y,248,P,A
293,Y248Q,3.5216699728773504,YA248Q,A.Y.248.Q,Y,248,Q,A
294,Y248R,3.803344841081444,YA248R,A.Y.248.R,Y,248,R,A
295,Y248S,4.875478219473877,YA248S,A.Y.248.S,Y,248,S,A
296,Y248T,3.96247767981852,YA248T,A.Y.248.T,Y,248,T,A
297,Y248V,2.736922475557908,YA248V,A.Y.248.V,Y,248,V,A
298,Y248W,1.3618112596558387,YA248W,A.Y.248.W,Y,248,W,A
299,Y248Y,1.4120320403793551,YA248Y,A.Y.248.Y,Y,248,Y,A
300,K249A,0.1982988771855748,KA249A,A.K.249.A,K,249,A,A
301,K249C,0.7500028066566619,KA249C,A.K.249.C,K,249,C,A
302,K249D,1.515486040565337,KA249D,A.K.249.D,K,249,D,A
303,K249E,0.9035470643228956,KA249E,A.K.249.E,K,249,E,A
304,K249F,-0.0130162531840039,KA249F,A.K.249.F,K,249,F,A
305,K249G,1.5279547852129185,KA249G,A.K.249.G,K,249,G,A
306,K249H,0.2411425392136934,KA249H,A.K.249.H,K,249,H,A
307,K249I,-0.9397242440143032,KA249I,A.K.249.I,K,249,I,A
308,K249K,0.3496629019637781,KA249K,A.K.249.K,K,249,K,A
309,K249L,-1.300525622061518,KA249L,A.K.249.L,K,249,L,A
310,K249M,-0.6339913906046701,KA249M,A.K.249.M,K,249,M,A
311,K249N,0.5007879148347472,KA249N,A.K.249.N,K,249,N,A
312,K249P,3.9736873885264576,KA249P,A.K.249.P,K,249,P,A
313,K249Q,0.4055675932423885,KA249Q,A.K.249.Q,K,249,Q,A
314,K249R,-0.1722690817052641,KA249R,A.K.249.R,K,249,R,A
315,K249S,0.8362481315394273,KA249S,A.K.249.S,K,249,S,A
316,K249T,0.3838008123784014,KA249T,A.K.249.T,K,249,T,A
317,K249V,-0.5114610281489373,KA249V,A.K.249.V,K,249,V,A
318,K249W,-0.530485700306319,KA249W,A.K.249.W,K,249,W,A
319,K249Y,0.243633576696734,KA249Y,A.K.249.Y,K,249,Y,A
320,A250A,-0.2011194145613948,AA250A,A.A.250.A,A,250,A,A
321,A250C,0.6305445017954314,AA250C,A.A.250.C,A,250,C,A
322,A250D,-0.3575588351039255,AA250D,A.A.250.D,A,250,D,A
323,A250E,-0.4076074296815146,AA250E,A.A.250.E,A,250,E,A
324,A250F,-0.6720936334458988,AA250F,A.A.250.F,A,250,F,A
325,A250G,0.3298086371368414,AA250G,A.A.250.G,A,250,G,A
326,A250H,-0.6496388301654082,AA250H,A.A.250.H,A,250,H,A
327,A250I,-0.620106689134981,AA250I,A.A.250.I,A,250,I,A
328,A250K,-0.5207122737195258,AA250K,A.A.250.K,A,250,K,A
329,A250L,-0.8061084068489083,AA250L,A.A.250.L,A,250,L,A
330,A250M,-0.4313279940744358,AA250M,A.A.250.M,A,250,M,A
331,A250N,-0.1403638709344062,AA250N,A.A.250.N,A,250,N,A
332,A250P,1.8043290376986083,AA250P,A.A.250.P,A,250,P,A
333,A250Q,-0.1631155684479485,AA250Q,A.A.250.Q,A,250,Q,A
334,A250R,-0.6766567929904893,AA250R,A.A.250.R,A,250,R,A
335,A250S,-0.1683212793999583,AA250S,A.A.250.S,A,250,S,A
336,A250T,-0.202922238589791,AA250T,A.A.250.T,A,250,T,A
337,A250V,-0.3122914052340297,AA250V,A.A.250.V,A,250,V,A
338,A250W,-0.9983556215946926,AA250W,A.A.250.W,A,250,W,A
339,A250Y,-0.6187370855736402,AA250Y,A.A.250.Y,A,250,Y,A
340,L251A,2.214578554996588,LA251A,A.L.251.A,L,251,A,A
341,L251C,2.872238255237088,LA251C,A.L.251.C,L,251,C,A
342,L251D,3.1637967005186654,LA251D,A.L.251.D,L,251,D,A
343,L251E,2.5774184105681663,LA251E,A.L.251.E,L,251,E,A
344,L251F,0.3456504219179046,LA251F,A.L.251.F,L,251,F,A
345,L251G,3.7602875216446296,LA251G,A.L.251.G,L,251,G,A
346,L251H,1.6791283705030815,LA251H,A.L.251.H,L,251,H,A
347,L251I,1.4860176584042566,LA251I,A.L.251.I,L,251,I,A
348,L251K,2.49688084749576,LA251K,A.L.251.K,L,251,K,A
349,L251L,0.8909034360826864,LA251L,A.L.251.L,L,251,L,A
350,L251M,1.380850888044184,LA251M,A.L.251.M,L,251,M,A
351,L251N,2.405232949985865,LA251N,A.L.251.N,L,251,N,A
352,L251P,7.606027991020192,LA251P,A.L.251.P,L,251,P,A
353,L251Q,2.194061293122504,LA251Q,A.L.251.Q,L,251,Q,A
354,L251R,1.9270097564024085,LA251R,A.L.251.R,L,251,R,A
355,L251S,3.225958146088273,LA251S,A.L.251.S,L,251,S,A
356,L251T,2.5160177240480768,LA251T,A.L.251.T,L,251,T,A
357,L251V,1.8676891765627583,LA251V,A.L.251.V,L,251,V,A
358,L251W,0.4841318716603149,LA251W,A.L.251.W,L,251,W,A
359,L251Y,0.91543000608559,LA251Y,A.L.251.Y,L,251,Y,A
360,A252A,0.6339278107062748,AA252A,A.A.252.A,A,252,A,A
361,A252C,1.1168686637989431,AA252C,A.A.252.C,A,252,C,A
362,A252D,2.849203718712035,AA252D,A.A.252.D,A,252,D,A
363,A252E,3.591349670469,AA252E,A.A.252.E,A,252,E,A
364,A252F,3.648185175024904,AA252F,A.A.252.F,A,252,F,A
365,A252G,2.24304269128815,AA252G,A.A.252.G,A,252,G,A
366,A252H,4.167479702936261,AA252H,A.A.252.H,A,252,H,A
367,A252I,1.2069220746895997,AA252I,A.A.252.I,A,252,I,A
368,A252K,6.558108778010583,AA252K,A.A.252.K,A,252,K,A
369,A252L,1.4575773968829215,AA252L,A.A.252.L,A,252,L,A
370,A252M,2.0817984648684984,AA252M,A.A.252.M,A,252,M,A
371,A252N,1.7543055559920062,AA252N,A.A.252.N,A,252,N,A
372,A252P,7.3490420822371005,AA252P,A.A.252.P,A,252,P,A
373,A252Q,2.947227962379815,AA252Q,A.A.252.Q,A,252,Q,A
374,A252R,5.425322641445553,AA252R,A.A.252.R,A,252,R,A
375,A252S,1.53021799699891,AA252S,A.A.252.S,A,252,S,A
376,A252T,1.100303536446704,AA252T,A.A.252.T,A,252,T,A
377,A252V,0.1346735490422551,AA252V,A.A.252.V,A,252,V,A
378,A252W,5.569732897823203,AA252W,A.A.252.W,A,252,W,A
379,A252Y,4.988999332965589,AA252Y,A.A.252.Y,A,252,Y,A
380,R253A,0.6127584958452786,RA253A,A.R.253.A,R,253,A,A
381,R253C,1.2784037330651543,RA253C,A.R.253.C,R,253,C,A
382,R253D,1.2738172717144445,RA253D,A.R.253.D,R,253,D,A
383,R253E,0.8588618389062169,RA253E,A.R.253.E,R,253,E,A
384,R253F,0.1140954933278964,RA253F,A.R.253.F,R,253,F,A
385,R253G,1.4229543940485452,RA253G,A.R.253.G,R,253,G,A
386,R253H,0.393365895996639,RA253H,A.R.253.H,R,253,H,A
387,R253I,0.3299655910398635,RA253I,A.R.253.I,R,253,I,A
388,R253K,0.5471463482450162,RA253K,A.R.253.K,R,253,K,A
389,R253L,-0.2735399986854575,RA253L,A.R.253.L,R,253,L,A
390,R253M,0.1992285769323742,RA253M,A.R.253.M,R,253,M,A
391,R253N,0.9169324617013302,RA253N,A.R.253.N,R,253,N,A
392,R253P,8.112100488373883,RA253P,A.R.253.P,R,253,P,A
393,R253Q,0.717722792691435,RA253Q,A.R.253.Q,R,253,Q,A
394,R253R,0.1219703063615623,RA253R,A.R.253.R,R,253,R,A
395,R253S,1.1014729073312963,RA253S,A.R.253.S,R,253,S,A
396,R253T,0.9198432068516462,RA253T,A.R.253.T,R,253,T,A
397,R253V,0.5921718604025217,RA253V,A.R.253.V,R,253,V,A
398,R253W,-0.364201771612071,RA253W,A.R.253.W,R,253,W,A
399,R253Y,0.2231623507444174,RA253Y,A.R.253.Y,R,253,Y,A
400,R254A,0.5262707110133904,RA254A,A.R.254.A,R,254,A,A
401,R254C,1.104413644108321,RA254C,A.R.254.C,R,254,C,A
402,R254D,0.693008285513847,RA254D,A.R.254.D,R,254,D,A
403,R254E,0.430446775193255,RA254E,A.R.254.E,R,254,E,A
404,R254F,0.2290092460764969,RA254F,A.R.254.F,R,254,F,A
405,R254G,1.170191641990094,RA254G,A.R.254.G,R,254,G,A
406,R254H,0.3231299168378726,RA254H,A.R.254.H,R,254,H,A
407,R254I,0.0935171531434042,RA254I,A.R.254.I,R,254,I,A
408,R254K,0.3898359357445596,RA254K,A.R.254.K,R,254,K,A
409,R254L,-0.3537464900135501,RA254L,A.R.254.L,R,254,L,A
410,R254M,0.0221211005165622,RA254M,A.R.254.M,R,254,M,A
411,R254N,0.5326361976510424,RA254N,A.R.254.N,R,254,N,A
412,R254P,5.883864865575148,RA254P,A.R.254.P,R,254,P,A
413,R254Q,0.4396437917973028,RA254Q,A.R.254.Q,R,254,Q,A
414,R254R,0.1374252997217939,RA254R,A.R.254.R,R,254,R,A
415,R254S,0.8191183170458383,RA254S,A.R.254.S,R,254,S,A
416,R254T,0.6489042490730303,RA254T,A.R.254.T,R,254,T,A
417,R254V,0.3036061185808486,RA254V,A.R.254.V,R,254,V,A
418,R254W,-0.3302699302529316,RA254W,A.R.254.W,R,254,W,A
419,R254Y,0.3915909651452059,RA254Y,A.R.254.Y,R,254,Y,A
420,H255A,1.9428433341658635,HA255A,A.H.255.A,H,255,A,A
421,H255C,2.0276680135443628,HA255C,A.H.255.C,H,255,C,A
422,H255D,2.3638350212993635,HA255D,A.H.255.D,H,255,D,A
423,H255E,2.052678197990617,HA255E,A.H.255.E,H,255,E,A
424,H255F,-0.3275175836347632,HA255F,A.H.255.F,H,255,F,A
425,H255G,3.037315584599777,HA255G,A.H.255.G,H,255,G,A
426,H255H,0.7306384434857738,HA255H,A.H.255.H,H,255,H,A
427,H255I,0.7883328119183564,HA255I,A.H.255.I,H,255,I,A
428,H255K,1.757525464141873,HA255K,A.H.255.K,H,255,K,A
429,H255L,0.6444134618907879,HA255L,A.H.255.L,H,255,L,A
430,H255M,1.0419323662997595,HA255M,A.H.255.M,H,255,M,A
431,H255N,1.8114066343221824,HA255N,A.H.255.N,H,255,N,A
432,H255P,5.740217408995449,HA255P,A.H.255.P,H,255,P,A
433,H255Q,1.7628847751553645,HA255Q,A.H.255.Q,H,255,Q,A
434,H255R,1.1778411115484488,HA255R,A.H.255.R,H,255,R,A
435,H255S,2.53541282385955,HA255S,A.H.255.S,H,255,S,A
436,H255T,1.9246189661537003,HA255T,A.H.255.T,H,255,T,A
437,H255V,0.9194454037927512,HA255V,A.H.255.V,H,255,V,A
438,H255W,-0.172975533224361,HA255W,A.H.255.W,H,255,W,A
439,H255Y,-0.0856554546425036,HA255Y,A.H.255.Y,H,255,Y,A
440,L256A,1.760232865332377,LA256A,A.L.256.A,L,256,A,A
441,L256C,1.9346400224604456,LA256C,A.L.256.C,L,256,C,A
442,L256D,1.8577935382469597,LA256D,A.L.256.D,L,256,D,A
443,L256E,1.6598710335515927,LA256E,A.L.256.E,L,256,E,A
444,L256F,0.87988724472395,LA256F,A.L.256.F,L,256,F,A
445,L256G,2.584192486252195,LA256G,A.L.256.G,L,256,G,A
446,L256H,1.3443624710825552,LA256H,A.L.256.H,L,256,H,A
447,L256I,0.934123656358528,LA256I,A.L.256.I,L,256,I,A
448,L256K,1.6500310057265024,LA256K,A.L.256.K,L,256,K,A
449,L256L,0.5412388807109455,LA256L,A.L.256.L,L,256,L,A
450,L256M,0.999962316336782,LA256M,A.L.256.M,L,256,M,A
451,L256N,1.6397774146754909,LA256N,A.L.256.N,L,256,N,A
452,L256P,5.445645564413686,LA256P,A.L.256.P,L,256,P,A
453,L256Q,1.4984903115925818,LA256Q,A.L.256.Q,L,256,Q,A
454,L256R,1.3352903645142915,LA256R,A.L.256.R,L,256,R,A
455,L256S,2.112195952595519,LA256S,A.L.256.S,L,256,S,A
456,L256T,1.7865101329890047,LA256T,A.L.256.T,L,256,T,A
457,L256V,1.2271449082558383,LA256V,A.L.256.V,L,256,V,A
458,L256W,0.8248412323434653,LA256W,A.L.256.W,L,256,W,A
459,L256Y,1.106704170586991,LA256Y,A.L.256.Y,L,256,Y,A
460,S257A,0.136919345872179,SA257A,A.S.257.A,S,257,A,A
461,S257C,0.6279545946457782,SA257C,A.S.257.C,S,257,C,A
462,S257D,-0.1034649974141366,SA257D,A.S.257.D,S,257,D,A
463,S257E,-0.1541278522917327,SA257E,A.S.257.E,S,257,E,A
464,S257F,-0.5146459739258508,SA257F,A.S.257.F,S,257,F,A
465,S257G,0.6621537582782047,SA257G,A.S.257.G,S,257,G,A
466,S257H,-0.4389056402394392,SA257H,A.S.257.H,S,257,H,A
467,S257I,-0.4797100329314357,SA257I,A.S.257.I,S,257,I,A
468,S257K,-0.2461066300638492,SA257K,A.S.257.K,S,257,K,A
469,S257L,-0.705679512478119,SA257L,A.S.257.L,S,257,L,A
470,S257M,-0.2503745400846235,SA257M,A.S.257.M,S,257,M,A
471,S257N,-0.1725663954012107,SA257N,A.S.257.N,S,257,N,A
472,S257P,1.0660160919953916,SA257P,A.S.257.P,S,257,P,A
473,S257Q,0.0701588152230503,SA257Q,A.S.257.Q,S,257,Q,A
474,S257R,-0.3997817203218923,SA257R,A.S.257.R,S,257,R,A
475,S257S,0.1231544466701328,SA257S,A.S.257.S,S,257,S,A
476,S257T,0.0309169309880336,SA257T,A.S.257.T,S,257,T,A
477,S257V,-0.2922594386706739,SA257V,A.S.257.V,S,257,V,A
478,S257W,-0.7555378043766592,SA257W,A.S.257.W,S,257,W,A
479,S257Y,-0.3684937298855084,SA257Y,A.S.257.Y,S,257,Y,A
480,Q258A,-0.4823285028438506,QA258A,A.Q.258.A,Q,258,A,A
481,Q258C,0.0029781532518741,QA258C,A.Q.258.C,Q,258,C,A
482,Q258D,-0.9723327120115376,QA258D,A.Q.258.D,Q,258,D,A
483,Q258E,-0.9782009489908172,QA258E,A.Q.258.E,Q,258,E,A
484,Q258F,-0.902599933828394,QA258F,A.Q.258.F,Q,258,F,A
485,Q258G,-0.2323790440439721,QA258G,A.Q.258.G,Q,258,G,A
486,Q258H,-1.0898375941250176,QA258H,A.Q.258.H,Q,258,H,A
487,Q258I,-0.7491782462750152,QA258I,A.Q.258.I,Q,258,I,A
488,Q258K,-0.7909435630997053,QA258K,A.Q.258.K,Q,258,K,A
489,Q258L,-1.0910595935450211,QA258L,A.Q.258.L,Q,258,L,A
490,Q258M,-0.8321790953778135,QA258M,A.Q.258.M,Q,258,M,A
491,Q258N,-0.934531034151867,QA258N,A.Q.258.N,Q,258,N,A
492,Q258P,2.213982023932348,QA258P,A.Q.258.P,Q,258,P,A
493,Q258Q,-0.640860118395089,QA258Q,A.Q.258.Q,Q,258,Q,A
494,Q258R,-0.96406231928358,QA258R,A.Q.258.R,Q,258,R,A
495,Q258S,-0.5310296916644847,QA258S,A.Q.258.S,Q,258,S,A
496,Q258T,-0.6715484908558328,QA258T,A.Q.258.T,Q,258,T,A
497,Q258V,-0.6624382808403129,QA258V,A.Q.258.V,Q,258,V,A
498,Q258W,-1.1761202435450917,QA258W,A.Q.258.W,Q,258,W,A
499,Q258Y,-0.9044906342824128,QA258Y,A.Q.258.Y,Q,258,Y,A
500,S259A,-0.1531984987894019,SA259A,A.S.259.A,S,259,A,A
501,S259C,0.3857348258980292,SA259C,A.S.259.C,S,259,C,A
502,S259D,0.2042047474400216,SA259D,A.S.259.D,S,259,D,A
503,S259E,-0.2288988855165752,SA259E,A.S.259.E,S,259,E,A
504,S259F,-0.9272290148703416,SA259F,A.S.259.F,S,259,F,A
505,S259G,0.8002790529500475,SA259G,A.S.259.G,S,259,G,A
506,S259H,-0.6286289276882745,SA259H,A.S.259.H,S,259,H,A
507,S259I,-0.5657833319727829,SA259I,A.S.259.I,S,259,I,A
508,S259K,-0.262820368566628,SA259K,A.S.259.K,S,259,K,A
509,S259L,-1.1627455776028477,SA259L,A.S.259.L,S,259,L,A
510,S259M,-0.6860445611753152,SA259M,A.S.259.M,S,259,M,A
511,S259N,-0.1370104873905486,SA259N,A.S.259.N,S,259,N,A
512,S259P,2.2586045750370207,SA259P,A.S.259.P,S,259,P,A
513,S259Q,-0.2165038218485776,SA259Q,A.S.259.Q,S,259,Q,A
514,S259R,-0.686946648156127,SA259R,A.S.259.R,S,259,R,A
515,S259S,0.1293387499243753,SA259S,A.S.259.S,S,259,S,A
516,S259T,-0.0783447137378617,SA259T,A.S.259.T,S,259,T,A
517,S259V,-0.5785580903966792,SA259V,A.S.259.V,S,259,V,A
518,S259W,-1.2876633526325365,SA259W,A.S.259.W,S,259,W,A
519,S259Y,-0.9084788231863394,SA259Y,A.S.259.Y,S,259,Y,A
520,P260A,-0.1692357453588872,PA260A,A.P.260.A,P,260,A,A
521,P260C,0.6114131827376109,PA260C,A.P.260.C,P,260,C,A
522,P260D,-0.1828224898865194,PA260D,A.P.260.D,P,260,D,A
523,P260E,-0.3826925222372435,PA260E,A.P.260.E,P,260,E,A
524,P260F,-0.6550206398004199,PA260F,A.P.260.F,P,260,F,A
525,P260G,0.5855366656870192,PA260G,A.P.260.G,P,260,G,A
526,P260H,-0.5842422870186664,PA260H,A.P.260.H,P,260,H,A
527,P260I,-0.7267152077062167,PA260I,A.P.260.I,P,260,I,A
528,P260K,-0.4777397325868643,PA260K,A.P.260.K,P,260,K,A
529,P260L,-1.0068879699866344,PA260L,A.P.260.L,P,260,L,A
530,P260M,-0.6197459930700167,PA260M,A.P.260.M,P,260,M,A
531,P260N,-0.1597967340689032,PA260N,A.P.260.N,P,260,N,A
532,P260P,0.9553900533232906,PA260P,A.P.260.P,P,260,P,A
533,P260Q,-0.1795638897629453,PA260Q,A.P.260.Q,P,260,Q,A
534,P260R,-0.7077527848487453,PA260R,A.P.260.R,P,260,R,A
535,P260S,-0.0591612470343683,PA260S,A.P.260.S,P,260,S,A
536,P260T,-0.2459984873522336,PA260T,A.P.260.T,P,260,T,A
537,P260V,-0.5259579920321611,PA260V,A.P.260.V,P,260,V,A
538,P260W,-1.146136579046395,PA260W,A.P.260.W,P,260,W,A
539,P260Y,-0.5839902008178899,PA260Y,A.P.260.Y,P,260,Y,A
540,D261A,0.398233612448759,DA261A,A.D.261.A,D,261,A,A
541,D261C,1.036382220367152,DA261C,A.D.261.C,D,261,C,A
542,D261D,0.5401808346611353,DA261D,A.D.261.D,D,261,D,A
543,D261E,0.4421951981822675,DA261E,A.D.261.E,D,261,E,A
544,D261F,0.1373488098962683,DA261F,A.D.261.F,D,261,F,A
545,D261G,1.5578491667101095,DA261G,A.D.261.G,D,261,G,A
546,D261H,0.2133639726764297,DA261H,A.D.261.H,D,261,H,A
547,D261I,0.3210766068342724,DA261I,A.D.261.I,D,261,I,A
548,D261K,0.5251494150811489,DA261K,A.D.261.K,D,261,K,A
549,D261L,0.0265344049557481,DA261L,A.D.261.L,D,261,L,A
550,D261M,0.2882316011911645,DA261M,A.D.261.M,D,261,M,A
551,D261N,0.4128555062915862,DA261N,A.D.261.N,D,261,N,A
552,D261P,4.465374752824736,DA261P,A.D.261.P,D,261,P,A
553,D261Q,0.6629376851701526,DA261Q,A.D.261.Q,D,261,Q,A
554,D261R,0.2350305366918514,DA261R,A.D.261.R,D,261,R,A
555,D261S,0.939302019707309,DA261S,A.D.261.S,D,261,S,A
556,D261T,0.6909943803657836,DA261T,A.D.261.T,D,261,T,A
557,D261V,0.4411117954403937,DA261V,A.D.261.V,D,261,V,A
558,D261W,-0.2850505224757499,DA261W,A.D.261.W,D,261,W,A
559,D261Y,0.1321607470955843,DA261Y,A.D.261.Y,D,261,Y,A
560,T262A,0.1436474368130508,TA262A,A.T.262.A,T,262,A,A
561,T262C,0.6851222297119891,TA262C,A.T.262.C,T,262,C,A
562,T262D,0.6503391673510056,TA262D,A.T.262.D,T,262,D,A
563,T262E,0.2647516341726702,TA262E,A.T.262.E,T,262,E,A
564,T262F,-0.4176756371789575,TA262F,A.T.262.F,T,262,F,A
565,T262G,1.4515418592143163,TA262G,A.T.262.G,T,262,G,A
566,T262H,0.0029120214778716,TA262H,A.T.262.H,T,262,H,A
567,T262I,-0.8664577491625847,TA262I,A.T.262.I,T,262,I,A
568,T262K,0.3952410988325944,TA262K,A.T.262.K,T,262,K,A
569,T262L,-0.5764963384454719,TA262L,A.T.262.L,T,262,L,A
570,T262M,-0.0873063914978455,TA262M,A.T.262.M,T,262,M,A
571,T262N,0.3891313595866957,TA262N,A.T.262.N,T,262,N,A
572,T262P,3.3320877602571035,TA262P,A.T.262.P,T,262,P,A
573,T262Q,0.2676810901207871,TA262Q,A.T.262.Q,T,262,Q,A
574,T262R,0.0184896359310882,TA262R,A.T.262.R,T,262,R,A
575,T262S,0.5429802819246338,TA262S,A.T.262.S,T,262,S,A
576,T262T,0.0469137851249384,TA262T,A.T.262.T,T,262,T,A
577,T262V,-0.7982084630687725,TA262V,A.T.262.V,T,262,V,A
578,T262W,-0.6697712939685313,TA262W,A.T.262.W,T,262,W,A
579,T262Y,-0.2958144903688142,TA262Y,A.T.262.Y,T,262,Y,A
580,E263A,0.7140155940988557,EA263A,A.E.263.A,E,263,A,A
581,E263C,1.3370852317800346,EA263C,A.E.263.C,E,263,C,A
582,E263D,0.8586090043198802,EA263D,A.E.263.D,E,263,D,A
583,E263E,0.7168645770261652,EA263E,A.E.263.E,E,263,E,A
584,E263F,-0.5026579922306973,EA263F,A.E.263.F,E,263,F,A
585,E263G,1.6778896875914922,EA263G,A.E.263.G,E,263,G,A
586,E263H,0.2403400046117276,EA263H,A.E.263.H,E,263,H,A
587,E263I,-0.1219938076524346,EA263I,A.E.263.I,E,263,I,A
588,E263K,0.9418715328418532,EA263K,A.E.263.K,E,263,K,A
589,E263L,-0.58957978368471,EA263L,A.E.263.L,E,263,L,A
590,E263M,-0.0396874619049913,EA263M,A.E.263.M,E,263,M,A
591,E263N,0.7209139302032475,EA263N,A.E.263.N,E,263,N,A
592,E263P,2.185570569795151,EA263P,A.E.263.P,E,263,P,A
593,E263Q,0.7316739462499346,EA263Q,A.E.263.Q,E,263,Q,A
594,E263R,0.4432167194137099,EA263R,A.E.263.R,E,263,R,A
595,E263S,1.0847592757538944,EA263S,A.E.263.S,E,263,S,A
596,E263T,0.8678873286885949,EA263T,A.E.263.T,E,263,T,A
597,E263V,0.2986846841988144,EA263V,A.E.263.V,E,263,V,A
598,E263W,-0.7762529897948861,EA263W,A.E.263.W,E,263,W,A
599,E263Y,-0.216021017902725,EA263Y,A.E.263.Y,E,263,Y,A
600,A264A,0.9668263665659615,AA264A,A.A.264.A,A,264,A,A
601,A264C,1.6773391109469469,AA264C,A.A.264.C,A,264,C,A
602,A264D,3.595582865932494,AA264D,A.A.264.D,A,264,D,A
603,A264E,4.076284687047412,AA264E,A.A.264.E,A,264,E,A
604,A264F,3.8591304246392,AA264F,A.A.264.F,A,264,F,A
605,A264G,2.397797849502171,AA264G,A.A.264.G,A,264,G,A
606,A264H,4.227468765781511,AA264H,A.A.264.H,A,264,H,A
607,A264I,2.344874417371032,AA264I,A.A.264.I,A,264,I,A
608,A264K,5.257665545408032,AA264K,A.A.264.K,A,264,K,A
609,A264L,2.509624415441344,AA264L,A.A.264.L,A,264,L,A
610,A264M,2.8707188234370533,AA264M,A.A.264.M,A,264,M,A
611,A264N,2.3998750092761747,AA264N,A.A.264.N,A,264,N,A
612,A264P,6.09639310236314,AA264P,A.A.264.P,A,264,P,A
613,A264Q,3.1120242129426976,AA264Q,A.A.264.Q,A,264,Q,A
614,A264R,4.474472011034714,AA264R,A.A.264.R,A,264,R,A
615,A264S,1.8988715656349036,AA264S,A.A.264.S,A,264,S,A
616,A264T,1.8442502588265437,AA264T,A.A.264.T,A,264,T,A
617,A264V,1.1726588258039854,AA264V,A.A.264.V,A,264,V,A
618,A264W,4.840714893997019,AA264W,A.A.264.W,A,264,W,A
619,A264Y,4.520603051646129,AA264Y,A.A.264.Y,A,264,Y,A
620,L265A,3.550325138387284,LA265A,A.L.265.A,L,265,A,A
621,L265C,3.8169507737835233,LA265C,A.L.265.C,L,265,C,A
622,L265D,4.594715498708268,LA265D,A.L.265.D,L,265,D,A
623,L265E,3.933381384763224,LA265E,A.L.265.E,L,265,E,A
624,L265F,0.8779971392896343,LA265F,A.L.265.F,L,265,F,A
625,L265G,5.408379311652929,LA265G,A.L.265.G,L,265,G,A
626,L265H,2.578913755475513,LA265H,A.L.265.H,L,265,H,A
627,L265I,1.8163765682136996,LA265I,A.L.265.I,L,265,I,A
628,L265K,4.63346890087676,LA265K,A.L.265.K,L,265,K,A
629,L265L,1.1247625147254636,LA265L,A.L.265.L,L,265,L,A
630,L265M,1.652825047544146,LA265M,A.L.265.M,L,265,M,A
631,L265N,3.484293931796939,LA265N,A.L.265.N,L,265,N,A
632,L265P,9.926013434364965,LA265P,A.L.265.P,L,265,P,A
633,L265Q,3.237236266342831,LA265Q,A.L.265.Q,L,265,Q,A
634,L265R,3.532605897317457,LA265R,A.L.265.R,L,265,R,A
635,L265S,4.504070206661153,LA265S,A.L.265.S,L,265,S,A
636,L265T,3.7242034727628286,LA265T,A.L.265.T,L,265,T,A
637,L265V,2.3499342473256526,LA265V,A.L.265.V,L,265,V,A
638,L265W,1.7473530941663464,LA265W,A.L.265.W,L,265,W,A
639,L265Y,1.7843066417441338,LA265Y,A.L.265.Y,L,265,Y,A
640,S266A,-0.7048946593178079,SA266A,A.S.266.A,S,266,A,A
641,S266C,-0.0101628442331314,SA266C,A.S.266.C,S,266,C,A
642,S266D,2.954788644775402,SA266D,A.S.266.D,S,266,D,A
643,S266E,4.54189207468792,SA266E,A.S.266.E,S,266,E,A
644,S266F,3.991127186302868,SA266F,A.S.266.F,S,266,F,A
645,S266G,1.1551805769133645,SA266G,A.S.266.G,S,266,G,A
646,S266H,4.225696735509112,SA266H,A.S.266.H,S,266,H,A
647,S266I,1.492325852931838,SA266I,A.S.266.I,S,266,I,A
648,S266K,6.436480736928429,SA266K,A.S.266.K,S,266,K,A
649,S266L,2.028895799345377,SA266L,A.S.266.L,S,266,L,A
650,S266M,2.825218689470064,SA266M,A.S.266.M,S,266,M,A
651,S266N,1.441521207296112,SA266N,A.S.266.N,S,266,N,A
652,S266P,7.271771722504605,SA266P,A.S.266.P,S,266,P,A
653,S266Q,3.351083353683555,SA266Q,A.S.266.Q,S,266,Q,A
654,S266R,5.5784513099643815,SA266R,A.S.266.R,S,266,R,A
655,S266S,0.3906990182407349,SA266S,A.S.266.S,S,266,S,A
656,S266T,0.3533188805224174,SA266T,A.S.266.T,S,266,T,A
657,S266V,0.0255335732319728,SA266V,A.S.266.V,S,266,V,A
658,S266W,5.471592939327265,SA266W,A.S.266.W,S,266,W,A
659,S266Y,4.924049680385033,SA266Y,A.S.266.Y,S,266,Y,A
660,C267A,-0.1471421765917574,CA267A,A.C.267.A,C,267,A,A
661,C267C,0.3874513681011227,CA267C,A.C.267.C,C,267,C,A
662,C267D,1.8183630165671365,CA267D,A.C.267.D,C,267,D,A
663,C267E,2.442421176118626,CA267E,A.C.267.E,C,267,E,A
664,C267F,2.249838883273884,CA267F,A.C.267.F,C,267,F,A
665,C267G,2.011477154858408,CA267G,A.C.267.G,C,267,G,A
666,C267H,2.18146257931476,CA267H,A.C.267.H,C,267,H,A
667,C267I,0.4386200488462377,CA267I,A.C.267.I,C,267,I,A
668,C267K,5.580670676885832,CA267K,A.C.267.K,C,267,K,A
669,C267L,-0.0243916989308518,CA267L,A.C.267.L,C,267,L,A
670,C267M,0.6838686882437836,CA267M,A.C.267.M,C,267,M,A
671,C267N,0.5673939415968451,CA267N,A.C.267.N,C,267,N,A
672,C267P,6.823232892905052,CA267P,A.C.267.P,C,267,P,A
673,C267Q,1.3829049485134703,CA267Q,A.C.267.Q,C,267,Q,A
674,C267R,4.564813824091528,CA267R,A.C.267.R,C,267,R,A
675,C267S,1.0809185418281788,CA267S,A.C.267.S,C,267,S,A
676,C267T,0.5281269621707909,CA267T,A.C.267.T,C,267,T,A
677,C267V,-0.2494563965420537,CA267V,A.C.267.V,C,267,V,A
678,C267W,5.298194023627008,CA267W,A.C.267.W,C,267,W,A
679,C267Y,3.940960388429253,CA267Y,A.C.267.Y,C,267,Y,A
680,F268A,3.446697194309732,FA268A,A.F.268.A,F,268,A,A
681,F268C,3.9905508081198793,FA268C,A.F.268.C,F,268,C,A
682,F268D,4.846042834661565,FA268D,A.F.268.D,F,268,D,A
683,F268E,4.26775480040298,FA268E,A.F.268.E,F,268,E,A
684,F268F,0.045383490403259,FA268F,A.F.268.F,F,268,F,A
685,F268G,5.212188474665707,FA268G,A.F.268.G,F,268,G,A
686,F268H,2.1758556670313336,FA268H,A.F.268.H,F,268,H,A
687,F268I,2.855294669290812,FA268I,A.F.268.I,F,268,I,A
688,F268K,4.084411322302823,FA268K,A.F.268.K,F,268,K,A
689,F268L,2.3614833691079977,FA268L,A.F.268.L,F,268,L,A
690,F268M,2.555547967204677,FA268M,A.F.268.M,F,268,M,A
691,F268N,3.648100318452242,FA268N,A.F.268.N,F,268,N,A
692,F268P,9.55367328279948,FA268P,A.F.268.P,F,268,P,A
693,F268Q,3.5868852676698006,FA268Q,A.F.268.Q,F,268,Q,A
694,F268R,3.2513043083031783,FA268R,A.F.268.R,F,268,R,A
695,F268S,4.455166501201766,FA268S,A.F.268.S,F,268,S,A
696,F268T,3.747706885567784,FA268T,A.F.268.T,F,268,T,A
697,F268V,2.823797157075177,FA268V,A.F.268.V,F,268,V,A
698,F268W,0.3488768005484766,FA268W,A.F.268.W,F,268,W,A
699,F268Y,0.3075660156425419,FA268Y,A.F.268.Y,F,268,Y,A
700,L269A,3.776276790904359,LA269A,A.L.269.A,L,269,A,A
701,L269C,4.000070585904166,LA269C,A.L.269.C,L,269,C,A
702,L269D,5.014853951913243,LA269D,A.L.269.D,L,269,D,A
703,L269E,4.467938241212083,LA269E,A.L.269.E,L,269,E,A
704,L269F,1.2759979972657287,LA269F,A.L.269.F,L,269,F,A
705,L269G,6.174138551194591,LA269G,A.L.269.G,L,269,G,A
706,L269H,2.935945642808395,LA269H,A.L.269.H,L,269,H,A
707,L269I,1.6301256963988209,LA269I,A.L.269.I,L,269,I,A
708,L269K,6.152151339278633,LA269K,A.L.269.K,L,269,K,A
709,L269L,0.9806006493735808,LA269L,A.L.269.L,L,269,L,A
710,L269M,1.4919633869021902,LA269M,A.L.269.M,L,269,M,A
711,L269N,3.620829419561258,LA269N,A.L.269.N,L,269,N,A
712,L269P,8.90280229085841,LA269P,A.L.269.P,L,269,P,A
713,L269Q,3.1079339518344806,LA269Q,A.L.269.Q,L,269,Q,A
714,L269R,4.937109926223428,LA269R,A.L.269.R,L,269,R,A
715,L269S,4.993446835424239,LA269S,A.L.269.S,L,269,S,A
716,L269T,3.9251048135969033,LA269T,A.L.269.T,L,269,T,A
717,L269V,2.2097681039119825,LA269V,A.L.269.V,L,269,V,A
718,L269W,3.0434457268505115,LA269W,A.L.269.W,L,269,W,A
719,L269Y,2.546843281405942,LA269Y,A.L.269.Y,L,269,Y,A
720,I270A,3.095480363797829,IA270A,A.I.270.A,I,270,A,A
721,I270C,3.0568128238938885,IA270C,A.I.270.C,I,270,C,A
722,I270D,4.099241369653228,IA270D,A.I.270.D,I,270,D,A
723,I270E,3.633246399323996,IA270E,A.I.270.E,I,270,E,A
724,I270F,1.818083625505412,IA270F,A.I.270.F,I,270,F,A
725,I270G,4.64009058312037,IA270G,A.I.270.G,I,270,G,A
726,I270H,2.759064568683505,IA270H,A.I.270.H,I,270,H,A
727,I270I,0.6820265630591257,IA270I,A.I.270.I,I,270,I,A
728,I270K,3.991304443315208,IA270K,A.I.270.K,I,270,K,A
729,I270L,0.9569087486594612,IA270L,A.I.270.L,I,270,L,A
730,I270M,1.7126261631612811,IA270M,A.I.270.M,I,270,M,A
731,I270N,2.7848232379582565,IA270N,A.I.270.N,I,270,N,A
732,I270P,6.925715662495908,IA270P,A.I.270.P,I,270,P,A
733,I270Q,2.9013936853544187,IA270Q,A.I.270.Q,I,270,Q,A
734,I270R,3.017858223555262,IA270R,A.I.270.R,I,270,R,A
735,I270S,3.676280059115793,IA270S,A.I.270.S,I,270,S,A
736,I270T,2.809099116672459,IA270T,A.I.270.T,I,270,T,A
737,I270V,0.9981170756640856,IA270V,A.I.270.V,I,270,V,A
738,I270W,2.4247316101283576,IA270W,A.I.270.W,I,270,W,A
739,I270Y,2.423672822568962,IA270Y,A.I.270.Y,I,270,Y,A
740,P271A,-0.5973858382185371,PA271A,A.P.271.A,P,271,A,A
741,P271C,0.2110494589170947,PA271C,A.P.271.C,P,271,C,A
742,P271D,-0.9719543603407316,PA271D,A.P.271.D,P,271,D,A
743,P271E,-1.106312050908013,PA271E,A.P.271.E,P,271,E,A
744,P271F,-1.1333798960463417,PA271F,A.P.271.F,P,271,F,A
745,P271G,0.0306650003487946,PA271G,A.P.271.G,P,271,G,A
746,P271H,-1.3643222211170825,PA271H,A.P.271.H,P,271,H,A
747,P271I,-0.9611998689532858,PA271I,A.P.271.I,P,271,I,A
748,P271K,-1.0138882735391137,PA271K,A.P.271.K,P,271,K,A
749,P271L,-1.3267444949957667,PA271L,A.P.271.L,P,271,L,A
750,P271M,-0.9381474434340864,PA271M,A.P.271.M,P,271,M,A
751,P271N,-0.8256358337503755,PA271N,A.P.271.N,P,271,N,A
752,P271P,0.0310088791824458,PA271P,A.P.271.P,P,271,P,A
753,P271Q,-0.750918193133745,PA271Q,A.P.271.Q,P,271,Q,A
754,P271R,-1.1730400771616534,PA271R,A.P.271.R,P,271,R,A
755,P271S,-0.7141897451858381,PA271S,A.P.271.S,P,271,S,A
756,P271T,-0.6240917214077157,PA271T,A.P.271.T,P,271,T,A
757,P271V,-0.7879712194013361,PA271V,A.P.271.V,P,271,V,A
758,P271W,-1.573393181895718,PA271W,A.P.271.W,P,271,W,A
759,P271Y,-1.0475106348498853,PA271Y,A.P.271.Y,P,271,Y,A
760,V272A,1.5179624365524071,VA272A,A.V.272.A,V,272,A,A
761,V272C,1.8583917166947488,VA272C,A.V.272.C,V,272,C,A
762,V272D,2.4483373143575324,VA272D,A.V.272.D,V,272,D,A
763,V272E,1.8464069383083204,VA272E,A.V.272.E,V,272,E,A
764,V272F,0.2910429209138399,VA272F,A.V.272.F,V,272,F,A
765,V272G,3.1370099278805696,VA272G,A.V.272.G,V,272,G,A
766,V272H,1.127315701044333,VA272H,A.V.272.H,V,272,H,A
767,V272I,0.2999624409154422,VA272I,A.V.272.I,V,272,I,A
768,V272K,1.4161955071811734,VA272K,A.V.272.K,V,272,K,A
769,V272L,0.5064066395074729,VA272L,A.V.272.L,V,272,L,A
770,V272M,0.8817324295838214,VA272M,A.V.272.M,V,272,M,A
771,V272N,1.6647535060102905,VA272N,A.V.272.N,V,272,N,A
772,V272P,7.394464993825807,VA272P,A.V.272.P,V,272,P,A
773,V272Q,1.4736083599078278,VA272Q,A.V.272.Q,V,272,Q,A
774,V272R,1.0779136679697532,VA272R,A.V.272.R,V,272,R,A
775,V272S,2.1234924795271906,VA272S,A.V.272.S,V,272,S,A
776,V272T,1.5010582058808726,VA272T,A.V.272.T,V,272,T,A
777,V272V,0.4176285859719902,VA272V,A.V.272.V,V,272,V,A
778,V272W,0.2346727675288357,VA272W,A.V.272.W,V,272,W,A
779,V272Y,0.5687173462974143,VA272Y,A.V.272.Y,V,272,Y,A
780,L273A,3.3483891980978844,LA273A,A.L.273.A,L,273,A,A
781,L273C,3.4565523278941197,LA273C,A.L.273.C,L,273,C,A
782,L273D,4.5684009432486175,LA273D,A.L.273.D,L,273,D,A
783,L273E,4.205244930944527,LA273E,A.L.273.E,L,273,E,A
784,L273F,2.3205777535218908,LA273F,A.L.273.F,L,273,F,A
785,L273G,5.174886995560266,LA273G,A.L.273.G,L,273,G,A
786,L273H,3.3479052538431566,LA273H,A.L.273.H,L,273,H,A
787,L273I,1.5145357929964691,LA273I,A.L.273.I,L,273,I,A
788,L273K,4.858019139916723,LA273K,A.L.273.K,L,273,K,A
789,L273L,1.0933810366932644,LA273L,A.L.273.L,L,273,L,A
790,L273M,1.878487441001316,LA273M,A.L.273.M,L,273,M,A
791,L273N,3.2359285973509557,LA273N,A.L.273.N,L,273,N,A
792,L273P,9.666097110780523,LA273P,A.L.273.P,L,273,P,A
793,L273Q,3.1937201773361235,LA273Q,A.L.273.Q,L,273,Q,A
794,L273R,3.937838525587748,LA273R,A.L.273.R,L,273,R,A
795,L273S,4.27228919721972,LA273S,A.L.273.S,L,273,S,A
796,L273T,3.2471484967708664,LA273T,A.L.273.T,L,273,T,A
797,L273V,1.9943894029533145,LA273V,A.L.273.V,L,273,V,A
798,L273W,3.573016900480636,LA273W,A.L.273.W,L,273,W,A
799,L273Y,3.3663890831912755,LA273Y,A.L.273.Y,L,273,Y,A
800,R274A,0.955223820214704,RA274A,A.R.274.A,R,274,A,A
801,R274C,1.4787182367294498,RA274C,A.R.274.C,R,274,C,A
802,R274D,1.1679462149686926,RA274D,A.R.274.D,R,274,D,A
803,R274E,1.0018140038516916,RA274E,A.R.274.E,R,274,E,A
804,R274F,0.5410805441073654,RA274F,A.R.274.F,R,274,F,A
805,R274G,1.61594136647946,RA274G,A.R.274.G,R,274,G,A
806,R274H,0.6353713185390475,RA274H,A.R.274.H,R,274,H,A
807,R274I,0.4565500995940796,RA274I,A.R.274.I,R,274,I,A
808,R274K,0.6485644636341614,RA274K,A.R.274.K,R,274,K,A
809,R274L,0.017706344658771,RA274L,A.R.274.L,R,274,L,A
810,R274M,0.5540644020563157,RA274M,A.R.274.M,R,274,M,A
811,R274N,0.96340589619586,RA274N,A.R.274.N,R,274,N,A
812,R274P,6.538289643776629,RA274P,A.R.274.P,R,274,P,A
813,R274Q,0.9446353341266722,RA274Q,A.R.274.Q,R,274,Q,A
814,R274R,0.3270735002927022,RA274R,A.R.274.R,R,274,R,A
815,R274S,1.3226937002589363,RA274S,A.R.274.S,R,274,S,A
816,R274T,1.1530570924154464,RA274T,A.R.274.T,R,274,T,A
817,R274V,0.5888397752222152,RA274V,A.R.274.V,R,274,V,A
818,R274W,0.0900981500932562,RA274W,A.R.274.W,R,274,W,A
819,R274Y,0.6043649882599927,RA274Y,A.R.274.Y,R,274,Y,A
820,S275A,-0.3798639750226928,SA275A,A.S.275.A,S,275,A,A
821,S275C,0.3795092599509103,SA275C,A.S.275.C,S,275,C,A
822,S275D,-0.0569554139556882,SA275D,A.S.275.D,S,275,D,A
823,S275E,-0.3661273193371384,SA275E,A.S.275.E,S,275,E,A
824,S275F,-0.6760301248675288,SA275F,A.S.275.F,S,275,F,A
825,S275G,0.4512713109203853,SA275G,A.S.275.G,S,275,G,A
826,S275H,-0.5581133019552798,SA275H,A.S.275.H,S,275,H,A
827,S275I,-0.7849285556186597,SA275I,A.S.275.I,S,275,I,A
828,S275K,-0.4408081534712027,SA275K,A.S.275.K,S,275,K,A
829,S275L,-1.152133624037414,SA275L,A.S.275.L,S,275,L,A
830,S275M,-0.6263325666986458,SA275M,A.S.275.M,S,275,M,A
831,S275N,-0.2901176208508782,SA275N,A.S.275.N,S,275,N,A
832,S275P,5.011309506151733,SA275P,A.S.275.P,S,275,P,A
833,S275Q,-0.259357636806935,SA275Q,A.S.275.Q,S,275,Q,A
834,S275R,-0.829204930704393,SA275R,A.S.275.R,S,275,R,A
835,S275S,0.1030830194552429,SA275S,A.S.275.S,S,275,S,A
836,S275T,-0.2213635811480996,SA275T,A.S.275.T,S,275,T,A
837,S275V,-0.6040456191333804,SA275V,A.S.275.V,S,275,V,A
838,S275W,-1.417216609476103,SA275W,A.S.275.W,S,275,W,A
839,S275Y,-0.5965305491808343,SA275Y,A.S.275.Y,S,275,Y,A
840,L276A,2.056664855941144,LA276A,A.L.276.A,L,276,A,A
841,L276C,2.401980379778509,LA276C,A.L.276.C,L,276,C,A
842,L276D,2.4144903684003225,LA276D,A.L.276.D,L,276,D,A
843,L276E,1.9653816244171043,LA276E,A.L.276.E,L,276,E,A
844,L276F,-0.0164831379556562,LA276F,A.L.276.F,L,276,F,A
845,L276G,3.332641543004021,LA276G,A.L.276.G,L,276,G,A
846,L276H,1.2630816009653412,LA276H,A.L.276.H,L,276,H,A
847,L276I,0.8714364257553614,LA276I,A.L.276.I,L,276,I,A
848,L276K,1.9975711508170293,LA276K,A.L.276.K,L,276,K,A
849,L276L,0.3282705473057917,LA276L,A.L.276.L,L,276,L,A
850,L276M,0.8668713536818973,LA276M,A.L.276.M,L,276,M,A
851,L276N,2.059033128794823,LA276N,A.L.276.N,L,276,N,A
852,L276P,6.763424175036664,LA276P,A.L.276.P,L,276,P,A
853,L276Q,1.8007080246350742,LA276Q,A.L.276.Q,L,276,Q,A
854,L276R,1.509048128462655,LA276R,A.L.276.R,L,276,R,A
855,L276S,2.7073053390246686,LA276S,A.L.276.S,L,276,S,A
856,L276T,2.1233118001875444,LA276T,A.L.276.T,L,276,T,A
857,L276V,1.439791865698717,LA276V,A.L.276.V,L,276,V,A
858,L276W,0.0298464964939437,LA276W,A.L.276.W,L,276,W,A
859,L276Y,0.4775317995765005,LA276Y,A.L.276.Y,L,276,Y,A
860,A277A,0.4985462962390175,AA277A,A.A.277.A,A,277,A,A
861,A277C,1.193454609581851,AA277C,A.A.277.C,A,277,C,A
862,A277D,0.7356793026426375,AA277D,A.A.277.D,A,277,D,A
863,A277E,0.507544292750652,AA277E,A.A.277.E,A,277,E,A
864,A277F,-0.2279189355492683,AA277F,A.A.277.F,A,277,F,A
865,A277G,1.2289194600891875,AA277G,A.A.277.G,A,277,G,A
866,A277H,0.1642757952930873,AA277H,A.A.277.H,A,277,H,A
867,A277I,0.0254696343555127,AA277I,A.A.277.I,A,277,I,A
868,A277K,0.3317101560201363,AA277K,A.A.277.K,A,277,K,A
869,A277L,-0.4522848253650108,AA277L,A.A.277.L,A,277,L,A
870,A277M,0.0075690871751349,AA277M,A.A.277.M,A,277,M,A
871,A277N,0.53375294578028,AA277N,A.A.277.N,A,277,N,A
872,A277P,4.248829139198761,AA277P,A.A.277.P,A,277,P,A
873,A277Q,0.5087180281107525,AA277Q,A.A.277.Q,A,277,Q,A
874,A277R,-0.0685684163552086,AA277R,A.A.277.R,A,277,R,A
875,A277S,0.722674944394471,AA277S,A.A.277.S,A,277,S,A
876,A277T,0.5279874730411444,AA277T,A.A.277.T,A,277,T,A
877,A277V,0.2662306464315866,AA277V,A.A.277.V,A,277,V,A
878,A277W,-0.7033854014989266,AA277W,A.A.277.W,A,277,W,A
879,A277Y,-0.0875938783240065,AA277Y,A.A.277.Y,A,277,Y,A
880,R278A,0.5543645658399079,RA278A,A.R.278.A,R,278,A,A
881,R278C,1.255615286640122,RA278C,A.R.278.C,R,278,C,A
882,R278D,0.8751703189768525,RA278D,A.R.278.D,R,278,D,A
883,R278E,0.5582535861943577,RA278E,A.R.278.E,R,278,E,A
884,R278F,0.1365993083101335,RA278F,A.R.278.F,R,278,F,A
885,R278G,1.1618618590923646,RA278G,A.R.278.G,R,278,G,A
886,R278H,0.3185968730118327,RA278H,A.R.278.H,R,278,H,A
887,R278I,0.1650503640354172,RA278I,A.R.278.I,R,278,I,A
888,R278K,0.3560381354278857,RA278K,A.R.278.K,R,278,K,A
889,R278L,-0.3307270221667402,RA278L,A.R.278.L,R,278,L,A
890,R278M,0.1165492924103756,RA278M,A.R.278.M,R,278,M,A
891,R278N,0.6304301355278008,RA278N,A.R.278.N,R,278,N,A
892,R278P,7.364460624264281,RA278P,A.R.278.P,R,278,P,A
893,R278Q,0.6024619791334862,RA278Q,A.R.278.Q,R,278,Q,A
894,R278R,0.0865385353252734,RA278R,A.R.278.R,R,278,R,A
895,R278S,0.9546714325948772,RA278S,A.R.278.S,R,278,S,A
896,R278T,0.7165542905063546,RA278T,A.R.278.T,R,278,T,A
897,R278V,0.3366494753618843,RA278V,A.R.278.V,R,278,V,A
898,R278W,-0.2516314343449272,RA278W,A.R.278.W,R,278,W,A
899,R278Y,0.2892918488330381,RA278Y,A.R.278.Y,R,278,Y,A
900,L279A,0.8290961752357845,LA279A,A.L.279.A,L,279,A,A
901,L279C,1.5087868945587728,LA279C,A.L.279.C,L,279,C,A
902,L279D,1.0633568948526784,LA279D,A.L.279.D,L,279,D,A
903,L279E,0.6360099249128404,LA279E,A.L.279.E,L,279,E,A
904,L279F,0.2841767748958629,LA279F,A.L.279.F,L,279,F,A
905,L279G,1.6465187921688986,LA279G,A.L.279.G,L,279,G,A
906,L279H,0.5040351934875911,LA279H,A.L.279.H,L,279,H,A
907,L279I,0.1265365087948367,LA279I,A.L.279.I,L,279,I,A
908,L279K,0.6735932498471339,LA279K,A.L.279.K,L,279,K,A
909,L279L,-0.0321974040773798,LA279L,A.L.279.L,L,279,L,A
910,L279M,0.3834847338734293,LA279M,A.L.279.M,L,279,M,A
911,L279N,0.8498634691138215,LA279N,A.L.279.N,L,279,N,A
912,L279P,7.20525186513991,LA279P,A.L.279.P,L,279,P,A
913,L279Q,0.8079913350922282,LA279Q,A.L.279.Q,L,279,Q,A
914,L279R,0.3517235090726878,LA279R,A.L.279.R,L,279,R,A
915,L279S,1.1954533905540246,LA279S,A.L.279.S,L,279,S,A
916,L279T,0.8652024754158871,LA279T,A.L.279.T,L,279,T,A
917,L279V,0.3557725444114346,LA279V,A.L.279.V,L,279,V,A
918,L279W,-0.1235597230250135,LA279W,A.L.279.W,L,279,W,A
919,L279Y,0.4076840464239162,LA279Y,A.L.279.Y,L,279,Y,A
920,K280A,0.709838440827974,KA280A,A.K.280.A,K,280,A,A
921,K280C,0.9297833750600654,KA280C,A.K.280.C,K,280,C,A
922,K280D,0.3434234266926667,KA280D,A.K.280.D,K,280,D,A
923,K280E,0.4589895478844985,KA280E,A.K.280.E,K,280,E,A
924,K280F,-0.1388283646521693,KA280F,A.K.280.F,K,280,F,A
925,K280G,1.137786726798337,KA280G,A.K.280.G,K,280,G,A
926,K280H,-0.0642585292930797,KA280H,A.K.280.H,K,280,H,A
927,K280I,0.1572537431140475,KA280I,A.K.280.I,K,280,I,A
928,K280K,0.3272368038760986,KA280K,A.K.280.K,K,280,K,A
929,K280L,-0.2992363496930394,KA280L,A.K.280.L,K,280,L,A
930,K280M,0.0085817136819643,KA280M,A.K.280.M,K,280,M,A
931,K280N,0.0810006394851181,KA280N,A.K.280.N,K,280,N,A
932,K280P,3.4670122550657334,KA280P,A.K.280.P,K,280,P,A
933,K280Q,0.33949983502781,KA280Q,A.K.280.Q,K,280,Q,A
934,K280R,0.0441727954723852,KA280R,A.K.280.R,K,280,R,A
935,K280S,0.8247141147628323,KA280S,A.K.280.S,K,280,S,A
936,K280T,0.5328256654114324,KA280T,A.K.280.T,K,280,T,A
937,K280V,0.221309371907365,KA280V,A.K.280.V,K,280,V,A
938,K280W,-0.2725150616138438,KA280W,A.K.280.W,K,280,W,A
939,K280Y,-0.0098921218201891,KA280Y,A.K.280.Y,K,280,Y,A
940,P281A,-0.3929039868650552,PA281A,A.P.281.A,P,281,A,A
941,P281C,0.5700337005726169,PA281C,A.P.281.C,P,281,C,A
942,P281D,-0.4851802014405243,PA281D,A.P.281.D,P,281,D,A
943,P281E,-0.5339578384646643,PA281E,A.P.281.E,P,281,E,A
944,P281F,-0.4926804359452064,PA281F,A.P.281.F,P,281,F,A
945,P281G,0.264063711239863,PA281G,A.P.281.G,P,281,G,A
946,P281H,-0.7287943068877295,PA281H,A.P.281.H,P,281,H,A
947,P281I,-0.3751020346116168,PA281I,A.P.281.I,P,281,I,A
948,P281K,-0.3356625206453745,PA281K,A.P.281.K,P,281,K,A
949,P281L,-0.8124447386396055,PA281L,A.P.281.L,P,281,L,A
950,P281M,-0.4118141895311517,PA281M,A.P.281.M,P,281,M,A
951,P281N,-0.4045843518487008,PA281N,A.P.281.N,P,281,N,A
952,P281P,0.0094601626417756,PA281P,A.P.281.P,P,281,P,A
953,P281Q,-0.2847559890511225,PA281Q,A.P.281.Q,P,281,Q,A
954,P281R,-0.442757841562425,PA281R,A.P.281.R,P,281,R,A
955,P281S,-0.4056748892692818,PA281S,A.P.281.S,P,281,S,A
956,P281T,-0.2867413527800128,PA281T,A.P.281.T,P,281,T,A
957,P281V,-0.2342081581114397,PA281V,A.P.281.V,P,281,V,A
958,P281W,-1.0911775821760172,PA281W,A.P.281.W,P,281,W,A
959,P281Y,-0.4854868844872301,PA281Y,A.P.281.Y,P,281,Y,A
960,T282A,0.2455297935880357,TA282A,A.T.282.A,T,282,A,A
961,T282C,0.8541239246593507,TA282C,A.T.282.C,T,282,C,A
962,T282D,0.0722903102869876,TA282D,A.T.282.D,T,282,D,A
963,T282E,-0.0772052988015536,TA282E,A.T.282.E,T,282,E,A
964,T282F,-0.376866107022587,TA282F,A.T.282.F,T,282,F,A
965,T282G,0.9419309252753174,TA282G,A.T.282.G,T,282,G,A
966,T282H,-0.1842892362925802,TA282H,A.T.282.H,T,282,H,A
967,T282I,-0.0994442389410571,TA282I,A.T.282.I,T,282,I,A
968,T282K,0.0629891885827838,TA282K,A.T.282.K,T,282,K,A
969,T282L,-0.3606784770685717,TA282L,A.T.282.L,T,282,L,A
970,T282M,-0.0971628058886597,TA282M,A.T.282.M,T,282,M,A
971,T282N,0.1197959371003049,TA282N,A.T.282.N,T,282,N,A
972,T282P,1.84393790746803,TA282P,A.T.282.P,T,282,P,A
973,T282Q,0.2144121889675948,TA282Q,A.T.282.Q,T,282,Q,A
974,T282R,-0.1424436435922316,TA282R,A.T.282.R,T,282,R,A
975,T282S,0.2825090518331985,TA282S,A.T.282.S,T,282,S,A
976,T282T,0.1881958434121056,TA282T,A.T.282.T,T,282,T,A
977,T282V,-0.0362525247750927,TA282V,A.T.282.V,T,282,V,A
978,T282W,-0.7848280058642693,TA282W,A.T.282.W,T,282,W,A
979,T282Y,-0.3456266369128935,TA282Y,A.T.282.Y,T,282,Y,A
980,M283A,2.3269077228698576,MA283A,A.M.283.A,M,283,A,A
981,M283C,2.446313951179646,MA283C,A.M.283.C,M,283,C,A
982,M283D,3.465548824408705,MA283D,A.M.283.D,M,283,D,A
983,M283E,2.773161478917461,MA283E,A.M.283.E,M,283,E,A
984,M283F,1.569475716997612,MA283F,A.M.283.F,M,283,F,A
985,M283G,3.912967660957477,MA283G,A.M.283.G,M,283,G,A
986,M283H,2.2745375128906926,MA283H,A.M.283.H,M,283,H,A
987,M283I,0.8455897194430695,MA283I,A.M.283.I,M,283,I,A
988,M283K,2.98643931401537,MA283K,A.M.283.K,M,283,K,A
989,M283L,0.4536848912638053,MA283L,A.M.283.L,M,283,L,A
990,M283M,1.0068701473687784,MA283M,A.M.283.M,M,283,M,A
991,M283N,2.434435888706105,MA283N,A.M.283.N,M,283,N,A
992,M283P,6.720539497858062,MA283P,A.M.283.P,M,283,P,A
993,M283Q,2.119265586340718,MA283Q,A.M.283.Q,M,283,Q,A
994,M283R,2.24285822209126,MA283R,A.M.283.R,M,283,R,A
995,M283S,3.096591804309684,MA283S,A.M.283.S,M,283,S,A
996,M283T,2.008881180657758,MA283T,A.M.283.T,M,283,T,A
997,M283V,1.209127333788057,MA283V,A.M.283.V,M,283,V,A
998,M283W,1.5764081944358157,MA283W,A.M.283.W,M,283,W,A
999,M283Y,2.107300030664297,MA283Y,A.M.283.Y,M,283,Y,A
1000,T284A,0.5641997751900929,TA284A,A.T.284.A,T,284,A,A
1001,T284C,0.9509318388257582,TA284C,A.T.284.C,T,284,C,A
1002,T284D,0.3155185692027862,TA284D,A.T.284.D,T,284,D,A
1003,T284E,0.4326407505579455,TA284E,A.T.284.E,T,284,E,A
1004,T284F,0.6202174243093911,TA284F,A.T.284.F,T,284,F,A
1005,T284G,0.6731983527283963,TA284G,A.T.284.G,T,284,G,A
1006,T284H,0.2974322094453768,TA284H,A.T.284.H,T,284,H,A
1007,T284I,0.6532237735691732,TA284I,A.T.284.I,T,284,I,A
1008,T284K,0.5394160408286072,TA284K,A.T.284.K,T,284,K,A
1009,T284L,0.3046407326343459,TA284L,A.T.284.L,T,284,L,A
1010,T284M,0.5836235030618261,TA284M,A.T.284.M,T,284,M,A
1011,T284N,0.3604429282933424,TA284N,A.T.284.N,T,284,N,A
1012,T284P,2.294508560962796,TA284P,A.T.284.P,T,284,P,A
1013,T284Q,0.5912621550711239,TA284Q,A.T.284.Q,T,284,Q,A
1014,T284R,0.4593843685444893,TA284R,A.T.284.R,T,284,R,A
1015,T284S,0.3728605323263639,TA284S,A.T.284.S,T,284,S,A
1016,T284T,0.5104380641525549,TA284T,A.T.284.T,T,284,T,A
1017,T284V,0.7055107098139046,TA284V,A.T.284.V,T,284,V,A
1018,T284W,0.2737743212175958,TA284W,A.T.284.W,T,284,W,A
1019,T284Y,0.6115769545785144,TA284Y,A.T.284.Y,T,284,Y,A
1020,L285A,2.007162118827861,LA285A,A.L.285.A,L,285,A,A
1021,L285C,2.4884539024038443,LA285C,A.L.285.C,L,285,C,A
1022,L285D,2.376143635485132,LA285D,A.L.285.D,L,285,D,A
1023,L285E,2.05017627913659,LA285E,A.L.285.E,L,285,E,A
1024,L285F,0.8240197553963102,LA285F,A.L.285.F,L,285,F,A
1025,L285G,2.975464147080324,LA285G,A.L.285.G,L,285,G,A
1026,L285H,1.4843868629670929,LA285H,A.L.285.H,L,285,H,A
1027,L285I,0.9178578226702616,LA285I,A.L.285.I,L,285,I,A
1028,L285K,1.852655912995612,LA285K,A.L.285.K,L,285,K,A
1029,L285L,0.5029471762613746,LA285L,A.L.285.L,L,285,L,A
1030,L285M,0.9729225714743406,LA285M,A.L.285.M,L,285,M,A
1031,L285N,2.153262577040453,LA285N,A.L.285.N,L,285,N,A
1032,L285P,2.7209193518135675,LA285P,A.L.285.P,L,285,P,A
1033,L285Q,1.8211442480189948,LA285Q,A.L.285.Q,L,285,Q,A
1034,L285R,1.461624402948591,LA285R,A.L.285.R,L,285,R,A
1035,L285S,2.3762011459210624,LA285S,A.L.285.S,L,285,S,A
1036,L285T,1.8888137799868356,LA285T,A.L.285.T,L,285,T,A
1037,L285V,1.2161185737691826,LA285V,A.L.285.V,L,285,V,A
1038,L285W,0.5826313999630134,LA285W,A.L.285.W,L,285,W,A
1039,L285Y,1.1835564920250397,LA285Y,A.L.285.Y,L,285,Y,A
1040,E286A,0.5525768492607244,EA286A,A.E.286.A,E,286,A,A
1041,E286C,1.2275237849392542,EA286C,A.E.286.C,E,286,C,A
1042,E286D,0.2730203442532913,EA286D,A.E.286.D,E,286,D,A
1043,E286E,0.1968021093007277,EA286E,A.E.286.E,E,286,E,A
1044,E286F,0.1023394293049551,EA286F,A.E.286.F,E,286,F,A
1045,E286G,1.1967485951563206,EA286G,A.E.286.G,E,286,G,A
1046,E286H,0.2358094032747054,EA286H,A.E.286.H,E,286,H,A
1047,E286I,0.0770077945333835,EA286I,A.E.286.I,E,286,I,A
1048,E286K,0.4109234044910265,EA286K,A.E.286.K,E,286,K,A
1049,E286L,-0.0605340136822701,EA286L,A.E.286.L,E,286,L,A
1050,E286M,0.3061317009733683,EA286M,A.E.286.M,E,286,M,A
1051,E286N,0.524164083639328,EA286N,A.E.286.N,E,286,N,A
1052,E286P,1.8515327020581989,EA286P,A.E.286.P,E,286,P,A
1053,E286Q,0.5051582010119073,EA286Q,A.E.286.Q,E,286,Q,A
1054,E286R,0.22672640691205,EA286R,A.E.286.R,E,286,R,A
1055,E286S,0.5906572177617477,EA286S,A.E.286.S,E,286,S,A
1056,E286T,0.5519950783525629,EA286T,A.E.286.T,E,286,T,A
1057,E286V,0.3115283295570764,EA286V,A.E.286.V,E,286,V,A
1058,E286W,-0.4345362771631933,EA286W,A.E.286.W,E,286,W,A
1059,E286Y,0.1206209332081992,EA286Y,A.E.286.Y,E,286,Y,A
1060,E287A,0.4412397618845698,EA287A,A.E.287.A,E,287,A,A
1061,E287C,1.160888967418029,EA287C,A.E.287.C,E,287,C,A
1062,E287D,0.515394258704438,EA287D,A.E.287.D,E,287,D,A
1063,E287E,0.2760229158297295,EA287E,A.E.287.E,E,287,E,A
1064,E287F,0.0419526216416837,EA287F,A.E.287.F,E,287,F,A
1065,E287G,1.257174881749778,EA287G,A.E.287.G,E,287,G,A
1066,E287H,0.1964743228375481,EA287H,A.E.287.H,E,287,H,A
1067,E287I,-0.093696854335627,EA287I,A.E.287.I,E,287,I,A
1068,E287K,0.3844898434882055,EA287K,A.E.287.K,E,287,K,A
1069,E287L,-0.1873463871507152,EA287L,A.E.287.L,E,287,L,A
1070,E287M,0.1359994605448394,EA287M,A.E.287.M,E,287,M,A
1071,E287N,0.6836934127511443,EA287N,A.E.287.N,E,287,N,A
1072,E287P,5.89575111453614,EA287P,A.E.287.P,E,287,P,A
1073,E287Q,0.4945230743239204,EA287Q,A.E.287.Q,E,287,Q,A
1074,E287R,0.2075623174014962,EA287R,A.E.287.R,E,287,R,A
1075,E287S,0.7954166810786889,EA287S,A.E.287.S,E,287,S,A
1076,E287T,0.4836168593368112,EA287T,A.E.287.T,E,287,T,A
1077,E287V,0.062931541507491,EA287V,A.E.287.V,E,287,V,A
1078,E287W,-0.3388685712129713,EA287W,A.E.287.W,E,287,W,A
1079,E287Y,0.1534452257867963,EA287Y,A.E.287.Y,E,287,Y,A
1080,G288A,-0.4769860524748548,GA288A,A.G.288.A,G,288,A,A
1081,G288C,0.6494387890961506,GA288C,A.G.288.C,G,288,C,A
1082,G288D,2.734829888488377,GA288D,A.G.288.D,G,288,D,A
1083,G288E,2.2976254636275586,GA288E,A.G.288.E,G,288,E,A
1084,G288F,0.790300468925463,GA288F,A.G.288.F,G,288,F,A
1085,G288G,1.5530204170807422,GA288G,A.G.288.G,G,288,G,A
1086,G288H,1.3663070233564707,GA288H,A.G.288.H,G,288,H,A
1087,G288I,0.5829684661000031,GA288I,A.G.288.I,G,288,I,A
1088,G288K,2.0235914780206152,GA288K,A.G.288.K,G,288,K,A
1089,G288L,-0.1286320314810979,GA288L,A.G.288.L,G,288,L,A
1090,G288M,0.1149365925600837,GA288M,A.G.288.M,G,288,M,A
1091,G288N,1.1174475265256627,GA288N,A.G.288.N,G,288,N,A
1092,G288P,7.186765022157642,GA288P,A.G.288.P,G,288,P,A
1093,G288Q,1.0259016343662837,GA288Q,A.G.288.Q,G,288,Q,A
1094,G288R,1.190895985250965,GA288R,A.G.288.R,G,288,R,A
1095,G288S,1.0198054551350937,GA288S,A.G.288.S,G,288,S,A
1096,G288T,0.9016152684424008,GA288T,A.G.288.T,G,288,T,A
1097,G288V,0.2085859034027232,GA288V,A.G.288.V,G,288,V,A
1098,G288W,1.890286911804092,GA288W,A.G.288.W,G,288,W,A
1099,G288Y,1.8232170293165584,GA288Y,A.G.288.Y,G,288,Y,A
1100,L289A,2.823437293611486,LA289A,A.L.289.A,L,289,A,A
1101,L289C,3.0128925132350424,LA289C,A.L.289.C,L,289,C,A
1102,L289D,3.587818321332694,LA289D,A.L.289.D,L,289,D,A
1103,L289E,3.1584571391860736,LA289E,A.L.289.E,L,289,E,A
1104,L289F,1.4381704229961572,LA289F,A.L.289.F,L,289,F,A
1105,L289G,4.270442662389615,LA289G,A.L.289.G,L,289,G,A
1106,L289H,2.4457868877900304,LA289H,A.L.289.H,L,289,H,A
1107,L289I,1.2046738805198105,LA289I,A.L.289.I,L,289,I,A
1108,L289K,3.344585499355167,LA289K,A.L.289.K,L,289,K,A
1109,L289L,0.9985128514665832,LA289L,A.L.289.L,L,289,L,A
1110,L289M,1.4731199725542172,LA289M,A.L.289.M,L,289,M,A
1111,L289N,2.748103811506711,LA289N,A.L.289.N,L,289,N,A
1112,L289P,6.847721415650308,LA289P,A.L.289.P,L,289,P,A
1113,L289Q,2.6411435980720377,LA289Q,A.L.289.Q,L,289,Q,A
1114,L289R,2.667048933787384,LA289R,A.L.289.R,L,289,R,A
1115,L289S,3.4793981179200437,LA289S,A.L.289.S,L,289,S,A
1116,L289T,2.8387388761800425,LA289T,A.L.289.T,L,289,T,A
1117,L289V,1.8032601169195444,LA289V,A.L.289.V,L,289,V,A
1118,L289W,1.7582116473361993,LA289W,A.L.289.W,L,289,W,A
1119,L289Y,2.084742262526953,LA289Y,A.L.289.Y,L,289,Y,A
1120,P290A,-0.8300650213268002,PA290A,A.P.290.A,P,290,A,A
1121,P290C,-0.0168137229270337,PA290C,A.P.290.C,P,290,C,A
1122,P290D,-0.9072072275445676,PA290D,A.P.290.D,P,290,D,A
1123,P290E,-1.0604439951757094,PA290E,A.P.290.E,P,290,E,A
1124,P290F,-1.0731810187994744,PA290F,A.P.290.F,P,290,F,A
1125,P290G,-0.0494226108331463,PA290G,A.P.290.G,P,290,G,A
1126,P290H,-1.2897039904831864,PA290H,A.P.290.H,P,290,H,A
1127,P290I,-1.1076349682883224,PA290I,A.P.290.I,P,290,I,A
1128,P290K,-0.9018996034615668,PA290K,A.P.290.K,P,290,K,A
1129,P290L,-1.3857563578803815,PA290L,A.P.290.L,P,290,L,A
1130,P290M,-1.038109647993644,PA290M,A.P.290.M,P,290,M,A
1131,P290N,-0.8713941866751401,PA290N,A.P.290.N,P,290,N,A
1132,P290P,-0.2459761514604436,PA290P,A.P.290.P,P,290,P,A
1133,P290Q,-0.8033956632657607,PA290Q,A.P.290.Q,P,290,Q,A
1134,P290R,-1.1188913537134648,PA290R,A.P.290.R,P,290,R,A
1135,P290S,-0.7113660592085919,PA290S,A.P.290.S,P,290,S,A
1136,P290T,-0.8254522321325269,PA290T,A.P.290.T,P,290,T,A
1137,P290V,-1.0272652132256466,PA290V,A.P.290.V,P,290,V,A
1138,P290W,-1.67390626670612,PA290W,A.P.290.W,P,290,W,A
1139,P290Y,-1.041291258484897,PA290Y,A.P.290.Y,P,290,Y,A
1140,L291A,1.059460211753193,LA291A,A.L.291.A,L,291,A,A
1141,L291C,1.650460813313958,LA291C,A.L.291.C,L,291,C,A
1142,L291D,1.4294761824960962,LA291D,A.L.291.D,L,291,D,A
1143,L291E,0.8828399885013479,LA291E,A.L.291.E,L,291,E,A
1144,L291F,0.4630947903002685,LA291F,A.L.291.F,L,291,F,A
1145,L291G,1.949301184548266,LA291G,A.L.291.G,L,291,G,A
1146,L291H,0.7786493871183161,LA291H,A.L.291.H,L,291,H,A
1147,L291I,0.3306508869854641,LA291I,A.L.291.I,L,291,I,A
1148,L291K,0.7152261802908999,LA291K,A.L.291.K,L,291,K,A
1149,L291L,0.1463546971838747,LA291L,A.L.291.L,L,291,L,A
1150,L291M,0.4977437869626683,LA291M,A.L.291.M,L,291,M,A
1151,L291N,1.3123418167038452,LA291N,A.L.291.N,L,291,N,A
1152,L291P,7.062555543164939,LA291P,A.L.291.P,L,291,P,A
1153,L291Q,0.9724430465140712,LA291Q,A.L.291.Q,L,291,Q,A
1154,L291R,0.4504544295201335,LA291R,A.L.291.R,L,291,R,A
1155,L291S,1.6138690779425229,LA291S,A.L.291.S,L,291,S,A
1156,L291T,1.0666589168351737,LA291T,A.L.291.T,L,291,T,A
1157,L291V,0.5543353005901394,LA291V,A.L.291.V,L,291,V,A
1158,L291W,0.1025181145830089,LA291W,A.L.291.W,L,291,W,A
1159,L291Y,0.6621865160554852,LA291Y,A.L.291.Y,L,291,Y,A
1160,A292A,0.7802407492992203,AA292A,A.A.292.A,A,292,A,A
1161,A292C,1.436477130531795,AA292C,A.A.292.C,A,292,C,A
1162,A292D,3.823261602041105,AA292D,A.A.292.D,A,292,D,A
1163,A292E,4.590362243097302,AA292E,A.A.292.E,A,292,E,A
1164,A292F,4.459636057577535,AA292F,A.A.292.F,A,292,F,A
1165,A292G,2.372535283364384,AA292G,A.A.292.G,A,292,G,A
1166,A292H,5.034724667190256,AA292H,A.A.292.H,A,292,H,A
1167,A292I,2.667438381814571,AA292I,A.A.292.I,A,292,I,A
1168,A292K,7.301687473285195,AA292K,A.A.292.K,A,292,K,A
1169,A292L,2.7318614950775952,AA292L,A.A.292.L,A,292,L,A
1170,A292M,3.1324653511482348,AA292M,A.A.292.M,A,292,M,A
1171,A292N,2.325684448669808,AA292N,A.A.292.N,A,292,N,A
1172,A292P,8.38655737715935,AA292P,A.A.292.P,A,292,P,A
1173,A292Q,3.495956067334164,AA292Q,A.A.292.Q,A,292,Q,A
1174,A292R,6.157810994957056,AA292R,A.A.292.R,A,292,R,A
1175,A292S,1.7228815809997389,AA292S,A.A.292.S,A,292,S,A
1176,A292T,1.605863285552931,AA292T,A.A.292.T,A,292,T,A
1177,A292V,1.1387396003491306,AA292V,A.A.292.V,A,292,V,A
1178,A292W,6.430174461822396,AA292W,A.A.292.W,A,292,W,A
1179,A292Y,5.957983040828778,AA292Y,A.A.292.Y,A,292,Y,A
1180,V293A,2.58456009310796,VA293A,A.V.293.A,V,293,A,A
1181,V293C,2.60833716480712,VA293C,A.V.293.C,V,293,C,A
1182,V293D,3.617621067653227,VA293D,A.V.293.D,V,293,D,A
1183,V293E,3.4186846052244326,VA293E,A.V.293.E,V,293,E,A
1184,V293F,0.9274224530799212,VA293F,A.V.293.F,V,293,F,A
1185,V293G,4.378260231219456,VA293G,A.V.293.G,V,293,G,A
1186,V293H,2.0514492276194884,VA293H,A.V.293.H,V,293,H,A
1187,V293I,0.1707608539713301,VA293I,A.V.293.I,V,293,I,A
1188,V293K,3.865675186830861,VA293K,A.V.293.K,V,293,K,A
1189,V293L,0.1331143487730635,VA293L,A.V.293.L,V,293,L,A
1190,V293M,1.0665868434768448,VA293M,A.V.293.M,V,293,M,A
1191,V293N,2.315841609497609,VA293N,A.V.293.N,V,293,N,A
1192,V293P,7.0709865615523615,VA293P,A.V.293.P,V,293,P,A
1193,V293Q,2.525363863165114,VA293Q,A.V.293.Q,V,293,Q,A
1194,V293R,2.809904947975441,VA293R,A.V.293.R,V,293,R,A
1195,V293S,3.4885931207407586,VA293S,A.V.293.S,V,293,S,A
1196,V293T,2.2530902892141444,VA293T,A.V.293.T,V,293,T,A
1197,V293V,0.5982281912562334,VA293V,A.V.293.V,V,293,V,A
1198,V293W,1.5089082408051764,VA293W,A.V.293.W,V,293,W,A
1199,V293Y,1.671635411073064,VA293Y,A.V.293.Y,V,293,Y,A
1200,Q294A,-0.1199662387057209,QA294A,A.Q.294.A,Q,294,A,A
1201,Q294C,0.6951982540235943,QA294C,A.Q.294.C,Q,294,C,A
1202,Q294D,0.2077319606364175,QA294D,A.Q.294.D,Q,294,D,A
1203,Q294E,-0.1237595884379555,QA294E,A.Q.294.E,Q,294,E,A
1204,Q294F,-0.415067421025444,QA294F,A.Q.294.F,Q,294,F,A
1205,Q294G,0.7214855710051401,QA294G,A.Q.294.G,Q,294,G,A
1206,Q294H,-0.3123237404396195,QA294H,A.Q.294.H,Q,294,H,A
1207,Q294I,-0.6484458812690719,QA294I,A.Q.294.I,Q,294,I,A
1208,Q294K,-0.304490663918755,QA294K,A.Q.294.K,Q,294,K,A
1209,Q294L,-0.794503208153598,QA294L,A.Q.294.L,Q,294,L,A
1210,Q294M,-0.4367521823760661,QA294M,A.Q.294.M,Q,294,M,A
1211,Q294N,0.0318367478706715,QA294N,A.Q.294.N,Q,294,N,A
1212,Q294P,6.335999839203463,QA294P,A.Q.294.P,Q,294,P,A
1213,Q294Q,-0.0220766257392901,QA294Q,A.Q.294.Q,Q,294,Q,A
1214,Q294R,-0.5578133045635464,QA294R,A.Q.294.R,Q,294,R,A
1215,Q294S,0.2360247365665124,QA294S,A.Q.294.S,Q,294,S,A
1216,Q294T,-0.0290822213096475,QA294T,A.Q.294.T,Q,294,T,A
1217,Q294V,-0.3427850365613921,QA294V,A.Q.294.V,Q,294,V,A
1218,Q294W,-0.8840809179777093,QA294W,A.Q.294.W,Q,294,W,A
1219,Q294Y,-0.2869505205644757,QA294Y,A.Q.294.Y,Q,294,Y,A
1220,E295A,0.3386555214168002,EA295A,A.E.295.A,E,295,A,A
1221,E295C,1.1352585277071072,EA295C,A.E.295.C,E,295,C,A
1222,E295D,0.9503352115827836,EA295D,A.E.295.D,E,295,D,A
1223,E295E,0.4920059941838051,EA295E,A.E.295.E,E,295,E,A
1224,E295F,-0.1269323744787587,EA295F,A.E.295.F,E,295,F,A
1225,E295G,1.450510397504348,EA295G,A.E.295.G,E,295,G,A
1226,E295H,0.2423985680232943,EA295H,A.E.295.H,E,295,H,A
1227,E295I,-0.2639300718113119,EA295I,A.E.295.I,E,295,I,A
1228,E295K,0.4044855119410973,EA295K,A.E.295.K,E,295,K,A
1229,E295L,-0.5485846202092309,EA295L,A.E.295.L,E,295,L,A
1230,E295M,-0.0617429234471605,EA295M,A.E.295.M,E,295,M,A
1231,E295N,0.7895358856689283,EA295N,A.E.295.N,E,295,N,A
1232,E295P,7.654554500535917,EA295P,A.E.295.P,E,295,P,A
1233,E295Q,0.4868854961068219,EA295Q,A.E.295.Q,E,295,Q,A
1234,E295R,0.0728847883006611,EA295R,A.E.295.R,E,295,R,A
1235,E295S,1.0671775465597235,EA295S,A.E.295.S,E,295,S,A
1236,E295T,0.5716706624715306,EA295T,A.E.295.T,E,295,T,A
1237,E295V,-0.0118668690800882,EA295V,A.E.295.V,E,295,V,A
1238,E295W,-0.6064599334141008,EA295W,A.E.295.W,E,295,W,A
1239,E295Y,-0.075864135455812,EA295Y,A.E.295.Y,E,295,Y,A
1240,W296A,4.940201487489688,WA296A,A.W.296.A,W,296,A,A
1241,W296C,5.355454731350042,WA296C,A.W.296.C,W,296,C,A
1242,W296D,5.910661025127197,WA296D,A.W.296.D,W,296,D,A
1243,W296E,5.481702927686758,WA296E,A.W.296.E,W,296,E,A
1244,W296F,1.619057927829141,WA296F,A.W.296.F,W,296,F,A
1245,W296G,6.190339259238421,WA296G,A.W.296.G,W,296,G,A
1246,W296H,3.881389118695918,WA296H,A.W.296.H,W,296,H,A
1247,W296I,4.499896889387501,WA296I,A.W.296.I,W,296,I,A
1248,W296K,5.532883185576669,WA296K,A.W.296.K,W,296,K,A
1249,W296L,3.5420228713519184,WA296L,A.W.296.L,W,296,L,A
1250,W296M,3.802034309930927,WA296M,A.W.296.M,W,296,M,A
1251,W296N,5.014781340604597,WA296N,A.W.296.N,W,296,N,A
1252,W296P,9.691456749368514,WA296P,A.W.296.P,W,296,P,A
1253,W296Q,4.932130089355278,WA296Q,A.W.296.Q,W,296,Q,A
1254,W296R,4.778885369856165,WA296R,A.W.296.R,W,296,R,A
1255,W296S,5.891027458030731,WA296S,A.W.296.S,W,296,S,A
1256,W296T,5.342704932401126,WA296T,A.W.296.T,W,296,T,A
1257,W296V,4.598970250100945,WA296V,A.W.296.V,W,296,V,A
1258,W296W,2.252190417531706,WA296W,A.W.296.W,W,296,W,A
1259,W296Y,2.061477837839637,WA296Y,A.W.296.Y,W,296,Y,A
1260,E297A,-0.0324761823736047,EA297A,A.E.297.A,E,297,A,A
1261,E297C,0.6728008568199362,EA297C,A.E.297.C,E,297,C,A
1262,E297D,0.1646427648631376,EA297D,A.E.297.D,E,297,D,A
1263,E297E,-0.13462654186702,EA297E,A.E.297.E,E,297,E,A
1264,E297F,-0.6598297514775242,EA297F,A.E.297.F,E,297,F,A
1265,E297G,0.8362081018174883,EA297G,A.E.297.G,E,297,G,A
1266,E297H,-0.4281650803411785,EA297H,A.E.297.H,E,297,H,A
1267,E297I,-0.5970615379206168,EA297I,A.E.297.I,E,297,I,A
1268,E297K,-0.1509158934277216,EA297K,A.E.297.K,E,297,K,A
1269,E297L,-0.7855707238031917,EA297L,A.E.297.L,E,297,L,A
1270,E297M,-0.4363598175852051,EA297M,A.E.297.M,E,297,M,A
1271,E297N,-0.1162602705456083,EA297N,A.E.297.N,E,297,N,A
1272,E297P,5.38862172615493,EA297P,A.E.297.P,E,297,P,A
1273,E297Q,-0.0152423411416829,EA297Q,A.E.297.Q,E,297,Q,A
1274,E297R,-0.4900987528214306,EA297R,A.E.297.R,E,297,R,A
1275,E297S,0.278767111296101,EA297S,A.E.297.S,E,297,S,A
1276,E297T,-0.0439817257613639,EA297T,A.E.297.T,E,297,T,A
1277,E297V,-0.3436845255121096,EA297V,A.E.297.V,E,297,V,A
1278,E297W,-1.125922552816388,EA297W,A.E.297.W,E,297,W,A
1279,E297Y,-0.5562327295626823,EA297Y,A.E.297.Y,E,297,Y,A
1280,H298A,0.6331569017612401,HA298A,A.H.298.A,H,298,A,A
1281,H298C,1.280782932633398,HA298C,A.H.298.C,H,298,C,A
1282,H298D,0.9495029996868772,HA298D,A.H.298.D,H,298,D,A
1283,H298E,0.813894756478562,HA298E,A.H.298.E,H,298,E,A
1284,H298F,0.2136754166686189,HA298F,A.H.298.F,H,298,F,A
1285,H298G,1.433198485106254,HA298G,A.H.298.G,H,298,G,A
1286,H298H,0.3491049226936726,HA298H,A.H.298.H,H,298,H,A
1287,H298I,0.1406355604528475,HA298I,A.H.298.I,H,298,I,A
1288,H298K,0.4580894461137036,HA298K,A.H.298.K,H,298,K,A
1289,H298L,-0.1461381614832385,HA298L,A.H.298.L,H,298,L,A
1290,H298M,0.2352155933594424,HA298M,A.H.298.M,H,298,M,A
1291,H298N,0.6035494919737638,HA298N,A.H.298.N,H,298,N,A
1292,H298P,5.329615201243755,HA298P,A.H.298.P,H,298,P,A
1293,H298Q,0.7275632312515925,HA298Q,A.H.298.Q,H,298,Q,A
1294,H298R,-0.0276990017445261,HA298R,A.H.298.R,H,298,R,A
1295,H298S,0.9661849908419748,HA298S,A.H.298.S,H,298,S,A
1296,H298T,0.692225508802278,HA298T,A.H.298.T,H,298,T,A
1297,H298V,0.302213187197613,HA298V,A.H.298.V,H,298,V,A
1298,H298W,-0.2633518718485095,HA298W,A.H.298.W,H,298,W,A
1299,H298Y,0.3314147409952672,HA298Y,A.H.298.Y,H,298,Y,A
1300,T299A,0.5098071575561741,TA299A,A.T.299.A,T,299,A,A
1301,T299C,0.6113099408956557,TA299C,A.T.299.C,T,299,C,A
1302,T299D,1.9761034428761548,TA299D,A.T.299.D,T,299,D,A
1303,T299E,1.5000269068151857,TA299E,A.T.299.E,T,299,E,A
1304,T299F,-0.719367273771987,TA299F,A.T.299.F,T,299,F,A
1305,T299G,2.501480181984895,TA299G,A.T.299.G,T,299,G,A
1306,T299H,0.099346483786652,TA299H,A.T.299.H,T,299,H,A
1307,T299I,-0.6588046347736759,TA299I,A.T.299.I,T,299,I,A
1308,T299K,1.3759114482669532,TA299K,A.T.299.K,T,299,K,A
1309,T299L,-1.1165860696878287,TA299L,A.T.299.L,T,299,L,A
1310,T299M,-0.4521485958659432,TA299M,A.T.299.M,T,299,M,A
1311,T299N,0.6300363129786781,TA299N,A.T.299.N,T,299,N,A
1312,T299P,5.958885506776813,TA299P,A.T.299.P,T,299,P,A
1313,T299Q,0.4518907722030868,TA299Q,A.T.299.Q,T,299,Q,A
1314,T299R,0.4032253096785054,TA299R,A.T.299.R,T,299,R,A
1315,T299S,1.363043801420638,TA299S,A.T.299.S,T,299,S,A
1316,T299T,0.4027382795302681,TA299T,A.T.299.T,T,299,T,A
1317,T299V,-0.9589994747021624,TA299V,A.T.299.V,T,299,V,A
1318,T299W,-0.2540049543788042,TA299W,A.T.299.W,T,299,W,A
1319,T299Y,-0.1731067001936387,TA299Y,A.T.299.Y,T,299,Y,A
1320,S300A,0.6437122872868029,SA300A,A.S.300.A,S,300,A,A
1321,S300C,1.179115397909531,SA300C,A.S.300.C,S,300,C,A
1322,S300D,0.2172649190579967,SA300D,A.S.300.D,S,300,D,A
1323,S300E,0.3158914391638029,SA300E,A.S.300.E,S,300,E,A
1324,S300F,0.5497702699416548,SA300F,A.S.300.F,S,300,F,A
1325,S300G,0.7973518123276659,SA300G,A.S.300.G,S,300,G,A
1326,S300H,0.2027214166665369,SA300H,A.S.300.H,S,300,H,A
1327,S300I,0.6705773857034977,SA300I,A.S.300.I,S,300,I,A
1328,S300K,0.3853267058205611,SA300K,A.S.300.K,S,300,K,A
1329,S300L,0.209132597791129,SA300L,A.S.300.L,S,300,L,A
1330,S300M,0.4859995655828042,SA300M,A.S.300.M,S,300,M,A
1331,S300N,0.2587315865822576,SA300N,A.S.300.N,S,300,N,A
1332,S300P,1.6399646600925302,SA300P,A.S.300.P,S,300,P,A
1333,S300Q,0.5201522638124167,SA300Q,A.S.300.Q,S,300,Q,A
1334,S300R,0.2857713010636231,SA300R,A.S.300.R,S,300,R,A
1335,S300S,0.4160493327965453,SA300S,A.S.300.S,S,300,S,A
1336,S300T,0.6264803060798432,SA300T,A.S.300.T,S,300,T,A
1337,S300V,0.7021576217076825,SA300V,A.S.300.V,S,300,V,A
1338,S300W,0.257235271151176,SA300W,A.S.300.W,S,300,W,A
1339,S300Y,0.589408372138322,SA300Y,A.S.300.Y,S,300,Y,A
1340,N301A,-0.0812812437372395,NA301A,A.N.301.A,N,301,A,A
1341,N301C,0.7931879388373771,NA301C,A.N.301.C,N,301,C,A
1342,N301D,-0.1991523413907098,NA301D,A.N.301.D,N,301,D,A
1343,N301E,-0.2645529882350589,NA301E,A.N.301.E,N,301,E,A
1344,N301F,-0.2941813843892854,NA301F,A.N.301.F,N,301,F,A
1345,N301G,0.5680074029429572,NA301G,A.N.301.G,N,301,G,A
1346,N301H,-0.3278441212330463,NA301H,A.N.301.H,N,301,H,A
1347,N301I,-0.2137739735190452,NA301I,A.N.301.I,N,301,I,A
1348,N301K,-0.2517016291589552,NA301K,A.N.301.K,N,301,K,A
1349,N301L,-0.5637475810958814,NA301L,A.N.301.L,N,301,L,A
1350,N301M,-0.2574856132669395,NA301M,A.N.301.M,N,301,M,A
1351,N301N,-0.045769753363325,NA301N,A.N.301.N,N,301,N,A
1352,N301P,0.4463578050188865,NA301P,A.N.301.P,N,301,P,A
1353,N301Q,-0.0264090722720905,NA301Q,A.N.301.Q,N,301,Q,A
1354,N301R,-0.4150837533039853,NA301R,A.N.301.R,N,301,R,A
1355,N301S,-0.0044063631253288,NA301S,A.N.301.S,N,301,S,A
1356,N301T,-0.0589287808319238,NA301T,A.N.301.T,N,301,T,A
1357,N301V,-0.1044077080450511,NA301V,A.N.301.V,N,301,V,A
1358,N301W,-0.8603832520471538,NA301W,A.N.301.W,N,301,W,A
1359,N301Y,-0.2695835527917933,NA301Y,A.N.301.Y,N,301,Y,A
1360,F302A,0.5346582296257196,FA302A,A.F.302.A,F,302,A,A
1361,F302C,1.3097274141801911,FA302C,A.F.302.C,F,302,C,A
1362,F302D,0.422053974996654,FA302D,A.F.302.D,F,302,D,A
1363,F302E,0.2758619113898075,FA302E,A.F.302.E,F,302,E,A
1364,F302F,0.3048928632766828,FA302F,A.F.302.F,F,302,F,A
1365,F302G,1.13163498399438,FA302G,A.F.302.G,F,302,G,A
1366,F302H,0.2949259365853213,FA302H,A.F.302.H,F,302,H,A
1367,F302I,0.3487282232547695,FA302I,A.F.302.I,F,302,I,A
1368,F302K,0.376557561706442,FA302K,A.F.302.K,F,302,K,A
1369,F302L,0.1568775034535752,FA302L,A.F.302.L,F,302,L,A
1370,F302M,0.4898974058168759,FA302M,A.F.302.M,F,302,M,A
1371,F302N,0.509228383779712,FA302N,A.F.302.N,F,302,N,A
1372,F302P,2.772924659232271,FA302P,A.F.302.P,F,302,P,A
1373,F302Q,0.5747427765563509,FA302Q,A.F.302.Q,F,302,Q,A
1374,F302R,0.3395377301610791,FA302R,A.F.302.R,F,302,R,A
1375,F302S,0.6564237862528322,FA302S,A.F.302.S,F,302,S,A
1376,F302T,0.5416645992306676,FA302T,A.F.302.T,F,302,T,A
1377,F302V,0.5171847115840006,FA302V,A.F.302.V,F,302,V,A
1378,F302W,-0.0053249587093051,FA302W,A.F.302.W,F,302,W,A
1379,F302Y,0.4120134053069091,FA302Y,A.F.302.Y,F,302,Y,A
1380,D303A,-0.0458571003291047,DA303A,A.D.303.A,D,303,A,A
1381,D303C,0.7709626137476105,DA303C,A.D.303.C,D,303,C,A
1382,D303D,-0.134817840766997,DA303D,A.D.303.D,D,303,D,A
1383,D303E,-0.3302239306049859,DA303E,A.D.303.E,D,303,E,A
1384,D303F,-0.3598437458364234,DA303F,A.D.303.F,D,303,F,A
1385,D303G,0.7930389187728232,DA303G,A.D.303.G,D,303,G,A
1386,D303H,-0.3311043231547533,DA303H,A.D.303.H,D,303,H,A
1387,D303I,-0.2946538974364737,DA303I,A.D.303.I,D,303,I,A
1388,D303K,-0.0982845525573888,DA303K,A.D.303.K,D,303,K,A
1389,D303L,-0.5645244617969464,DA303L,A.D.303.L,D,303,L,A
1390,D303M,-0.1969991491169742,DA303M,A.D.303.M,D,303,M,A
1391,D303N,-0.0682043397719139,DA303N,A.D.303.N,D,303,N,A
1392,D303P,2.482510214498644,DA303P,A.D.303.P,D,303,P,A
1393,D303Q,0.0312587112211093,DA303Q,A.D.303.Q,D,303,Q,A
1394,D303R,-0.2277028869651814,DA303R,A.D.303.R,D,303,R,A
1395,D303S,0.2118984202217855,DA303S,A.D.303.S,D,303,S,A
1396,D303T,0.0933580455803678,DA303T,A.D.303.T,D,303,T,A
1397,D303V,-0.1844179022318098,DA303V,A.D.303.V,D,303,V,A
1398,D303W,-0.7716554175365664,DA303W,A.D.303.W,D,303,W,A
1399,D303Y,-0.3033001775123051,DA303Y,A.D.303.Y,D,303,Y,A
1400,R304A,1.7563709508710057,RA304A,A.R.304.A,R,304,A,A
1401,R304C,2.363140519501861,RA304C,A.R.304.C,R,304,C,A
1402,R304D,3.255487358964871,RA304D,A.R.304.D,R,304,D,A
1403,R304E,2.571287965926389,RA304E,A.R.304.E,R,304,E,A
1404,R304F,1.686032588714941,RA304F,A.R.304.F,R,304,F,A
1405,R304G,3.3442710877203523,RA304G,A.R.304.G,R,304,G,A
1406,R304H,1.9523753438332905,RA304H,A.R.304.H,R,304,H,A
1407,R304I,1.4079935413408906,RA304I,A.R.304.I,R,304,I,A
1408,R304K,1.9168688851875877,RA304K,A.R.304.K,R,304,K,A
1409,R304L,0.7735715914270227,RA304L,A.R.304.L,R,304,L,A
1410,R304M,1.3202835763679577,RA304M,A.R.304.M,R,304,M,A
1411,R304N,2.2118440427812893,RA304N,A.R.304.N,R,304,N,A
1412,R304P,6.674421244569544,RA304P,A.R.304.P,R,304,P,A
1413,R304Q,1.865837703866712,RA304Q,A.R.304.Q,R,304,Q,A
1414,R304R,1.4252797168874,RA304R,A.R.304.R,R,304,R,A
1415,R304S,2.843281167771743,RA304S,A.R.304.S,R,304,S,A
1416,R304T,2.271230528977846,RA304T,A.R.304.T,R,304,T,A
1417,R304V,1.345545979756241,RA304V,A.R.304.V,R,304,V,A
1418,R304W,1.5658479621810442,RA304W,A.R.304.W,R,304,W,A
1419,R304Y,1.904515270251858,RA304Y,A.R.304.Y,R,304,Y,A
1420,M305A,0.7161502735195854,MA305A,A.M.305.A,M,305,A,A
1421,M305C,1.44776095531603,MA305C,A.M.305.C,M,305,C,A
1422,M305D,0.9192817612588996,MA305D,A.M.305.D,M,305,D,A
1423,M305E,0.5875480059733204,MA305E,A.M.305.E,M,305,E,A
1424,M305F,0.3143801657647532,MA305F,A.M.305.F,M,305,F,A
1425,M305G,1.4448585075081066,MA305G,A.M.305.G,M,305,G,A
1426,M305H,0.3344479012876722,MA305H,A.M.305.H,M,305,H,A
1427,M305I,0.4457981815014888,MA305I,A.M.305.I,M,305,I,A
1428,M305K,0.4861329203617942,MA305K,A.M.305.K,M,305,K,A
1429,M305L,0.0820494666243415,MA305L,A.M.305.L,M,305,L,A
1430,M305M,0.4350927344674254,MA305M,A.M.305.M,M,305,M,A
1431,M305N,0.8734063245228518,MA305N,A.M.305.N,M,305,N,A
1432,M305P,4.480567466534915,MA305P,A.M.305.P,M,305,P,A
1433,M305Q,0.6646277318518664,MA305Q,A.M.305.Q,M,305,Q,A
1434,M305R,0.3035136618163603,MA305R,A.M.305.R,M,305,R,A
1435,M305S,1.00045793845242,MA305S,A.M.305.S,M,305,S,A
1436,M305T,0.9115547226732008,MA305T,A.M.305.T,M,305,T,A
1437,M305V,0.5728363665634514,MA305V,A.M.305.V,M,305,V,A
1438,M305W,-0.1488471170480837,MA305W,A.M.305.W,M,305,W,A
1439,M305Y,0.3770063186096484,MA305Y,A.M.305.Y,M,305,Y,A
1440,I306A,0.9246138453901656,IA306A,A.I.306.A,I,306,A,A
1441,I306C,1.6776891331387394,IA306C,A.I.306.C,I,306,C,A
1442,I306D,1.2454042075152176,IA306D,A.I.306.D,I,306,D,A
1443,I306E,0.8525492782770158,IA306E,A.I.306.E,I,306,E,A
1444,I306F,0.302622843140799,IA306F,A.I.306.F,I,306,F,A
1445,I306G,1.7825382057317245,IA306G,A.I.306.G,I,306,G,A
1446,I306H,0.4722249448654531,IA306H,A.I.306.H,I,306,H,A
1447,I306I,0.3444390811330317,IA306I,A.I.306.I,I,306,I,A
1448,I306K,0.5983093397841857,IA306K,A.I.306.K,I,306,K,A
1449,I306L,0.1235263816900633,IA306L,A.I.306.L,I,306,L,A
1450,I306M,0.5380291331941162,IA306M,A.I.306.M,I,306,M,A
1451,I306N,1.068663215132797,IA306N,A.I.306.N,I,306,N,A
1452,I306P,5.108295606886942,IA306P,A.I.306.P,I,306,P,A
1453,I306Q,0.9762247721849376,IA306Q,A.I.306.Q,I,306,Q,A
1454,I306R,0.3768558322832283,IA306R,A.I.306.R,I,306,R,A
1455,I306S,1.066141282081435,IA306S,A.I.306.S,I,306,S,A
1456,I306T,0.989734336370028,IA306T,A.I.306.T,I,306,T,A
1457,I306V,0.5457865697237121,IA306V,A.I.306.V,I,306,V,A
1458,I306W,-0.0765611760837331,IA306W,A.I.306.W,I,306,W,A
1459,I306Y,0.283161275400583,IA306Y,A.I.306.Y,I,306,Y,A
1460,F307A,3.839504943072172,FA307A,A.F.307.A,F,307,A,A
1461,F307C,3.9701654928622983,FA307C,A.F.307.C,F,307,C,A
1462,F307D,4.753089861551989,FA307D,A.F.307.D,F,307,D,A
1463,F307E,4.540516981237714,FA307E,A.F.307.E,F,307,E,A
1464,F307F,0.1455460694865951,FA307F,A.F.307.F,F,307,F,A
1465,F307G,5.477289718411858,FA307G,A.F.307.G,F,307,G,A
1466,F307H,2.290253628913759,FA307H,A.F.307.H,F,307,H,A
1467,F307I,3.1149558872426484,FA307I,A.F.307.I,F,307,I,A
1468,F307K,4.738114400386293,FA307K,A.F.307.K,F,307,K,A
1469,F307L,2.2302792806031126,FA307L,A.F.307.L,F,307,L,A
1470,F307M,2.591576478405313,FA307M,A.F.307.M,F,307,M,A
1471,F307N,3.616628584496174,FA307N,A.F.307.N,F,307,N,A
1472,F307P,7.841970754726751,FA307P,A.F.307.P,F,307,P,A
1473,F307Q,3.649093163605031,FA307Q,A.F.307.Q,F,307,Q,A
1474,F307R,3.7576052467308254,FA307R,A.F.307.R,F,307,R,A
1475,F307S,4.505125910375238,FA307S,A.F.307.S,F,307,S,A
1476,F307T,3.8213462844588535,FA307T,A.F.307.T,F,307,T,A
1477,F307V,3.0891744260600795,FA307V,A.F.307.V,F,307,V,A
1478,F307W,0.5791191733820852,FA307W,A.F.307.W,F,307,W,A
1479,F307Y,0.3510359520129014,FA307Y,A.F.307.Y,F,307,Y,A
1480,Y308A,2.3399933820576644,YA308A,A.Y.308.A,Y,308,A,A
1481,Y308C,2.760234027766819,YA308C,A.Y.308.C,Y,308,C,A
1482,Y308D,2.902107726609293,YA308D,A.Y.308.D,Y,308,D,A
1483,Y308E,2.4869005029615567,YA308E,A.Y.308.E,Y,308,E,A
1484,Y308F,0.0996677806504975,YA308F,A.Y.308.F,Y,308,F,A
1485,Y308G,3.4414081025775025,YA308G,A.Y.308.G,Y,308,G,A
1486,Y308H,1.4574818261855655,YA308H,A.Y.308.H,Y,308,H,A
1487,Y308I,1.3141246870770646,YA308I,A.Y.308.I,Y,308,I,A
1488,Y308K,2.145386890269784,YA308K,A.Y.308.K,Y,308,K,A
1489,Y308L,0.8898281295437172,YA308L,A.Y.308.L,Y,308,L,A
1490,Y308M,1.3939831001251282,YA308M,A.Y.308.M,Y,308,M,A
1491,Y308N,2.4804891981206265,YA308N,A.Y.308.N,Y,308,N,A
1492,Y308P,6.378568652798756,YA308P,A.Y.308.P,Y,308,P,A
1493,Y308Q,2.2354753307516115,YA308Q,A.Y.308.Q,Y,308,Q,A
1494,Y308R,1.6182076222012145,YA308R,A.Y.308.R,Y,308,R,A
1495,Y308S,2.9151351030050234,YA308S,A.Y.308.S,Y,308,S,A
1496,Y308T,2.41213635442228,YA308T,A.Y.308.T,Y,308,T,A
1497,Y308V,1.474871175772046,YA308V,A.Y.308.V,Y,308,V,A
1498,Y308W,0.1594028363668004,YA308W,A.Y.308.W,Y,308,W,A
1499,Y308Y,0.3138375681217353,YA308Y,A.Y.308.Y,Y,308,Y,A
1500,E309A,0.0994846830410711,EA309A,A.E.309.A,E,309,A,A
1501,E309C,0.9476553220901603,EA309C,A.E.309.C,E,309,C,A
1502,E309D,0.2907080590048688,EA309D,A.E.309.D,E,309,D,A
1503,E309E,-0.0387436495145837,EA309E,A.E.309.E,E,309,E,A
1504,E309F,-0.1949396881148363,EA309F,A.E.309.F,E,309,F,A
1505,E309G,0.8161130227893565,EA309G,A.E.309.G,E,309,G,A
1506,E309H,-0.1448505486925372,EA309H,A.E.309.H,E,309,H,A
1507,E309I,-0.3343198313430096,EA309I,A.E.309.I,E,309,I,A
1508,E309K,-0.0995771296856751,EA309K,A.E.309.K,E,309,K,A
1509,E309L,-0.523746179523481,EA309L,A.E.309.L,E,309,L,A
1510,E309M,-0.1169972681710218,EA309M,A.E.309.M,E,309,M,A
1511,E309N,0.1878795618425005,EA309N,A.E.309.N,E,309,N,A
1512,E309P,6.843660609588946,EA309P,A.E.309.P,E,309,P,A
1513,E309Q,0.2410389679267427,EA309Q,A.E.309.Q,E,309,Q,A
1514,E309R,-0.3074878308520001,EA309R,A.E.309.R,E,309,R,A
1515,E309S,0.4455497387614548,EA309S,A.E.309.S,E,309,S,A
1516,E309T,0.1919813850606017,EA309T,A.E.309.T,E,309,T,A
1517,E309V,-0.1099833716594578,EA309V,A.E.309.V,E,309,V,A
1518,E309W,-0.7437398151120639,EA309W,A.E.309.W,E,309,W,A
1519,E309Y,-0.1393227265588836,EA309Y,A.E.309.Y,E,309,Y,A
1520,M310A,1.247817113439086,MA310A,A.M.310.A,M,310,A,A
1521,M310C,1.6818766015619595,MA310C,A.M.310.C,M,310,C,A
1522,M310D,1.9653312476638285,MA310D,A.M.310.D,M,310,D,A
1523,M310E,1.3530550701946291,MA310E,A.M.310.E,M,310,E,A
1524,M310F,0.3937049590212155,MA310F,A.M.310.F,M,310,F,A
1525,M310G,2.477907328727782,MA310G,A.M.310.G,M,310,G,A
1526,M310H,0.9252875732072284,MA310H,A.M.310.H,M,310,H,A
1527,M310I,0.1307812242514322,MA310I,A.M.310.I,M,310,I,A
1528,M310K,1.3068159558381742,MA310K,A.M.310.K,M,310,K,A
1529,M310L,-0.0992685552196137,MA310L,A.M.310.L,M,310,L,A
1530,M310M,0.4438861362491181,MA310M,A.M.310.M,M,310,M,A
1531,M310N,1.335959251781072,MA310N,A.M.310.N,M,310,N,A
1532,M310P,4.317608830216991,MA310P,A.M.310.P,M,310,P,A
1533,M310Q,1.2018520031019893,MA310Q,A.M.310.Q,M,310,Q,A
1534,M310R,0.8322835628068553,MA310R,A.M.310.R,M,310,R,A
1535,M310S,1.7062890009175868,MA310S,A.M.310.S,M,310,S,A
1536,M310T,1.0302873038573284,MA310T,A.M.310.T,M,310,T,A
1537,M310V,0.3608141045297675,MA310V,A.M.310.V,M,310,V,A
1538,M310W,0.1764731449449214,MA310W,A.M.310.W,M,310,W,A
1539,M310Y,0.5582494619618708,MA310Y,A.M.310.Y,M,310,Y,A
1540,A311A,1.0034479459039474,AA311A,A.A.311.A,A,311,A,A
1541,A311C,1.7415950429233489,AA311C,A.A.311.C,A,311,C,A
1542,A311D,3.5885259947732244,AA311D,A.A.311.D,A,311,D,A
1543,A311E,3.2983446072467304,AA311E,A.A.311.E,A,311,E,A
1544,A311F,1.314553847238385,AA311F,A.A.311.F,A,311,F,A
1545,A311G,2.3325451009067466,AA311G,A.A.311.G,A,311,G,A
1546,A311H,2.2993381004069366,AA311H,A.A.311.H,A,311,H,A
1547,A311I,2.5218987759144187,AA311I,A.A.311.I,A,311,I,A
1548,A311K,3.3720464996122828,AA311K,A.A.311.K,A,311,K,A
1549,A311L,1.8573695213629573,AA311L,A.A.311.L,A,311,L,A
1550,A311M,1.8594803441586825,AA311M,A.A.311.M,A,311,M,A
1551,A311N,2.358691553143376,AA311N,A.A.311.N,A,311,N,A
1552,A311P,8.711650638787068,AA311P,A.A.311.P,A,311,P,A
1553,A311Q,2.5500912573454806,AA311Q,A.A.311.Q,A,311,Q,A
1554,A311R,2.28960716704071,AA311R,A.A.311.R,A,311,R,A
1555,A311S,1.8512130198645251,AA311S,A.A.311.S,A,311,S,A
1556,A311T,1.857801698295064,AA311T,A.A.311.T,A,311,T,A
1557,A311V,1.6370526364054012,AA311V,A.A.311.V,A,311,V,A
1558,A311W,1.36544177325778,AA311W,A.A.311.W,A,311,W,A
1559,A311Y,1.7460287012267972,AA311Y,A.A.311.Y,A,311,Y,A
1560,E312A,0.1736410552355144,EA312A,A.E.312.A,E,312,A,A
1561,E312C,0.8817412993488599,EA312C,A.E.312.C,E,312,C,A
1562,E312D,0.4456909965364358,EA312D,A.E.312.D,E,312,D,A
1563,E312E,-0.0128690472499454,EA312E,A.E.312.E,E,312,E,A
1564,E312F,-0.3290233788116076,EA312F,A.E.312.F,E,312,F,A
1565,E312G,0.9789823155794138,EA312G,A.E.312.G,E,312,G,A
1566,E312H,-0.2243148896647057,EA312H,A.E.312.H,E,312,H,A
1567,E312I,-0.556366721476117,EA312I,A.E.312.I,E,312,I,A
1568,E312K,-0.0788527502641167,EA312K,A.E.312.K,E,312,K,A
1569,E312L,-0.5784417930039465,EA312L,A.E.312.L,E,312,L,A
1570,E312M,-0.1817426355670443,EA312M,A.E.312.M,E,312,M,A
1571,E312N,0.2102775127824879,EA312N,A.E.312.N,E,312,N,A
1572,E312P,5.4671622811879415,EA312P,A.E.312.P,E,312,P,A
1573,E312Q,0.1558612879425097,EA312Q,A.E.312.Q,E,312,Q,A
1574,E312R,-0.3021138274827428,EA312R,A.E.312.R,E,312,R,A
1575,E312S,0.4391417186874263,EA312S,A.E.312.S,E,312,S,A
1576,E312T,0.1266178595253941,EA312T,A.E.312.T,E,312,T,A
1577,E312V,-0.349801178227388,EA312V,A.E.312.V,E,312,V,A
1578,E312W,-0.7836755223981229,EA312W,A.E.312.W,E,312,W,A
1579,E312Y,-0.2752608606766071,EA312Y,A.E.312.Y,E,312,Y,A
1580,R313A,0.7786183565875767,RA313A,A.R.313.A,R,313,A,A
1581,R313C,1.6959070371624476,RA313C,A.R.313.C,R,313,C,A
1582,R313D,1.618522559298092,RA313D,A.R.313.D,R,313,D,A
1583,R313E,0.9257903560359806,RA313E,A.R.313.E,R,313,E,A
1584,R313F,0.5697362572948428,RA313F,A.R.313.F,R,313,F,A
1585,R313G,1.855307269511216,RA313G,A.R.313.G,R,313,G,A
1586,R313H,0.7199490459849475,RA313H,A.R.313.H,R,313,H,A
1587,R313I,0.3197896330490485,RA313I,A.R.313.I,R,313,I,A
1588,R313K,0.6186962375639745,RA313K,A.R.313.K,R,313,K,A
1589,R313L,-0.2056120763202967,RA313L,A.R.313.L,R,313,L,A
1590,R313M,0.410140729919462,RA313M,A.R.313.M,R,313,M,A
1591,R313N,1.0541155744274988,RA313N,A.R.313.N,R,313,N,A
1592,R313P,8.200893599734838,RA313P,A.R.313.P,R,313,P,A
1593,R313Q,0.838409348752935,RA313Q,A.R.313.Q,R,313,Q,A
1594,R313R,0.1127905270480494,RA313R,A.R.313.R,R,313,R,A
1595,R313S,1.2608971186597069,RA313S,A.R.313.S,R,313,S,A
1596,R313T,0.9128547495142608,RA313T,A.R.313.T,R,313,T,A
1597,R313V,0.5077569612577251,RA313V,A.R.313.V,R,313,V,A
1598,R313W,-0.0783868882012239,RA313W,A.R.313.W,R,313,W,A
1599,R313Y,0.6261773275556226,RA313Y,A.R.313.Y,R,313,Y,A
1600,F314A,3.954739353484583,FA314A,A.F.314.A,F,314,A,A
1601,F314C,4.490370874034489,FA314C,A.F.314.C,F,314,C,A
1602,F314D,5.13579010101422,FA314D,A.F.314.D,F,314,D,A
1603,F314E,4.674571852319018,FA314E,A.F.314.E,F,314,E,A
1604,F314F,0.3204586489597993,FA314F,A.F.314.F,F,314,F,A
1605,F314G,5.784972683281356,FA314G,A.F.314.G,F,314,G,A
1606,F314H,2.426241184476065,FA314H,A.F.314.H,F,314,H,A
1607,F314I,2.902250236243112,FA314I,A.F.314.I,F,314,I,A
1608,F314K,4.848427614116543,FA314K,A.F.314.K,F,314,K,A
1609,F314L,1.8076918591191395,FA314L,A.F.314.L,F,314,L,A
1610,F314M,2.119139258259397,FA314M,A.F.314.M,F,314,M,A
1611,F314N,3.905086378159338,FA314N,A.F.314.N,F,314,N,A
1612,F314P,9.863826142699835,FA314P,A.F.314.P,F,314,P,A
1613,F314Q,3.614491278740578,FA314Q,A.F.314.Q,F,314,Q,A
1614,F314R,3.508280605104052,FA314R,A.F.314.R,F,314,R,A
1615,F314S,5.216445478615673,FA314S,A.F.314.S,F,314,S,A
1616,F314T,4.5870004398660535,FA314T,A.F.314.T,F,314,T,A
1617,F314V,3.2786035222700005,FA314V,A.F.314.V,F,314,V,A
1618,F314W,0.6592699718731004,FA314W,A.F.314.W,F,314,W,A
1619,F314Y,0.7517877732077366,FA314Y,A.F.314.Y,F,314,Y,A
1620,M315A,1.1001305844805842,MA315A,A.M.315.A,M,315,A,A
1621,M315C,1.7869596844434283,MA315C,A.M.315.C,M,315,C,A
1622,M315D,1.686195957843191,MA315D,A.M.315.D,M,315,D,A
1623,M315E,1.2146795997450544,MA315E,A.M.315.E,M,315,E,A
1624,M315F,0.3326788412352405,MA315F,A.M.315.F,M,315,F,A
1625,M315G,2.1256269669359766,MA315G,A.M.315.G,M,315,G,A
1626,M315H,0.7095277808984692,MA315H,A.M.315.H,M,315,H,A
1627,M315I,0.1493250731404427,MA315I,A.M.315.I,M,315,I,A
1628,M315K,1.0546869853863283,MA315K,A.M.315.K,M,315,K,A
1629,M315L,-0.1520534783339316,MA315L,A.M.315.L,M,315,L,A
1630,M315M,0.405326507122315,MA315M,A.M.315.M,M,315,M,A
1631,M315N,1.3065821508882196,MA315N,A.M.315.N,M,315,N,A
1632,M315P,5.1145025991428135,MA315P,A.M.315.P,M,315,P,A
1633,M315Q,1.158184580666101,MA315Q,A.M.315.Q,M,315,Q,A
1634,M315R,0.5708320417284798,MA315R,A.M.315.R,M,315,R,A
1635,M315S,1.5017862603463938,MA315S,A.M.315.S,M,315,S,A
1636,M315T,1.1757158915416217,MA315T,A.M.315.T,M,315,T,A
1637,M315V,0.5729358346204516,MA315V,A.M.315.V,M,315,V,A
1638,M315W,0.1629144891396233,MA315W,A.M.315.W,M,315,W,A
1639,M315Y,0.5511313167127635,MA315Y,A.M.315.Y,M,315,Y,A
1640,E316A,0.262425400731322,EA316A,A.E.316.A,E,316,A,A
1641,E316C,0.922132911417668,EA316C,A.E.316.C,E,316,C,A
1642,E316D,0.2195509201296175,EA316D,A.E.316.D,E,316,D,A
1643,E316E,-0.0261418213237135,EA316E,A.E.316.E,E,316,E,A
1644,E316F,-0.314549614394789,EA316F,A.E.316.F,E,316,F,A
1645,E316G,0.8373302646765085,EA316G,A.E.316.G,E,316,G,A
1646,E316H,-0.135269269417817,EA316H,A.E.316.H,E,316,H,A
1647,E316I,-0.3120480007774312,EA316I,A.E.316.I,E,316,I,A
1648,E316K,0.1291141903983261,EA316K,A.E.316.K,E,316,K,A
1649,E316L,-0.5006992970855167,EA316L,A.E.316.L,E,316,L,A
1650,E316M,-0.0988348317260506,EA316M,A.E.316.M,E,316,M,A
1651,E316N,0.2225154463782486,EA316N,A.E.316.N,E,316,N,A
1652,E316P,5.564763427549361,EA316P,A.E.316.P,E,316,P,A
1653,E316Q,0.2517952996675215,EA316Q,A.E.316.Q,E,316,Q,A
1654,E316R,-0.0878700705992469,EA316R,A.E.316.R,E,316,R,A
1655,E316S,0.4960299530666223,EA316S,A.E.316.S,E,316,S,A
1656,E316T,0.2491818659168848,EA316T,A.E.316.T,E,316,T,A
1657,E316V,-0.1401010790405793,EA316V,A.E.316.V,E,316,V,A
1658,E316W,-0.7181131379181305,EA316W,A.E.316.W,E,316,W,A
1659,E316Y,-0.2095912356723978,EA316Y,A.E.316.Y,E,316,Y,A
1660,F317A,2.557492888339943,FA317A,A.F.317.A,F,317,A,A
1661,F317C,3.149879627702782,FA317C,A.F.317.C,F,317,C,A
1662,F317D,3.559998645341316,FA317D,A.F.317.D,F,317,D,A
1663,F317E,3.011006611480364,FA317E,A.F.317.E,F,317,E,A
1664,F317F,0.5111343214004604,FA317F,A.F.317.F,F,317,F,A
1665,F317G,3.9855237834348887,FA317G,A.F.317.G,F,317,G,A
1666,F317H,1.8899414141637645,FA317H,A.F.317.H,F,317,H,A
1667,F317I,1.225198306430281,FA317I,A.F.317.I,F,317,I,A
1668,F317K,2.891096420871953,FA317K,A.F.317.K,F,317,K,A
1669,F317L,0.8090806466841216,FA317L,A.F.317.L,F,317,L,A
1670,F317M,1.465561878739236,FA317M,A.F.317.M,F,317,M,A
1671,F317N,2.6435951194834555,FA317N,A.F.317.N,F,317,N,A
1672,F317P,9.015698036242972,FA317P,A.F.317.P,F,317,P,A
1673,F317Q,2.5618204977616346,FA317Q,A.F.317.Q,F,317,Q,A
1674,F317R,2.0827152912001914,FA317R,A.F.317.R,F,317,R,A
1675,F317S,3.432262046714792,FA317S,A.F.317.S,F,317,S,A
1676,F317T,2.75120385920248,FA317T,A.F.317.T,F,317,T,A
1677,F317V,1.743046917473609,FA317V,A.F.317.V,F,317,V,A
1678,F317W,0.6156207186089702,FA317W,A.F.317.W,F,317,W,A
1679,F317Y,0.894657592522165,FA317Y,A.F.317.Y,F,317,Y,A
1680,E318A,0.5496640002645153,EA318A,A.E.318.A,E,318,A,A
1681,E318C,1.5558095161940362,EA318C,A.E.318.C,E,318,C,A
1682,E318D,0.7764653113067477,EA318D,A.E.318.D,E,318,D,A
1683,E318E,0.5383915089025748,EA318E,A.E.318.E,E,318,E,A
1684,E318F,0.2592575132614977,EA318F,A.E.318.F,E,318,F,A
1685,E318G,1.6259272532081377,EA318G,A.E.318.G,E,318,G,A
1686,E318H,0.4866138819574611,EA318H,A.E.318.H,E,318,H,A
1687,E318I,0.3030777153195557,EA318I,A.E.318.I,E,318,I,A
1688,E318K,0.756777681692688,EA318K,A.E.318.K,E,318,K,A
1689,E318L,-0.0358798162918005,EA318L,A.E.318.L,E,318,L,A
1690,E318M,0.392265819325881,EA318M,A.E.318.M,E,318,M,A
1691,E318N,0.9866913079872672,EA318N,A.E.318.N,E,318,N,A
1692,E318P,7.52193653026525,EA318P,A.E.318.P,E,318,P,A
1693,E318Q,0.7677524740939853,EA318Q,A.E.318.Q,E,318,Q,A
1694,E318R,0.6101871563439881,EA318R,A.E.318.R,E,318,R,A
1695,E318S,1.1780009612341138,EA318S,A.E.318.S,E,318,S,A
1696,E318T,0.8880682680667973,EA318T,A.E.318.T,E,318,T,A
1697,E318V,0.4874917350673791,EA318V,A.E.318.V,E,318,V,A
1698,E318W,-0.2180136392934123,EA318W,A.E.318.W,E,318,W,A
1699,E318Y,0.4095205961820375,EA318Y,A.E.318.Y,E,318,Y,A
1700,A319A,-0.0210770826154127,AA319A,A.A.319.A,A,319,A,A
1701,A319C,0.7122800682234587,AA319C,A.A.319.C,A,319,C,A
1702,A319D,0.1040303200049941,AA319D,A.A.319.D,A,319,D,A
1703,A319E,-0.0998638959245196,AA319E,A.A.319.E,A,319,E,A
1704,A319F,-0.3645265757110105,AA319F,A.A.319.F,A,319,F,A
1705,A319G,0.639539268300979,AA319G,A.A.319.G,A,319,G,A
1706,A319H,-0.2494949068871077,AA319H,A.A.319.H,A,319,H,A
1707,A319I,-0.5437877731331081,AA319I,A.A.319.I,A,319,I,A
1708,A319K,-0.2696222411869881,AA319K,A.A.319.K,A,319,K,A
1709,A319L,-0.7541553518483329,AA319L,A.A.319.L,A,319,L,A
1710,A319M,-0.2873883099244989,AA319M,A.A.319.M,A,319,M,A
1711,A319N,-0.0177936371451431,AA319N,A.A.319.N,A,319,N,A
1712,A319P,6.479263153400234,AA319P,A.A.319.P,A,319,P,A
1713,A319Q,0.0018324340071723,AA319Q,A.A.319.Q,A,319,Q,A
1714,A319R,-0.4730314718160006,AA319R,A.A.319.R,A,319,R,A
1715,A319S,0.2755023030255837,AA319S,A.A.319.S,A,319,S,A
1716,A319T,0.0392778931099596,AA319T,A.A.319.T,A,319,T,A
1717,A319V,-0.2392549080454081,AA319V,A.A.319.V,A,319,V,A
1718,A319W,-0.8205936377726725,AA319W,A.A.319.W,A,319,W,A
1719,A319Y,-0.2343168925642941,AA319Y,A.A.319.Y,A,319,Y,A
1720,E320A,0.1922857356483881,EA320A,A.E.320.A,E,320,A,A
1721,E320C,1.1904023785889233,EA320C,A.E.320.C,E,320,C,A
1722,E320D,0.584556844294097,EA320D,A.E.320.D,E,320,D,A
1723,E320E,0.3057010916497193,EA320E,A.E.320.E,E,320,E,A
1724,E320F,-0.2787569912067722,EA320F,A.E.320.F,E,320,F,A
1725,E320G,1.1744556003069444,EA320G,A.E.320.G,E,320,G,A
1726,E320H,-0.1006348305694121,EA320H,A.E.320.H,E,320,H,A
1727,E320I,-0.1811535563741395,EA320I,A.E.320.I,E,320,I,A
1728,E320K,0.2114057318709911,EA320K,A.E.320.K,E,320,K,A
1729,E320L,-0.6390342897636042,EA320L,A.E.320.L,E,320,L,A
1730,E320M,-0.0988881087967591,EA320M,A.E.320.M,E,320,M,A
1731,E320N,0.3949203017126557,EA320N,A.E.320.N,E,320,N,A
1732,E320P,5.209240035515676,EA320P,A.E.320.P,E,320,P,A
1733,E320Q,0.3521358433941146,EA320Q,A.E.320.Q,E,320,Q,A
1734,E320R,-0.1780656001503883,EA320R,A.E.320.R,E,320,R,A
1735,E320S,0.754499357668702,EA320S,A.E.320.S,E,320,S,A
1736,E320T,0.337268607739572,EA320T,A.E.320.T,E,320,T,A
1737,E320V,-0.0209933588483013,EA320V,A.E.320.V,E,320,V,A
1738,E320W,-0.8061955701727519,EA320W,A.E.320.W,E,320,W,A
1739,E320Y,-0.1729585666348165,EA320Y,A.E.320.Y,E,320,Y,A
1740,E321A,0.745481796522773,EA321A,A.E.321.A,E,321,A,A
1741,E321C,1.5530275381980412,EA321C,A.E.321.C,E,321,C,A
1742,E321D,0.8828552417867691,EA321D,A.E.321.D,E,321,D,A
1743,E321E,0.6614580713764073,EA321E,A.E.321.E,E,321,E,A
1744,E321F,0.203391389185904,EA321F,A.E.321.F,E,321,F,A
1745,E321G,1.6707131227726717,EA321G,A.E.321.G,E,321,G,A
1746,E321H,0.4895078625485055,EA321H,A.E.321.H,E,321,H,A
1747,E321I,0.2160127231715986,EA321I,A.E.321.I,E,321,I,A
1748,E321K,0.9412993692712118,EA321K,A.E.321.K,E,321,K,A
1749,E321L,-0.0807605759171642,EA321L,A.E.321.L,E,321,L,A
1750,E321M,0.349150935850212,EA321M,A.E.321.M,E,321,M,A
1751,E321N,0.9960465289391036,EA321N,A.E.321.N,E,321,N,A
1752,E321P,3.826504349757952,EA321P,A.E.321.P,E,321,P,A
1753,E321Q,0.8755215663495625,EA321Q,A.E.321.Q,E,321,Q,A
1754,E321R,0.736708832134299,EA321R,A.E.321.R,E,321,R,A
1755,E321S,1.2176622350611814,EA321S,A.E.321.S,E,321,S,A
1756,E321T,0.977993019507596,EA321T,A.E.321.T,E,321,T,A
1757,E321V,0.3814824574648351,EA321V,A.E.321.V,E,321,V,A
1758,E321W,-0.1370275339928239,EA321W,A.E.321.W,E,321,W,A
1759,E321Y,0.4558696661177158,EA321Y,A.E.321.Y,E,321,Y,A
1760,M322A,0.1475864680409411,MA322A,A.M.322.A,M,322,A,A
1761,M322C,1.028896479894862,MA322C,A.M.322.C,M,322,C,A
1762,M322D,0.4460397225483975,MA322D,A.M.322.D,M,322,D,A
1763,M322E,0.0929942339129619,MA322E,A.M.322.E,M,322,E,A
1764,M322F,-0.2185410548275979,MA322F,A.M.322.F,M,322,F,A
1765,M322G,0.9647787835020092,MA322G,A.M.322.G,M,322,G,A
1766,M322H,-0.1170679454947659,MA322H,A.M.322.H,M,322,H,A
1767,M322I,-0.2518925116088544,MA322I,A.M.322.I,M,322,I,A
1768,M322K,-0.0559082161816709,MA322K,A.M.322.K,M,322,K,A
1769,M322L,-0.4389292370343206,MA322L,A.M.322.L,M,322,L,A
1770,M322M,-0.0517357898333037,MA322M,A.M.322.M,M,322,M,A
1771,M322N,0.2964296127145155,MA322N,A.M.322.N,M,322,N,A
1772,M322P,4.866517833217318,MA322P,A.M.322.P,M,322,P,A
1773,M322Q,0.2860006850089491,MA322Q,A.M.322.Q,M,322,Q,A
1774,M322R,-0.2158398153278884,MA322R,A.M.322.R,M,322,R,A
1775,M322S,0.4659782154040914,MA322S,A.M.322.S,M,322,S,A
1776,M322T,0.3022631662067521,MA322T,A.M.322.T,M,322,T,A
1777,M322V,-0.0253784826975234,MA322V,A.M.322.V,M,322,V,A
1778,M322W,-0.5130800411210334,MA322W,A.M.322.W,M,322,W,A
1779,M322Y,-0.1719539551966187,MA322Y,A.M.322.Y,M,322,Y,A
1780,Q323A,-0.1053424725748908,QA323A,A.Q.323.A,Q,323,A,A
1781,Q323C,0.6556345449853596,QA323C,A.Q.323.C,Q,323,C,A
1782,Q323D,0.2978276783074896,QA323D,A.Q.323.D,Q,323,D,A
1783,Q323E,-0.090931933465283,QA323E,A.Q.323.E,Q,323,E,A
1784,Q323F,-0.4523384364878741,QA323F,A.Q.323.F,Q,323,F,A
1785,Q323G,0.8939299573469269,QA323G,A.Q.323.G,Q,323,G,A
1786,Q323H,-0.319619060268958,QA323H,A.Q.323.H,Q,323,H,A
1787,Q323I,-0.5425489363527641,QA323I,A.Q.323.I,Q,323,I,A
1788,Q323K,-0.1965436194398928,QA323K,A.Q.323.K,Q,323,K,A
1789,Q323L,-0.8599372095639768,QA323L,A.Q.323.L,Q,323,L,A
1790,Q323M,-0.4288218433687285,QA323M,A.Q.323.M,Q,323,M,A
1791,Q323N,-0.0160239729044481,QA323N,A.Q.323.N,Q,323,N,A
1792,Q323P,6.669361566204136,QA323P,A.Q.323.P,Q,323,P,A
1793,Q323Q,0.0152239779468538,QA323Q,A.Q.323.Q,Q,323,Q,A
1794,Q323R,-0.5891239078972427,QA323R,A.Q.323.R,Q,323,R,A
1795,Q323S,0.4635835447801378,QA323S,A.Q.323.S,Q,323,S,A
1796,Q323T,-0.0143684143544353,QA323T,A.Q.323.T,Q,323,T,A
1797,Q323V,-0.3737853834609189,QA323V,A.Q.323.V,Q,323,V,A
1798,Q323W,-0.9462337583477892,QA323W,A.Q.323.W,Q,323,W,A
1799,Q323Y,-0.4243866494867288,QA323Y,A.Q.323.Y,Q,323,Y,A
1800,I324A,0.7252950860268433,IA324A,A.I.324.A,I,324,A,A
1801,I324C,1.4265357608975653,IA324C,A.I.324.C,I,324,C,A
1802,I324D,0.9063901094230524,IA324D,A.I.324.D,I,324,D,A
1803,I324E,0.4827501590421057,IA324E,A.I.324.E,I,324,E,A
1804,I324F,0.1610145394713524,IA324F,A.I.324.F,I,324,F,A
1805,I324G,1.538437950969485,IA324G,A.I.324.G,I,324,G,A
1806,I324H,0.3029018309978276,IA324H,A.I.324.H,I,324,H,A
1807,I324I,0.0125941026989412,IA324I,A.I.324.I,I,324,I,A
1808,I324K,0.4446994330611004,IA324K,A.I.324.K,I,324,K,A
1809,I324L,-0.2054168387784172,IA324L,A.I.324.L,I,324,L,A
1810,I324M,0.1790690302161096,IA324M,A.I.324.M,I,324,M,A
1811,I324N,0.6584744937466286,IA324N,A.I.324.N,I,324,N,A
1812,I324P,5.669593711253001,IA324P,A.I.324.P,I,324,P,A
1813,I324Q,0.6206026622557383,IA324Q,A.I.324.Q,I,324,Q,A
1814,I324R,0.1900252861259038,IA324R,A.I.324.R,I,324,R,A
1815,I324S,1.0525410072768215,IA324S,A.I.324.S,I,324,S,A
1816,I324T,0.7211420102748297,IA324T,A.I.324.T,I,324,T,A
1817,I324V,0.1847200555968509,IA324V,A.I.324.V,I,324,V,A
1818,I324W,-0.4497424519696036,IA324W,A.I.324.W,I,324,W,A
1819,I324Y,0.2426968457684336,IA324Y,A.I.324.Y,I,324,Y,A
1820,Q325A,-0.1061760604291695,QA325A,A.Q.325.A,Q,325,A,A
1821,Q325C,0.7172937005934177,QA325C,A.Q.325.C,Q,325,C,A
1822,Q325D,-0.0143589617198852,QA325D,A.Q.325.D,Q,325,D,A
1823,Q325E,-0.2970360324919008,QA325E,A.Q.325.E,Q,325,E,A
1824,Q325F,-0.5000388576331888,QA325F,A.Q.325.F,Q,325,F,A
1825,Q325G,0.6184002593677714,QA325G,A.Q.325.G,Q,325,G,A
1826,Q325H,-0.2987075984078996,QA325H,A.Q.325.H,Q,325,H,A
1827,Q325I,-0.5951768304727323,QA325I,A.Q.325.I,Q,325,I,A
1828,Q325K,-0.3585529136719673,QA325K,A.Q.325.K,Q,325,K,A
1829,Q325L,-0.7214732619937769,QA325L,A.Q.325.L,Q,325,L,A
1830,Q325M,-0.2875829963959175,QA325M,A.Q.325.M,Q,325,M,A
1831,Q325N,-0.0670644765452349,QA325N,A.Q.325.N,Q,325,N,A
1832,Q325P,5.523479368347246,QA325P,A.Q.325.P,Q,325,P,A
1833,Q325Q,0.0147760266265717,QA325Q,A.Q.325.Q,Q,325,Q,A
1834,Q325R,-0.505890459000124,QA325R,A.Q.325.R,Q,325,R,A
1835,Q325S,0.1329732447048787,QA325S,A.Q.325.S,Q,325,S,A
1836,Q325T,-0.0413764161812474,QA325T,A.Q.325.T,Q,325,T,A
1837,Q325V,-0.3968166852378346,QA325V,A.Q.325.V,Q,325,V,A
1838,Q325W,-0.8452750526767877,QA325W,A.Q.325.W,Q,325,W,A
1839,Q325Y,-0.4387393097387665,QA325Y,A.Q.325.Y,Q,325,Y,A
1840,N326A,-0.0367122259945118,NA326A,A.N.326.A,N,326,A,A
1841,N326C,0.7392635272439657,NA326C,A.N.326.C,N,326,C,A
1842,N326D,0.3254895373725824,NA326D,A.N.326.D,N,326,D,A
1843,N326E,-0.0451693671693054,NA326E,A.N.326.E,N,326,E,A
1844,N326F,-0.448674503864615,NA326F,A.N.326.F,N,326,F,A
1845,N326G,0.8197680800624265,NA326G,A.N.326.G,N,326,G,A
1846,N326H,-0.2605037354393263,NA326H,A.N.326.H,N,326,H,A
1847,N326I,-0.469144960092876,NA326I,A.N.326.I,N,326,I,A
1848,N326K,-0.0802035293348463,NA326K,A.N.326.K,N,326,K,A
1849,N326L,-0.7287950521916287,NA326L,A.N.326.L,N,326,L,A
1850,N326M,-0.264302034368532,NA326M,A.N.326.M,N,326,M,A
1851,N326N,0.0810455116275093,NA326N,A.N.326.N,N,326,N,A
1852,N326P,6.9741646809538,NA326P,A.N.326.P,N,326,P,A
1853,N326Q,0.0814944155945324,NA326Q,A.N.326.Q,N,326,Q,A
1854,N326R,-0.4269005353600164,NA326R,A.N.326.R,N,326,R,A
1855,N326S,0.4564144782907398,NA326S,A.N.326.S,N,326,S,A
1856,N326T,0.1926731368017503,NA326T,A.N.326.T,N,326,T,A
1857,N326V,-0.23546461333666,NA326V,A.N.326.V,N,326,V,A
1858,N326W,-0.8478318009191677,NA326W,A.N.326.W,N,326,W,A
1859,N326Y,-0.3604963482100409,NA326Y,A.N.326.Y,N,326,Y,A
1860,T327A,0.2472486434491005,TA327A,A.T.327.A,T,327,A,A
1861,T327C,0.9434043141471684,TA327C,A.T.327.C,T,327,C,A
1862,T327D,0.4263154383530465,TA327D,A.T.327.D,T,327,D,A
1863,T327E,0.2494091493787825,TA327E,A.T.327.E,T,327,E,A
1864,T327F,-0.1527023883527339,TA327F,A.T.327.F,T,327,F,A
1865,T327G,0.8047847363242089,TA327G,A.T.327.G,T,327,G,A
1866,T327H,-0.0538482236899096,TA327H,A.T.327.H,T,327,H,A
1867,T327I,-0.069585774072467,TA327I,A.T.327.I,T,327,I,A
1868,T327K,0.0805119585716479,TA327K,A.T.327.K,T,327,K,A
1869,T327L,-0.4689783532061586,TA327L,A.T.327.L,T,327,L,A
1870,T327M,-0.0981534111089305,TA327M,A.T.327.M,T,327,M,A
1871,T327N,0.099668600780795,TA327N,A.T.327.N,T,327,N,A
1872,T327P,5.82615763657111,TA327P,A.T.327.P,T,327,P,A
1873,T327Q,0.3117435885785741,TA327Q,A.T.327.Q,T,327,Q,A
1874,T327R,-0.333015919873299,TA327R,A.T.327.R,T,327,R,A
1875,T327S,0.6052911560704821,TA327S,A.T.327.S,T,327,S,A
1876,T327T,0.3575932430920897,TA327T,A.T.327.T,T,327,T,A
1877,T327V,0.1568260392218112,TA327V,A.T.327.V,T,327,V,A
1878,T327W,-0.7176728844795321,TA327W,A.T.327.W,T,327,W,A
1879,T327Y,-0.0392025433170389,TA327Y,A.T.327.Y,T,327,Y,A
1880,Q328A,-0.2135184455505384,QA328A,A.Q.328.A,Q,328,A,A
1881,Q328C,0.6586295470001848,QA328C,A.Q.328.C,Q,328,C,A
1882,Q328D,0.1235945224577111,QA328D,A.Q.328.D,Q,328,D,A
1883,Q328E,-0.2906616338520534,QA328E,A.Q.328.E,Q,328,E,A
1884,Q328F,-0.4891976508452028,QA328F,A.Q.328.F,Q,328,F,A
1885,Q328G,0.6499271724865763,QA328G,A.Q.328.G,Q,328,G,A
1886,Q328H,-0.347045768228631,QA328H,A.Q.328.H,Q,328,H,A
1887,Q328I,-0.6811569334764767,QA328I,A.Q.328.I,Q,328,I,A
1888,Q328K,-0.3454039643044493,QA328K,A.Q.328.K,Q,328,K,A
1889,Q328L,-0.8746725886597861,QA328L,A.Q.328.L,Q,328,L,A
1890,Q328M,-0.432454818082616,QA328M,A.Q.328.M,Q,328,M,A
1891,Q328N,0.0226850518854332,QA328N,A.Q.328.N,Q,328,N,A
1892,Q328P,6.6750790325693465,QA328P,A.Q.328.P,Q,328,P,A
1893,Q328Q,-0.1302024101185245,QA328Q,A.Q.328.Q,Q,328,Q,A
1894,Q328R,-0.5826940727663138,QA328R,A.Q.328.R,Q,328,R,A
1895,Q328S,0.1933732375878305,QA328S,A.Q.328.S,Q,328,S,A
1896,Q328T,-0.1057596759059958,QA328T,A.Q.328.T,Q,328,T,A
1897,Q328V,-0.4681256167420761,QA328V,A.Q.328.V,Q,328,V,A
1898,Q328W,-1.009361483564693,QA328W,A.Q.328.W,Q,328,W,A
1899,Q328Y,-0.4336138293354047,QA328Y,A.Q.328.Y,Q,328,Y,A
1900,L329A,0.7357243687633244,LA329A,A.L.329.A,L,329,A,A
1901,L329C,1.4751850538867597,LA329C,A.L.329.C,L,329,C,A
1902,L329D,0.918798215252451,LA329D,A.L.329.D,L,329,D,A
1903,L329E,0.6164096063989083,LA329E,A.L.329.E,L,329,E,A
1904,L329F,0.1643631907747911,LA329F,A.L.329.F,L,329,F,A
1905,L329G,1.4437281922307257,LA329G,A.L.329.G,L,329,G,A
1906,L329H,0.5278261136041601,LA329H,A.L.329.H,L,329,H,A
1907,L329I,0.1135521241777004,LA329I,A.L.329.I,L,329,I,A
1908,L329K,0.5555706842610075,LA329K,A.L.329.K,L,329,K,A
1909,L329L,0.0064301423199675,LA329L,A.L.329.L,L,329,L,A
1910,L329M,0.3141273271666572,LA329M,A.L.329.M,L,329,M,A
1911,L329N,0.9337717849452676,LA329N,A.L.329.N,L,329,N,A
1912,L329P,7.221923752441213,LA329P,A.L.329.P,L,329,P,A
1913,L329Q,0.6769893488015368,LA329Q,A.L.329.Q,L,329,Q,A
1914,L329R,0.1836926967250185,LA329R,A.L.329.R,L,329,R,A
1915,L329S,1.0920659939949802,LA329S,A.L.329.S,L,329,S,A
1916,L329T,0.8729188823557466,LA329T,A.L.329.T,L,329,T,A
1917,L329V,0.2985763849274531,LA329V,A.L.329.V,L,329,V,A
1918,L329W,-0.1840146887226745,LA329W,A.L.329.W,L,329,W,A
1919,L329Y,0.3484887747084941,LA329Y,A.L.329.Y,L,329,Y,A
1920,M330A,0.4901384833109679,MA330A,A.M.330.A,M,330,A,A
1921,M330C,1.2530839852867386,MA330C,A.M.330.C,M,330,C,A
1922,M330D,0.6734848854285003,MA330D,A.M.330.D,M,330,D,A
1923,M330E,0.2983999506136675,MA330E,A.M.330.E,M,330,E,A
1924,M330F,0.063379682547851,MA330F,A.M.330.F,M,330,F,A
1925,M330G,1.431081933682253,MA330G,A.M.330.G,M,330,G,A
1926,M330H,0.1966234472856165,MA330H,A.M.330.H,M,330,H,A
1927,M330I,0.0180161306552906,MA330I,A.M.330.I,M,330,I,A
1928,M330K,0.460851898367749,MA330K,A.M.330.K,M,330,K,A
1929,M330L,-0.3148194477914107,MA330L,A.M.330.L,M,330,L,A
1930,M330M,0.0807381907270987,MA330M,A.M.330.M,M,330,M,A
1931,M330N,0.5165500542001478,MA330N,A.M.330.N,M,330,N,A
1932,M330P,4.806686609317292,MA330P,A.M.330.P,M,330,P,A
1933,M330Q,0.5193363292853609,MA330Q,A.M.330.Q,M,330,Q,A
1934,M330R,0.1522338030917391,MA330R,A.M.330.R,M,330,R,A
1935,M330S,0.8436519990149318,MA330S,A.M.330.S,M,330,S,A
1936,M330T,0.6047806858540302,MA330T,A.M.330.T,M,330,T,A
1937,M330V,0.2064424454509122,MA330V,A.M.330.V,M,330,V,A
1938,M330W,-0.3774041353205021,MA330W,A.M.330.W,M,330,W,A
1939,M330Y,0.1716186287423843,MA330Y,A.M.330.Y,M,330,Y,A
1940,N331A,-0.0129211252775568,NA331A,A.N.331.A,N,331,A,A
1941,N331C,0.5473529720789072,NA331C,A.N.331.C,N,331,C,A
1942,N331D,0.1092426520330919,NA331D,A.N.331.D,N,331,D,A
1943,N331E,-0.1468381155448717,NA331E,A.N.331.E,N,331,E,A
1944,N331F,-0.5035324240734412,NA331F,A.N.331.F,N,331,F,A
1945,N331G,0.7039023747868652,NA331G,A.N.331.G,N,331,G,A
1946,N331H,-0.3737924452187702,NA331H,A.N.331.H,N,331,H,A
1947,N331I,-0.4662702368227872,NA331I,A.N.331.I,N,331,I,A
1948,N331K,-0.1278537230240162,NA331K,A.N.331.K,N,331,K,A
1949,N331L,-0.8394836879845452,NA331L,A.N.331.L,N,331,L,A
1950,N331M,-0.4700368280776262,NA331M,A.N.331.M,N,331,M,A
1951,N331N,-0.0928655560889174,NA331N,A.N.331.N,N,331,N,A
1952,N331P,6.114535422870917,NA331P,A.N.331.P,N,331,P,A
1953,N331Q,0.0122751850128743,NA331Q,A.N.331.Q,N,331,Q,A
1954,N331R,-0.5024338930498806,NA331R,A.N.331.R,N,331,R,A
1955,N331S,0.3438063699380311,NA331S,A.N.331.S,N,331,S,A
1956,N331T,0.0821844636878432,NA331T,A.N.331.T,N,331,T,A
1957,N331V,-0.2277478136250998,NA331V,A.N.331.V,N,331,V,A
1958,N331W,-0.8554590884306534,NA331W,A.N.331.W,N,331,W,A
1959,N331Y,-0.3892422718675747,NA331Y,A.N.331.Y,N,331,Y,A
1960,G332A,-0.0014063647074175,GA332A,A.G.332.A,G,332,A,A
1961,G332C,0.656299990904578,GA332C,A.G.332.C,G,332,C,A
1962,G332D,0.1758027157703173,GA332D,A.G.332.D,G,332,D,A
1963,G332E,0.3058462051704452,GA332E,A.G.332.E,G,332,E,A
1964,G332F,-0.1390053788201195,GA332F,A.G.332.F,G,332,F,A
1965,G332G,0.4705391602736253,GA332G,A.G.332.G,G,332,G,A
1966,G332H,-0.1309897443077812,GA332H,A.G.332.H,G,332,H,A
1967,G332I,0.3328525279390415,GA332I,A.G.332.I,G,332,I,A
1968,G332K,-0.1297934988543703,GA332K,A.G.332.K,G,332,K,A
1969,G332L,-0.37838416027766,GA332L,A.G.332.L,G,332,L,A
1970,G332M,-0.0774127150245346,GA332M,A.G.332.M,G,332,M,A
1971,G332N,-0.1583770510501148,GA332N,A.G.332.N,G,332,N,A
1972,G332P,5.095405069914475,GA332P,A.G.332.P,G,332,P,A
1973,G332Q,0.2587760444083425,GA332Q,A.G.332.Q,G,332,Q,A
1974,G332R,-0.44560853855867,GA332R,A.G.332.R,G,332,R,A
1975,G332S,0.3003833016752893,GA332S,A.G.332.S,G,332,S,A
1976,G332T,0.3051607137883572,GA332T,A.G.332.T,G,332,T,A
1977,G332V,0.3834103596713811,GA332V,A.G.332.V,G,332,V,A
1978,G332W,-0.5366313138287643,GA332W,A.G.332.W,G,332,W,A
1979,G332Y,-0.0170255787140888,GA332Y,A.G.332.Y,G,332,Y,A
1980,S333A,0.1770502619715513,SA333A,A.S.333.A,S,333,A,A
1981,S333C,0.6939348130240582,SA333C,A.S.333.C,S,333,C,A
1982,S333D,0.2080602017247235,SA333D,A.S.333.D,S,333,D,A
1983,S333E,0.1588732470025894,SA333E,A.S.333.E,S,333,E,A
1984,S333F,-0.1704001788971731,SA333F,A.S.333.F,S,333,F,A
1985,S333G,0.564377672578871,SA333G,A.S.333.G,S,333,G,A
1986,S333H,-0.2356415518322541,SA333H,A.S.333.H,S,333,H,A
1987,S333I,0.175180639920584,SA333I,A.S.333.I,S,333,I,A
1988,S333K,0.001722535635647,SA333K,A.S.333.K,S,333,K,A
1989,S333L,-0.376896882227537,SA333L,A.S.333.L,S,333,L,A
1990,S333M,-0.1261737329731149,SA333M,A.S.333.M,S,333,M,A
1991,S333N,-0.0510952406295361,SA333N,A.S.333.N,S,333,N,A
1992,S333P,3.632347622774595,SA333P,A.S.333.P,S,333,P,A
1993,S333Q,0.095830286217054,SA333Q,A.S.333.Q,S,333,Q,A
1994,S333R,-0.2430219625788682,SA333R,A.S.333.R,S,333,R,A
1995,S333S,0.2141979175118002,SA333S,A.S.333.S,S,333,S,A
1996,S333T,0.2593460222847021,SA333T,A.S.333.T,S,333,T,A
1997,S333V,0.1882717399012939,SA333V,A.S.333.V,S,333,V,A
1998,S333W,-0.3778973117961443,SA333W,A.S.333.W,S,333,W,A
1999,S333Y,-0.1198477949208215,SA333Y,A.S.333.Y,S,333,Y,A
2000,Q334A,0.1158950412855275,QA334A,A.Q.334.A,Q,334,A,A
2001,Q334C,0.5841635240308551,QA334C,A.Q.334.C,Q,334,C,A
2002,Q334D,0.0196879950507949,QA334D,A.Q.334.D,Q,334,D,A
2003,Q334E,-0.1514906028712076,QA334E,A.Q.334.E,Q,334,E,A
2004,Q334F,-0.1850874614267633,QA334F,A.Q.334.F,Q,334,F,A
2005,Q334G,0.4489538097729756,QA334G,A.Q.334.G,Q,334,G,A
2006,Q334H,-0.350590221046706,QA334H,A.Q.334.H,Q,334,H,A
2007,Q334I,-0.2429216307574838,QA334I,A.Q.334.I,Q,334,I,A
2008,Q334K,-0.3619660911478251,QA334K,A.Q.334.K,Q,334,K,A
2009,Q334L,-0.520307890322651,QA334L,A.Q.334.L,Q,334,L,A
2010,Q334M,-0.1619582417327975,QA334M,A.Q.334.M,Q,334,M,A
2011,Q334N,-0.1655653248045957,QA334N,A.Q.334.N,Q,334,N,A
2012,Q334P,3.214746217735943,QA334P,A.Q.334.P,Q,334,P,A
2013,Q334Q,0.0355031999839633,QA334Q,A.Q.334.Q,Q,334,Q,A
2014,Q334R,-0.4949610111118152,QA334R,A.Q.334.R,Q,334,R,A
2015,Q334S,0.1393979529292605,QA334S,A.Q.334.S,Q,334,S,A
2016,Q334T,-0.0164478321177663,QA334T,A.Q.334.T,Q,334,T,A
2017,Q334V,-0.1762883015921351,QA334V,A.Q.334.V,Q,334,V,A
2018,Q334W,-0.4889803665803499,QA334W,A.Q.334.W,Q,334,W,A
2019,Q334Y,-0.1150408690480936,QA334Y,A.Q.334.Y,Q,334,Y,A
2020,G335A,0.8198505050557664,GA335A,A.G.335.A,G,335,A,A
2021,G335C,1.2392138661665295,GA335C,A.G.335.C,G,335,C,A
2022,G335D,0.4384782193653613,GA335D,A.G.335.D,G,335,D,A
2023,G335E,0.7393594157551144,GA335E,A.G.335.E,G,335,E,A
2024,G335F,0.4536199113517014,GA335F,A.G.335.F,G,335,F,A
2025,G335G,0.8468346925869935,GA335G,A.G.335.G,G,335,G,A
2026,G335H,0.2771225136429411,GA335H,A.G.335.H,G,335,H,A
2027,G335I,1.1547774498922665,GA335I,A.G.335.I,G,335,I,A
2028,G335K,0.435325558246698,GA335K,A.G.335.K,G,335,K,A
2029,G335L,0.3280383647964124,GA335L,A.G.335.L,G,335,L,A
2030,G335M,0.5397271626486518,GA335M,A.G.335.M,G,335,M,A
2031,G335N,0.1498599656128652,GA335N,A.G.335.N,G,335,N,A
2032,G335P,4.354388624023474,GA335P,A.G.335.P,G,335,P,A
2033,G335Q,0.7652465485459847,GA335Q,A.G.335.Q,G,335,Q,A
2034,G335R,0.2397138621304984,GA335R,A.G.335.R,G,335,R,A
2035,G335S,0.718664716325994,GA335S,A.G.335.S,G,335,S,A
2036,G335T,0.9520736993915916,GA335T,A.G.335.T,G,335,T,A
2037,G335V,1.0354766692530426,GA335V,A.G.335.V,G,335,V,A
2038,G335W,-0.0043415945220526,GA335W,A.G.335.W,G,335,W,A
2039,G335Y,0.5132667865845627,GA335Y,A.G.335.Y,G,335,Y,A
2040,L336A,0.8359307458531201,LA336A,A.L.336.A,L,336,A,A
2041,L336C,1.2906786368345415,LA336C,A.L.336.C,L,336,C,A
2042,L336D,0.7058698025720095,LA336D,A.L.336.D,L,336,D,A
2043,L336E,0.7549503830886778,LA336E,A.L.336.E,L,336,E,A
2044,L336F,0.5273672687793213,LA336F,A.L.336.F,L,336,F,A
2045,L336G,1.2935033728419325,LA336G,A.L.336.G,L,336,G,A
2046,L336H,0.4693002942687041,LA336H,A.L.336.H,L,336,H,A
2047,L336I,0.4215490745856853,LA336I,A.L.336.I,L,336,I,A
2048,L336K,0.6353332291480287,LA336K,A.L.336.K,L,336,K,A
2049,L336L,0.231391417679439,LA336L,A.L.336.L,L,336,L,A
2050,L336M,0.4869474146179847,LA336M,A.L.336.M,L,336,M,A
2051,L336N,0.6876834634380707,LA336N,A.L.336.N,L,336,N,A
2052,L336P,1.678357206033109,LA336P,A.L.336.P,L,336,P,A
2053,L336Q,0.8186233324590183,LA336Q,A.L.336.Q,L,336,Q,A
2054,L336R,0.4724771002596528,LA336R,A.L.336.R,L,336,R,A
2055,L336S,0.7123636275316633,LA336S,A.L.336.S,L,336,S,A
2056,L336T,0.6213137446678676,LA336T,A.L.336.T,L,336,T,A
2057,L336V,0.6223064409059681,LA336V,A.L.336.V,L,336,V,A
2058,L336W,0.2709862195015367,LA336W,A.L.336.W,L,336,W,A
2059,L336Y,0.6396379312507178,LA336Y,A.L.336.Y,L,336,Y,A
2060,S337A,0.1807206250991583,SA337A,A.S.337.A,S,337,A,A
2061,S337C,0.9716210213486468,SA337C,A.S.337.C,S,337,C,A
2062,S337D,-0.2012201116135442,SA337D,A.S.337.D,S,337,D,A
2063,S337E,-0.2948361630614149,SA337E,A.S.337.E,S,337,E,A
2064,S337F,-0.2470700806171388,SA337F,A.S.337.F,S,337,F,A
2065,S337G,0.6432510674312963,SA337G,A.S.337.G,S,337,G,A
2066,S337H,-0.3181197026583016,SA337H,A.S.337.H,S,337,H,A
2067,S337I,-0.1010207751693531,SA337I,A.S.337.I,S,337,I,A
2068,S337K,-0.1033968882230063,SA337K,A.S.337.K,S,337,K,A
2069,S337L,-0.3509522825641076,SA337L,A.S.337.L,S,337,L,A
2070,S337M,0.0791477503198334,SA337M,A.S.337.M,S,337,M,A
2071,S337N,0.049746215129317,SA337N,A.S.337.N,S,337,N,A
2072,S337P,0.942870236604661,SA337P,A.S.337.P,S,337,P,A
2073,S337Q,0.1654949420157275,SA337Q,A.S.337.Q,S,337,Q,A
2074,S337R,-0.2220970437827973,SA337R,A.S.337.R,S,337,R,A
2075,S337S,0.0782684048014564,SA337S,A.S.337.S,S,337,S,A
2076,S337T,0.1230781382920392,SA337T,A.S.337.T,S,337,T,A
2077,S337V,0.0357989279037163,SA337V,A.S.337.V,S,337,V,A
2078,S337W,-0.5983069540595609,SA337W,A.S.337.W,S,337,W,A
2079,S337Y,-0.2253167078063439,SA337Y,A.S.337.Y,S,337,Y,A
2080,P338A,0.0033079609958525,PA338A,A.P.338.A,P,338,A,A
2081,P338C,0.7034971153581104,PA338C,A.P.338.C,P,338,C,A
2082,P338D,-0.2959334972569921,PA338D,A.P.338.D,P,338,D,A
2083,P338E,-0.4236505945152446,PA338E,A.P.338.E,P,338,E,A
2084,P338F,-0.44981620959543,PA338F,A.P.338.F,P,338,F,A
2085,P338G,0.5657283825597011,PA338G,A.P.338.G,P,338,G,A
2086,P338H,-0.4183887771199207,PA338H,A.P.338.H,P,338,H,A
2087,P338I,-0.21194016397579,PA338I,A.P.338.I,P,338,I,A
2088,P338K,-0.2407504738445981,PA338K,A.P.338.K,P,338,K,A
2089,P338L,-0.575983813747647,PA338L,A.P.338.L,P,338,L,A
2090,P338M,-0.1956788324128422,PA338M,A.P.338.M,P,338,M,A
2091,P338N,-0.1223069472381116,PA338N,A.P.338.N,P,338,N,A
2092,P338P,1.1183244579350562,PA338P,A.P.338.P,P,338,P,A
2093,P338Q,0.0687451970943325,PA338Q,A.P.338.Q,P,338,Q,A
2094,P338R,-0.3782521241902553,PA338R,A.P.338.R,P,338,R,A
2095,P338S,0.0682967376999577,PA338S,A.P.338.S,P,338,S,A
2096,P338T,0.0172600915907222,PA338T,A.P.338.T,P,338,T,A
2097,P338V,-0.1169540889521064,PA338V,A.P.338.V,P,338,V,A
2098,P338W,-0.7453508722309932,PA338W,A.P.338.W,P,338,W,A
2099,P338Y,-0.324832758677529,PA338Y,A.P.338.Y,P,338,Y,A
2100,A339A,0.0179228840996725,AA339A,A.A.339.A,A,339,A,A
2101,A339C,0.4715716472301523,AA339C,A.A.339.C,A,339,C,A
2102,A339D,-0.1976727978354975,AA339D,A.A.339.D,A,339,D,A
2103,A339E,-0.247041545631535,AA339E,A.A.339.E,A,339,E,A
2104,A339F,-0.6435521466781929,AA339F,A.A.339.F,A,339,F,A
2105,A339G,0.609901874670243,AA339G,A.A.339.G,A,339,G,A
2106,A339H,-0.5291969646397893,AA339H,A.A.339.H,A,339,H,A
2107,A339I,-0.6906291341938819,AA339I,A.A.339.I,A,339,I,A
2108,A339K,-0.1712117887496894,AA339K,A.A.339.K,A,339,K,A
2109,A339L,-0.8035501198940703,AA339L,A.A.339.L,A,339,L,A
2110,A339M,-0.3930010108195292,AA339M,A.A.339.M,A,339,M,A
2111,A339N,-0.2020321200793212,AA339N,A.A.339.N,A,339,N,A
2112,A339P,2.4592535089180387,AA339P,A.A.339.P,A,339,P,A
2113,A339Q,-0.095775124254121,AA339Q,A.A.339.Q,A,339,Q,A
2114,A339R,-0.456012088636728,AA339R,A.A.339.R,A,339,R,A
2115,A339S,0.0723952721014953,AA339S,A.A.339.S,A,339,S,A
2116,A339T,-0.2239251841775402,AA339T,A.A.339.T,A,339,T,A
2117,A339V,-0.5728447818134214,AA339V,A.A.339.V,A,339,V,A
2118,A339W,-0.8562980837670398,AA339W,A.A.339.W,A,339,W,A
2119,A339Y,-0.5073158506145675,AA339Y,A.A.339.Y,A,339,Y,A
2120,T340A,0.4299234796947399,TA340A,A.T.340.A,T,340,A,A
2121,T340C,0.6903351320739431,TA340C,A.T.340.C,T,340,C,A
2122,T340D,0.1276958818868406,TA340D,A.T.340.D,T,340,D,A
2123,T340E,0.186551198101591,TA340E,A.T.340.E,T,340,E,A
2124,T340F,-0.089834422179581,TA340F,A.T.340.F,T,340,F,A
2125,T340G,0.8102673930786797,TA340G,A.T.340.G,T,340,G,A
2126,T340H,-0.0302049036199147,TA340H,A.T.340.H,T,340,H,A
2127,T340I,-0.3011616223902869,TA340I,A.T.340.I,T,340,I,A
2128,T340K,0.270783474542372,TA340K,A.T.340.K,T,340,K,A
2129,T340L,-0.4623083691463148,TA340L,A.T.340.L,T,340,L,A
2130,T340M,-0.0539363599715414,TA340M,A.T.340.M,T,340,M,A
2131,T340N,0.0999952064921994,TA340N,A.T.340.N,T,340,N,A
2132,T340P,2.846070076604156,TA340P,A.T.340.P,T,340,P,A
2133,T340Q,0.2983014912954662,TA340Q,A.T.340.Q,T,340,Q,A
2134,T340R,0.0365407635654496,TA340R,A.T.340.R,T,340,R,A
2135,T340S,0.4556675442150126,TA340S,A.T.340.S,T,340,S,A
2136,T340T,0.1666322944899417,TA340T,A.T.340.T,T,340,T,A
2137,T340V,-0.2868368945502186,TA340V,A.T.340.V,T,340,V,A
2138,T340W,-0.2862203746527447,TA340W,A.T.340.W,T,340,W,A
2139,T340Y,-0.0099918045934388,TA340Y,A.T.340.Y,T,340,Y,A
2140,P341A,-0.1558774924182138,PA341A,A.P.341.A,P,341,A,A
2141,P341C,0.4701398278181318,PA341C,A.P.341.C,P,341,C,A
2142,P341D,-0.5340660128259067,PA341D,A.P.341.D,P,341,D,A
2143,P341E,-0.5973567486969827,PA341E,A.P.341.E,P,341,E,A
2144,P341F,-0.5102523626920363,PA341F,A.P.341.F,P,341,F,A
2145,P341G,0.3617796603928003,PA341G,A.P.341.G,P,341,G,A
2146,P341H,-0.6164019026246509,PA341H,A.P.341.H,P,341,H,A
2147,P341I,-0.4456938090969836,PA341I,A.P.341.I,P,341,I,A
2148,P341K,-0.4831832222092114,PA341K,A.P.341.K,P,341,K,A
2149,P341L,-0.8426757438330046,PA341L,A.P.341.L,P,341,L,A
2150,P341M,-0.4195206571579918,PA341M,A.P.341.M,P,341,M,A
2151,P341N,-0.3988285856633955,PA341N,A.P.341.N,P,341,N,A
2152,P341P,0.5589520367578917,PA341P,A.P.341.P,P,341,P,A
2153,P341Q,-0.1838642290227476,PA341Q,A.P.341.Q,P,341,Q,A
2154,P341R,-0.5939383801686388,PA341R,A.P.341.R,P,341,R,A
2155,P341S,-0.2580812204307714,PA341S,A.P.341.S,P,341,S,A
2156,P341T,-0.3122024846693844,PA341T,A.P.341.T,P,341,T,A
2157,P341V,-0.3480899339157339,PA341V,A.P.341.V,P,341,V,A
2158,P341W,-0.7379136817963639,PA341W,A.P.341.W,P,341,W,A
2159,P341Y,-0.4118443005294514,PA341Y,A.P.341.Y,P,341,Y,A
2160,L342A,0.7577677014970987,LA342A,A.L.342.A,L,342,A,A
2161,L342C,1.116087071260239,LA342C,A.L.342.C,L,342,C,A
2162,L342D,0.646586222487929,LA342D,A.L.342.D,L,342,D,A
2163,L342E,0.4499426674473222,LA342E,A.L.342.E,L,342,E,A
2164,L342F,0.3468599170357178,LA342F,A.L.342.F,L,342,F,A
2165,L342G,1.187266830823736,LA342G,A.L.342.G,L,342,G,A
2166,L342H,0.3227309227525743,LA342H,A.L.342.H,L,342,H,A
2167,L342I,-0.0368728578418392,LA342I,A.L.342.I,L,342,I,A
2168,L342K,0.4679810879745261,LA342K,A.L.342.K,L,342,K,A
2169,L342L,-0.062317251447938,LA342L,A.L.342.L,L,342,L,A
2170,L342M,0.3625816893413014,LA342M,A.L.342.M,L,342,M,A
2171,L342N,0.5727948586890355,LA342N,A.L.342.N,L,342,N,A
2172,L342P,2.434124978375919,LA342P,A.L.342.P,L,342,P,A
2173,L342Q,0.6709412251281255,LA342Q,A.L.342.Q,L,342,Q,A
2174,L342R,0.3225882493249365,LA342R,A.L.342.R,L,342,R,A
2175,L342S,0.7951658852402432,LA342S,A.L.342.S,L,342,S,A
2176,L342T,0.4355909725366474,LA342T,A.L.342.T,L,342,T,A
2177,L342V,0.104507586868493,LA342V,A.L.342.V,L,342,V,A
2178,L342W,0.0844399534142242,LA342W,A.L.342.W,L,342,W,A
2179,L342Y,0.4281232238377769,LA342Y,A.L.342.Y,L,342,Y,A
2180,K343A,0.2042201985425135,KA343A,A.K.343.A,K,343,A,A
2181,K343C,0.9347027945225124,KA343C,A.K.343.C,K,343,C,A
2182,K343D,0.1364052001880306,KA343D,A.K.343.D,K,343,D,A
2183,K343E,-0.092438853562588,KA343E,A.K.343.E,K,343,E,A
2184,K343F,0.0045083393988759,KA343F,A.K.343.F,K,343,F,A
2185,K343G,0.8590352560956723,KA343G,A.K.343.G,K,343,G,A
2186,K343H,-0.1574129992047462,KA343H,A.K.343.H,K,343,H,A
2187,K343I,-0.2357390696138894,KA343I,A.K.343.I,K,343,I,A
2188,K343K,-0.0024027270863263,KA343K,A.K.343.K,K,343,K,A
2189,K343L,-0.302852485344357,KA343L,A.K.343.L,K,343,L,A
2190,K343M,0.0076696488945032,KA343M,A.K.343.M,K,343,M,A
2191,K343N,0.2309435752050487,KA343N,A.K.343.N,K,343,N,A
2192,K343P,0.4210341263245604,KA343P,A.K.343.P,K,343,P,A
2193,K343Q,0.2347990067445332,KA343Q,A.K.343.Q,K,343,Q,A
2194,K343R,-0.1798131091352384,KA343R,A.K.343.R,K,343,R,A
2195,K343S,0.24944275384225,KA343S,A.K.343.S,K,343,S,A
2196,K343T,0.1063748204869952,KA343T,A.K.343.T,K,343,T,A
2197,K343V,0.0048957757110296,KA343V,A.K.343.V,K,343,V,A
2198,K343W,-0.5382060005317069,KA343W,A.K.343.W,K,343,W,A
2199,K343Y,0.0224337205292046,KA343Y,A.K.343.Y,K,343,Y,A
2200,L344A,0.4414818935354409,LA344A,A.L.344.A,L,344,A,A
2201,L344C,0.965957063114718,LA344C,A.L.344.C,L,344,C,A
2202,L344D,0.2115892685347531,LA344D,A.L.344.D,L,344,D,A
2203,L344E,0.1170153051737887,LA344E,A.L.344.E,L,344,E,A
2204,L344F,0.1909424680415145,LA344F,A.L.344.F,L,344,F,A
2205,L344G,0.894266698260609,LA344G,A.L.344.G,L,344,G,A
2206,L344H,0.0173312362373251,LA344H,A.L.344.H,L,344,H,A
2207,L344I,0.0294846364947182,LA344I,A.L.344.I,L,344,I,A
2208,L344K,0.3415293703673266,LA344K,A.L.344.K,L,344,K,A
2209,L344L,-0.0536130606435997,LA344L,A.L.344.L,L,344,L,A
2210,L344M,0.1511727994777351,LA344M,A.L.344.M,L,344,M,A
2211,L344N,0.2702781604967513,LA344N,A.L.344.N,L,344,N,A
2212,L344P,0.7672861501401292,LA344P,A.L.344.P,L,344,P,A
2213,L344Q,0.3731116629136599,LA344Q,A.L.344.Q,L,344,Q,A
2214,L344R,0.1704145498393666,LA344R,A.L.344.R,L,344,R,A
2215,L344S,0.2944470780476738,LA344S,A.L.344.S,L,344,S,A
2216,L344T,0.2174796580210408,LA344T,A.L.344.T,L,344,T,A
2217,L344V,0.209319225828376,LA344V,A.L.344.V,L,344,V,A
2218,L344W,-0.0370163969477638,LA344W,A.L.344.W,L,344,W,A
2219,L344Y,0.2095976513168107,LA344Y,A.L.344.Y,L,344,Y,A
2220,D345A,0.7698432540970181,DA345A,A.D.345.A,D,345,A,A
2221,D345C,1.535358600483337,DA345C,A.D.345.C,D,345,C,A
2222,D345D,0.2968759798880577,DA345D,A.D.345.D,D,345,D,A
2223,D345E,0.2443951754450196,DA345E,A.D.345.E,D,345,E,A
2224,D345F,0.5581894727773126,DA345F,A.D.345.F,D,345,F,A
2225,D345G,1.279090323580492,DA345G,A.D.345.G,D,345,G,A
2226,D345H,0.2735487336592956,DA345H,A.D.345.H,D,345,H,A
2227,D345I,0.5514327665216076,DA345I,A.D.345.I,D,345,I,A
2228,D345K,0.5685904838135719,DA345K,A.D.345.K,D,345,K,A
2229,D345L,0.2485325696429197,DA345L,A.D.345.L,D,345,L,A
2230,D345M,0.5734241744771523,DA345M,A.D.345.M,D,345,M,A
2231,D345N,0.6002825993371527,DA345N,A.D.345.N,D,345,N,A
2232,D345P,1.0431879474035846,DA345P,A.D.345.P,D,345,P,A
2233,D345Q,0.7482162142563664,DA345Q,A.D.345.Q,D,345,Q,A
2234,D345R,0.599771672943222,DA345R,A.D.345.R,D,345,R,A
2235,D345S,0.6004548822923369,DA345S,A.D.345.S,D,345,S,A
2236,D345T,0.7146677879837284,DA345T,A.D.345.T,D,345,T,A
2237,D345V,0.6945636398997213,DA345V,A.D.345.V,D,345,V,A
2238,D345W,0.2131544629718373,DA345W,A.D.345.W,D,345,W,A
2239,D345Y,0.5613470175472293,DA345Y,A.D.345.Y,D,345,Y,A
2240,P346A,-0.2599634830299352,PA346A,A.P.346.A,P,346,A,A
2241,P346C,0.5082927581099458,PA346C,A.P.346.C,P,346,C,A
2242,P346D,-0.5001149213614647,PA346D,A.P.346.D,P,346,D,A
2243,P346E,-0.5143239292541624,PA346E,A.P.346.E,P,346,E,A
2244,P346F,-0.367237348722263,PA346F,A.P.346.F,P,346,F,A
2245,P346G,0.1756101673344062,PA346G,A.P.346.G,P,346,G,A
2246,P346H,-0.5582333070779311,PA346H,A.P.346.H,P,346,H,A
2247,P346I,-0.3504909880148332,PA346I,A.P.346.I,P,346,I,A
2248,P346K,-0.3762340108331652,PA346K,A.P.346.K,P,346,K,A
2249,P346L,-0.6855414967450296,PA346L,A.P.346.L,P,346,L,A
2250,P346M,-0.3363606685065801,PA346M,A.P.346.M,P,346,M,A
2251,P346N,-0.3698588126622532,PA346N,A.P.346.N,P,346,N,A
2252,P346P,0.0911480577775403,PA346P,A.P.346.P,P,346,P,A
2253,P346Q,-0.2025309147335857,PA346Q,A.P.346.Q,P,346,Q,A
2254,P346R,-0.4411180705198114,PA346R,A.P.346.R,P,346,R,A
2255,P346S,-0.3000000415831699,PA346S,A.P.346.S,P,346,S,A
2256,P346T,-0.3298960846447674,PA346T,A.P.346.T,P,346,T,A
2257,P346V,-0.2116331768692458,PA346V,A.P.346.V,P,346,V,A
2258,P346W,-0.6715453074023753,PA346W,A.P.346.W,P,346,W,A
2259,P346Y,-0.3156755673647021,PA346Y,A.P.346.Y,P,346,Y,A
2260,L347A,0.6441712544137829,LA347A,A.L.347.A,L,347,A,A
2261,L347C,1.0700113788718957,LA347C,A.L.347.C,L,347,C,A
2262,L347D,0.4260599321274805,LA347D,A.L.347.D,L,347,D,A
2263,L347E,0.3051929650263785,LA347E,A.L.347.E,L,347,E,A
2264,L347F,0.2279411494792665,LA347F,A.L.347.F,L,347,F,A
2265,L347G,1.240989888797387,LA347G,A.L.347.G,L,347,G,A
2266,L347H,0.1885183450542993,LA347H,A.L.347.H,L,347,H,A
2267,L347I,0.0205664438410468,LA347I,A.L.347.I,L,347,I,A
2268,L347K,0.3997054785124609,LA347K,A.L.347.K,L,347,K,A
2269,L347L,0.0021487175156004,LA347L,A.L.347.L,L,347,L,A
2270,L347M,0.2599445086274543,LA347M,A.L.347.M,L,347,M,A
2271,L347N,0.4073505149214507,LA347N,A.L.347.N,L,347,N,A
2272,L347P,1.3094273492948227,LA347P,A.L.347.P,L,347,P,A
2273,L347Q,0.53623119967035,LA347Q,A.L.347.Q,L,347,Q,A
2274,L347R,0.1927429301261574,LA347R,A.L.347.R,L,347,R,A
2275,L347S,0.5471925575219061,LA347S,A.L.347.S,L,347,S,A
2276,L347T,0.4204875877235492,LA347T,A.L.347.T,L,347,T,A
2277,L347V,0.209138210767375,LA347V,A.L.347.V,L,347,V,A
2278,L347W,0.0039493032493614,LA347W,A.L.347.W,L,347,W,A
2279,L347Y,0.3358594258420816,LA347Y,A.L.347.Y,L,347,Y,A
2280,G348A,0.2933161615025387,GA348A,A.G.348.A,G,348,A,A
2281,G348C,0.8758539723285427,GA348C,A.G.348.C,G,348,C,A
2282,G348D,-0.0740696498701243,GA348D,A.G.348.D,G,348,D,A
2283,G348E,0.0422124568136839,GA348E,A.G.348.E,G,348,E,A
2284,G348F,-0.0757840911783541,GA348F,A.G.348.F,G,348,F,A
2285,G348G,0.5151675292369995,GA348G,A.G.348.G,G,348,G,A
2286,G348H,-0.1787710119245694,GA348H,A.G.348.H,G,348,H,A
2287,G348I,0.2864795545667642,GA348I,A.G.348.I,G,348,I,A
2288,G348K,0.0458702111883052,GA348K,A.G.348.K,G,348,K,A
2289,G348L,-0.1867301628453582,GA348L,A.G.348.L,G,348,L,A
2290,G348M,0.0832918712835978,GA348M,A.G.348.M,G,348,M,A
2291,G348N,-0.0292777806550503,GA348N,A.G.348.N,G,348,N,A
2292,G348P,0.7054939053379755,GA348P,A.G.348.P,G,348,P,A
2293,G348Q,0.324033221483872,GA348Q,A.G.348.Q,G,348,Q,A
2294,G348R,-0.0330854622414572,GA348R,A.G.348.R,G,348,R,A
2295,G348S,0.1530413166241795,GA348S,A.G.348.S,G,348,S,A
2296,G348T,0.3461553231654163,GA348T,A.G.348.T,G,348,T,A
2297,G348V,0.3843465449210453,GA348V,A.G.348.V,G,348,V,A
2298,G348W,-0.2829361267828817,GA348W,A.G.348.W,G,348,W,A
2299,G348Y,0.0026447642080357,GA348Y,A.G.348.Y,G,348,Y,A
2300,P349A,0.009608749004869,PA349A,A.P.349.A,P,349,A,A
2301,P349C,0.6121900353994894,PA349C,A.P.349.C,P,349,C,A
2302,P349D,-0.2496173012121516,PA349D,A.P.349.D,P,349,D,A
2303,P349E,-0.2973748142418581,PA349E,A.P.349.E,P,349,E,A
2304,P349F,-0.2688718810651702,PA349F,A.P.349.F,P,349,F,A
2305,P349G,0.4306629122130195,PA349G,A.P.349.G,P,349,G,A
2306,P349H,-0.3905582400644181,PA349H,A.P.349.H,P,349,H,A
2307,P349I,-0.2215615050535169,PA349I,A.P.349.I,P,349,I,A
2308,P349K,-0.1341063880344983,PA349K,A.P.349.K,P,349,K,A
2309,P349L,-0.5675442073399839,PA349L,A.P.349.L,P,349,L,A
2310,P349M,-0.2903211429735747,PA349M,A.P.349.M,P,349,M,A
2311,P349N,-0.200080836295603,PA349N,A.P.349.N,P,349,N,A
2312,P349P,0.5223045967330566,PA349P,A.P.349.P,P,349,P,A
2313,P349Q,0.0127354888381381,PA349Q,A.P.349.Q,P,349,Q,A
2314,P349R,-0.2621337728995265,PA349R,A.P.349.R,P,349,R,A
2315,P349S,-0.0409494187730141,PA349S,A.P.349.S,P,349,S,A
2316,P349T,-0.0784814626580115,PA349T,A.P.349.T,P,349,T,A
2317,P349V,-0.1098802031574802,PA349V,A.P.349.V,P,349,V,A
2318,P349W,-0.7124154279178802,PA349W,A.P.349.W,P,349,W,A
2319,P349Y,-0.2138323694454569,PA349Y,A.P.349.Y,P,349,Y,A
2320,L350A,0.6278938679124099,LA350A,A.L.350.A,L,350,A,A
2321,L350C,1.068663215132797,LA350C,A.L.350.C,L,350,C,A
2322,L350D,0.4088444937116614,LA350D,A.L.350.D,L,350,D,A
2323,L350E,0.2096515706361951,LA350E,A.L.350.E,L,350,E,A
2324,L350F,0.330574182233152,LA350F,A.L.350.F,L,350,F,A
2325,L350G,1.0780231470804216,LA350G,A.L.350.G,L,350,G,A
2326,L350H,0.2085772825073778,LA350H,A.L.350.H,L,350,H,A
2327,L350I,-0.0042378408727439,LA350I,A.L.350.I,L,350,I,A
2328,L350K,0.3295495156721773,LA350K,A.L.350.K,L,350,K,A
2329,L350L,-0.0252441481397874,LA350L,A.L.350.L,L,350,L,A
2330,L350M,0.3183854339592401,LA350M,A.L.350.M,L,350,M,A
2331,L350N,0.3755551850088101,LA350N,A.L.350.N,L,350,N,A
2332,L350P,1.032045963720964,LA350P,A.L.350.P,L,350,P,A
2333,L350Q,0.4985231741144608,LA350Q,A.L.350.Q,L,350,Q,A
2334,L350R,0.185522007397032,LA350R,A.L.350.R,L,350,R,A
2335,L350S,0.4781451816268856,LA350S,A.L.350.S,L,350,S,A
2336,L350T,0.3752948612689555,LA350T,A.L.350.T,L,350,T,A
2337,L350V,0.1647562487531739,LA350V,A.L.350.V,L,350,V,A
2338,L350W,0.0269856048083,LA350W,A.L.350.W,L,350,W,A
2339,L350Y,0.4112805982846118,LA350Y,A.L.350.Y,L,350,Y,A
2340,A351A,-0.1266219274129759,AA351A,A.A.351.A,A,351,A,A
2341,A351C,0.5656901912428103,AA351C,A.A.351.C,A,351,C,A
2342,A351D,-0.3933721937395623,AA351D,A.A.351.D,A,351,D,A
2343,A351E,-0.5180543098032636,AA351E,A.A.351.E,A,351,E,A
2344,A351F,-0.4560643538717168,AA351F,A.A.351.F,A,351,F,A
2345,A351G,0.3313826551586085,AA351G,A.A.351.G,A,351,G,A
2346,A351H,-0.4795595882482717,AA351H,A.A.351.H,A,351,H,A
2347,A351I,-0.3165527608352908,AA351I,A.A.351.I,A,351,I,A
2348,A351K,-0.3164707200519401,AA351K,A.A.351.K,A,351,K,A
2349,A351L,-0.6837190037240731,AA351L,A.A.351.L,A,351,L,A
2350,A351M,-0.3887987535048803,AA351M,A.A.351.M,A,351,M,A
2351,A351N,-0.2274430260774618,AA351N,A.A.351.N,A,351,N,A
2352,A351P,-0.1520088786970408,AA351P,A.A.351.P,A,351,P,A
2353,A351Q,-0.1905681191296715,AA351Q,A.A.351.Q,A,351,Q,A
2354,A351R,-0.3503090667745667,AA351R,A.A.351.R,A,351,R,A
2355,A351S,-0.245188718249022,AA351S,A.A.351.S,A,351,S,A
2356,A351T,-0.2363701194136047,AA351T,A.A.351.T,A,351,T,A
2357,A351V,-0.1316614789726156,AA351V,A.A.351.V,A,351,V,A
2358,A351W,-0.8096674726699921,AA351W,A.A.351.W,A,351,W,A
2359,A351Y,-0.4520334888820404,AA351Y,A.A.351.Y,A,351,Y,A
2360,S352A,0.3478920547899222,SA352A,A.S.352.A,S,352,A,A
2361,S352C,0.8570390620795787,SA352C,A.S.352.C,S,352,C,A
2362,S352D,-0.1264587467551092,SA352D,A.S.352.D,S,352,D,A
2363,S352E,0.0010754433003384,SA352E,A.S.352.E,S,352,E,A
2364,S352F,-0.0717007150096649,SA352F,A.S.352.F,S,352,F,A
2365,S352G,0.4962783409935711,SA352G,A.S.352.G,S,352,G,A
2366,S352H,-0.2234369457742369,SA352H,A.S.352.H,S,352,H,A
2367,S352I,0.0882711994503715,SA352I,A.S.352.I,S,352,I,A
2368,S352K,-0.0591360060640999,SA352K,A.S.352.K,S,352,K,A
2369,S352L,-0.3876682203142395,SA352L,A.S.352.L,S,352,L,A
2370,S352M,-0.0419141807780659,SA352M,A.S.352.M,S,352,M,A
2371,S352N,-0.2017737674364694,SA352N,A.S.352.N,S,352,N,A
2372,S352P,4.378539720859511,SA352P,A.S.352.P,S,352,P,A
2373,S352Q,0.2084401480999931,SA352Q,A.S.352.Q,S,352,Q,A
2374,S352R,-0.2111638504433965,SA352R,A.S.352.R,S,352,R,A
2375,S352S,0.3050556991918773,SA352S,A.S.352.S,S,352,S,A
2376,S352T,0.3522628887203127,SA352T,A.S.352.T,S,352,T,A
2377,S352V,0.2847170274003058,SA352V,A.S.352.V,S,352,V,A
2378,S352W,-0.4744584394433926,SA352W,A.S.352.W,S,352,W,A
2379,S352Y,0.0760058652819978,SA352Y,A.S.352.Y,S,352,Y,A
2380,E353A,0.1930908762824357,EA353A,A.E.353.A,E,353,A,A
2381,E353C,0.705096063475645,EA353C,A.E.353.C,E,353,C,A
2382,E353D,-0.0251176077136189,EA353D,A.E.353.D,E,353,D,A
2383,E353E,-0.0836464168860595,EA353E,A.E.353.E,E,353,E,A
2384,E353F,-0.3933067423528946,EA353F,A.E.353.F,E,353,F,A
2385,E353G,0.8417343791787546,EA353G,A.E.353.G,E,353,G,A
2386,E353H,-0.3095262951455441,EA353H,A.E.353.H,E,353,H,A
2387,E353I,-0.4401997273194763,EA353I,A.E.353.I,E,353,I,A
2388,E353K,0.0165233366098138,EA353K,A.E.353.K,E,353,K,A
2389,E353L,-0.4935890931394515,EA353L,A.E.353.L,E,353,L,A
2390,E353M,-0.0832126885600514,EA353M,A.E.353.M,E,353,M,A
2391,E353N,-0.0692722098977188,EA353N,A.E.353.N,E,353,N,A
2392,E353P,1.587977265829797,EA353P,A.E.353.P,E,353,P,A
2393,E353Q,0.196750058832642,EA353Q,A.E.353.Q,E,353,Q,A
2394,E353R,-0.1305467172133528,EA353R,A.E.353.R,E,353,R,A
2395,E353S,0.197595860911407,EA353S,A.E.353.S,E,353,S,A
2396,E353T,-0.0492450315546266,EA353T,A.E.353.T,E,353,T,A
2397,E353V,-0.2977619619394728,EA353V,A.E.353.V,E,353,V,A
2398,E353W,-0.6086346028097522,EA353W,A.E.353.W,E,353,W,A
2399,E353Y,-0.3301531281885383,EA353Y,A.E.353.Y,E,353,Y,A
2400,V354A,0.1819130970680543,VA354A,A.V.354.A,V,354,A,A
2401,V354C,0.4827072005266658,VA354C,A.V.354.C,V,354,C,A
2402,V354D,-0.3843510486167717,VA354D,A.V.354.D,V,354,D,A
2403,V354E,-0.2539356087583017,VA354E,A.V.354.E,V,354,E,A
2404,V354F,-0.2354207107498562,VA354F,A.V.354.F,V,354,F,A
2405,V354G,0.2421526447061289,VA354G,A.V.354.G,V,354,G,A
2406,V354H,-0.4096212619865697,VA354H,A.V.354.H,V,354,H,A
2407,V354I,-0.0282834220672401,VA354I,A.V.354.I,V,354,I,A
2408,V354K,-0.1986493329902983,VA354K,A.V.354.K,V,354,K,A
2409,V354L,-0.54696320122468,VA354L,A.V.354.L,V,354,L,A
2410,V354M,-0.2529648856126698,VA354M,A.V.354.M,V,354,M,A
2411,V354N,-0.3848311011342237,VA354N,A.V.354.N,V,354,N,A
2412,V354P,2.0877325652479515,VA354P,A.V.354.P,V,354,P,A
2413,V354Q,0.0061854639311215,VA354Q,A.V.354.Q,V,354,Q,A
2414,V354R,-0.2519217426039555,VA354R,A.V.354.R,V,354,R,A
2415,V354S,0.0106685696493502,VA354S,A.V.354.S,V,354,S,A
2416,V354T,0.0636846173464183,VA354T,A.V.354.T,V,354,T,A
2417,V354V,0.0161861140686425,VA354V,A.V.354.V,V,354,V,A
2418,V354W,-0.4580667211812533,VA354W,A.V.354.W,V,354,W,A
2419,V354Y,-0.182331792835767,VA354Y,A.V.354.Y,V,354,Y,A
2420,C355A,-0.5026150037104021,CA355A,A.C.355.A,C,355,A,A
2421,C355C,-0.1085051337262277,CA355C,A.C.355.C,C,355,C,A
2422,C355D,-0.7719372233185845,CA355D,A.C.355.D,C,355,D,A
2423,C355E,-0.7016655025668694,CA355E,A.C.355.E,C,355,E,A
2424,C355F,-0.9150529603138464,CA355F,A.C.355.F,C,355,F,A
2425,C355G,-0.2080321163550524,CA355G,A.C.355.G,C,355,G,A
2426,C355H,-1.043740390960513,CA355H,A.C.355.H,C,355,H,A
2427,C355I,-0.8033191968398301,CA355I,A.C.355.I,C,355,I,A
2428,C355K,-0.6720088939110774,CA355K,A.C.355.K,C,355,K,A
2429,C355L,-1.291251818596848,CA355L,A.C.355.L,C,355,L,A
2430,C355M,-0.8108715484392104,CA355M,A.C.355.M,C,355,M,A
2431,C355N,-0.7958918874332632,CA355N,A.C.355.N,C,355,N,A
2432,C355P,0.533621509014397,CA355P,A.C.355.P,C,355,P,A
2433,C355Q,-0.5184761579992064,CA355Q,A.C.355.Q,C,355,Q,A
2434,C355R,-0.9050086870498752,CA355R,A.C.355.R,C,355,R,A
2435,C355S,-0.5765697665387853,CA355S,A.C.355.S,C,355,S,A
2436,C355T,-0.6327281360645165,CA355T,A.C.355.T,C,355,T,A
2437,C355V,-0.6632676021145179,CA355V,A.C.355.V,C,355,V,A
2438,C355W,-1.214585089926748,CA355W,A.C.355.W,C,355,W,A
2439,C355Y,-0.7692219808106532,CA355Y,A.C.355.Y,C,355,Y,A
2440,Q356A,0.1303864203397664,QA356A,A.Q.356.A,Q,356,A,A
2441,Q356C,0.4626349921511247,QA356C,A.Q.356.C,Q,356,C,A
2442,Q356D,-0.2747156581375759,QA356D,A.Q.356.D,Q,356,D,A
2443,Q356E,-0.3366838148846446,QA356E,A.Q.356.E,Q,356,E,A
2444,Q356F,-0.4310698302259147,QA356F,A.Q.356.F,Q,356,F,A
2445,Q356G,0.4372821008566208,QA356G,A.Q.356.G,Q,356,G,A
2446,Q356H,-0.5253081413975424,QA356H,A.Q.356.H,Q,356,H,A
2447,Q356I,-0.4178692180965193,QA356I,A.Q.356.I,Q,356,I,A
2448,Q356K,-0.391510656955345,QA356K,A.Q.356.K,Q,356,K,A
2449,Q356L,-0.733483559200801,QA356L,A.Q.356.L,Q,356,L,A
2450,Q356M,-0.339284099147682,QA356M,A.Q.356.M,Q,356,M,A
2451,Q356N,-0.3248187960254889,QA356N,A.Q.356.N,Q,356,N,A
2452,Q356P,2.331236943117656,QA356P,A.Q.356.P,Q,356,P,A
2453,Q356Q,-0.0763146235827977,QA356Q,A.Q.356.Q,Q,356,Q,A
2454,Q356R,-0.5162233430409302,QA356R,A.Q.356.R,Q,356,R,A
2455,Q356S,-0.0077944532090046,QA356S,A.Q.356.S,Q,356,S,A
2456,Q356T,-0.0921632382747872,QA356T,A.Q.356.T,Q,356,T,A
2457,Q356V,-0.3498555434298311,QA356V,A.Q.356.V,Q,356,V,A
2458,Q356W,-0.675341785943262,QA356W,A.Q.356.W,Q,356,W,A
2459,Q356Y,-0.3480962739484827,QA356Y,A.Q.356.Y,Q,356,Y,A
2460,Q357A,0.2910894606255504,QA357A,A.Q.357.A,Q,357,A,A
2461,Q357C,0.7317772319272253,QA357C,A.Q.357.C,Q,357,C,A
2462,Q357D,0.0490966019667982,QA357D,A.Q.357.D,Q,357,D,A
2463,Q357E,-0.0469881078171174,QA357E,A.Q.357.E,Q,357,E,A
2464,Q357F,-0.4732934074478662,QA357F,A.Q.357.F,Q,357,F,A
2465,Q357G,1.023944926664766,QA357G,A.Q.357.G,Q,357,G,A
2466,Q357H,-0.2175965862060691,QA357H,A.Q.357.H,Q,357,H,A
2467,Q357I,-0.6756778511254863,QA357I,A.Q.357.I,Q,357,I,A
2468,Q357K,0.0440956256794583,QA357K,A.Q.357.K,Q,357,K,A
2469,Q357L,-0.6665897866369108,QA357L,A.Q.357.L,Q,357,L,A
2470,Q357M,-0.2577395013943367,QA357M,A.Q.357.M,Q,357,M,A
2471,Q357N,0.1088090361225824,QA357N,A.Q.357.N,Q,357,N,A
2472,Q357P,1.9363137410223208,QA357P,A.Q.357.P,Q,357,P,A
2473,Q357Q,0.1638911960784667,QA357Q,A.Q.357.Q,Q,357,Q,A
2474,Q357R,-0.2105335527026836,QA357R,A.Q.357.R,Q,357,R,A
2475,Q357S,0.3737089710679259,QA357S,A.Q.357.S,Q,357,S,A
2476,Q357T,-0.0411480172937162,QA357T,A.Q.357.T,Q,357,T,A
2477,Q357V,-0.4064029890044679,QA357V,A.Q.357.V,Q,357,V,A
2478,Q357W,-0.7054036354527421,QA357W,A.Q.357.W,Q,357,W,A
2479,Q357Y,-0.3355618269393351,QA357Y,A.Q.357.Y,Q,357,Y,A
2480,P358A,-0.0590823429505382,PA358A,A.P.358.A,P,358,A,A
2481,P358C,0.4569313488898741,PA358C,A.P.358.C,P,358,C,A
2482,P358D,-0.4314822533972645,PA358D,A.P.358.D,P,358,D,A
2483,P358E,-0.5163183249190711,PA358E,A.P.358.E,P,358,E,A
2484,P358F,-0.4308079879431331,PA358F,A.P.358.F,P,358,F,A
2485,P358G,0.2653645396390253,PA358G,A.P.358.G,P,358,G,A
2486,P358H,-0.5966418371231119,PA358H,A.P.358.H,P,358,H,A
2487,P358I,-0.4264673414699943,PA358I,A.P.358.I,P,358,I,A
2488,P358K,-0.4184988204456746,PA358K,A.P.358.K,P,358,K,A
2489,P358L,-0.6887366788669258,PA358L,A.P.358.L,P,358,L,A
2490,P358M,-0.3086507547666528,PA358M,A.P.358.M,P,358,M,A
2491,P358N,-0.3759643785064254,PA358N,A.P.358.N,P,358,N,A
2492,P358P,1.5093259451342829,PA358P,A.P.358.P,P,358,P,A
2493,P358Q,-0.1696076267669272,PA358Q,A.P.358.Q,P,358,Q,A
2494,P358R,-0.4569854908298831,PA358R,A.P.358.R,P,358,R,A
2495,P358S,-0.149896533792202,PA358S,A.P.358.S,P,358,S,A
2496,P358T,-0.1495624247610055,PA358T,A.P.358.T,P,358,T,A
2497,P358V,-0.2996467249587986,PA358V,A.P.358.V,P,358,V,A
2498,P358W,-0.7358753222466119,PA358W,A.P.358.W,P,358,W,A
2499,P358Y,-0.3479187565851527,PA358Y,A.P.358.Y,P,358,Y,A
2500,V359A,0.5591687146802082,VA359A,A.V.359.A,V,359,A,A
2501,V359C,0.899376855600765,VA359C,A.V.359.C,V,359,C,A
2502,V359D,0.2477180955084046,VA359D,A.V.359.D,V,359,D,A
2503,V359E,0.2293782041598174,VA359E,A.V.359.E,V,359,E,A
2504,V359F,-0.4289044652452367,VA359F,A.V.359.F,V,359,F,A
2505,V359G,1.0093265090620906,VA359G,A.V.359.G,V,359,G,A
2506,V359H,-0.1824974597047257,VA359H,A.V.359.H,V,359,H,A
2507,V359I,-0.4233592510077105,VA359I,A.V.359.I,V,359,I,A
2508,V359K,0.2099037208242815,VA359K,A.V.359.K,V,359,K,A
2509,V359L,-0.4993104539305726,VA359L,A.V.359.L,V,359,L,A
2510,V359M,-0.0781496086690869,VA359M,A.V.359.M,V,359,M,A
2511,V359N,0.1721605693333444,VA359N,A.V.359.N,V,359,N,A
2512,V359P,2.540440855162632,VA359P,A.V.359.P,V,359,P,A
2513,V359Q,0.3011552482677648,VA359Q,A.V.359.Q,V,359,Q,A
2514,V359R,-0.0883296455983323,VA359R,A.V.359.R,V,359,R,A
2515,V359S,0.5386033540100088,VA359S,A.V.359.S,V,359,S,A
2516,V359T,0.3008147559654572,VA359T,A.V.359.T,V,359,T,A
2517,V359V,-0.2143524785512718,VA359V,A.V.359.V,V,359,V,A
2518,V359W,-0.5078680810387431,VA359W,A.V.359.W,V,359,W,A
2519,V359Y,-0.275209209321372,VA359Y,A.V.359.Y,V,359,Y,A
2520,Y360A,0.571210222269283,YA360A,A.Y.360.A,Y,360,A,A
2521,Y360C,1.0771148992587154,YA360C,A.Y.360.C,Y,360,C,A
2522,Y360D,0.172065840114165,YA360D,A.Y.360.D,Y,360,D,A
2523,Y360E,0.1504029144900781,YA360E,A.Y.360.E,Y,360,E,A
2524,Y360F,0.0057606968511969,YA360F,A.Y.360.F,Y,360,F,A
2525,Y360G,1.0257479361733812,YA360G,A.Y.360.G,Y,360,G,A
2526,Y360H,0.0288059957162306,YA360H,A.Y.360.H,Y,360,H,A
2527,Y360I,-0.0368059448153396,YA360I,A.Y.360.I,Y,360,I,A
2528,Y360K,0.2555081362429284,YA360K,A.Y.360.K,Y,360,K,A
2529,Y360L,-0.1208934750540208,YA360L,A.Y.360.L,Y,360,L,A
2530,Y360M,0.2734042731551211,YA360M,A.Y.360.M,Y,360,M,A
2531,Y360N,0.3217552548203767,YA360N,A.Y.360.N,Y,360,N,A
2532,Y360P,3.364158137927733,YA360P,A.Y.360.P,Y,360,P,A
2533,Y360Q,0.513267542629457,YA360Q,A.Y.360.Q,Y,360,Q,A
2534,Y360R,0.1825631390722876,YA360R,A.Y.360.R,Y,360,R,A
2535,Y360S,0.5979017240554038,YA360S,A.Y.360.S,Y,360,S,A
2536,Y360T,0.4583743483791319,YA360T,A.Y.360.T,Y,360,T,A
2537,Y360V,0.1598264663457582,YA360V,A.Y.360.V,Y,360,V,A
2538,Y360W,-0.2111427878749427,YA360W,A.Y.360.W,Y,360,W,A
2539,Y360Y,0.0588682369698362,YA360Y,A.Y.360.Y,Y,360,Y,A
2540,I361A,1.6859713245847603,IA361A,A.I.361.A,I,361,A,A
2541,I361C,1.88590482765054,IA361C,A.I.361.C,I,361,C,A
2542,I361D,1.425246202222796,IA361D,A.I.361.D,I,361,D,A
2543,I361E,1.2990331836714903,IA361E,A.I.361.E,I,361,E,A
2544,I361F,0.6986014417721966,IA361F,A.I.361.F,I,361,F,A
2545,I361G,2.3560714405168723,IA361G,A.I.361.G,I,361,G,A
2546,I361H,1.053064867231332,IA361H,A.I.361.H,I,361,H,A
2547,I361I,0.5424899929115101,IA361I,A.I.361.I,I,361,I,A
2548,I361K,1.2215795042626636,IA361K,A.I.361.K,I,361,K,A
2549,I361L,0.6246907197044884,IA361L,A.I.361.L,I,361,L,A
2550,I361M,1.042805899083996,IA361M,A.I.361.M,I,361,M,A
2551,I361N,1.2655052241146103,IA361N,A.I.361.N,I,361,N,A
2552,I361P,3.743011531857481,IA361P,A.I.361.P,I,361,P,A
2553,I361Q,1.4444444916893755,IA361Q,A.I.361.Q,I,361,Q,A
2554,I361R,1.0662212921658247,IA361R,A.I.361.R,I,361,R,A
2555,I361S,1.726257672712432,IA361S,A.I.361.S,I,361,S,A
2556,I361T,1.5262634038306546,IA361T,A.I.361.T,I,361,T,A
2557,I361V,0.8103879931501823,IA361V,A.I.361.V,I,361,V,A
2558,I361W,0.4388661331556609,IA361W,A.I.361.W,I,361,W,A
2559,I361Y,0.884240297868934,IA361Y,A.I.361.Y,I,361,Y,A
2560,P362A,-0.004965213211921,PA362A,A.P.362.A,P,362,A,A
2561,P362C,0.6312635869479583,PA362C,A.P.362.C,P,362,C,A
2562,P362D,-0.5909983646233524,PA362D,A.P.362.D,P,362,D,A
2563,P362E,-0.4508554490650163,PA362E,A.P.362.E,P,362,E,A
2564,P362F,-0.3136171230132012,PA362F,A.P.362.F,P,362,F,A
2565,P362G,0.3359094672251606,PA362G,A.P.362.G,P,362,G,A
2566,P362H,-0.561536497984168,PA362H,A.P.362.H,P,362,H,A
2567,P362I,-0.2510502114463731,PA362I,A.P.362.I,P,362,I,A
2568,P362K,-0.3242688837707119,PA362K,A.P.362.K,P,362,K,A
2569,P362L,-0.4984362101960754,PA362L,A.P.362.L,P,362,L,A
2570,P362M,-0.1802675783156115,PA362M,A.P.362.M,P,362,M,A
2571,P362N,-0.3906028369397679,PA362N,A.P.362.N,P,362,N,A
2572,P362P,0.4419040650116801,PA362P,A.P.362.P,P,362,P,A
2573,P362Q,-0.0962774121805382,PA362Q,A.P.362.Q,P,362,Q,A
2574,P362R,-0.4140151576709661,PA362R,A.P.362.R,P,362,R,A
2575,P362S,-0.1134371204746581,PA362S,A.P.362.S,P,362,S,A
2576,P362T,-0.0693933813002761,PA362T,A.P.362.T,P,362,T,A
2577,P362V,-0.077434010858417,PA362V,A.P.362.V,P,362,V,A
2578,P362W,-0.6456140781502773,PA362W,A.P.362.W,P,362,W,A
2579,P362Y,-0.2776909490724627,PA362Y,A.P.362.Y,P,362,Y,A
2580,K363A,0.1519342467132489,KA363A,A.K.363.A,K,363,A,A
2581,K363C,0.5871769026239648,KA363C,A.K.363.C,K,363,C,A
2582,K363D,-0.0524802096620369,KA363D,A.K.363.D,K,363,D,A
2583,K363E,-0.112188007750838,KA363E,A.K.363.E,K,363,E,A
2584,K363F,-0.3690880411578984,KA363F,A.K.363.F,K,363,F,A
2585,K363G,0.5528815976271145,KA363G,A.K.363.G,K,363,G,A
2586,K363H,-0.3439362896204878,KA363H,A.K.363.H,K,363,H,A
2587,K363I,-0.5164821325551328,KA363I,A.K.363.I,K,363,I,A
2588,K363K,-0.0572388768182852,KA363K,A.K.363.K,K,363,K,A
2589,K363L,-0.6199901604741809,KA363L,A.K.363.L,K,363,L,A
2590,K363M,-0.2644861398197745,KA363M,A.K.363.M,K,363,M,A
2591,K363N,-0.1359021654435754,KA363N,A.K.363.N,K,363,N,A
2592,K363P,1.7591917390404457,KA363P,A.K.363.P,K,363,P,A
2593,K363Q,0.0482398460870903,KA363Q,A.K.363.Q,K,363,Q,A
2594,K363R,-0.3345288370528759,KA363R,A.K.363.R,K,363,R,A
2595,K363S,0.0873779149188713,KA363S,A.K.363.S,K,363,S,A
2596,K363T,-0.1001877067602641,KA363T,A.K.363.T,K,363,T,A
2597,K363V,-0.469411778015506,KA363V,A.K.363.V,K,363,V,A
2598,K363W,-0.6515857128966823,KA363W,A.K.363.W,K,363,W,A
2599,K363Y,-0.3018353793022332,KA363Y,A.K.363.Y,K,363,Y,A
2600,K364A,0.2393289336890292,KA364A,A.K.364.A,K,364,A,A
2601,K364C,0.788613430570046,KA364C,A.K.364.C,K,364,C,A
2602,K364D,-0.1182391158964385,KA364D,A.K.364.D,K,364,D,A
2603,K364E,-0.0926268797834645,KA364E,A.K.364.E,K,364,E,A
2604,K364F,-0.069166559558827,KA364F,A.K.364.F,K,364,F,A
2605,K364G,0.5612139902951171,KA364G,A.K.364.G,K,364,G,A
2606,K364H,-0.1357138404437574,KA364H,A.K.364.H,K,364,H,A
2607,K364I,-0.2310379573925702,KA364I,A.K.364.I,K,364,I,A
2608,K364K,-0.0428193307651769,KA364K,A.K.364.K,K,364,K,A
2609,K364L,-0.3676929516153254,KA364L,A.K.364.L,K,364,L,A
2610,K364M,0.0234166702901506,KA364M,A.K.364.M,K,364,M,A
2611,K364N,-0.0257815097884039,KA364N,A.K.364.N,K,364,N,A
2612,K364P,1.7145298945638312,KA364P,A.K.364.P,K,364,P,A
2613,K364Q,0.1970165353413339,KA364Q,A.K.364.Q,K,364,Q,A
2614,K364R,-0.1358680808382867,KA364R,A.K.364.R,K,364,R,A
2615,K364S,0.125683568700336,KA364S,A.K.364.S,K,364,S,A
2616,K364T,0.1217541790108078,KA364T,A.K.364.T,K,364,T,A
2617,K364V,-0.1432873612669011,KA364V,A.K.364.V,K,364,V,A
2618,K364W,-0.3199508471358003,KA364W,A.K.364.W,K,364,W,A
2619,K364Y,-0.006237235422995,KA364Y,A.K.364.Y,K,364,Y,A
2620,A365A,-0.1707301968983543,AA365A,A.A.365.A,A,365,A,A
2621,A365C,0.286875485785435,AA365C,A.A.365.C,A,365,C,A
2622,A365D,-0.3780108667791509,AA365D,A.A.365.D,A,365,D,A
2623,A365E,-0.4312196926376693,AA365E,A.A.365.E,A,365,E,A
2624,A365F,-0.6385966028390727,AA365F,A.A.365.F,A,365,F,A
2625,A365G,0.4084215962970583,AA365G,A.A.365.G,A,365,G,A
2626,A365H,-0.6648896002766824,AA365H,A.A.365.H,A,365,H,A
2627,A365I,-0.7792119092751515,AA365I,A.A.365.I,A,365,I,A
2628,A365K,-0.4172898829623506,AA365K,A.A.365.K,A,365,K,A
2629,A365L,-0.8029528371294709,AA365L,A.A.365.L,A,365,L,A
2630,A365M,-0.4688933047082888,AA365M,A.A.365.M,A,365,M,A
2631,A365N,-0.4488936370973012,AA365N,A.A.365.N,A,365,N,A
2632,A365P,1.6352426289472524,AA365P,A.A.365.P,A,365,P,A
2633,A365Q,-0.288555666657953,AA365Q,A.A.365.Q,A,365,Q,A
2634,A365R,-0.6968850899678408,AA365R,A.A.365.R,A,365,R,A
2635,A365S,-0.2156836576290521,AA365S,A.A.365.S,A,365,S,A
2636,A365T,-0.4781901847431358,AA365T,A.A.365.T,A,365,T,A
2637,A365V,-0.6625975832016578,AA365V,A.A.365.V,A,365,V,A
2638,A365W,-0.9002202157281358,AA365W,A.A.365.W,A,365,W,A
2639,A365Y,-0.5532850663992372,AA365Y,A.A.365.Y,A,365,Y,A
2640,A366A,-0.1956775206012201,AA366A,A.A.366.A,A,366,A,A
2641,A366C,0.4158256663778509,AA366C,A.A.366.C,A,366,C,A
2642,A366D,-0.4705759566996337,AA366D,A.A.366.D,A,366,D,A
2643,A366E,-0.4989947660924576,AA366E,A.A.366.E,A,366,E,A
2644,A366F,-0.2918906621577788,AA366F,A.A.366.F,A,366,F,A
2645,A366G,0.2755477994527183,AA366G,A.A.366.G,A,366,G,A
2646,A366H,-0.4805791678775739,AA366H,A.A.366.H,A,366,H,A
2647,A366I,-0.3824147185460547,AA366I,A.A.366.I,A,366,I,A
2648,A366K,-0.3938898903696108,AA366K,A.A.366.K,A,366,K,A
2649,A366L,-0.5453279448369464,AA366L,A.A.366.L,A,366,L,A
2650,A366M,-0.2855131142034367,AA366M,A.A.366.M,A,366,M,A
2651,A366N,-0.2739771056715184,AA366N,A.A.366.N,A,366,N,A
2652,A366P,0.0561840500620175,AA366P,A.A.366.P,A,366,P,A
2653,A366Q,-0.2170798291239761,AA366Q,A.A.366.Q,A,366,Q,A
2654,A366R,-0.461229295227662,AA366R,A.A.366.R,A,366,R,A
2655,A366S,-0.352946889816077,AA366S,A.A.366.S,A,366,S,A
2656,A366T,-0.3320633988219651,AA366T,A.A.366.T,A,366,T,A
2657,A366V,-0.3522444443102179,AA366V,A.A.366.V,A,366,V,A
2658,A366W,-0.627882787792925,AA366W,A.A.366.W,A,366,W,A
2659,A366Y,-0.2746508795300084,AA366Y,A.A.366.Y,A,366,Y,A
2660,S367A,0.1546676978885891,SA367A,A.S.367.A,S,367,A,A
2661,S367C,0.6599364679701747,SA367C,A.S.367.C,S,367,C,A
2662,S367D,-0.1950255982883375,SA367D,A.S.367.D,S,367,D,A
2663,S367E,0.0235573129684091,SA367E,A.S.367.E,S,367,E,A
2664,S367F,-0.1299925637662752,SA367F,A.S.367.F,S,367,F,A
2665,S367G,0.2008559321433622,SA367G,A.S.367.G,S,367,G,A
2666,S367H,-0.374374283248024,SA367H,A.S.367.H,S,367,H,A
2667,S367I,0.2791260912791482,SA367I,A.S.367.I,S,367,I,A
2668,S367K,-0.0489377234383486,SA367K,A.S.367.K,S,367,K,A
2669,S367L,-0.5123017713276812,SA367L,A.S.367.L,S,367,L,A
2670,S367M,-0.0108896755870818,SA367M,A.S.367.M,S,367,M,A
2671,S367N,-0.3041936839334469,SA367N,A.S.367.N,S,367,N,A
2672,S367P,3.54931524265409,SA367P,A.S.367.P,S,367,P,A
2673,S367Q,0.292067878639704,SA367Q,A.S.367.Q,S,367,Q,A
2674,S367R,-0.1318739895438136,SA367R,A.S.367.R,S,367,R,A
2675,S367S,0.1542010458457438,SA367S,A.S.367.S,S,367,S,A
2676,S367T,0.3648595200145621,SA367T,A.S.367.T,S,367,T,A
2677,S367V,0.2658275388899028,SA367V,A.S.367.V,S,367,V,A
2678,S367W,-0.3755340962525538,SA367W,A.S.367.W,S,367,W,A
2679,S367Y,0.0029574348540395,SA367Y,A.S.367.Y,S,367,Y,A
2680,K368A,0.1151483260482688,KA368A,A.K.368.A,K,368,A,A
2681,K368C,0.615883446094353,KA368C,A.K.368.C,K,368,C,A
2682,K368D,-0.1776969314302828,KA368D,A.K.368.D,K,368,D,A
2683,K368E,-0.1286576615234103,KA368E,A.K.368.E,K,368,E,A
2684,K368F,-0.0064249128037402,KA368F,A.K.368.F,K,368,F,A
2685,K368G,0.3575438014613546,KA368G,A.K.368.G,K,368,G,A
2686,K368H,-0.2127659972635132,KA368H,A.K.368.H,K,368,H,A
2687,K368I,-0.2495493531259451,KA368I,A.K.368.I,K,368,I,A
2688,K368K,-0.0428214443285401,KA368K,A.K.368.K,K,368,K,A
2689,K368L,-0.4524071339970131,KA368L,A.K.368.L,K,368,L,A
2690,K368M,-0.139708971165835,KA368M,A.K.368.M,K,368,M,A
2691,K368N,-0.0838829164446253,KA368N,A.K.368.N,K,368,N,A
2692,K368P,0.5110696537929271,KA368P,A.K.368.P,K,368,P,A
2693,K368Q,0.1071699861683905,KA368Q,A.K.368.Q,K,368,Q,A
2694,K368R,-0.1847467805859803,KA368R,A.K.368.R,K,368,R,A
2695,K368S,-0.0234777380134881,KA368S,A.K.368.S,K,368,S,A
2696,K368T,-0.0429894757213944,KA368T,A.K.368.T,K,368,T,A
2697,K368V,-0.1811629269822845,KA368V,A.K.368.V,K,368,V,A
2698,K368W,-0.2890137190015868,KA368W,A.K.368.W,K,368,W,A
2699,K368Y,0.0773806568961377,KA368Y,A.K.368.Y,K,368,Y,A
2700,T369A,0.2864302090192477,TA369A,A.T.369.A,T,369,A,A
2701,T369C,0.6903523467334138,TA369C,A.T.369.C,T,369,C,A
2702,T369D,-0.1783966223120558,TA369D,A.T.369.D,T,369,D,A
2703,T369E,0.0162881598422376,TA369E,A.T.369.E,T,369,E,A
2704,T369F,0.1818840699237178,TA369F,A.T.369.F,T,369,F,A
2705,T369G,0.2522233860218809,TA369G,A.T.369.G,T,369,G,A
2706,T369H,-0.1767282600326591,TA369H,A.T.369.H,T,369,H,A
2707,T369I,-0.0189911710627299,TA369I,A.T.369.I,T,369,I,A
2708,T369K,0.1403434184737989,TA369K,A.T.369.K,T,369,K,A
2709,T369L,-0.3868311435184185,TA369L,A.T.369.L,T,369,L,A
2710,T369M,0.0041863578297168,TA369M,A.T.369.M,T,369,M,A
2711,T369N,-0.188836895126066,TA369N,A.T.369.N,T,369,N,A
2712,T369P,1.0860753765400182,TA369P,A.T.369.P,T,369,P,A
2713,T369Q,0.3047858764518191,TA369Q,A.T.369.Q,T,369,Q,A
2714,T369R,-0.0033856813183036,TA369R,A.T.369.R,T,369,R,A
2715,T369S,0.1407794903066089,TA369S,A.T.369.S,T,369,S,A
2716,T369T,0.1353618880500234,TA369T,A.T.369.T,T,369,T,A
2717,T369V,0.0921328423718348,TA369V,A.T.369.V,T,369,V,A
2718,T369W,0.0021897427901612,TA369W,A.T.369.W,T,369,W,A
2719,T369Y,0.2371066452757586,TA369Y,A.T.369.Y,T,369,Y,A
2720,R370A,0.3312742661504847,RA370A,A.R.370.A,R,370,A,A
2721,R370C,0.7967003622384347,RA370C,A.R.370.C,R,370,C,A
2722,R370D,0.1117404493740181,RA370D,A.R.370.D,R,370,D,A
2723,R370E,0.0543893289431379,RA370E,A.R.370.E,R,370,E,A
2724,R370F,0.1665934703317051,RA370F,A.R.370.F,R,370,F,A
2725,R370G,0.6884089646242305,RA370G,A.R.370.G,R,370,G,A
2726,R370H,0.0407989629152943,RA370H,A.R.370.H,R,370,H,A
2727,R370I,-0.052257612308813,RA370I,A.R.370.I,R,370,I,A
2728,R370K,0.1313542232301312,RA370K,A.R.370.K,R,370,K,A
2729,R370L,-0.2470968461603467,RA370L,A.R.370.L,R,370,L,A
2730,R370M,0.0398013743451036,RA370M,A.R.370.M,R,370,M,A
2731,R370N,0.1788237641885603,RA370N,A.R.370.N,R,370,N,A
2732,R370P,0.4714162154223661,RA370P,A.R.370.P,R,370,P,A
2733,R370Q,0.2562063692473498,RA370Q,A.R.370.Q,R,370,Q,A
2734,R370R,0.0109591842572076,RA370R,A.R.370.R,R,370,R,A
2735,R370S,0.0940931808261613,RA370S,A.R.370.S,R,370,S,A
2736,R370T,0.2108492695258407,RA370T,A.R.370.T,R,370,T,A
2737,R370V,0.0974178388362001,RA370V,A.R.370.V,R,370,V,A
2738,R370W,-0.0271866940375564,RA370W,A.R.370.W,R,370,W,A
2739,R370Y,0.2760142130186804,RA370Y,A.R.370.Y,R,370,Y,A
2740,A371A,-0.0212001466799849,AA371A,A.A.371.A,A,371,A,A
2741,A371C,0.6953519563449645,AA371C,A.A.371.C,A,371,C,A
2742,A371D,-0.1617675166857923,AA371D,A.A.371.D,A,371,D,A
2743,A371E,-0.235292535358777,AA371E,A.A.371.E,A,371,E,A
2744,A371F,-0.2746920616945486,AA371F,A.A.371.F,A,371,F,A
2745,A371G,0.5477060930223476,AA371G,A.A.371.G,A,371,G,A
2746,A371H,-0.3918478510687007,AA371H,A.A.371.H,A,371,H,A
2747,A371I,-0.2015876753050255,AA371I,A.A.371.I,A,371,I,A
2748,A371K,-0.1500995215239375,AA371K,A.A.371.K,A,371,K,A
2749,A371L,-0.5193063040342871,AA371L,A.A.371.L,A,371,L,A
2750,A371M,-0.2134222971064792,AA371M,A.A.371.M,A,371,M,A
2751,A371N,-0.0073848071555476,AA371N,A.A.371.N,A,371,N,A
2752,A371P,0.51741475660698,AA371P,A.A.371.P,A,371,P,A
2753,A371Q,-0.0598485335939141,AA371Q,A.A.371.Q,A,371,Q,A
2754,A371R,-0.2757513565001812,AA371R,A.A.371.R,A,371,R,A
2755,A371S,0.0417415468917353,AA371S,A.A.371.S,A,371,S,A
2756,A371T,-0.0870332211412805,AA371T,A.A.371.T,A,371,T,A
2757,A371V,-0.1135678465469031,AA371V,A.A.371.V,A,371,V,A
2758,A371W,-0.617688804352951,AA371W,A.A.371.W,A,371,W,A
2759,A371Y,-0.2663249560939135,AA371Y,A.A.371.Y,A,371,Y,A
2760,P372A,-0.1764602742318127,PA372A,A.P.372.A,P,372,A,A
2761,P372C,0.5731815056016454,PA372C,A.P.372.C,P,372,C,A
2762,P372D,-0.5914556512186331,PA372D,A.P.372.D,P,372,D,A
2763,P372E,-0.634475403632076,PA372E,A.P.372.E,P,372,E,A
2764,P372F,-0.2963406508417676,PA372F,A.P.372.F,P,372,F,A
2765,P372G,0.2105286289639313,PA372G,A.P.372.G,P,372,G,A
2766,P372H,-0.5868275519432553,PA372H,A.P.372.H,P,372,H,A
2767,P372I,-0.2394737340788877,PA372I,A.P.372.I,P,372,I,A
2768,P372K,-0.4815536563649808,PA372K,A.P.372.K,P,372,K,A
2769,P372L,-0.6439451382027866,PA372L,A.P.372.L,P,372,L,A
2770,P372M,-0.2672815451383892,PA372M,A.P.372.M,P,372,M,A
2771,P372N,-0.2657446611166081,PA372N,A.P.372.N,P,372,N,A
2772,P372P,0.3487239335579351,PA372P,A.P.372.P,P,372,P,A
2773,P372Q,-0.1302767420246164,PA372Q,A.P.372.Q,P,372,Q,A
2774,P372R,-0.5084109757673266,PA372R,A.P.372.R,P,372,R,A
2775,P372S,-0.2520298104042584,PA372S,A.P.372.S,P,372,S,A
2776,P372T,-0.2101520831010489,PA372T,A.P.372.T,P,372,T,A
2777,P372V,-0.1396936416524347,PA372V,A.P.372.V,P,372,V,A
2778,P372W,-0.658735066224288,PA372W,A.P.372.W,P,372,W,A
2779,P372Y,-0.300539923965003,PA372Y,A.P.372.Y,P,372,Y,A
2780,R373A,0.6000667730414111,RA373A,A.R.373.A,R,373,A,A
2781,R373C,1.0948709768517515,RA373C,A.R.373.C,R,373,C,A
2782,R373D,0.6795079553632521,RA373D,A.R.373.D,R,373,D,A
2783,R373E,0.336135038335334,RA373E,A.R.373.E,R,373,E,A
2784,R373F,0.0626075477537702,RA373F,A.R.373.F,R,373,F,A
2785,R373G,1.3718190376832224,RA373G,A.R.373.G,R,373,G,A
2786,R373H,0.2408041319745685,RA373H,A.R.373.H,R,373,H,A
2787,R373I,-0.1075356306479924,RA373I,A.R.373.I,R,373,I,A
2788,R373K,0.3675085990450893,RA373K,A.R.373.K,R,373,K,A
2789,R373L,-0.2490082407355986,RA373L,A.R.373.L,R,373,L,A
2790,R373M,0.0781244402431213,RA373M,A.R.373.M,R,373,M,A
2791,R373N,0.5421891804321405,RA373N,A.R.373.N,R,373,N,A
2792,R373P,2.8293816722579224,RA373P,A.R.373.P,R,373,P,A
2793,R373Q,0.5216392082175664,RA373Q,A.R.373.Q,R,373,Q,A
2794,R373R,0.1108200365647787,RA373R,A.R.373.R,R,373,R,A
2795,R373S,0.7980733254690092,RA373S,A.R.373.S,R,373,S,A
2796,R373T,0.4945287643120438,RA373T,A.R.373.T,R,373,T,A
2797,R373V,0.0725249761278862,RA373V,A.R.373.V,R,373,V,A
2798,R373W,-0.2833958164499112,RA373W,A.R.373.W,R,373,W,A
2799,R373Y,0.2387150188352704,RA373Y,A.R.373.Y,R,373,Y,A
2800,R374A,0.2818128849391299,RA374A,A.R.374.A,R,374,A,A
2801,R374C,0.898081835101569,RA374C,A.R.374.C,R,374,C,A
2802,R374D,-0.0068424435275865,RA374D,A.R.374.D,R,374,D,A
2803,R374E,-0.1049831556652425,RA374E,A.R.374.E,R,374,E,A
2804,R374F,0.0776661549331797,RA374F,A.R.374.F,R,374,F,A
2805,R374G,0.6926059265905068,RA374G,A.R.374.G,R,374,G,A
2806,R374H,-0.0578344815316494,RA374H,A.R.374.H,R,374,H,A
2807,R374I,0.1452877350586523,RA374I,A.R.374.I,R,374,I,A
2808,R374K,0.0805638344113712,RA374K,A.R.374.K,R,374,K,A
2809,R374L,-0.1480473452386915,RA374L,A.R.374.L,R,374,L,A
2810,R374M,0.1623213278448976,RA374M,A.R.374.M,R,374,M,A
2811,R374N,0.2282289132123988,RA374N,A.R.374.N,R,374,N,A
2812,R374P,0.7682830991939338,RA374P,A.R.374.P,R,374,P,A
2813,R374Q,0.2897826362186312,RA374Q,A.R.374.Q,R,374,Q,A
2814,R374R,0.0495280296809308,RA374R,A.R.374.R,R,374,R,A
2815,R374S,0.2741839148731212,RA374S,A.R.374.S,R,374,S,A
2816,R374T,0.200272371386847,RA374T,A.R.374.T,R,374,T,A
2817,R374V,0.1727787888819526,RA374V,A.R.374.V,R,374,V,A
2818,R374W,-0.2972859765662561,RA374W,A.R.374.W,R,374,W,A
2819,R374Y,0.162932904113271,RA374Y,A.R.374.Y,R,374,Y,A
2820,R375A,0.3379181473754006,RA375A,A.R.375.A,R,375,A,A
2821,R375C,0.9954184758232176,RA375C,A.R.375.C,R,375,C,A
2822,R375D,-0.0981022819461674,RA375D,A.R.375.D,R,375,D,A
2823,R375E,-0.1989169114659011,RA375E,A.R.375.E,R,375,E,A
2824,R375F,0.01670258052339,RA375F,A.R.375.F,R,375,F,A
2825,R375G,0.8554993624325047,RA375G,A.R.375.G,R,375,G,A
2826,R375H,-0.2279041795996877,RA375H,A.R.375.H,R,375,H,A
2827,R375I,0.1276280029473969,RA375I,A.R.375.I,R,375,I,A
2828,R375K,-0.0464586339250916,RA375K,A.R.375.K,R,375,K,A
2829,R375L,-0.1029261489043842,RA375L,A.R.375.L,R,375,L,A
2830,R375M,0.1718893035727808,RA375M,A.R.375.M,R,375,M,A
2831,R375N,0.0836193939936441,RA375N,A.R.375.N,R,375,N,A
2832,R375P,0.5265905002629756,RA375P,A.R.375.P,R,375,P,A
2833,R375Q,0.2048175371424276,RA375Q,A.R.375.Q,R,375,Q,A
2834,R375R,-0.0567841150493436,RA375R,A.R.375.R,R,375,R,A
2835,R375S,0.1781070570374526,RA375S,A.R.375.S,R,375,S,A
2836,R375T,0.2027113804357505,RA375T,A.R.375.T,R,375,T,A
2837,R375V,0.1406487745303575,RA375V,A.R.375.V,R,375,V,A
2838,R375W,-0.1992317689949657,RA375W,A.R.375.W,R,375,W,A
2839,R375Y,0.030739894436863,RA375Y,A.R.375.Y,R,375,Y,A
2840,Q376A,-0.0960381288821965,QA376A,A.Q.376.A,Q,376,A,A
2841,Q376C,0.3841904611839186,QA376C,A.Q.376.C,Q,376,C,A
2842,Q376D,-0.5015801253899654,QA376D,A.Q.376.D,Q,376,D,A
2843,Q376E,-0.4973284742628314,QA376E,A.Q.376.E,Q,376,E,A
2844,Q376F,-0.4408164855190966,QA376F,A.Q.376.F,Q,376,F,A
2845,Q376G,0.0161030567641107,QA376G,A.Q.376.G,Q,376,G,A
2846,Q376H,-0.6263153749629086,QA376H,A.Q.376.H,Q,376,H,A
2847,Q376I,-0.4092054628292996,QA376I,A.Q.376.I,Q,376,I,A
2848,Q376K,-0.5601860284229121,QA376K,A.Q.376.K,Q,376,K,A
2849,Q376L,-0.734661967665044,QA376L,A.Q.376.L,Q,376,L,A
2850,Q376M,-0.4653912811333494,QA376M,A.Q.376.M,Q,376,M,A
2851,Q376N,-0.5535797371403856,QA376N,A.Q.376.N,Q,376,N,A
2852,Q376P,2.544949604713822,QA376P,A.Q.376.P,Q,376,P,A
2853,Q376Q,-0.3103416364459721,QA376Q,A.Q.376.Q,Q,376,Q,A
2854,Q376R,-0.6934964676294053,QA376R,A.Q.376.R,Q,376,R,A
2855,Q376S,-0.159654029794673,QA376S,A.Q.376.S,Q,376,S,A
2856,Q376T,-0.2178138971416193,QA376T,A.Q.376.T,Q,376,T,A
2857,Q376V,-0.2556358907938832,QA376V,A.Q.376.V,Q,376,V,A
2858,Q376W,-0.6645913535719761,QA376W,A.Q.376.W,Q,376,W,A
2859,Q376Y,-0.390204226144451,QA376Y,A.Q.376.Y,Q,376,Y,A
2860,R377A,0.2906481049445669,RA377A,A.R.377.A,R,377,A,A
2861,R377C,0.8960053539602949,RA377C,A.R.377.C,R,377,C,A
2862,R377D,0.0599689005100162,RA377D,A.R.377.D,R,377,D,A
2863,R377E,0.0585842932795166,RA377E,A.R.377.E,R,377,E,A
2864,R377F,-0.0226857986073836,RA377F,A.R.377.F,R,377,F,A
2865,R377G,0.7109761691821206,RA377G,A.R.377.G,R,377,G,A
2866,R377H,-0.0612365727562591,RA377H,A.R.377.H,R,377,H,A
2867,R377I,0.0173689987918573,RA377I,A.R.377.I,R,377,I,A
2868,R377K,0.030459659593674,RA377K,A.R.377.K,R,377,K,A
2869,R377L,-0.2485561478469694,RA377L,A.R.377.L,R,377,L,A
2870,R377M,0.0408577112775782,RA377M,A.R.377.M,R,377,M,A
2871,R377N,0.0728043741928918,RA377N,A.R.377.N,R,377,N,A
2872,R377P,1.762319868551372,RA377P,A.R.377.P,R,377,P,A
2873,R377Q,0.263710791969165,RA377Q,A.R.377.Q,R,377,Q,A
2874,R377R,-0.1080752421889841,RA377R,A.R.377.R,R,377,R,A
2875,R377S,0.2164841352741553,RA377S,A.R.377.S,R,377,S,A
2876,R377T,0.1484276361863351,RA377T,A.R.377.T,R,377,T,A
2877,R377V,0.0587528416633553,RA377V,A.R.377.V,R,377,V,A
2878,R377W,-0.3083400277791381,RA377W,A.R.377.W,R,377,W,A
2879,R377Y,0.0747522805829303,RA377Y,A.R.377.Y,R,377,Y,A
2880,K378A,0.0249405952001113,KA378A,A.K.378.A,K,378,A,A
2881,K378C,0.6411760388535955,KA378C,A.K.378.C,K,378,C,A
2882,K378D,-0.1806318843699828,KA378D,A.K.378.D,K,378,D,A
2883,K378E,-0.3138644348377584,KA378E,A.K.378.E,K,378,E,A
2884,K378F,-0.2392151628138095,KA378F,A.K.378.F,K,378,F,A
2885,K378G,0.4622984177146738,KA378G,A.K.378.G,K,378,G,A
2886,K378H,-0.3311036465542588,KA378H,A.K.378.H,K,378,H,A
2887,K378I,-0.300591654104298,KA378I,A.K.378.I,K,378,I,A
2888,K378K,-0.2204037763968164,KA378K,A.K.378.K,K,378,K,A
2889,K378L,-0.4468833752753404,KA378L,A.K.378.L,K,378,L,A
2890,K378M,-0.1078389800351004,KA378M,A.K.378.M,K,378,M,A
2891,K378N,-0.0370702252647325,KA378N,A.K.378.N,K,378,N,A
2892,K378P,0.8805579614970982,KA378P,A.K.378.P,K,378,P,A
2893,K378Q,-0.046532244704861,KA378Q,A.K.378.Q,K,378,Q,A
2894,K378R,-0.2868092140076489,KA378R,A.K.378.R,K,378,R,A
2895,K378S,-0.0278209781092636,KA378S,A.K.378.S,K,378,S,A
2896,K378T,-0.1157334263869597,KA378T,A.K.378.T,K,378,T,A
2897,K378V,-0.1464854219134692,KA378V,A.K.378.V,K,378,V,A
2898,K378W,-0.4757787680257475,KA378W,A.K.378.W,K,378,W,A
2899,K378Y,-0.1371796615978554,KA378Y,A.K.378.Y,K,378,Y,A
2900,A379A,-0.1726799322743089,AA379A,A.A.379.A,A,379,A,A
2901,A379C,0.6128617111122686,AA379C,A.A.379.C,A,379,C,A
2902,A379D,-0.2484395362630109,AA379D,A.A.379.D,A,379,D,A
2903,A379E,-0.4679506642639475,AA379E,A.A.379.E,A,379,E,A
2904,A379F,-0.3562684671798521,AA379F,A.A.379.F,A,379,F,A
2905,A379G,0.4612003965082323,AA379G,A.A.379.G,A,379,G,A
2906,A379H,-0.4909714722644581,AA379H,A.A.379.H,A,379,H,A
2907,A379I,-0.3270380758254387,AA379I,A.A.379.I,A,379,I,A
2908,A379K,-0.2331443346825779,AA379K,A.A.379.K,A,379,K,A
2909,A379L,-0.5760998017903879,AA379L,A.A.379.L,A,379,L,A
2910,A379M,-0.3579648360139609,AA379M,A.A.379.M,A,379,M,A
2911,A379N,-0.1482980562879055,AA379N,A.A.379.N,A,379,N,A
2912,A379P,-0.0009227156555141,AA379P,A.A.379.P,A,379,P,A
2913,A379Q,-0.1773988394845621,AA379Q,A.A.379.Q,A,379,Q,A
2914,A379R,-0.2794515631577593,AA379R,A.A.379.R,A,379,R,A
2915,A379S,-0.0249698061425052,AA379S,A.A.379.S,A,379,S,A
2916,A379T,-0.0958807519247295,AA379T,A.A.379.T,A,379,T,A
2917,A379V,-0.1679440733594162,AA379V,A.A.379.V,A,379,V,A
2918,A379W,-0.7601703620957878,AA379W,A.A.379.W,A,379,W,A
2919,A379Y,-0.3494004827133928,AA379Y,A.A.379.Y,A,379,Y,A
2920,Q380A,-0.3795480341526336,QA380A,A.Q.380.A,Q,380,A,A
2921,Q380C,0.2474394134042501,QA380C,A.Q.380.C,Q,380,C,A
2922,Q380D,-0.5805176986701011,QA380D,A.Q.380.D,Q,380,D,A
2923,Q380E,-0.6707049643957774,QA380E,A.Q.380.E,Q,380,E,A
2924,Q380F,-0.5050907432998092,QA380F,A.Q.380.F,Q,380,F,A
2925,Q380G,0.0465984357613191,QA380G,A.Q.380.G,Q,380,G,A
2926,Q380H,-0.7495446052662769,QA380H,A.Q.380.H,Q,380,H,A
2927,Q380I,-0.5662940984582249,QA380I,A.Q.380.I,Q,380,I,A
2928,Q380K,-0.5417297351945793,QA380K,A.Q.380.K,Q,380,K,A
2929,Q380L,-0.8547824299878509,QA380L,A.Q.380.L,Q,380,L,A
2930,Q380M,-0.5460828165946807,QA380M,A.Q.380.M,Q,380,M,A
2931,Q380N,-0.5366230238620856,QA380N,A.Q.380.N,Q,380,N,A
2932,Q380P,1.211865994089463,QA380P,A.Q.380.P,Q,380,P,A
2933,Q380Q,-0.3908086747579437,QA380Q,A.Q.380.Q,Q,380,Q,A
2934,Q380R,-0.6802301416198364,QA380R,A.Q.380.R,Q,380,R,A
2935,Q380S,-0.4025940211526529,QA380S,A.Q.380.S,Q,380,S,A
2936,Q380T,-0.4775585380243741,QA380T,A.Q.380.T,Q,380,T,A
2937,Q380V,-0.4973071249257288,QA380V,A.Q.380.V,Q,380,V,A
2938,Q380W,-0.9005382742361784,QA380W,A.Q.380.W,Q,380,W,A
2939,Q380Y,-0.4615230529439174,QA380Y,A.Q.380.Y,Q,380,Y,A
2940,R381A,0.2675099120190227,RA381A,A.R.381.A,R,381,A,A
2941,R381C,0.8551747724596592,RA381C,A.R.381.C,R,381,C,A
2942,R381D,0.0749631235721359,RA381D,A.R.381.D,R,381,D,A
2943,R381E,-0.1172056512990638,RA381E,A.R.381.E,R,381,E,A
2944,R381F,0.0473012565421232,RA381F,A.R.381.F,R,381,F,A
2945,R381G,0.8480102101047382,RA381G,A.R.381.G,R,381,G,A
2946,R381H,-0.0041716074305336,RA381H,A.R.381.H,R,381,H,A
2947,R381I,-0.2327573733073951,RA381I,A.R.381.I,R,381,I,A
2948,R381K,0.032939167429935,RA381K,A.R.381.K,R,381,K,A
2949,R381L,-0.3100536797013259,RA381L,A.R.381.L,R,381,L,A
2950,R381M,0.0045047828688649,RA381M,A.R.381.M,R,381,M,A
2951,R381N,0.2128341723593058,RA381N,A.R.381.N,R,381,N,A
2952,R381P,0.7634931121330357,RA381P,A.R.381.P,R,381,P,A
2953,R381Q,0.1543980911866227,RA381Q,A.R.381.Q,R,381,Q,A
2954,R381R,-0.0752910834405157,RA381R,A.R.381.R,R,381,R,A
2955,R381S,0.2673680516701343,RA381S,A.R.381.S,R,381,S,A
2956,R381T,0.0999615833307443,RA381T,A.R.381.T,R,381,T,A
2957,R381V,-0.0801611249805844,RA381V,A.R.381.V,R,381,V,A
2958,R381W,-0.2834571566964877,RA381W,A.R.381.W,R,381,W,A
2959,R381Y,0.0582122247207467,RA381Y,A.R.381.Y,R,381,Y,A
2960,P382A,0.0664289733613249,PA382A,A.P.382.A,P,382,A,A
2961,P382C,0.6977173608397669,PA382C,A.P.382.C,P,382,C,A
2962,P382D,-0.0819290179260501,PA382D,A.P.382.D,P,382,D,A
2963,P382E,-0.2334190869375746,PA382E,A.P.382.E,P,382,E,A
2964,P382F,-0.0535064997342848,PA382F,A.P.382.F,P,382,F,A
2965,P382G,0.5095174000992997,PA382G,A.P.382.G,P,382,G,A
2966,P382H,-0.283352544215773,PA382H,A.P.382.H,P,382,H,A
2967,P382I,0.0562581256062466,PA382I,A.P.382.I,P,382,I,A
2968,P382K,-0.1976063032737596,PA382K,A.P.382.K,P,382,K,A
2969,P382L,-0.2682107820113677,PA382L,A.P.382.L,P,382,L,A
2970,P382M,-0.0539166562809262,PA382M,A.P.382.M,P,382,M,A
2971,P382N,-0.0346500497678586,PA382N,A.P.382.N,P,382,N,A
2972,P382P,0.4699641578328872,PA382P,A.P.382.P,P,382,P,A
2973,P382Q,0.0607379516664546,PA382Q,A.P.382.Q,P,382,Q,A
2974,P382R,-0.206034353568128,PA382R,A.P.382.R,P,382,R,A
2975,P382S,-0.0096438685522198,PA382S,A.P.382.S,P,382,S,A
2976,P382T,0.098735406571539,PA382T,A.P.382.T,P,382,T,A
2977,P382V,0.133825303936656,PA382V,A.P.382.V,P,382,V,A
2978,P382W,-0.3374778964675567,PA382W,A.P.382.W,P,382,W,A
2979,P382Y,-0.0359832261582393,PA382Y,A.P.382.Y,P,382,Y,A
2980,P383A,0.0119295096191829,PA383A,A.P.383.A,P,383,A,A
2981,P383C,0.624008594090506,PA383C,A.P.383.C,P,383,C,A
2982,P383D,-0.3538158698143212,PA383D,A.P.383.D,P,383,D,A
2983,P383E,-0.3428802463357316,PA383E,A.P.383.E,P,383,E,A
2984,P383F,-0.1111544239769535,PA383F,A.P.383.F,P,383,F,A
2985,P383G,0.3429604215293858,PA383G,A.P.383.G,P,383,G,A
2986,P383H,-0.3683667782813193,PA383H,A.P.383.H,P,383,H,A
2987,P383I,-0.1507912204356298,PA383I,A.P.383.I,P,383,I,A
2988,P383K,-0.2602519051499125,PA383K,A.P.383.K,P,383,K,A
2989,P383L,-0.4193396648435166,PA383L,A.P.383.L,P,383,L,A
2990,P383M,-0.061216625467525,PA383M,A.P.383.M,P,383,M,A
2991,P383N,-0.1645630287273469,PA383N,A.P.383.N,P,383,N,A
2992,P383P,0.8771919402499528,PA383P,A.P.383.P,P,383,P,A
2993,P383Q,0.0733049814071684,PA383Q,A.P.383.Q,P,383,Q,A
2994,P383R,-0.2630159560155132,PA383R,A.P.383.R,P,383,R,A
2995,P383S,-0.0980710485150937,PA383S,A.P.383.S,P,383,S,A
2996,P383T,-0.0629262536337271,PA383T,A.P.383.T,P,383,T,A
2997,P383V,-0.0684015708902407,PA383V,A.P.383.V,P,383,V,A
2998,P383W,-0.459221690699238,PA383W,A.P.383.W,P,383,W,A
2999,P383Y,-0.0599032663986864,PA383Y,A.P.383.Y,P,383,Y,A
3000,A384A,-0.0806642492992909,AA384A,A.A.384.A,A,384,A,A
3001,A384C,0.6372658507143947,AA384C,A.A.384.C,A,384,C,A
3002,A384D,-0.3487099430421436,AA384D,A.A.384.D,A,384,D,A
3003,A384E,-0.4216332703763026,AA384E,A.A.384.E,A,384,E,A
3004,A384F,-0.1782509259708181,AA384F,A.A.384.F,A,384,F,A
3005,A384G,0.2708230738098738,AA384G,A.A.384.G,A,384,G,A
3006,A384H,-0.361285780883338,AA384H,A.A.384.H,A,384,H,A
3007,A384I,-0.3345015257930328,AA384I,A.A.384.I,A,384,I,A
3008,A384K,-0.2021542954823652,AA384K,A.A.384.K,A,384,K,A
3009,A384L,-0.4348415707294878,AA384L,A.A.384.L,A,384,L,A
3010,A384M,-0.101144721085033,AA384M,A.A.384.M,A,384,M,A
3011,A384N,-0.0423326029675236,AA384N,A.A.384.N,A,384,N,A
3012,A384P,0.1312051237532097,AA384P,A.A.384.P,A,384,P,A
3013,A384Q,0.0356096059887156,AA384Q,A.A.384.Q,A,384,Q,A
3014,A384R,-0.1987935126777873,AA384R,A.A.384.R,A,384,R,A
3015,A384S,-0.2277685152797776,AA384S,A.A.384.S,A,384,S,A
3016,A384T,-0.1864421553194345,AA384T,A.A.384.T,A,384,T,A
3017,A384V,-0.1601827958254797,AA384V,A.A.384.V,A,384,V,A
3018,A384W,-0.4880968299791483,AA384W,A.A.384.W,A,384,W,A
3019,A384Y,-0.1112155698585665,AA384Y,A.A.384.Y,A,384,Y,A
3020,P385A,-0.0486526563889805,PA385A,A.P.385.A,P,385,A,A
3021,P385C,0.5871470640961601,PA385C,A.P.385.C,P,385,C,A
3022,P385D,-0.196147611303642,PA385D,A.P.385.D,P,385,D,A
3023,P385E,-0.385108606324106,PA385E,A.P.385.E,P,385,E,A
3024,P385F,-0.3770286482184692,PA385F,A.P.385.F,P,385,F,A
3025,P385G,0.4908115449901717,PA385G,A.P.385.G,P,385,G,A
3026,P385H,-0.384122917110824,PA385H,A.P.385.H,P,385,H,A
3027,P385I,-0.3323749415317362,PA385I,A.P.385.I,P,385,I,A
3028,P385K,-0.3095747669496423,PA385K,A.P.385.K,P,385,K,A
3029,P385L,-0.6272687795242776,PA385L,A.P.385.L,P,385,L,A
3030,P385M,-0.2436133924373978,PA385M,A.P.385.M,P,385,M,A
3031,P385N,-0.1177595245356538,PA385N,A.P.385.N,P,385,N,A
3032,P385P,0.2257173572244813,PA385P,A.P.385.P,P,385,P,A
3033,P385Q,-0.0162053219041086,PA385Q,A.P.385.Q,P,385,Q,A
3034,P385R,-0.3757476366071316,PA385R,A.P.385.R,P,385,R,A
3035,P385S,0.0085175425963296,PA385S,A.P.385.S,P,385,S,A
3036,P385T,-0.0940552784210324,PA385T,A.P.385.T,P,385,T,A
3037,P385V,-0.1990527853871393,PA385V,A.P.385.V,P,385,V,A
3038,P385W,-0.7674631235683926,PA385W,A.P.385.W,P,385,W,A
3039,P385Y,-0.3351288257982915,PA385Y,A.P.385.Y,P,385,Y,A
3040,E386A,0.4040962166489831,EA386A,A.E.386.A,E,386,A,A
3041,E386C,1.1267605616170753,EA386C,A.E.386.C,E,386,C,A
3042,E386D,0.2583878189949262,EA386D,A.E.386.D,E,386,D,A
3043,E386E,0.2108047818921105,EA386E,A.E.386.E,E,386,E,A
3044,E386F,0.2732776194369574,EA386F,A.E.386.F,E,386,F,A
3045,E386G,0.932396133631586,EA386G,A.E.386.G,E,386,G,A
3046,E386H,0.1764122006380786,EA386H,A.E.386.H,E,386,H,A
3047,E386I,0.099528356455722,EA386I,A.E.386.I,E,386,I,A
3048,E386K,0.396587458956118,EA386K,A.E.386.K,E,386,K,A
3049,E386L,-0.0736364057200433,EA386L,A.E.386.L,E,386,L,A
3050,E386M,0.2957195990657629,EA386M,A.E.386.M,E,386,M,A
3051,E386N,0.4502455998215332,EA386N,A.E.386.N,E,386,N,A
3052,E386P,1.407716619249492,EA386P,A.E.386.P,E,386,P,A
3053,E386Q,0.4941907686171654,EA386Q,A.E.386.Q,E,386,Q,A
3054,E386R,0.2682033057737271,EA386R,A.E.386.R,E,386,R,A
3055,E386S,0.4404221027604582,EA386S,A.E.386.S,E,386,S,A
3056,E386T,0.4129521890307025,EA386T,A.E.386.T,E,386,T,A
3057,E386V,0.212627444689516,EA386V,A.E.386.V,E,386,V,A
3058,E386W,-0.0677550756410239,EA386W,A.E.386.W,E,386,W,A
3059,E386Y,0.2951690926776074,EA386Y,A.E.386.Y,E,386,Y,A
3060,A387A,0.02239808290173,AA387A,A.A.387.A,A,387,A,A
3061,A387C,0.7805307639136172,AA387C,A.A.387.C,A,387,C,A
3062,A387D,-0.2816451967468614,AA387D,A.A.387.D,A,387,D,A
3063,A387E,-0.4592753909612473,AA387E,A.A.387.E,A,387,E,A
3064,A387F,-0.2104425146967026,AA387F,A.A.387.F,A,387,F,A
3065,A387G,0.5751072342142199,AA387G,A.A.387.G,A,387,G,A
3066,A387H,-0.3879511681762915,AA387H,A.A.387.H,A,387,H,A
3067,A387I,-0.182385197928257,AA387I,A.A.387.I,A,387,I,A
3068,A387K,-0.1578040579179535,AA387K,A.A.387.K,A,387,K,A
3069,A387L,-0.4893735002198823,AA387L,A.A.387.L,A,387,L,A
3070,A387M,-0.1636948869721771,AA387M,A.A.387.M,A,387,M,A
3071,A387N,-0.0120780790764246,AA387N,A.A.387.N,A,387,N,A
3072,A387P,-0.0410482944127721,AA387P,A.A.387.P,A,387,P,A
3073,A387Q,-0.0351648743676646,AA387Q,A.A.387.Q,A,387,Q,A
3074,A387R,-0.2140455430925242,AA387R,A.A.387.R,A,387,R,A
3075,A387S,-0.0550644843548758,AA387S,A.A.387.S,A,387,S,A
3076,A387T,-0.0476955783984184,AA387T,A.A.387.T,A,387,T,A
3077,A387V,-0.0198462012382677,AA387V,A.A.387.V,A,387,V,A
3078,A387W,-0.5447668661211869,AA387W,A.A.387.W,A,387,W,A
3079,A387Y,-0.2165952047068825,AA387Y,A.A.387.Y,A,387,Y,A
3080,P388A,-0.2088841912771166,PA388A,A.P.388.A,P,388,A,A
3081,P388C,0.5322930295946049,PA388C,A.P.388.C,P,388,C,A
3082,P388D,-0.4740482848345279,PA388D,A.P.388.D,P,388,D,A
3083,P388E,-0.6564887735209457,PA388E,A.P.388.E,P,388,E,A
3084,P388F,-0.3567017985057563,PA388F,A.P.388.F,P,388,F,A
3085,P388G,0.236729688499509,PA388G,A.P.388.G,P,388,G,A
3086,P388H,-0.5523236693555306,PA388H,A.P.388.H,P,388,H,A
3087,P388I,-0.4557366035882748,PA388I,A.P.388.I,P,388,I,A
3088,P388K,-0.4886853652217704,PA388K,A.P.388.K,P,388,K,A
3089,P388L,-0.6783372198824933,PA388L,A.P.388.L,P,388,L,A
3090,P388M,-0.3245035224094356,PA388M,A.P.388.M,P,388,M,A
3091,P388N,-0.2770532311474377,PA388N,A.P.388.N,P,388,N,A
3092,P388P,0.2775551672395515,PA388P,A.P.388.P,P,388,P,A
3093,P388Q,-0.2717506327067909,PA388Q,A.P.388.Q,P,388,Q,A
3094,P388R,-0.5258377465713909,PA388R,A.P.388.R,P,388,R,A
3095,P388S,-0.2701459024289848,PA388S,A.P.388.S,P,388,S,A
3096,P388T,-0.2809326625648922,PA388T,A.P.388.T,P,388,T,A
3097,P388V,-0.2855465887463648,PA388V,A.P.388.V,P,388,V,A
3098,P388W,-0.8390155195834004,PA388W,A.P.388.W,P,388,W,A
3099,P388Y,-0.3777577664570297,PA388Y,A.P.388.Y,P,388,Y,A
3100,K389A,0.1510015892417815,KA389A,A.K.389.A,K,389,A,A
3101,K389C,0.6984536775763722,KA389C,A.K.389.C,K,389,C,A
3102,K389D,0.1546810764780659,KA389D,A.K.389.D,K,389,D,A
3103,K389E,-0.044892780240715,KA389E,A.K.389.E,K,389,E,A
3104,K389F,-0.1840674598533959,KA389F,A.K.389.F,K,389,F,A
3105,K389G,0.7277364639184877,KA389G,A.K.389.G,K,389,G,A
3106,K389H,-0.1787302827313314,KA389H,A.K.389.H,K,389,H,A
3107,K389I,-0.3210064369547011,KA389I,A.K.389.I,K,389,I,A
3108,K389K,-0.0811540017789436,KA389K,A.K.389.K,K,389,K,A
3109,K389L,-0.4605181290509108,KA389L,A.K.389.L,K,389,L,A
3110,K389M,-0.0766899933533576,KA389M,A.K.389.M,K,389,M,A
3111,K389N,0.0945316214690239,KA389N,A.K.389.N,K,389,N,A
3112,K389P,1.420070483816265,KA389P,A.K.389.P,K,389,P,A
3113,K389Q,0.1407900612570278,KA389Q,A.K.389.Q,K,389,Q,A
3114,K389R,-0.3084851804889332,KA389R,A.K.389.R,K,389,R,A
3115,K389S,0.2496813589142887,KA389S,A.K.389.S,K,389,S,A
3116,K389T,0.0961735688948023,KA389T,A.K.389.T,K,389,T,A
3117,K389V,-0.1243968934032968,KA389V,A.K.389.V,K,389,V,A
3118,K389W,-0.5817573324130249,KA389W,A.K.389.W,K,389,W,A
3119,K389Y,-0.1412026621590478,KA389Y,A.K.389.Y,K,389,Y,A
3120,E390A,0.1392513383871885,EA390A,A.E.390.A,E,390,A,A
3121,E390C,0.8708919642588339,EA390C,A.E.390.C,E,390,C,A
3122,E390D,0.0164112795899462,EA390D,A.E.390.D,E,390,D,A
3123,E390E,-0.0939112214544007,EA390E,A.E.390.E,E,390,E,A
3124,E390F,0.0153851130292625,EA390F,A.E.390.F,E,390,F,A
3125,E390G,0.7477838990293297,EA390G,A.E.390.G,E,390,G,A
3126,E390H,-0.0725934687798196,EA390H,A.E.390.H,E,390,H,A
3127,E390I,-0.2144861931668501,EA390I,A.E.390.I,E,390,I,A
3128,E390K,-0.0251283456186601,EA390K,A.E.390.K,E,390,K,A
3129,E390L,-0.343054840782957,EA390L,A.E.390.L,E,390,L,A
3130,E390M,-0.0153910931623063,EA390M,A.E.390.M,E,390,M,A
3131,E390N,0.1946386362979846,EA390N,A.E.390.N,E,390,N,A
3132,E390P,1.6497718947221685,EA390P,A.E.390.P,E,390,P,A
3133,E390Q,0.2175266872112796,EA390Q,A.E.390.Q,E,390,Q,A
3134,E390R,-0.0973612946460122,EA390R,A.E.390.R,E,390,R,A
3135,E390S,0.1754444565789853,EA390S,A.E.390.S,E,390,S,A
3136,E390T,0.1062206446187619,EA390T,A.E.390.T,E,390,T,A
3137,E390V,-0.0747500282896646,EA390V,A.E.390.V,E,390,V,A
3138,E390W,-0.2638150474282869,EA390W,A.E.390.W,E,390,W,A
3139,E390Y,0.0838473299209602,EA390Y,A.E.390.Y,E,390,Y,A
3140,I391A,0.7431544782615626,IA391A,A.I.391.A,I,391,A,A
3141,I391C,1.2879598431694763,IA391C,A.I.391.C,I,391,C,A
3142,I391D,0.749631535681848,IA391D,A.I.391.D,I,391,D,A
3143,I391E,0.4194001111143469,IA391E,A.I.391.E,I,391,E,A
3144,I391F,0.0502422231327487,IA391F,A.I.391.F,I,391,F,A
3145,I391G,1.5940453069320728,IA391G,A.I.391.G,I,391,G,A
3146,I391H,0.2925599738493367,IA391H,A.I.391.H,I,391,H,A
3147,I391I,-0.0314815566095244,IA391I,A.I.391.I,I,391,I,A
3148,I391K,0.5364837815308171,IA391K,A.I.391.K,I,391,K,A
3149,I391L,-0.0686568362925205,IA391L,A.I.391.L,I,391,L,A
3150,I391M,0.2825991277021028,IA391M,A.I.391.M,I,391,M,A
3151,I391N,0.6014248518177064,IA391N,A.I.391.N,I,391,N,A
3152,I391P,1.9741788398562927,IA391P,A.I.391.P,I,391,P,A
3153,I391Q,0.6924041874465899,IA391Q,A.I.391.Q,I,391,Q,A
3154,I391R,0.3361393385547445,IA391R,A.I.391.R,I,391,R,A
3155,I391S,0.8256837222499841,IA391S,A.I.391.S,I,391,S,A
3156,I391T,0.5412317349769269,IA391T,A.I.391.T,I,391,T,A
3157,I391V,0.2210254058279626,IA391V,A.I.391.V,I,391,V,A
3158,I391W,-0.2951919945192194,IA391W,A.I.391.W,I,391,W,A
3159,I391Y,0.1390847902626762,IA391Y,A.I.391.Y,I,391,Y,A
3160,P392A,-0.1099784383927138,PA392A,A.P.392.A,P,392,A,A
3161,P392C,0.5337348687045668,PA392C,A.P.392.C,P,392,C,A
3162,P392D,-0.4119019947224794,PA392D,A.P.392.D,P,392,D,A
3163,P392E,-0.5013772200216804,PA392E,A.P.392.E,P,392,E,A
3164,P392F,-0.4975684859272272,PA392F,A.P.392.F,P,392,F,A
3165,P392G,0.3521568879283532,PA392G,A.P.392.G,P,392,G,A
3166,P392H,-0.6170065286745202,PA392H,A.P.392.H,P,392,H,A
3167,P392I,-0.2874778378237608,PA392I,A.P.392.I,P,392,I,A
3168,P392K,-0.399507377018673,PA392K,A.P.392.K,P,392,K,A
3169,P392L,-0.6797386071722822,PA392L,A.P.392.L,P,392,L,A
3170,P392M,-0.3652296829880413,PA392M,A.P.392.M,P,392,M,A
3171,P392N,-0.3107701283340836,PA392N,A.P.392.N,P,392,N,A
3172,P392P,0.7875553686438735,PA392P,A.P.392.P,P,392,P,A
3173,P392Q,-0.1947014217949505,PA392Q,A.P.392.Q,P,392,Q,A
3174,P392R,-0.4964567601139835,PA392R,A.P.392.R,P,392,R,A
3175,P392S,-0.2771147045939098,PA392S,A.P.392.S,P,392,S,A
3176,P392T,-0.2274963183295725,PA392T,A.P.392.T,P,392,T,A
3177,P392V,-0.2180116616039662,PA392V,A.P.392.V,P,392,V,A
3178,P392W,-0.9531145615366616,PA392W,A.P.392.W,P,392,W,A
3179,P392Y,-0.4565022460988477,PA392Y,A.P.392.Y,P,392,Y,A
3180,P393A,-0.2343872515867906,PA393A,A.P.393.A,P,393,A,A
3181,P393C,0.6992136721838007,PA393C,A.P.393.C,P,393,C,A
3182,P393D,-0.4928826810582154,PA393D,A.P.393.D,P,393,D,A
3183,P393E,-0.5666293162589847,PA393E,A.P.393.E,P,393,E,A
3184,P393F,-0.5109688102614257,PA393F,A.P.393.F,P,393,F,A
3185,P393G,0.1811946246540152,PA393G,A.P.393.G,P,393,G,A
3186,P393H,-0.6100849517104256,PA393H,A.P.393.H,P,393,H,A
3187,P393I,-0.3226706643397886,PA393I,A.P.393.I,P,393,I,A
3188,P393K,-0.3722384578449211,PA393K,A.P.393.K,P,393,K,A
3189,P393L,-0.705582694006181,PA393L,A.P.393.L,P,393,L,A
3190,P393M,-0.3785059381321576,PA393M,A.P.393.M,P,393,M,A
3191,P393N,-0.3035699803858921,PA393N,A.P.393.N,P,393,N,A
3192,P393P,0.2853089482220089,PA393P,A.P.393.P,P,393,P,A
3193,P393Q,-0.2224628310862264,PA393Q,A.P.393.Q,P,393,Q,A
3194,P393R,-0.5010827431342846,PA393R,A.P.393.R,P,393,R,A
3195,P393S,-0.2928488758020015,PA393S,A.P.393.S,P,393,S,A
3196,P393T,-0.2114694883993184,PA393T,A.P.393.T,P,393,T,A
3197,P393V,-0.1693683237173232,PA393V,A.P.393.V,P,393,V,A
3198,P393W,-1.01247251415481,PA393W,A.P.393.W,P,393,W,A
3199,P393Y,-0.4730589941078678,PA393Y,A.P.393.Y,P,393,Y,A
3200,E394A,0.5625501129684365,EA394A,A.E.394.A,E,394,A,A
3201,E394C,1.2655930850089825,EA394C,A.E.394.C,E,394,C,A
3202,E394D,0.4250762137282887,EA394D,A.E.394.D,E,394,D,A
3203,E394E,0.2479599654358183,EA394E,A.E.394.E,E,394,E,A
3204,E394F,0.1062775653708864,EA394F,A.E.394.F,E,394,F,A
3205,E394G,1.121836209909688,EA394G,A.E.394.G,E,394,G,A
3206,E394H,0.2114472085477275,EA394H,A.E.394.H,E,394,H,A
3207,E394I,0.3174881915103389,EA394I,A.E.394.I,E,394,I,A
3208,E394K,0.4401787731050938,EA394K,A.E.394.K,E,394,K,A
3209,E394L,0.1063748204869952,EA394L,A.E.394.L,E,394,L,A
3210,E394M,0.4466770166575379,EA394M,A.E.394.M,E,394,M,A
3211,E394N,0.570139204919114,EA394N,A.E.394.N,E,394,N,A
3212,E394P,1.8781694670787208,EA394P,A.E.394.P,E,394,P,A
3213,E394Q,0.5669387610134691,EA394Q,A.E.394.Q,E,394,Q,A
3214,E394R,0.3055174325517407,EA394R,A.E.394.R,E,394,R,A
3215,E394S,0.6581028644544434,EA394S,A.E.394.S,E,394,S,A
3216,E394T,0.5842396527006368,EA394T,A.E.394.T,E,394,T,A
3217,E394V,0.4231151464716248,EA394V,A.E.394.V,E,394,V,A
3218,E394W,-0.383073989811043,EA394W,A.E.394.W,E,394,W,A
3219,E394Y,0.0889356074430808,EA394Y,A.E.394.Y,E,394,Y,A
3220,A395A,-0.0349863671994449,AA395A,A.A.395.A,A,395,A,A
3221,A395C,0.8260539084246671,AA395C,A.A.395.C,A,395,C,A
3222,A395D,0.2714613709584523,AA395D,A.A.395.D,A,395,D,A
3223,A395E,-0.1744951751670176,AA395E,A.A.395.E,A,395,E,A
3224,A395F,-0.3408679487526667,AA395F,A.A.395.F,A,395,F,A
3225,A395G,0.8268704583665992,AA395G,A.A.395.G,A,395,G,A
3226,A395H,-0.2805911513432263,AA395H,A.A.395.H,A,395,H,A
3227,A395I,-0.5926056966219323,AA395I,A.A.395.I,A,395,I,A
3228,A395K,-0.3256845662429003,AA395K,A.A.395.K,A,395,K,A
3229,A395L,-0.7945496916072364,AA395L,A.A.395.L,A,395,L,A
3230,A395M,-0.3738334492058504,AA395M,A.A.395.M,A,395,M,A
3231,A395N,0.1248757565845049,AA395N,A.A.395.N,A,395,N,A
3232,A395P,5.245802069579943,AA395P,A.A.395.P,A,395,P,A
3233,A395Q,-0.0631436375688004,AA395Q,A.A.395.Q,A,395,Q,A
3234,A395R,-0.4652620728162832,AA395R,A.A.395.R,A,395,R,A
3235,A395S,0.3908405950141286,AA395S,A.A.395.S,A,395,S,A
3236,A395T,0.1286611678039562,AA395T,A.A.395.T,A,395,T,A
3237,A395V,-0.3427431992067753,AA395V,A.A.395.V,A,395,V,A
3238,A395W,-0.8039013416037954,AA395W,A.A.395.W,A,395,W,A
3239,A395Y,-0.2833150717018712,AA395Y,A.A.395.Y,A,395,Y,A
3240,V396A,0.7163063411509293,VA396A,A.V.396.A,V,396,A,A
3241,V396C,1.2328650811366575,VA396C,A.V.396.C,V,396,C,A
3242,V396D,0.8067603282630098,VA396D,A.V.396.D,V,396,D,A
3243,V396E,0.4723274082314527,VA396E,A.V.396.E,V,396,E,A
3244,V396F,-0.1758244439700723,VA396F,A.V.396.F,V,396,F,A
3245,V396G,1.3970625837378785,VA396G,A.V.396.G,V,396,G,A
3246,V396H,0.2496095797539804,VA396H,A.V.396.H,V,396,H,A
3247,V396I,-0.2912177818251588,VA396I,A.V.396.I,V,396,I,A
3248,V396K,0.4770465997441275,VA396K,A.V.396.K,V,396,K,A
3249,V396L,-0.4350190718295571,VA396L,A.V.396.L,V,396,L,A
3250,V396M,0.1173401185594663,VA396M,A.V.396.M,V,396,M,A
3251,V396N,0.651086362350965,VA396N,A.V.396.N,V,396,N,A
3252,V396P,4.770869240061355,VA396P,A.V.396.P,V,396,P,A
3253,V396Q,0.5804319436335481,VA396Q,A.V.396.Q,V,396,Q,A
3254,V396R,0.1709406638098798,VA396R,A.V.396.R,V,396,R,A
3255,V396S,1.0156248306955225,VA396S,A.V.396.S,V,396,S,A
3256,V396T,0.5838007790210078,VA396T,A.V.396.T,V,396,T,A
3257,V396V,-0.0139707901689206,VA396V,A.V.396.V,V,396,V,A
3258,V396W,-0.5595921823540922,VA396W,A.V.396.W,V,396,W,A
3259,V396Y,-0.0101659922610153,VA396Y,A.V.396.Y,V,396,Y,A
3260,K397A,0.3699128175897864,KA397A,A.K.397.A,K,397,A,A
3261,K397C,1.0975450527961312,KA397C,A.K.397.C,K,397,C,A
3262,K397D,0.7489509326680782,KA397D,A.K.397.D,K,397,D,A
3263,K397E,0.3667221008592614,KA397E,A.K.397.E,K,397,E,A
3264,K397F,0.0761251683695091,KA397F,A.K.397.F,K,397,F,A
3265,K397G,1.233832380537775,KA397G,A.K.397.G,K,397,G,A
3266,K397H,0.18221767012914,KA397H,A.K.397.H,K,397,H,A
3267,K397I,-0.241661932669856,KA397I,A.K.397.I,K,397,I,A
3268,K397K,0.1921185764909111,KA397K,A.K.397.K,K,397,K,A
3269,K397L,-0.3973061702477198,KA397L,A.K.397.L,K,397,L,A
3270,K397M,0.1418561856143158,KA397M,A.K.397.M,K,397,M,A
3271,K397N,0.5809207453462142,KA397N,A.K.397.N,K,397,N,A
3272,K397P,5.883684241715224,KA397P,A.K.397.P,K,397,P,A
3273,K397Q,0.4524669594354202,KA397Q,A.K.397.Q,K,397,Q,A
3274,K397R,-0.0624201966349868,KA397R,A.K.397.R,K,397,R,A
3275,K397S,0.8303713295074008,KA397S,A.K.397.S,K,397,S,A
3276,K397T,0.4735324437400701,KA397T,A.K.397.T,K,397,T,A
3277,K397V,-0.0465197646333875,KA397V,A.K.397.V,K,397,V,A
3278,K397W,-0.3503525640503013,KA397W,A.K.397.W,K,397,W,A
3279,K397Y,0.0912254924159539,KA397Y,A.K.397.Y,K,397,Y,A
3280,E398A,0.299349787894817,EA398A,A.E.398.A,E,398,A,A
3281,E398C,1.2019643039573535,EA398C,A.E.398.C,E,398,C,A
3282,E398D,0.5946170074704077,EA398D,A.E.398.D,E,398,D,A
3283,E398E,0.2910216229368223,EA398E,A.E.398.E,E,398,E,A
3284,E398F,-0.0536872098531726,EA398F,A.E.398.F,E,398,F,A
3285,E398G,1.1493769418814697,EA398G,A.E.398.G,E,398,G,A
3286,E398H,0.0601119700285629,EA398H,A.E.398.H,E,398,H,A
3287,E398I,-0.1425549058576869,EA398I,A.E.398.I,E,398,I,A
3288,E398K,0.2083427081783528,EA398K,A.E.398.K,E,398,K,A
3289,E398L,-0.2762272103778901,EA398L,A.E.398.L,E,398,L,A
3290,E398M,0.1013438334573491,EA398M,A.E.398.M,E,398,M,A
3291,E398N,0.484995309399559,EA398N,A.E.398.N,E,398,N,A
3292,E398P,5.438798001043584,EA398P,A.E.398.P,E,398,P,A
3293,E398Q,0.4213475623642776,EA398Q,A.E.398.Q,E,398,Q,A
3294,E398R,-0.1103544545334594,EA398R,A.E.398.R,E,398,R,A
3295,E398S,0.6872774362058484,EA398S,A.E.398.S,E,398,S,A
3296,E398T,0.4300616992418593,EA398T,A.E.398.T,E,398,T,A
3297,E398V,0.0781192912153683,EA398V,A.E.398.V,E,398,V,A
3298,E398W,-0.5967694734907703,EA398W,A.E.398.W,E,398,W,A
3299,E398Y,0.0179045266169181,EA398Y,A.E.398.Y,E,398,Y,A
3300,Y399A,0.942464026812333,YA399A,A.Y.399.A,Y,399,A,A
3301,Y399C,1.733513918412342,YA399C,A.Y.399.C,Y,399,C,A
3302,Y399D,1.5490245688434106,YA399D,A.Y.399.D,Y,399,D,A
3303,Y399E,0.9653975383252288,YA399E,A.Y.399.E,Y,399,E,A
3304,Y399F,0.0638624869113718,YA399F,A.Y.399.F,Y,399,F,A
3305,Y399G,1.9689646845026687,YA399G,A.Y.399.G,Y,399,G,A
3306,Y399H,0.6156259139039705,YA399H,A.Y.399.H,Y,399,H,A
3307,Y399I,0.2581011956442486,YA399I,A.Y.399.I,Y,399,I,A
3308,Y399K,0.8455543897912434,YA399K,A.Y.399.K,Y,399,K,A
3309,Y399L,0.0098584721089545,YA399L,A.Y.399.L,Y,399,L,A
3310,Y399M,0.3914830577324335,YA399M,A.Y.399.M,Y,399,M,A
3311,Y399N,1.3057746184260022,YA399N,A.Y.399.N,Y,399,N,A
3312,Y399P,7.564884655340506,YA399P,A.Y.399.P,Y,399,P,A
3313,Y399Q,1.0695322615772191,YA399Q,A.Y.399.Q,Y,399,Q,A
3314,Y399R,0.4035868867702324,YA399R,A.Y.399.R,Y,399,R,A
3315,Y399S,1.43328744254777,YA399S,A.Y.399.S,Y,399,S,A
3316,Y399T,1.0743022818008283,YA399T,A.Y.399.T,Y,399,T,A
3317,Y399V,0.4774990737512308,YA399V,A.Y.399.V,Y,399,V,A
3318,Y399W,-0.3787725389224589,YA399W,A.Y.399.W,Y,399,W,A
3319,Y399Y,0.1908316023711243,YA399Y,A.Y.399.Y,Y,399,Y,A
3320,V400A,0.4073960152656486,VA400A,A.V.400.A,V,400,A,A
3321,V400C,0.966688784215961,VA400C,A.V.400.C,V,400,C,A
3322,V400D,0.432945056289693,VA400D,A.V.400.D,V,400,D,A
3323,V400E,0.2144252051585971,VA400E,A.V.400.E,V,400,E,A
3324,V400F,-0.2358990299442864,VA400F,A.V.400.F,V,400,F,A
3325,V400G,0.9355010466130363,VA400G,A.V.400.G,V,400,G,A
3326,V400H,-0.027779265622288,VA400H,A.V.400.H,V,400,H,A
3327,V400I,-0.2728570513262507,VA400I,A.V.400.I,V,400,I,A
3328,V400K,0.2408563186984896,VA400K,A.V.400.K,V,400,K,A
3329,V400L,-0.5337230365255186,VA400L,A.V.400.L,V,400,L,A
3330,V400M,-0.1263444377031181,VA400M,A.V.400.M,V,400,M,A
3331,V400N,0.2315484722992561,VA400N,A.V.400.N,V,400,N,A
3332,V400P,6.630199179798033,VA400P,A.V.400.P,V,400,P,A
3333,V400Q,0.3620208266971819,VA400Q,A.V.400.Q,V,400,Q,A
3334,V400R,-0.1107824173717303,VA400R,A.V.400.R,V,400,R,A
3335,V400S,0.6389066022382117,VA400S,A.V.400.S,V,400,S,A
3336,V400T,0.5109380471606212,VA400T,A.V.400.T,V,400,T,A
3337,V400V,-0.0044598136230639,VA400V,A.V.400.V,V,400,V,A
3338,V400W,-0.6698474188645664,VA400W,A.V.400.W,V,400,W,A
3339,V400Y,-0.1457453095948663,VA400Y,A.V.400.Y,V,400,Y,A
3340,D401A,-0.0339445801916155,DA401A,A.D.401.A,D,401,A,A
3341,D401C,0.8578985194565644,DA401C,A.D.401.C,D,401,C,A
3342,D401D,-0.0282004104952837,DA401D,A.D.401.D,D,401,D,A
3343,D401E,-0.3129282738049849,DA401E,A.D.401.E,D,401,E,A
3344,D401F,-0.2972633758366638,DA401F,A.D.401.F,D,401,F,A
3345,D401G,0.7456864318781461,DA401G,A.D.401.G,D,401,G,A
3346,D401H,-0.3171441750292891,DA401H,A.D.401.H,D,401,H,A
3347,D401I,-0.3695372426515719,DA401I,A.D.401.I,D,401,I,A
3348,D401K,-0.1529291068157146,DA401K,A.D.401.K,D,401,K,A
3349,D401L,-0.57363534804238,DA401L,A.D.401.L,D,401,L,A
3350,D401M,-0.2609586199437491,DA401M,A.D.401.M,D,401,M,A
3351,D401N,0.0228788554122894,DA401N,A.D.401.N,D,401,N,A
3352,D401P,5.657214875451194,DA401P,A.D.401.P,D,401,P,A
3353,D401Q,-0.009000738176022,DA401Q,A.D.401.Q,D,401,Q,A
3354,D401R,-0.2205304190636048,DA401R,A.D.401.R,D,401,R,A
3355,D401S,0.2865553483886901,DA401S,A.D.401.S,D,401,S,A
3356,D401T,0.0444885146304596,DA401T,A.D.401.T,D,401,T,A
3357,D401V,-0.1947698400782938,DA401V,A.D.401.V,D,401,V,A
3358,D401W,-0.7687006906328653,DA401W,A.D.401.W,D,401,W,A
3359,D401Y,-0.1906061180011198,DA401Y,A.D.401.Y,D,401,Y,A
3360,I402A,0.8224241125492981,IA402A,A.I.402.A,I,402,A,A
3361,I402C,1.419750242286452,IA402C,A.I.402.C,I,402,C,A
3362,I402D,1.0542603318419337,IA402D,A.I.402.D,I,402,D,A
3363,I402E,0.7803237151112349,IA402E,A.I.402.E,I,402,E,A
3364,I402F,0.1775954337295915,IA402F,A.I.402.F,I,402,F,A
3365,I402G,1.708680078720123,IA402G,A.I.402.G,I,402,G,A
3366,I402H,0.6484832958211473,IA402H,A.I.402.H,I,402,H,A
3367,I402I,0.2493552624594097,IA402I,A.I.402.I,I,402,I,A
3368,I402K,0.738863975007435,IA402K,A.I.402.K,I,402,K,A
3369,I402L,-0.1080525158922796,IA402L,A.I.402.L,I,402,L,A
3370,I402M,0.4389217113635019,IA402M,A.I.402.M,I,402,M,A
3371,I402N,0.8574226804763974,IA402N,A.I.402.N,I,402,N,A
3372,I402P,5.799863789348325,IA402P,A.I.402.P,I,402,P,A
3373,I402Q,0.9002464220683443,IA402Q,A.I.402.Q,I,402,Q,A
3374,I402R,0.4552376753630693,IA402R,A.I.402.R,I,402,R,A
3375,I402S,1.2117910037844704,IA402S,A.I.402.S,I,402,S,A
3376,I402T,1.010621984145395,IA402T,A.I.402.T,I,402,T,A
3377,I402V,0.4776136132669728,IA402V,A.I.402.V,I,402,V,A
3378,I402W,-0.1869608005244383,IA402W,A.I.402.W,I,402,W,A
3379,I402Y,0.357386519424212,IA402Y,A.I.402.Y,I,402,Y,A
3380,M403A,0.9886343197889884,MA403A,A.M.403.A,M,403,A,A
3381,M403C,1.5233022099227005,MA403C,A.M.403.C,M,403,C,A
3382,M403D,1.1406725945881175,MA403D,A.M.403.D,M,403,D,A
3383,M403E,0.748624200936602,MA403E,A.M.403.E,M,403,E,A
3384,M403F,0.2464675842487029,MA403F,A.M.403.F,M,403,F,A
3385,M403G,1.816322066445484,MA403G,A.M.403.G,M,403,G,A
3386,M403H,0.5743196018551652,MA403H,A.M.403.H,M,403,H,A
3387,M403I,-0.0386587602261861,MA403I,A.M.403.I,M,403,I,A
3388,M403K,0.780540863672341,MA403K,A.M.403.K,M,403,K,A
3389,M403L,-0.4042553182255709,MA403L,A.M.403.L,M,403,L,A
3390,M403M,0.0540906254770595,MA403M,A.M.403.M,M,403,M,A
3391,M403N,0.7827530224520279,MA403N,A.M.403.N,M,403,N,A
3392,M403P,6.4448031884048005,MA403P,A.M.403.P,M,403,P,A
3393,M403Q,0.7971413847286709,MA403Q,A.M.403.Q,M,403,Q,A
3394,M403R,0.341133369294152,MA403R,A.M.403.R,M,403,R,A
3395,M403S,1.3431658368167612,MA403S,A.M.403.S,M,403,S,A
3396,M403T,0.954261407633227,MA403T,A.M.403.T,M,403,T,A
3397,M403V,0.1749246817599387,MA403V,A.M.403.V,M,403,V,A
3398,M403W,-0.2718716509190255,MA403W,A.M.403.W,M,403,W,A
3399,M403Y,0.4917126252242892,MA403Y,A.M.403.Y,M,403,Y,A
3400,E404A,0.0905731124965075,EA404A,A.E.404.A,E,404,A,A
3401,E404C,0.825153106799732,EA404C,A.E.404.C,E,404,C,A
3402,E404D,0.4464948310689604,EA404D,A.E.404.D,E,404,D,A
3403,E404E,0.1441730021321841,EA404E,A.E.404.E,E,404,E,A
3404,E404F,-0.1633052658254352,EA404F,A.E.404.F,E,404,F,A
3405,E404G,0.9755808277395874,EA404G,A.E.404.G,E,404,G,A
3406,E404H,-0.0138733322846684,EA404H,A.E.404.H,E,404,H,A
3407,E404I,-0.34139738526473,EA404I,A.E.404.I,E,404,I,A
3408,E404K,0.0736235034134369,EA404K,A.E.404.K,E,404,K,A
3409,E404L,-0.4755568171008661,EA404L,A.E.404.L,E,404,L,A
3410,E404M,-0.1578027572225299,EA404M,A.E.404.M,E,404,M,A
3411,E404N,0.29308080133709,EA404N,A.E.404.N,E,404,N,A
3412,E404P,6.228487848198925,EA404P,A.E.404.P,E,404,P,A
3413,E404Q,0.2588316161359499,EA404Q,A.E.404.Q,E,404,Q,A
3414,E404R,-0.168241316007805,EA404R,A.E.404.R,E,404,R,A
3415,E404S,0.5234113847852864,EA404S,A.E.404.S,E,404,S,A
3416,E404T,0.2382435222737561,EA404T,A.E.404.T,E,404,T,A
3417,E404V,-0.0985408562474904,EA404V,A.E.404.V,E,404,V,A
3418,E404W,-0.6847092574855818,EA404W,A.E.404.W,E,404,W,A
3419,E404Y,-0.0765562789700263,EA404Y,A.E.404.Y,E,404,Y,A
3420,W405A,2.3194645653240604,WA405A,A.W.405.A,W,405,A,A
3421,W405C,3.0489405525277613,WA405C,A.W.405.C,W,405,C,A
3422,W405D,2.735326594905808,WA405D,A.W.405.D,W,405,D,A
3423,W405E,2.2563224836969957,WA405E,A.W.405.E,W,405,E,A
3424,W405F,0.8429283650368324,WA405F,A.W.405.F,W,405,F,A
3425,W405G,3.359674512650266,WA405G,A.W.405.G,W,405,G,A
3426,W405H,1.600462221784162,WA405H,A.W.405.H,W,405,H,A
3427,W405I,2.132189149577,WA405I,A.W.405.I,W,405,I,A
3428,W405K,2.4510786890292406,WA405K,A.W.405.K,W,405,K,A
3429,W405L,1.5060878819598629,WA405L,A.W.405.L,W,405,L,A
3430,W405M,1.7089952375960773,WA405M,A.W.405.M,W,405,M,A
3431,W405N,2.3184961250921585,WA405N,A.W.405.N,W,405,N,A
3432,W405P,7.680346487279277,WA405P,A.W.405.P,W,405,P,A
3433,W405Q,2.278214784219464,WA405Q,A.W.405.Q,W,405,Q,A
3434,W405R,1.7587961024118004,WA405R,A.W.405.R,W,405,R,A
3435,W405S,2.7207041053800927,WA405S,A.W.405.S,W,405,S,A
3436,W405T,2.578756780811609,WA405T,A.W.405.T,W,405,T,A
3437,W405V,2.17302372561349,WA405V,A.W.405.V,W,405,V,A
3438,W405W,0.5809278399364998,WA405W,A.W.405.W,W,405,W,A
3439,W405Y,1.0167769799685935,WA405Y,A.W.405.Y,W,405,Y,A
3440,L406A,0.8852169238747792,LA406A,A.L.406.A,L,406,A,A
3441,L406C,1.424844672743873,LA406C,A.L.406.C,L,406,C,A
3442,L406D,1.0212068598530402,LA406D,A.L.406.D,L,406,D,A
3443,L406E,0.7414816399127533,LA406E,A.L.406.E,L,406,E,A
3444,L406F,0.3209876035545972,LA406F,A.L.406.F,L,406,F,A
3445,L406G,1.5454079085159456,LA406G,A.L.406.G,L,406,G,A
3446,L406H,0.6754707527753692,LA406H,A.L.406.H,L,406,H,A
3447,L406I,0.2557293730587801,LA406I,A.L.406.I,L,406,I,A
3448,L406K,0.7594084392328845,LA406K,A.L.406.K,L,406,K,A
3449,L406L,-0.0625225073403124,LA406L,A.L.406.L,L,406,L,A
3450,L406M,0.2762665884311588,LA406M,A.L.406.M,L,406,M,A
3451,L406N,0.8420982409398861,LA406N,A.L.406.N,L,406,N,A
3452,L406P,6.873665337119902,LA406P,A.L.406.P,L,406,P,A
3453,L406Q,0.7764696427144857,LA406Q,A.L.406.Q,L,406,Q,A
3454,L406R,0.4113449445304407,LA406R,A.L.406.R,L,406,R,A
3455,L406S,1.153363600024087,LA406S,A.L.406.S,L,406,S,A
3456,L406T,0.907486264501856,LA406T,A.L.406.T,L,406,T,A
3457,L406V,0.457169329370361,LA406V,A.L.406.V,L,406,V,A
3458,L406W,-0.0137611742368759,LA406W,A.L.406.W,L,406,W,A
3459,L406Y,0.5932203905936264,LA406Y,A.L.406.Y,L,406,Y,A
3460,V407A,0.3795317441238077,VA407A,A.V.407.A,V,407,A,A
3461,V407C,0.9382654866329344,VA407C,A.V.407.C,V,407,C,A
3462,V407D,0.5604689784899791,VA407D,A.V.407.D,V,407,D,A
3463,V407E,0.3610654309537431,VA407E,A.V.407.E,V,407,E,A
3464,V407F,-0.1135360769730986,VA407F,A.V.407.F,V,407,F,A
3465,V407G,0.9107322701519202,VA407G,A.V.407.G,V,407,G,A
3466,V407H,0.0380789202774012,VA407H,A.V.407.H,V,407,H,A
3467,V407I,-0.3138637609442907,VA407I,A.V.407.I,V,407,I,A
3468,V407K,0.0525798446117303,VA407K,A.V.407.K,V,407,K,A
3469,V407L,-0.4545582158813249,VA407L,A.V.407.L,V,407,L,A
3470,V407M,-0.1913993641745504,VA407M,A.V.407.M,V,407,M,A
3471,V407N,0.2346286927349949,VA407N,A.V.407.N,V,407,N,A
3472,V407P,5.729008236797564,VA407P,A.V.407.P,V,407,P,A
3473,V407Q,0.327934603606837,VA407Q,A.V.407.Q,V,407,Q,A
3474,V407R,-0.3175229835436904,VA407R,A.V.407.R,V,407,R,A
3475,V407S,0.6080895521912202,VA407S,A.V.407.S,V,407,S,A
3476,V407T,0.42938438891437,VA407T,A.V.407.T,V,407,T,A
3477,V407V,-0.0033775083845327,VA407V,A.V.407.V,V,407,V,A
3478,V407W,-0.3954690045015963,VA407W,A.V.407.W,V,407,W,A
3479,V407Y,0.10853992488763,VA407Y,A.V.407.Y,V,407,Y,A
3480,G408A,-0.3790592275683629,GA408A,A.G.408.A,G,408,A,A
3481,G408C,0.2611146841688455,GA408C,A.G.408.C,G,408,C,A
3482,G408D,-0.1015448390513734,GA408D,A.G.408.D,G,408,D,A
3483,G408E,-0.1736085637105239,GA408E,A.G.408.E,G,408,E,A
3484,G408F,-0.669354713300816,GA408F,A.G.408.F,G,408,F,A
3485,G408G,0.3434698810635161,GA408G,A.G.408.G,G,408,G,A
3486,G408H,-0.6234473186118455,GA408H,A.G.408.H,G,408,H,A
3487,G408I,-0.4118470587995915,GA408I,A.G.408.I,G,408,I,A
3488,G408K,-0.3924859397407421,GA408K,A.G.408.K,G,408,K,A
3489,G408L,-1.0409514451251605,GA408L,A.G.408.L,G,408,L,A
3490,G408M,-0.637904707760511,GA408M,A.G.408.M,G,408,M,A
3491,G408N,-0.5397744175953251,GA408N,A.G.408.N,G,408,N,A
3492,G408P,5.695679857156117,GA408P,A.G.408.P,G,408,P,A
3493,G408Q,-0.153418745269811,GA408Q,A.G.408.Q,G,408,Q,A
3494,G408R,-0.8456405646211357,GA408R,A.G.408.R,G,408,R,A
3495,G408S,-0.1099743630894606,GA408S,A.G.408.S,G,408,S,A
3496,G408T,-0.0830706802946978,GA408T,A.G.408.T,G,408,T,A
3497,G408V,-0.2776178840808513,GA408V,A.G.408.V,G,408,V,A
3498,G408W,-1.169323023958622,GA408W,A.G.408.W,G,408,W,A
3499,G408Y,-0.705041097486907,GA408Y,A.G.408.Y,G,408,Y,A
3500,T409A,0.5001206424774085,TA409A,A.T.409.A,T,409,A,A
3501,T409C,0.8528658080235457,TA409C,A.T.409.C,T,409,C,A
3502,T409D,0.2882935570239026,TA409D,A.T.409.D,T,409,D,A
3503,T409E,0.4047949212705065,TA409E,A.T.409.E,T,409,E,A
3504,T409F,0.2966561499551834,TA409F,A.T.409.F,T,409,F,A
3505,T409G,0.6577021112741213,TA409G,A.T.409.G,T,409,G,A
3506,T409H,0.1713360201229757,TA409H,A.T.409.H,T,409,H,A
3507,T409I,0.3927213449181493,TA409I,A.T.409.I,T,409,I,A
3508,T409K,0.3180166695518538,TA409K,A.T.409.K,T,409,K,A
3509,T409L,-0.3443495948941438,TA409L,A.T.409.L,T,409,L,A
3510,T409M,0.0475796606968365,TA409M,A.T.409.M,T,409,M,A
3511,T409N,-0.0079761101778647,TA409N,A.T.409.N,T,409,N,A
3512,T409P,4.655730796737656,TA409P,A.T.409.P,T,409,P,A
3513,T409Q,0.4409642853793294,TA409Q,A.T.409.Q,T,409,Q,A
3514,T409R,0.109599706015232,TA409R,A.T.409.R,T,409,R,A
3515,T409S,0.5196810680398406,TA409S,A.T.409.S,T,409,S,A
3516,T409T,0.5663626194315371,TA409T,A.T.409.T,T,409,T,A
3517,T409V,0.5052808620434524,TA409V,A.T.409.V,T,409,V,A
3518,T409W,-0.0410497733380277,TA409W,A.T.409.W,T,409,W,A
3519,T409Y,0.4470291223625183,TA409Y,A.T.409.Y,T,409,Y,A
3520,H410A,0.7654671382931377,HA410A,A.H.410.A,H,410,A,A
3521,H410C,1.091293958986795,HA410C,A.H.410.C,H,410,C,A
3522,H410D,0.2460338307222243,HA410D,A.H.410.D,H,410,D,A
3523,H410E,0.3026118249698811,HA410E,A.H.410.E,H,410,E,A
3524,H410F,0.0766981523401538,HA410F,A.H.410.F,H,410,F,A
3525,H410G,0.8956364918434014,HA410G,A.H.410.G,H,410,G,A
3526,H410H,0.0651327895783726,HA410H,A.H.410.H,H,410,H,A
3527,H410I,0.3214886678730738,HA410I,A.H.410.I,H,410,I,A
3528,H410K,0.3294649656485043,HA410K,A.H.410.K,H,410,K,A
3529,H410L,-0.0053691950719458,HA410L,A.H.410.L,H,410,L,A
3530,H410M,0.2981360753349704,HA410M,A.H.410.M,H,410,M,A
3531,H410N,0.1629345230087225,HA410N,A.H.410.N,H,410,N,A
3532,H410P,2.5979064699431484,HA410P,A.H.410.P,H,410,P,A
3533,H410Q,0.5206687200496163,HA410Q,A.H.410.Q,H,410,Q,A
3534,H410R,0.131231603504961,HA410R,A.H.410.R,H,410,R,A
3535,H410S,0.5117771738678162,HA410S,A.H.410.S,H,410,S,A
3536,H410T,0.569464990073821,HA410T,A.H.410.T,H,410,T,A
3537,H410V,0.5221487302477931,HA410V,A.H.410.V,H,410,V,A
3538,H410W,-0.043010612179975,HA410W,A.H.410.W,H,410,W,A
3539,H410Y,0.1602958182419694,HA410Y,A.H.410.Y,H,410,Y,A
3540,L411A,0.9314331069843133,LA411A,A.L.411.A,L,411,A,A
3541,L411C,1.24266490852218,LA411C,A.L.411.C,L,411,C,A
3542,L411D,0.5617576955642334,LA411D,A.L.411.D,L,411,D,A
3543,L411E,0.6448472681265196,LA411E,A.L.411.E,L,411,E,A
3544,L411F,0.217277527474663,LA411F,A.L.411.F,L,411,F,A
3545,L411G,1.2266119534286568,LA411G,A.L.411.G,L,411,G,A
3546,L411H,0.2310691108808416,LA411H,A.L.411.H,L,411,H,A
3547,L411I,0.6099642812732505,LA411I,A.L.411.I,L,411,I,A
3548,L411K,0.5373216224695095,LA411K,A.L.411.K,L,411,K,A
3549,L411L,0.1856974483327023,LA411L,A.L.411.L,L,411,L,A
3550,L411M,0.454514653272664,LA411M,A.L.411.M,L,411,M,A
3551,L411N,0.2974077870496239,LA411N,A.L.411.N,L,411,N,A
3552,L411P,3.515260807940444,LA411P,A.L.411.P,L,411,P,A
3553,L411Q,0.7428561030024949,LA411Q,A.L.411.Q,L,411,Q,A
3554,L411R,0.1439121565869178,LA411R,A.L.411.R,L,411,R,A
3555,L411S,0.8520106413738865,LA411S,A.L.411.S,L,411,S,A
3556,L411T,0.8131353029435079,LA411T,A.L.411.T,L,411,T,A
3557,L411V,0.731517195860297,LA411V,A.L.411.V,L,411,V,A
3558,L411W,0.1078090530669928,LA411W,A.L.411.W,L,411,W,A
3559,L411Y,0.3970008811307629,LA411Y,A.L.411.Y,L,411,Y,A
3560,A412A,-0.1675397421719221,AA412A,A.A.412.A,A,412,A,A
3561,A412C,0.2248793563127549,AA412C,A.A.412.C,A,412,C,A
3562,A412D,-0.55540103073839,AA412D,A.A.412.D,A,412,D,A
3563,A412E,-0.5384370306703323,AA412E,A.A.412.E,A,412,E,A
3564,A412F,-0.4829501207299874,AA412F,A.A.412.F,A,412,F,A
3565,A412G,0.1606272530243346,AA412G,A.A.412.G,A,412,G,A
3566,A412H,-0.6565512280833263,AA412H,A.A.412.H,A,412,H,A
3567,A412I,-0.6081594644173738,AA412I,A.A.412.I,A,412,I,A
3568,A412K,-0.5596071882314352,AA412K,A.A.412.K,A,412,K,A
3569,A412L,-0.8218677563586513,AA412L,A.A.412.L,A,412,L,A
3570,A412M,-0.5000693768623216,AA412M,A.A.412.M,A,412,M,A
3571,A412N,-0.5816617783418176,AA412N,A.A.412.N,A,412,N,A
3572,A412P,1.998461908971974,AA412P,A.A.412.P,A,412,P,A
3573,A412Q,-0.3397699496381079,AA412Q,A.A.412.Q,A,412,Q,A
3574,A412R,-0.710673064125778,AA412R,A.A.412.R,A,412,R,A
3575,A412S,-0.3036177130475442,AA412S,A.A.412.S,A,412,S,A
3576,A412T,-0.4224268108853313,AA412T,A.A.412.T,A,412,T,A
3577,A412V,-0.5779668268357169,AA412V,A.A.412.V,A,412,V,A
3578,A412W,-0.7070065587297536,AA412W,A.A.412.W,A,412,W,A
3579,A412Y,-0.3662560233397932,AA412Y,A.A.412.Y,A,412,Y,A
3580,T413A,0.1712206690861512,TA413A,A.T.413.A,T,413,A,A
3581,T413C,0.6162452329626102,TA413C,A.T.413.C,T,413,C,A
3582,T413D,-0.0843568055356153,TA413D,A.T.413.D,T,413,D,A
3583,T413E,-0.0114169776460382,TA413E,A.T.413.E,T,413,E,A
3584,T413F,-0.2683265893553604,TA413F,A.T.413.F,T,413,F,A
3585,T413G,0.5955392017628899,TA413G,A.T.413.G,T,413,G,A
3586,T413H,-0.3303664409201995,TA413H,A.T.413.H,T,413,H,A
3587,T413I,-0.4517120879813829,TA413I,A.T.413.I,T,413,I,A
3588,T413K,-0.1100781772217784,TA413K,A.T.413.K,T,413,K,A
3589,T413L,-0.6103126181125895,TA413L,A.T.413.L,T,413,L,A
3590,T413M,-0.2111552937628397,TA413M,A.T.413.M,T,413,M,A
3591,T413N,-0.1063764443912612,TA413N,A.T.413.N,T,413,N,A
3592,T413P,1.7489097334589787,TA413P,A.T.413.P,T,413,P,A
3593,T413Q,0.1604132503747762,TA413Q,A.T.413.Q,T,413,Q,A
3594,T413R,-0.2725183990543189,TA413R,A.T.413.R,T,413,R,A
3595,T413S,0.0942362531944757,TA413S,A.T.413.S,T,413,S,A
3596,T413T,-0.0532042022277184,TA413T,A.T.413.T,T,413,T,A
3597,T413V,-0.3116633868822699,TA413V,A.T.413.V,T,413,V,A
3598,T413W,-0.4935000232673031,TA413W,A.T.413.W,T,413,W,A
3599,T413Y,-0.1586593470861957,TA413Y,A.T.413.Y,T,413,Y,A
3600,G414A,0.1015307540286925,GA414A,A.G.414.A,G,414,A,A
3601,G414C,0.7266012602758323,GA414C,A.G.414.C,G,414,C,A
3602,G414D,-0.37414828188358,GA414D,A.G.414.D,G,414,D,A
3603,G414E,-0.3173835961197352,GA414E,A.G.414.E,G,414,E,A
3604,G414F,-0.2477193571220853,GA414F,A.G.414.F,G,414,F,A
3605,G414G,0.3994224149429864,GA414G,A.G.414.G,G,414,G,A
3606,G414H,-0.4514004571366614,GA414H,A.G.414.H,G,414,H,A
3607,G414I,-0.0461159785619952,GA414I,A.G.414.I,G,414,I,A
3608,G414K,-0.2575594499506972,GA414K,A.G.414.K,G,414,K,A
3609,G414L,-0.6317416760252387,GA414L,A.G.414.L,G,414,L,A
3610,G414M,-0.2352870201505724,GA414M,A.G.414.M,G,414,M,A
3611,G414N,-0.3688552669397615,GA414N,A.G.414.N,G,414,N,A
3612,G414P,0.7951550903502991,GA414P,A.G.414.P,G,414,P,A
3613,G414Q,-0.032795258682981,GA414Q,A.G.414.Q,G,414,Q,A
3614,G414R,-0.4103959982674393,GA414R,A.G.414.R,G,414,R,A
3615,G414S,-0.0621351396504232,GA414S,A.G.414.S,G,414,S,A
3616,G414T,0.0046857440400549,GA414T,A.G.414.T,G,414,T,A
3617,G414V,0.0605171723525782,GA414V,A.G.414.V,G,414,V,A
3618,G414W,-0.6545621868755697,GA414W,A.G.414.W,G,414,W,A
3619,G414Y,-0.1512366825994349,GA414Y,A.G.414.Y,G,414,Y,A
3620,E415A,0.3640205177814026,EA415A,A.E.415.A,E,415,A,A
3621,E415C,0.9154278887057806,EA415C,A.E.415.C,E,415,C,A
3622,E415D,-0.1463228159230145,EA415D,A.E.415.D,E,415,D,A
3623,E415E,0.0035887814206986,EA415E,A.E.415.E,E,415,E,A
3624,E415F,0.2072486826283326,EA415F,A.E.415.F,E,415,F,A
3625,E415G,0.6521358106753194,EA415G,A.E.415.G,E,415,G,A
3626,E415H,-0.0244108557325495,EA415H,A.E.415.H,E,415,H,A
3627,E415I,0.1374633407534881,EA415I,A.E.415.I,E,415,I,A
3628,E415K,0.2281023072135612,EA415K,A.E.415.K,E,415,K,A
3629,E415L,-0.0780663294616418,EA415L,A.E.415.L,E,415,L,A
3630,E415M,0.1689262129006608,EA415M,A.E.415.M,E,415,M,A
3631,E415N,0.0393526500447088,EA415N,A.E.415.N,E,415,N,A
3632,E415P,1.558707725021451,EA415P,A.E.415.P,E,415,P,A
3633,E415Q,0.3602997420742826,EA415Q,A.E.415.Q,E,415,Q,A
3634,E415R,0.1488775931124336,EA415R,A.E.415.R,E,415,R,A
3635,E415S,0.2611765780122754,EA415S,A.E.415.S,E,415,S,A
3636,E415T,0.272494274488122,EA415T,A.E.415.T,E,415,T,A
3637,E415V,0.2087867860479103,EA415V,A.E.415.V,E,415,V,A
3638,E415W,0.0196379479049818,EA415W,A.E.415.W,E,415,W,A
3639,E415Y,0.2790909060457153,EA415Y,A.E.415.Y,E,415,Y,A
3640,S416A,0.0137900067258533,SA416A,A.S.416.A,S,416,A,A
3641,S416C,0.5915405607599977,SA416C,A.S.416.C,S,416,C,A
3642,S416D,-0.2459741611389831,SA416D,A.S.416.D,S,416,D,A
3643,S416E,-0.1943785804424119,SA416E,A.S.416.E,S,416,E,A
3644,S416F,-0.1955719210398682,SA416F,A.S.416.F,S,416,F,A
3645,S416G,0.2768642483959976,SA416G,A.S.416.G,S,416,G,A
3646,S416H,-0.2880583628329414,SA416H,A.S.416.H,S,416,H,A
3647,S416I,-0.2385362374185401,SA416I,A.S.416.I,S,416,I,A
3648,S416K,-0.0947523307348641,SA416K,A.S.416.K,S,416,K,A
3649,S416L,-0.4960404382868516,SA416L,A.S.416.L,S,416,L,A
3650,S416M,-0.1824941899041526,SA416M,A.S.416.M,S,416,M,A
3651,S416N,-0.1808792024389277,SA416N,A.S.416.N,S,416,N,A
3652,S416P,0.2011442731743057,SA416P,A.S.416.P,S,416,P,A
3653,S416Q,0.0643280975538251,SA416Q,A.S.416.Q,S,416,Q,A
3654,S416R,-0.2437466740931793,SA416R,A.S.416.R,S,416,R,A
3655,S416S,-0.0522959465738342,SA416S,A.S.416.S,S,416,S,A
3656,S416T,-0.0854728363962742,SA416T,A.S.416.T,S,416,T,A
3657,S416V,-0.0941820266811915,SA416V,A.S.416.V,S,416,V,A
3658,S416W,-0.5830543596947013,SA416W,A.S.416.W,S,416,W,A
3659,S416Y,-0.0990252626881971,SA416Y,A.S.416.Y,S,416,Y,A
3660,D417A,0.4299572670289825,DA417A,A.D.417.A,D,417,A,A
3661,D417C,1.0747090759512226,DA417C,A.D.417.C,D,417,C,A
3662,D417D,-0.0513065590542882,DA417D,A.D.417.D,D,417,D,A
3663,D417E,-0.0013278128283067,DA417E,A.D.417.E,D,417,E,A
3664,D417F,0.2677631108932848,DA417F,A.D.417.F,D,417,F,A
3665,D417G,0.7482619101623533,DA417G,A.D.417.G,D,417,G,A
3666,D417H,-0.0834254960198199,DA417H,A.D.417.H,D,417,H,A
3667,D417I,0.2721039418677451,DA417I,A.D.417.I,D,417,I,A
3668,D417K,0.1890461390726372,DA417K,A.D.417.K,D,417,K,A
3669,D417L,-0.0564398405584548,DA417L,A.D.417.L,D,417,L,A
3670,D417M,0.2316123304451373,DA417M,A.D.417.M,D,417,M,A
3671,D417N,0.1218978568202822,DA417N,A.D.417.N,D,417,N,A
3672,D417P,1.0505917247080498,DA417P,A.D.417.P,D,417,P,A
3673,D417Q,0.325889491238549,DA417Q,A.D.417.Q,D,417,Q,A
3674,D417R,0.146306370138633,DA417R,A.D.417.R,D,417,R,A
3675,D417S,0.1575833594228659,DA417S,A.D.417.S,D,417,S,A
3676,D417T,0.2392558098607372,DA417T,A.D.417.T,D,417,T,A
3677,D417V,0.386930348526055,DA417V,A.D.417.V,D,417,V,A
3678,D417W,-0.0759690892551812,DA417W,A.D.417.W,D,417,W,A
3679,D417Y,0.2614725469784995,DA417Y,A.D.417.Y,D,417,Y,A
3680,G418A,1.2188853204711383,GA418A,A.G.418.A,G,418,A,A
3681,G418C,1.571458954482304,GA418C,A.G.418.C,G,418,C,A
3682,G418D,0.4957967234725713,GA418D,A.G.418.D,G,418,D,A
3683,G418E,0.8094705109389705,GA418E,A.G.418.E,G,418,E,A
3684,G418F,1.0243554700535589,GA418F,A.G.418.F,G,418,F,A
3685,G418G,0.8772231844787056,GA418G,A.G.418.G,G,418,G,A
3686,G418H,0.4614282630594751,GA418H,A.G.418.H,G,418,H,A
3687,G418I,1.5183595562290644,GA418I,A.G.418.I,G,418,I,A
3688,G418K,0.7894109068672739,GA418K,A.G.418.K,G,418,K,A
3689,G418L,0.532635820969039,GA418L,A.G.418.L,G,418,L,A
3690,G418M,0.8903822808759911,GA418M,A.G.418.M,G,418,M,A
3691,G418N,0.5040882064946736,GA418N,A.G.418.N,G,418,N,A
3692,G418P,4.172649298963636,GA418P,A.G.418.P,G,418,P,A
3693,G418Q,1.0538198312456704,GA418Q,A.G.418.Q,G,418,Q,A
3694,G418R,0.759451515170301,GA418R,A.G.418.R,G,418,R,A
3695,G418S,0.8098398895914938,GA418S,A.G.418.S,G,418,S,A
3696,G418T,1.3100261337906998,GA418T,A.G.418.T,G,418,T,A
3697,G418V,1.5887430045333808,GA418V,A.G.418.V,G,418,V,A
3698,G418W,0.8122774403550295,GA418W,A.G.418.W,G,418,W,A
3699,G418Y,1.112930706176537,GA418Y,A.G.418.Y,G,418,Y,A
3700,K419A,-0.0042665562975141,KA419A,A.K.419.A,K,419,A,A
3701,K419C,0.548345785245623,KA419C,A.K.419.C,K,419,C,A
3702,K419D,-0.1102502050566611,KA419D,A.K.419.D,K,419,D,A
3703,K419E,-0.1766422677047935,KA419E,A.K.419.E,K,419,E,A
3704,K419F,-0.1943759575893522,KA419F,A.K.419.F,K,419,F,A
3705,K419G,0.335507949554808,KA419G,A.K.419.G,K,419,G,A
3706,K419H,-0.3289686010759762,KA419H,A.K.419.H,K,419,H,A
3707,K419I,-0.1817958156287824,KA419I,A.K.419.I,K,419,I,A
3708,K419K,-0.1505548707468895,KA419K,A.K.419.K,K,419,K,A
3709,K419L,-0.5224376013340953,KA419L,A.K.419.L,K,419,L,A
3710,K419M,-0.191335803153983,KA419M,A.K.419.M,K,419,M,A
3711,K419N,-0.0583760846239894,KA419N,A.K.419.N,K,419,N,A
3712,K419P,0.5250520970010109,KA419P,A.K.419.P,K,419,P,A
3713,K419Q,-0.0330599421560023,KA419Q,A.K.419.Q,K,419,Q,A
3714,K419R,-0.2653576926449491,KA419R,A.K.419.R,K,419,R,A
3715,K419S,-0.0473126337374185,KA419S,A.K.419.S,K,419,S,A
3716,K419T,-0.1331046360133303,KA419T,A.K.419.T,K,419,T,A
3717,K419V,-0.1031880692524589,KA419V,A.K.419.V,K,419,V,A
3718,K419W,-0.3784418560917529,KA419W,A.K.419.W,K,419,W,A
3719,K419Y,-0.1236089893493236,KA419Y,A.K.419.Y,K,419,Y,A
3720,Q420A,-0.1527075852089815,QA420A,A.Q.420.A,Q,420,A,A
3721,Q420C,0.3526650483712135,QA420C,A.Q.420.C,Q,420,C,A
3722,Q420D,-0.34964012537402,QA420D,A.Q.420.D,Q,420,D,A
3723,Q420E,-0.2837712323456881,QA420E,A.Q.420.E,Q,420,E,A
3724,Q420F,-0.3430871822460124,QA420F,A.Q.420.F,Q,420,F,A
3725,Q420G,0.0324400848096434,QA420G,A.Q.420.G,Q,420,G,A
3726,Q420H,-0.5474656845954834,QA420H,A.Q.420.H,Q,420,H,A
3727,Q420I,-0.0601141423078588,QA420I,A.Q.420.I,Q,420,I,A
3728,Q420K,-0.4411882042956505,QA420K,A.Q.420.K,Q,420,K,A
3729,Q420L,-0.6558430601602983,QA420L,A.Q.420.L,Q,420,L,A
3730,Q420M,-0.3477838120919174,QA420M,A.Q.420.M,Q,420,M,A
3731,Q420N,-0.4835285731352479,QA420N,A.Q.420.N,Q,420,N,A
3732,Q420P,2.9884050876648254,QA420P,A.Q.420.P,Q,420,P,A
3733,Q420Q,-0.1488233186937387,QA420Q,A.Q.420.Q,Q,420,Q,A
3734,Q420R,-0.4904048629535329,QA420R,A.Q.420.R,Q,420,R,A
3735,Q420S,-0.1157134534795606,QA420S,A.Q.420.S,Q,420,S,A
3736,Q420T,-0.0573179612065827,QA420T,A.Q.420.T,Q,420,T,A
3737,Q420V,0.016783331938987,QA420V,A.Q.420.V,Q,420,V,A
3738,Q420W,-0.5617109383993163,QA420W,A.Q.420.W,Q,420,W,A
3739,Q420Y,-0.2284217686267886,QA420Y,A.Q.420.Y,Q,420,Y,A
3740,E421A,-0.0855201969669011,EA421A,A.E.421.A,E,421,A,A
3741,E421C,0.3897821576136789,EA421C,A.E.421.C,E,421,C,A
3742,E421D,-0.497497161359367,EA421D,A.E.421.D,E,421,D,A
3743,E421E,-0.3814296550194013,EA421E,A.E.421.E,E,421,E,A
3744,E421F,-0.2567834511181466,EA421F,A.E.421.F,E,421,F,A
3745,E421G,0.0820879494091458,EA421G,A.E.421.G,E,421,G,A
3746,E421H,-0.5806237603358128,EA421H,A.E.421.H,E,421,H,A
3747,E421I,-0.3301014927676809,EA421I,A.E.421.I,E,421,I,A
3748,E421K,-0.3027485234314836,EA421K,A.E.421.K,E,421,K,A
3749,E421L,-0.6625289260384376,EA421L,A.E.421.L,E,421,L,A
3750,E421M,-0.3828571129558172,EA421M,A.E.421.M,E,421,M,A
3751,E421N,-0.3183216255953192,EA421N,A.E.421.N,E,421,N,A
3752,E421P,0.2065527593163452,EA421P,A.E.421.P,E,421,P,A
3753,E421Q,-0.1417035496660718,EA421Q,A.E.421.Q,E,421,Q,A
3754,E421R,-0.4143300041124376,EA421R,A.E.421.R,E,421,R,A
3755,E421S,-0.3265807004894133,EA421S,A.E.421.S,E,421,S,A
3756,E421T,-0.2232932789026381,EA421T,A.E.421.T,E,421,T,A
3757,E421V,-0.1473480674741328,EA421V,A.E.421.V,E,421,V,A
3758,E421W,-0.4456194289925919,EA421W,A.E.421.W,E,421,W,A
3759,E421Y,-0.2462043809896891,EA421Y,A.E.421.Y,E,421,Y,A
3760,E422A,0.4328230291075813,EA422A,A.E.422.A,E,422,A,A
3761,E422C,1.2470899958897008,EA422C,A.E.422.C,E,422,C,A
3762,E422D,0.130876151643231,EA422D,A.E.422.D,E,422,D,A
3763,E422E,0.1878266113751647,EA422E,A.E.422.E,E,422,E,A
3764,E422F,0.4954751155820081,EA422F,A.E.422.F,E,422,F,A
3765,E422G,0.7707107941787491,EA422G,A.E.422.G,E,422,G,A
3766,E422H,0.1112667656321259,EA422H,A.E.422.H,E,422,H,A
3767,E422I,0.5385367534997276,EA422I,A.E.422.I,E,422,I,A
3768,E422K,0.3041498089790195,EA422K,A.E.422.K,E,422,K,A
3769,E422L,0.2194486979115356,EA422L,A.E.422.L,E,422,L,A
3770,E422M,0.4459191447931143,EA422M,A.E.422.M,E,422,M,A
3771,E422N,0.4649210002505732,EA422N,A.E.422.N,E,422,N,A
3772,E422P,0.827300347208402,EA422P,A.E.422.P,E,422,P,A
3773,E422Q,0.4640367759653452,EA422Q,A.E.422.Q,E,422,Q,A
3774,E422R,0.2690047496738568,EA422R,A.E.422.R,E,422,R,A
3775,E422S,0.3186451222537206,EA422S,A.E.422.S,E,422,S,A
3776,E422T,0.4693978591709441,EA422T,A.E.422.T,E,422,T,A
3777,E422V,0.5987794569656602,EA422V,A.E.422.V,E,422,V,A
3778,E422W,0.1632534349155573,EA422W,A.E.422.W,E,422,W,A
3779,E422Y,0.4725376614954124,EA422Y,A.E.422.Y,E,422,Y,A
3780,E423A,0.0360092304641784,EA423A,A.E.423.A,E,423,A,A
3781,E423C,0.483733549105183,EA423C,A.E.423.C,E,423,C,A
3782,E423D,-0.5135004385259623,EA423D,A.E.423.D,E,423,D,A
3783,E423E,-0.3470903641957834,EA423E,A.E.423.E,E,423,E,A
3784,E423F,0.0088327458337711,EA423F,A.E.423.F,E,423,F,A
3785,E423G,0.1070567793361493,EA423G,A.E.423.G,E,423,G,A
3786,E423H,-0.3142222871571354,EA423H,A.E.423.H,E,423,H,A
3787,E423I,0.2087603229336504,EA423I,A.E.423.I,E,423,I,A
3788,E423K,-0.2021120372999274,EA423K,A.E.423.K,E,423,K,A
3789,E423L,-0.378392826002083,EA423L,A.E.423.L,E,423,L,A
3790,E423M,-0.0610615064306785,EA423M,A.E.423.M,E,423,M,A
3791,E423N,-0.477263646754078,EA423N,A.E.423.N,E,423,N,A
3792,E423P,1.4092324955946791,EA423P,A.E.423.P,E,423,P,A
3793,E423Q,0.0379301956010685,EA423Q,A.E.423.Q,E,423,Q,A
3794,E423R,-0.1950791563640813,EA423R,A.E.423.R,E,423,R,A
3795,E423S,-0.167072015166953,EA423S,A.E.423.S,E,423,S,A
3796,E423T,0.0537124062523597,EA423T,A.E.423.T,E,423,T,A
3797,E423V,0.1656399570868649,EA423V,A.E.423.V,E,423,V,A
3798,E423W,-0.2909601439347764,EA423W,A.E.423.W,E,423,W,A
3799,E423Y,0.0090904525530388,EA423Y,A.E.423.Y,E,423,Y,A
3800,G424A,-0.0307148057328665,GA424A,A.G.424.A,G,424,A,A
3801,G424C,0.5806507707941851,GA424C,A.G.424.C,G,424,C,A
3802,G424D,0.1791839944332968,GA424D,A.G.424.D,G,424,D,A
3803,G424E,0.3651440811650974,GA424E,A.G.424.E,G,424,E,A
3804,G424F,-0.2924854136155719,GA424F,A.G.424.F,G,424,F,A
3805,G424G,0.6279331181926003,GA424G,A.G.424.G,G,424,G,A
3806,G424H,-0.3914424893596624,GA424H,A.G.424.H,G,424,H,A
3807,G424I,0.2345367526540709,GA424I,A.G.424.I,G,424,I,A
3808,G424K,-0.0110641068587774,GA424K,A.G.424.K,G,424,K,A
3809,G424L,-0.3974243697856527,GA424L,A.G.424.L,G,424,L,A
3810,G424M,-0.2334173228233083,GA424M,A.G.424.M,G,424,M,A
3811,G424N,-0.2643146927573414,GA424N,A.G.424.N,G,424,N,A
3812,G424P,3.889402925525778,GA424P,A.G.424.P,G,424,P,A
3813,G424Q,0.2120340561695327,GA424Q,A.G.424.Q,G,424,Q,A
3814,G424R,-0.3439428497098895,GA424R,A.G.424.R,G,424,R,A
3815,G424S,0.2483382615099283,GA424S,A.G.424.S,G,424,S,A
3816,G424T,0.4276212086432696,GA424T,A.G.424.T,G,424,T,A
3817,G424V,0.2152281377408221,GA424V,A.G.424.V,G,424,V,A
3818,G424W,-0.6263008467926834,GA424W,A.G.424.W,G,424,W,A
3819,G424Y,-0.1318664458933255,GA424Y,A.G.424.Y,G,424,Y,A
3820,Q425A,-0.0973255745848178,QA425A,A.Q.425.A,Q,425,A,A
3821,Q425C,0.3061002421672687,QA425C,A.Q.425.C,Q,425,C,A
3822,Q425D,-0.7164180467379044,QA425D,A.Q.425.D,Q,425,D,A
3823,Q425E,-0.5068031985106575,QA425E,A.Q.425.E,Q,425,E,A
3824,Q425F,-0.501088144036756,QA425F,A.Q.425.F,Q,425,F,A
3825,Q425G,-0.0914300547832336,QA425G,A.Q.425.G,Q,425,G,A
3826,Q425H,-0.7280364055709254,QA425H,A.Q.425.H,Q,425,H,A
3827,Q425I,-0.2768358537605248,QA425I,A.Q.425.I,Q,425,I,A
3828,Q425K,-0.544719875704886,QA425K,A.Q.425.K,Q,425,K,A
3829,Q425L,-0.6899714820930408,QA425L,A.Q.425.L,Q,425,L,A
3830,Q425M,-0.3642526839838722,QA425M,A.Q.425.M,Q,425,M,A
3831,Q425N,-0.6594945272654379,QA425N,A.Q.425.N,Q,425,N,A
3832,Q425P,0.6481187643046956,QA425P,A.Q.425.P,Q,425,P,A
3833,Q425Q,-0.3589803478883663,QA425Q,A.Q.425.Q,Q,425,Q,A
3834,Q425R,-0.7004191708307411,QA425R,A.Q.425.R,Q,425,R,A
3835,Q425S,-0.352906539705724,QA425S,A.Q.425.S,Q,425,S,A
3836,Q425T,-0.1806654403762253,QA425T,A.Q.425.T,Q,425,T,A
3837,Q425V,-0.228345558075842,QA425V,A.Q.425.V,Q,425,V,A
3838,Q425W,-0.6745619099553457,QA425W,A.Q.425.W,Q,425,W,A
3839,Q425Y,-0.4618789391780298,QA425Y,A.Q.425.Y,Q,425,Y,A
3840,Q426A,0.1217788739395892,QA426A,A.Q.426.A,Q,426,A,A
3841,Q426C,0.5729829504461345,QA426C,A.Q.426.C,Q,426,C,A
3842,Q426D,-0.4278505812134375,QA426D,A.Q.426.D,Q,426,D,A
3843,Q426E,-0.2606963344050789,QA426E,A.Q.426.E,Q,426,E,A
3844,Q426F,-0.1600793366789782,QA426F,A.Q.426.F,Q,426,F,A
3845,Q426G,0.2082169958067364,QA426G,A.Q.426.G,Q,426,G,A
3846,Q426H,-0.3889628956106189,QA426H,A.Q.426.H,Q,426,H,A
3847,Q426I,-0.1229199550977072,QA426I,A.Q.426.I,Q,426,I,A
3848,Q426K,-0.225662951526892,QA426K,A.Q.426.K,Q,426,K,A
3849,Q426L,-0.4915882954697487,QA426L,A.Q.426.L,Q,426,L,A
3850,Q426M,-0.2373179678921266,QA426M,A.Q.426.M,Q,426,M,A
3851,Q426N,-0.3934630492651003,QA426N,A.Q.426.N,Q,426,N,A
3852,Q426P,0.93595518611873,QA426P,A.Q.426.P,Q,426,P,A
3853,Q426Q,-0.1118500339832323,QA426Q,A.Q.426.Q,Q,426,Q,A
3854,Q426R,-0.2755180134100715,QA426R,A.Q.426.R,Q,426,R,A
3855,Q426S,-0.1877228410403364,QA426S,A.Q.426.S,Q,426,S,A
3856,Q426T,-0.0903695833441803,QA426T,A.Q.426.T,Q,426,T,A
3857,Q426V,-0.0149236328933505,QA426V,A.Q.426.V,Q,426,V,A
3858,Q426W,-0.363270682555446,QA426W,A.Q.426.W,Q,426,W,A
3859,Q426Y,-0.0838756655994038,QA426Y,A.Q.426.Y,Q,426,Y,A
3860,Q427A,-0.0153925638982016,QA427A,A.Q.427.A,Q,427,A,A
3861,Q427C,0.4340266773474582,QA427C,A.Q.427.C,Q,427,C,A
3862,Q427D,-0.4694607159094066,QA427D,A.Q.427.D,Q,427,D,A
3863,Q427E,-0.3671052034359345,QA427E,A.Q.427.E,Q,427,E,A
3864,Q427F,-0.1859379689409257,QA427F,A.Q.427.F,Q,427,F,A
3865,Q427G,0.1906949786178435,QA427G,A.Q.427.G,Q,427,G,A
3866,Q427H,-0.46906503455862,QA427H,A.Q.427.H,Q,427,H,A
3867,Q427I,-0.2447584649651218,QA427I,A.Q.427.I,Q,427,I,A
3868,Q427K,-0.3158562505631412,QA427K,A.Q.427.K,Q,427,K,A
3869,Q427L,-0.5531806643443032,QA427L,A.Q.427.L,Q,427,L,A
3870,Q427M,-0.2641512469151141,QA427M,A.Q.427.M,Q,427,M,A
3871,Q427N,-0.4553129588460741,QA427N,A.Q.427.N,Q,427,N,A
3872,Q427P,1.61633770391512,QA427P,A.Q.427.P,Q,427,P,A
3873,Q427Q,-0.1213108258325046,QA427Q,A.Q.427.Q,Q,427,Q,A
3874,Q427R,-0.4309347508183636,QA427R,A.Q.427.R,Q,427,R,A
3875,Q427S,-0.2584460311459402,QA427S,A.Q.427.S,Q,427,S,A
3876,Q427T,-0.2275302319172556,QA427T,A.Q.427.T,Q,427,T,A
3877,Q427V,-0.1935874234897994,QA427V,A.Q.427.V,Q,427,V,A
3878,Q427W,-0.4510324702884705,QA427W,A.Q.427.W,Q,427,W,A
3879,Q427Y,-0.1329192307038923,QA427Y,A.Q.427.Y,Q,427,Y,A
3880,E428A,0.5846982686072313,EA428A,A.E.428.A,E,428,A,A
3881,E428C,0.8608275427099138,EA428C,A.E.428.C,E,428,C,A
3882,E428D,-0.0051192965987678,EA428D,A.E.428.D,E,428,D,A
3883,E428E,0.1673547313939044,EA428E,A.E.428.E,E,428,E,A
3884,E428F,-0.1284274271294555,EA428F,A.E.428.F,E,428,F,A
3885,E428G,0.8300543547019767,EA428G,A.E.428.G,E,428,G,A
3886,E428H,-0.0750978116893441,EA428H,A.E.428.H,E,428,H,A
3887,E428I,0.1778024297331665,EA428I,A.E.428.I,E,428,I,A
3888,E428K,0.3323326238177526,EA428K,A.E.428.K,E,428,K,A
3889,E428L,-0.1683756031744465,EA428L,A.E.428.L,E,428,L,A
3890,E428M,0.0630228673736404,EA428M,A.E.428.M,E,428,M,A
3891,E428N,0.0994828376767398,EA428N,A.E.428.N,E,428,N,A
3892,E428P,2.266332959259008,EA428P,A.E.428.P,E,428,P,A
3893,E428Q,0.3402065136999616,EA428Q,A.E.428.Q,E,428,Q,A
3894,E428R,0.1650845482224622,EA428R,A.E.428.R,E,428,R,A
3895,E428S,0.37907234990879,EA428S,A.E.428.S,E,428,S,A
3896,E428T,0.3323772226286409,EA428T,A.E.428.T,E,428,T,A
3897,E428V,0.251705663202188,EA428V,A.E.428.V,E,428,V,A
3898,E428W,-0.3061341730195632,EA428W,A.E.428.W,E,428,W,A
3899,E428Y,-0.1130902531930733,EA428Y,A.E.428.Y,E,428,Y,A
3900,E429A,0.1642347269672966,EA429A,A.E.429.A,E,429,A,A
3901,E429C,0.5378240397519931,EA429C,A.E.429.C,E,429,C,A
3902,E429D,-0.3880087656934805,EA429D,A.E.429.D,E,429,D,A
3903,E429E,-0.2436976047531297,EA429E,A.E.429.E,E,429,E,A
3904,E429F,-0.2135498369347044,EA429F,A.E.429.F,E,429,F,A
3905,E429G,0.2527176072559206,EA429G,A.E.429.G,E,429,G,A
3906,E429H,-0.4690186644708749,EA429H,A.E.429.H,E,429,H,A
3907,E429I,-0.1800316232748211,EA429I,A.E.429.I,E,429,I,A
3908,E429K,-0.2902876315384256,EA429K,A.E.429.K,E,429,K,A
3909,E429L,-0.6184780105845633,EA429L,A.E.429.L,E,429,L,A
3910,E429M,-0.3149466190986821,EA429M,A.E.429.M,E,429,M,A
3911,E429N,-0.4673450266909795,EA429N,A.E.429.N,E,429,N,A
3912,E429P,2.202852464948033,EA429P,A.E.429.P,E,429,P,A
3913,E429Q,-0.176468546500963,EA429Q,A.E.429.Q,E,429,Q,A
3914,E429R,-0.415286876932367,EA429R,A.E.429.R,E,429,R,A
3915,E429S,-0.0236257023920816,EA429S,A.E.429.S,E,429,S,A
3916,E429T,0.0460483380152726,EA429T,A.E.429.T,E,429,T,A
3917,E429V,-0.1857856988931455,EA429V,A.E.429.V,E,429,V,A
3918,E429W,-0.4421431126382652,EA429W,A.E.429.W,E,429,W,A
3919,E429Y,-0.1517081674979398,EA429Y,A.E.429.Y,E,429,Y,A
3920,E430A,0.0670035420268816,EA430A,A.E.430.A,E,430,A,A
3921,E430C,0.4593645136576413,EA430C,A.E.430.C,E,430,C,A
3922,E430D,-0.3454370023941749,EA430D,A.E.430.D,E,430,D,A
3923,E430E,-0.2766126968936461,EA430E,A.E.430.E,E,430,E,A
3924,E430F,-0.46329929751727,EA430F,A.E.430.F,E,430,F,A
3925,E430G,0.3279028875024709,EA430G,A.E.430.G,E,430,G,A
3926,E430H,-0.5561282522365824,EA430H,A.E.430.H,E,430,H,A
3927,E430I,-0.2991069541138619,EA430I,A.E.430.I,E,430,I,A
3928,E430K,-0.2178875084322895,EA430K,A.E.430.K,E,430,K,A
3929,E430L,-0.724256273345486,EA430L,A.E.430.L,E,430,L,A
3930,E430M,-0.4186024203479338,EA430M,A.E.430.M,E,430,M,A
3931,E430N,-0.3928687475830783,EA430N,A.E.430.N,E,430,N,A
3932,E430P,2.208651659541053,EA430P,A.E.430.P,E,430,P,A
3933,E430Q,-0.1730488383347511,EA430Q,A.E.430.Q,E,430,Q,A
3934,E430R,-0.432958164349731,EA430R,A.E.430.R,E,430,R,A
3935,E430S,0.035333610433994,EA430S,A.E.430.S,E,430,S,A
3936,E430T,0.0115340924316209,EA430T,A.E.430.T,E,430,T,A
3937,E430V,-0.2220114851738491,EA430V,A.E.430.V,E,430,V,A
3938,E430W,-0.5929044256089189,EA430W,A.E.430.W,E,430,W,A
3939,E430Y,-0.3714629292807314,EA430Y,A.E.430.Y,E,430,Y,A
3940,G431A,0.6956330014899198,GA431A,A.G.431.A,G,431,A,A
3941,G431C,0.9672107414757702,GA431C,A.G.431.C,G,431,C,A
3942,G431D,0.1795571052966266,GA431D,A.G.431.D,G,431,D,A
3943,G431E,0.4839171308164769,GA431E,A.G.431.E,G,431,E,A
3944,G431F,-0.1050519314729409,GA431F,A.G.431.F,G,431,F,A
3945,G431G,0.8675075576868752,GA431G,A.G.431.G,G,431,G,A
3946,G431H,-0.2168500322997807,GA431H,A.G.431.H,G,431,H,A
3947,G431I,0.5870057019007882,GA431I,A.G.431.I,G,431,I,A
3948,G431K,0.3179872457110422,GA431K,A.G.431.K,G,431,K,A
3949,G431L,-0.0045966916207357,GA431L,A.G.431.L,G,431,L,A
3950,G431M,0.107324540907675,GA431M,A.G.431.M,G,431,M,A
3951,G431N,0.0438058127750645,GA431N,A.G.431.N,G,431,N,A
3952,G431P,3.235482957826397,GA431P,A.G.431.P,G,431,P,A
3953,G431Q,0.4409156253164731,GA431Q,A.G.431.Q,G,431,Q,A
3954,G431R,0.1907181184017403,GA431R,A.G.431.R,G,431,R,A
3955,G431S,0.5531262848532783,GA431S,A.G.431.S,G,431,S,A
3956,G431T,0.6168589188003617,GA431T,A.G.431.T,G,431,T,A
3957,G431V,0.5963584714045075,GA431V,A.G.431.V,G,431,V,A
3958,G431W,-0.2286664883180467,GA431W,A.G.431.W,G,431,W,A
3959,G431Y,-0.0117150809540006,GA431Y,A.G.431.Y,G,431,Y,A
3960,M432A,0.4937298312947946,MA432A,A.M.432.A,M,432,A,A
3961,M432C,0.7287299055732921,MA432C,A.M.432.C,M,432,C,A
3962,M432D,-0.0577310031772132,MA432D,A.M.432.D,M,432,D,A
3963,M432E,0.0428192364638446,MA432E,A.M.432.E,M,432,E,A
3964,M432F,-0.1163496232227839,MA432F,A.M.432.F,M,432,F,A
3965,M432G,0.7265685002605584,MA432G,A.M.432.G,M,432,G,A
3966,M432H,-0.2368882659169863,MA432H,A.M.432.H,M,432,H,A
3967,M432I,-0.0554548579401203,MA432I,A.M.432.I,M,432,I,A
3968,M432K,0.1114375507825088,MA432K,A.M.432.K,M,432,K,A
3969,M432L,-0.2685010841643442,MA432L,A.M.432.L,M,432,L,A
3970,M432M,0.0017612620243778,MA432M,A.M.432.M,M,432,M,A
3971,M432N,-0.1025182000931662,MA432N,A.M.432.N,M,432,N,A
3972,M432P,1.545172058394744,MA432P,A.M.432.P,M,432,P,A
3973,M432Q,0.2010958828574716,MA432Q,A.M.432.Q,M,432,Q,A
3974,M432R,-0.134869602860374,MA432R,A.M.432.R,M,432,R,A
3975,M432S,0.2888586222992462,MA432S,A.M.432.S,M,432,S,A
3976,M432T,0.1287724404544465,MA432T,A.M.432.T,M,432,T,A
3977,M432V,0.1009015076709252,MA432V,A.M.432.V,M,432,V,A
3978,M432W,-0.2566834681563568,MA432W,A.M.432.W,M,432,W,A
3979,M432Y,-0.0090460586393026,MA432Y,A.M.432.Y,M,432,Y,A
3980,Y433A,0.9240514112816328,YA433A,A.Y.433.A,Y,433,A,A
3981,Y433C,1.3611485482520205,YA433C,A.Y.433.C,Y,433,C,A
3982,Y433D,0.6617462947690916,YA433D,A.Y.433.D,Y,433,D,A
3983,Y433E,0.539676376132574,YA433E,A.Y.433.E,Y,433,E,A
3984,Y433F,-0.1044687628709833,YA433F,A.Y.433.F,Y,433,F,A
3985,Y433G,1.6732046321639942,YA433G,A.Y.433.G,Y,433,G,A
3986,Y433H,0.0879505735475932,YA433H,A.Y.433.H,Y,433,H,A
3987,Y433I,0.0098680846140958,YA433I,A.Y.433.I,Y,433,I,A
3988,Y433K,0.5946047154855396,YA433K,A.Y.433.K,Y,433,K,A
3989,Y433L,-0.1728893958231231,YA433L,A.Y.433.L,Y,433,L,A
3990,Y433M,0.0897394317423655,YA433M,A.Y.433.M,Y,433,M,A
3991,Y433N,0.4704941987555422,YA433N,A.Y.433.N,Y,433,N,A
3992,Y433P,2.901578233353135,YA433P,A.Y.433.P,Y,433,P,A
3993,Y433Q,0.6477272728228839,YA433Q,A.Y.433.Q,Y,433,Q,A
3994,Y433R,0.2976547629507181,YA433R,A.Y.433.R,Y,433,R,A
3995,Y433S,0.9112090160651076,YA433S,A.Y.433.S,Y,433,S,A
3996,Y433T,0.5269121561656106,YA433T,A.Y.433.T,Y,433,T,A
3997,Y433V,0.1504081894800651,YA433V,A.Y.433.V,Y,433,V,A
3998,Y433W,-0.2571780847167348,YA433W,A.Y.433.W,Y,433,W,A
3999,Y433Y,-0.004767323128802,YA433Y,A.Y.433.Y,Y,433,Y,A
4000,P434A,0.12248456471665,PA434A,A.P.434.A,P,434,A,A
4001,P434C,0.8297473815052758,PA434C,A.P.434.C,P,434,C,A
4002,P434D,0.0395058980471818,PA434D,A.P.434.D,P,434,D,A
4003,P434E,-0.1333473991686412,PA434E,A.P.434.E,P,434,E,A
4004,P434F,-0.3775550690577478,PA434F,A.P.434.F,P,434,F,A
4005,P434G,0.9199521751509732,PA434G,A.P.434.G,P,434,G,A
4006,P434H,-0.2602663267564514,PA434H,A.P.434.H,P,434,H,A
4007,P434I,-0.4667713827716174,PA434I,A.P.434.I,P,434,I,A
4008,P434K,-0.1074320891849228,PA434K,A.P.434.K,P,434,K,A
4009,P434L,-0.5898456548742825,PA434L,A.P.434.L,P,434,L,A
4010,P434M,-0.3435840954450303,PA434M,A.P.434.M,P,434,M,A
4011,P434N,0.0327401645934977,PA434N,A.P.434.N,P,434,N,A
4012,P434P,1.5221407081107698,PA434P,A.P.434.P,P,434,P,A
4013,P434Q,-0.0134543287189614,PA434Q,A.P.434.Q,P,434,Q,A
4014,P434R,-0.4189970442189467,PA434R,A.P.434.R,P,434,R,A
4015,P434S,0.3523104324850085,PA434S,A.P.434.S,P,434,S,A
4016,P434T,0.0722123607185643,PA434T,A.P.434.T,P,434,T,A
4017,P434V,-0.3829082492364594,PA434V,A.P.434.V,P,434,V,A
4018,P434W,-0.7675707553237071,PA434W,A.P.434.W,P,434,W,A
4019,P434Y,-0.3222220809752096,PA434Y,A.P.434.Y,P,434,Y,A
4020,D435A,0.9128921716468696,DA435A,A.D.435.A,D,435,A,A
4021,D435C,1.4100446439233072,DA435C,A.D.435.C,D,435,C,A
4022,D435D,0.3477067845334086,DA435D,A.D.435.D,D,435,D,A
4023,D435E,0.5614695496756025,DA435E,A.D.435.E,D,435,E,A
4024,D435F,0.7965003446807175,DA435F,A.D.435.F,D,435,F,A
4025,D435G,1.3464565556091028,DA435G,A.D.435.G,D,435,G,A
4026,D435H,0.465632317002162,DA435H,A.D.435.H,D,435,H,A
4027,D435I,0.6015357160482121,DA435I,A.D.435.I,D,435,I,A
4028,D435K,0.8134872391267447,DA435K,A.D.435.K,D,435,K,A
4029,D435L,0.3956588785674725,DA435L,A.D.435.L,D,435,L,A
4030,D435M,0.7385711950095427,DA435M,A.D.435.M,D,435,M,A
4031,D435N,0.4318586083384679,DA435N,A.D.435.N,D,435,N,A
4032,D435P,1.5966970740269262,DA435P,A.D.435.P,D,435,P,A
4033,D435Q,0.8750868548605023,DA435Q,A.D.435.Q,D,435,Q,A
4034,D435R,0.6449930934388404,DA435R,A.D.435.R,D,435,R,A
4035,D435S,0.8617430679025717,DA435S,A.D.435.S,D,435,S,A
4036,D435T,0.8229227286137253,DA435T,A.D.435.T,D,435,T,A
4037,D435V,0.6682284133199579,DA435V,A.D.435.V,D,435,V,A
4038,D435W,0.5404403813755082,DA435W,A.D.435.W,D,435,W,A
4039,D435Y,0.8276876150085191,DA435Y,A.D.435.Y,D,435,Y,A
4040,P436A,-0.140970704729848,PA436A,A.P.436.A,P,436,A,A
4041,P436C,0.6334768934841639,PA436C,A.P.436.C,P,436,C,A
4042,P436D,-0.4989844391648534,PA436D,A.P.436.D,P,436,D,A
4043,P436E,-0.5750139482117528,PA436E,A.P.436.E,P,436,E,A
4044,P436F,-0.5727169386244924,PA436F,A.P.436.F,P,436,F,A
4045,P436G,0.344742723630132,PA436G,A.P.436.G,P,436,G,A
4046,P436H,-0.6185299692543128,PA436H,A.P.436.H,P,436,H,A
4047,P436I,-0.4074625388140174,PA436I,A.P.436.I,P,436,I,A
4048,P436K,-0.3475666871905025,PA436K,A.P.436.K,P,436,K,A
4049,P436L,-0.6713077799531059,PA436L,A.P.436.L,P,436,L,A
4050,P436M,-0.3360355143489868,PA436M,A.P.436.M,P,436,M,A
4051,P436N,-0.1833766873781989,PA436N,A.P.436.N,P,436,N,A
4052,P436P,0.4905796082354818,PA436P,A.P.436.P,P,436,P,A
4053,P436Q,-0.1995212651374367,PA436Q,A.P.436.Q,P,436,Q,A
4054,P436R,-0.404707803435142,PA436R,A.P.436.R,P,436,R,A
4055,P436S,-0.2134679563802605,PA436S,A.P.436.S,P,436,S,A
4056,P436T,-0.2741965659691869,PA436T,A.P.436.T,P,436,T,A
4057,P436V,-0.2817885649094365,PA436V,A.P.436.V,P,436,V,A
4058,P436W,-1.1552148861137723,PA436W,A.P.436.W,P,436,W,A
4059,P436Y,-0.5434650986212425,PA436Y,A.P.436.Y,P,436,Y,A
4060,G437A,-0.0214290335045069,GA437A,A.G.437.A,G,437,A,A
4061,G437C,0.5328697355005965,GA437C,A.G.437.C,G,437,C,A
4062,G437D,-0.0717911098240892,GA437D,A.G.437.D,G,437,D,A
4063,G437E,-0.2527766142156695,GA437E,A.G.437.E,G,437,E,A
4064,G437F,-0.4489722495952475,GA437F,A.G.437.F,G,437,F,A
4065,G437G,0.5798362868544438,GA437G,A.G.437.G,G,437,G,A
4066,G437H,-0.4406702141976854,GA437H,A.G.437.H,G,437,H,A
4067,G437I,-0.0794963444527641,GA437I,A.G.437.I,G,437,I,A
4068,G437K,-0.3808235757135697,GA437K,A.G.437.K,G,437,K,A
4069,G437L,-0.493342983684345,GA437L,A.G.437.L,G,437,L,A
4070,G437M,-0.1997891151669878,GA437M,A.G.437.M,G,437,M,A
4071,G437N,-0.1677502679156017,GA437N,A.G.437.N,G,437,N,A
4072,G437P,4.853137550653586,GA437P,A.G.437.P,G,437,P,A
4073,G437Q,0.020431757671982,GA437Q,A.G.437.Q,G,437,Q,A
4074,G437R,-0.5589629378703054,GA437R,A.G.437.R,G,437,R,A
4075,G437S,0.1806831225366439,GA437S,A.G.437.S,G,437,S,A
4076,G437T,0.0070407366603597,GA437T,A.G.437.T,G,437,T,A
4077,G437V,-0.0570934329515221,GA437V,A.G.437.V,G,437,V,A
4078,G437W,-0.9255949129865516,GA437W,A.G.437.W,G,437,W,A
4079,G437Y,-0.4643479511087922,GA437Y,A.G.437.Y,G,437,Y,A
4080,L438A,0.6757836104224707,LA438A,A.L.438.A,L,438,A,A
4081,L438C,1.3903639100739342,LA438C,A.L.438.C,L,438,C,A
4082,L438D,0.7576525577059492,LA438D,A.L.438.D,L,438,D,A
4083,L438E,0.3909314961086563,LA438E,A.L.438.E,L,438,E,A
4084,L438F,0.2493274239706894,LA438F,A.L.438.F,L,438,F,A
4085,L438G,1.3707387079010074,LA438G,A.L.438.G,L,438,G,A
4086,L438H,0.4197528828166541,LA438H,A.L.438.H,L,438,H,A
4087,L438I,0.1945853565749328,LA438I,A.L.438.I,L,438,I,A
4088,L438K,0.509035445470643,LA438K,A.L.438.K,L,438,K,A
4089,L438L,-0.0478489767822332,LA438L,A.L.438.L,L,438,L,A
4090,L438M,0.3748917410792596,LA438M,A.L.438.M,L,438,M,A
4091,L438N,0.720923039002502,LA438N,A.L.438.N,L,438,N,A
4092,L438P,3.719331394416593,LA438P,A.L.438.P,L,438,P,A
4093,L438Q,0.6890556099789432,LA438Q,A.L.438.Q,L,438,Q,A
4094,L438R,0.4249697613273601,LA438R,A.L.438.R,L,438,R,A
4095,L438S,0.9210262416136596,LA438S,A.L.438.S,L,438,S,A
4096,L438T,0.7142753131357207,LA438T,A.L.438.T,L,438,T,A
4097,L438V,0.3297373996127689,LA438V,A.L.438.V,L,438,V,A
4098,L438W,-0.1177575908026223,LA438W,A.L.438.W,L,438,W,A
4099,L438Y,0.3328611338838594,LA438Y,A.L.438.Y,L,438,Y,A
4100,L439A,1.8851597060466712,LA439A,A.L.439.A,L,439,A,A
4101,L439C,2.1593735170503456,LA439C,A.L.439.C,L,439,C,A
4102,L439D,1.9727881789188677,LA439D,A.L.439.D,L,439,D,A
4103,L439E,1.6412884174816826,LA439E,A.L.439.E,L,439,E,A
4104,L439F,0.9739297735045452,LA439F,A.L.439.F,L,439,F,A
4105,L439G,2.8582642237377325,LA439G,A.L.439.G,L,439,G,A
4106,L439H,1.3292684537976065,LA439H,A.L.439.H,L,439,H,A
4107,L439I,0.47007466673885,LA439I,A.L.439.I,L,439,I,A
4108,L439K,1.5853719811634803,LA439K,A.L.439.K,L,439,K,A
4109,L439L,0.3003726723198691,LA439L,A.L.439.L,L,439,L,A
4110,L439M,0.8573179624945632,LA439M,A.L.439.M,L,439,M,A
4111,L439N,1.596289259083307,LA439N,A.L.439.N,L,439,N,A
4112,L439P,6.447330969610239,LA439P,A.L.439.P,L,439,P,A
4113,L439Q,1.52951666847039,LA439Q,A.L.439.Q,L,439,Q,A
4114,L439R,1.150400477088756,LA439R,A.L.439.R,L,439,R,A
4115,L439S,2.2775146288357697,LA439S,A.L.439.S,L,439,S,A
4116,L439T,1.7140720523298154,LA439T,A.L.439.T,L,439,T,A
4117,L439V,0.7803143364248138,LA439V,A.L.439.V,L,439,V,A
4118,L439W,0.6761228875375708,LA439W,A.L.439.W,L,439,W,A
4119,L439Y,1.190341395323496,LA439Y,A.L.439.Y,L,439,Y,A
4120,S440A,-0.4360816931857769,SA440A,A.S.440.A,S,440,A,A
4121,S440C,0.5150738116292675,SA440C,A.S.440.C,S,440,C,A
4122,S440D,-0.0985290890665396,SA440D,A.S.440.D,S,440,D,A
4123,S440E,-0.4364814305590619,SA440E,A.S.440.E,S,440,E,A
4124,S440F,-0.6348966272483869,SA440F,A.S.440.F,S,440,F,A
4125,S440G,0.3823376260268801,SA440G,A.S.440.G,S,440,G,A
4126,S440H,-0.5140810577712873,SA440H,A.S.440.H,S,440,H,A
4127,S440I,-0.6819582322264445,SA440I,A.S.440.I,S,440,I,A
4128,S440K,-0.5855741462934577,SA440K,A.S.440.K,S,440,K,A
4129,S440L,-0.8841217672984553,SA440L,A.S.440.L,S,440,L,A
4130,S440M,-0.5100986862948237,SA440M,A.S.440.M,S,440,M,A
4131,S440N,-0.2493959758219527,SA440N,A.S.440.N,S,440,N,A
4132,S440P,5.7414772116936685,SA440P,A.S.440.P,S,440,P,A
4133,S440Q,-0.2079740163575832,SA440Q,A.S.440.Q,S,440,Q,A
4134,S440R,-0.794198553132579,SA440R,A.S.440.R,S,440,R,A
4135,S440S,-0.0001545103082944,SA440S,A.S.440.S,S,440,S,A
4136,S440T,-0.2410250402521779,SA440T,A.S.440.T,S,440,T,A
4137,S440V,-0.4075814821398366,SA440V,A.S.440.V,S,440,V,A
4138,S440W,-1.097074967405235,SA440W,A.S.440.W,S,440,W,A
4139,S440Y,-0.5378214530511177,SA440Y,A.S.440.Y,S,440,Y,A
4140,Y441A,0.6294966131652685,YA441A,A.Y.441.A,Y,441,A,A
4141,Y441C,1.3814310203709053,YA441C,A.Y.441.C,Y,441,C,A
4142,Y441D,1.0268181986803877,YA441D,A.Y.441.D,Y,441,D,A
4143,Y441E,0.6519757878029677,YA441E,A.Y.441.E,Y,441,E,A
4144,Y441F,-0.1476249104569627,YA441F,A.Y.441.F,Y,441,F,A
4145,Y441G,1.518246141742562,YA441G,A.Y.441.G,Y,441,G,A
4146,Y441H,0.289270938022686,YA441H,A.Y.441.H,Y,441,H,A
4147,Y441I,-0.0095733611685694,YA441I,A.Y.441.I,Y,441,I,A
4148,Y441K,0.5038273017607916,YA441K,A.Y.441.K,Y,441,K,A
4149,Y441L,-0.322072188484705,YA441L,A.Y.441.L,Y,441,L,A
4150,Y441M,0.2213943585892003,YA441M,A.Y.441.M,Y,441,M,A
4151,Y441N,0.777421754475592,YA441N,A.Y.441.N,Y,441,N,A
4152,Y441P,7.806913116852446,YA441P,A.Y.441.P,Y,441,P,A
4153,Y441Q,0.7246630088495848,YA441Q,A.Y.441.Q,Y,441,Q,A
4154,Y441R,0.1673888994214756,YA441R,A.Y.441.R,Y,441,R,A
4155,Y441S,1.0529757171584992,YA441S,A.Y.441.S,Y,441,S,A
4156,Y441T,0.7332892140075187,YA441T,A.Y.441.T,Y,441,T,A
4157,Y441V,0.207036105521301,YA441V,A.Y.441.V,Y,441,V,A
4158,Y441W,-0.6500506856451993,YA441W,A.Y.441.W,Y,441,W,A
4159,Y441Y,-0.0622041205399637,YA441Y,A.Y.441.Y,Y,441,Y,A
4160,I442A,1.1063102403657312,IA442A,A.I.442.A,I,442,A,A
4161,I442C,1.668360663575214,IA442C,A.I.442.C,I,442,C,A
4162,I442D,1.2544355526573283,IA442D,A.I.442.D,I,442,D,A
4163,I442E,0.8061774160443436,IA442E,A.I.442.E,I,442,E,A
4164,I442F,0.2231489577216172,IA442F,A.I.442.F,I,442,F,A
4165,I442G,1.9306940531251828,IA442G,A.I.442.G,I,442,G,A
4166,I442H,0.6307443596325132,IA442H,A.I.442.H,I,442,H,A
4167,I442I,0.2556554961435869,IA442I,A.I.442.I,I,442,I,A
4168,I442K,0.860257584874253,IA442K,A.I.442.K,I,442,K,A
4169,I442L,-0.0380373422393814,IA442L,A.I.442.L,I,442,L,A
4170,I442M,0.3068296431353218,IA442M,A.I.442.M,I,442,M,A
4171,I442N,1.0621595877424763,IA442N,A.I.442.N,I,442,N,A
4172,I442P,6.406140610711255,IA442P,A.I.442.P,I,442,P,A
4173,I442Q,0.956547253736314,IA442Q,A.I.442.Q,I,442,Q,A
4174,I442R,0.4239400981815439,IA442R,A.I.442.R,I,442,R,A
4175,I442S,1.5112853723601596,IA442S,A.I.442.S,I,442,S,A
4176,I442T,1.2082456483583417,IA442T,A.I.442.T,I,442,T,A
4177,I442V,0.4083845863328073,IA442V,A.I.442.V,I,442,V,A
4178,I442W,-0.2409737924408045,IA442W,A.I.442.W,I,442,W,A
4179,I442Y,0.3436962913151792,IA442Y,A.I.442.Y,I,442,Y,A
4180,N443A,-0.100965546474136,NA443A,A.N.443.A,N,443,A,A
4181,N443C,0.7142413898157254,NA443C,A.N.443.C,N,443,C,A
4182,N443D,0.1186657015832076,NA443D,A.N.443.D,N,443,D,A
4183,N443E,-0.1720270260253964,NA443E,A.N.443.E,N,443,E,A
4184,N443F,-0.366701969595134,NA443F,A.N.443.F,N,443,F,A
4185,N443G,0.8469085480901856,NA443G,A.N.443.G,N,443,G,A
4186,N443H,-0.3122956716708763,NA443H,A.N.443.H,N,443,H,A
4187,N443I,-0.5079694567406023,NA443I,A.N.443.I,N,443,I,A
4188,N443K,-0.303543313072217,NA443K,A.N.443.K,N,443,K,A
4189,N443L,-0.7062179848257555,NA443L,A.N.443.L,N,443,L,A
4190,N443M,-0.2803174267548058,NA443M,A.N.443.M,N,443,M,A
4191,N443N,-0.0188589141365175,NA443N,A.N.443.N,N,443,N,A
4192,N443P,6.9620745263493,NA443P,A.N.443.P,N,443,P,A
4193,N443Q,-0.0099855087760214,NA443Q,A.N.443.Q,N,443,Q,A
4194,N443R,-0.5249807746106355,NA443R,A.N.443.R,N,443,R,A
4195,N443S,0.3778292620873841,NA443S,A.N.443.S,N,443,S,A
4196,N443T,0.0959720754174381,NA443T,A.N.443.T,N,443,T,A
4197,N443V,-0.3753203387476972,NA443V,A.N.443.V,N,443,V,A
4198,N443W,-0.8550272142320142,NA443W,A.N.443.W,N,443,W,A
4199,N443Y,-0.3546047475486386,NA443Y,A.N.443.Y,N,443,Y,A
4200,E444A,0.154716549832391,EA444A,A.E.444.A,E,444,A,A
4201,E444C,0.9085094536551838,EA444C,A.E.444.C,E,444,C,A
4202,E444D,0.2995021705943557,EA444D,A.E.444.D,E,444,D,A
4203,E444E,0.0658634207595798,EA444E,A.E.444.E,E,444,E,A
4204,E444F,-0.3276895254593903,EA444F,A.E.444.F,E,444,F,A
4205,E444G,0.8416690317529254,EA444G,A.E.444.G,E,444,G,A
4206,E444H,-0.1937821399028699,EA444H,A.E.444.H,E,444,H,A
4207,E444I,-0.2695717684638737,EA444I,A.E.444.I,E,444,I,A
4208,E444K,0.0195895684885655,EA444K,A.E.444.K,E,444,K,A
4209,E444L,-0.5343659334491752,EA444L,A.E.444.L,E,444,L,A
4210,E444M,-0.2159538073515121,EA444M,A.E.444.M,E,444,M,A
4211,E444N,0.197343682830452,EA444N,A.E.444.N,E,444,N,A
4212,E444P,6.66046169977682,EA444P,A.E.444.P,E,444,P,A
4213,E444Q,0.0938201613996525,EA444Q,A.E.444.Q,E,444,Q,A
4214,E444R,-0.1955413129418831,EA444R,A.E.444.R,E,444,R,A
4215,E444S,0.5308425206268765,EA444S,A.E.444.S,E,444,S,A
4216,E444T,0.2025018192652805,EA444T,A.E.444.T,E,444,T,A
4217,E444V,-0.0624842997555735,EA444V,A.E.444.V,E,444,V,A
4218,E444W,-0.783390351531929,EA444W,A.E.444.W,E,444,W,A
4219,E444Y,-0.2553378005503615,EA444Y,A.E.444.Y,E,444,Y,A
4220,L445A,2.239643555611594,LA445A,A.L.445.A,L,445,A,A
4221,L445C,2.5356776543894064,LA445C,A.L.445.C,L,445,C,A
4222,L445D,2.820608153753257,LA445D,A.L.445.D,L,445,D,A
4223,L445E,2.232706505311157,LA445E,A.L.445.E,L,445,E,A
4224,L445F,1.1289193412735954,LA445F,A.L.445.F,L,445,F,A
4225,L445G,3.6077401395427926,LA445G,A.L.445.G,L,445,G,A
4226,L445H,1.763031379825402,LA445H,A.L.445.H,L,445,H,A
4227,L445I,0.8551633705261508,LA445I,A.L.445.I,L,445,I,A
4228,L445K,2.190723068560396,LA445K,A.L.445.K,L,445,K,A
4229,L445L,0.4674565168809763,LA445L,A.L.445.L,L,445,L,A
4230,L445M,0.9606522393634568,LA445M,A.L.445.M,L,445,M,A
4231,L445N,2.1813811613155507,LA445N,A.L.445.N,L,445,N,A
4232,L445P,6.17587254707983,LA445P,A.L.445.P,L,445,P,A
4233,L445Q,1.9018722759915236,LA445Q,A.L.445.Q,L,445,Q,A
4234,L445R,1.5304062199808348,LA445R,A.L.445.R,L,445,R,A
4235,L445S,2.8607791397600817,LA445S,A.L.445.S,L,445,S,A
4236,L445T,2.394913066019172,LA445T,A.L.445.T,L,445,T,A
4237,L445V,1.2515057265423446,LA445V,A.L.445.V,L,445,V,A
4238,L445W,0.8769980805146488,LA445W,A.L.445.W,L,445,W,A
4239,L445Y,1.437544132258059,LA445Y,A.L.445.Y,L,445,Y,A
4240,C446A,-0.5063291695139394,CA446A,A.C.446.A,C,446,A,A
4241,C446C,0.1578977605464865,CA446C,A.C.446.C,C,446,C,A
4242,C446D,-0.268016739373258,CA446D,A.C.446.D,C,446,D,A
4243,C446E,-0.5358957036662382,CA446E,A.C.446.E,C,446,E,A
4244,C446F,-1.0747958965325033,CA446F,A.C.446.F,C,446,F,A
4245,C446G,0.4794911802890605,CA446G,A.C.446.G,C,446,G,A
4246,C446H,-0.8726317987951576,CA446H,A.C.446.H,C,446,H,A
4247,C446I,-1.3336913992164827,CA446I,A.C.446.I,C,446,I,A
4248,C446K,-0.6402662382933522,CA446K,A.C.446.K,C,446,K,A
4249,C446L,-1.458662426461543,CA446L,A.C.446.L,C,446,L,A
4250,C446M,-1.0121834363764914,CA446M,A.C.446.M,C,446,M,A
4251,C446N,-0.4724598423237508,CA446N,A.C.446.N,C,446,N,A
4252,C446P,5.186298954341013,CA446P,A.C.446.P,C,446,P,A
4253,C446Q,-0.4918059507893735,CA446Q,A.C.446.Q,C,446,Q,A
4254,C446R,-1.0813310764293775,CA446R,A.C.446.R,C,446,R,A
4255,C446S,-0.0176389221970707,CA446S,A.C.446.S,C,446,S,A
4256,C446T,-0.3395756028294183,CA446T,A.C.446.T,C,446,T,A
4257,C446V,-1.0580033735905725,CA446V,A.C.446.V,C,446,V,A
4258,C446W,-1.5613568946484329,CA446W,A.C.446.W,C,446,W,A
4259,C446Y,-0.9956755355685526,CA446Y,A.C.446.Y,C,446,Y,A
4260,S447A,0.0058405919894677,SA447A,A.S.447.A,S,447,A,A
4261,S447C,0.8878357564618241,SA447C,A.S.447.C,S,447,C,A
4262,S447D,0.7641149032693384,SA447D,A.S.447.D,S,447,D,A
4263,S447E,0.273622347553426,SA447E,A.S.447.E,S,447,E,A
4264,S447F,-0.4008893590770851,SA447F,A.S.447.F,S,447,F,A
4265,S447G,0.8363213995501708,SA447G,A.S.447.G,S,447,G,A
4266,S447H,-0.143011001952481,SA447H,A.S.447.H,S,447,H,A
4267,S447I,-0.2441209011540757,SA447I,A.S.447.I,S,447,I,A
4268,S447K,-0.1263183902833686,SA447K,A.S.447.K,S,447,K,A
4269,S447L,-0.8284867201750945,SA447L,A.S.447.L,S,447,L,A
4270,S447M,-0.3412651330342126,SA447M,A.S.447.M,S,447,M,A
4271,S447N,0.1068342474428074,SA447N,A.S.447.N,S,447,N,A
4272,S447P,7.606920449785348,SA447P,A.S.447.P,S,447,P,A
4273,S447Q,0.2317107102945886,SA447Q,A.S.447.Q,S,447,Q,A
4274,S447R,-0.5480287956811586,SA447R,A.S.447.R,S,447,R,A
4275,S447S,0.5856553071557347,SA447S,A.S.447.S,S,447,S,A
4276,S447T,0.2686759473300198,SA447T,A.S.447.T,S,447,T,A
4277,S447V,0.0062143241012863,SA447V,A.S.447.V,S,447,V,A
4278,S447W,-0.8911141774778875,SA447W,A.S.447.W,S,447,W,A
4279,S447Y,-0.2474094178869862,SA447Y,A.S.447.Y,S,447,Y,A
4280,Q448A,0.5061265418796002,QA448A,A.Q.448.A,Q,448,A,A
4281,Q448C,0.8743700829416601,QA448C,A.Q.448.C,Q,448,C,A
4282,Q448D,0.2129054833858379,QA448D,A.Q.448.D,Q,448,D,A
4283,Q448E,0.3118567137577682,QA448E,A.Q.448.E,Q,448,E,A
4284,Q448F,-0.1985132526762023,QA448F,A.Q.448.F,Q,448,F,A
4285,Q448G,1.4321007171470392,QA448G,A.Q.448.G,Q,448,G,A
4286,Q448H,-0.0486008086775729,QA448H,A.Q.448.H,Q,448,H,A
4287,Q448I,0.0902242909143091,QA448I,A.Q.448.I,Q,448,I,A
4288,Q448K,0.3106487368590926,QA448K,A.Q.448.K,Q,448,K,A
4289,Q448L,-0.5569248700287815,QA448L,A.Q.448.L,Q,448,L,A
4290,Q448M,0.0115261545012895,QA448M,A.Q.448.M,Q,448,M,A
4291,Q448N,-0.1036744717186566,QA448N,A.Q.448.N,Q,448,N,A
4292,Q448P,5.06970469064259,QA448P,A.Q.448.P,Q,448,P,A
4293,Q448Q,0.3840560627531941,QA448Q,A.Q.448.Q,Q,448,Q,A
4294,Q448R,0.0260573393325158,QA448R,A.Q.448.R,Q,448,R,A
4295,Q448S,0.6908940329669729,QA448S,A.Q.448.S,Q,448,S,A
4296,Q448T,0.5097171301332911,QA448T,A.Q.448.T,Q,448,T,A
4297,Q448V,0.207601620608781,QA448V,A.Q.448.V,Q,448,V,A
4298,Q448W,-0.3706320001186042,QA448W,A.Q.448.W,Q,448,W,A
4299,Q448Y,0.0099951349958787,QA448Y,A.Q.448.Y,Q,448,Y,A
4300,K449A,-0.0348182054184648,KA449A,A.K.449.A,K,449,A,A
4301,K449C,0.8435463330561482,KA449C,A.K.449.C,K,449,C,A
4302,K449D,-0.143762332829806,KA449D,A.K.449.D,K,449,D,A
4303,K449E,-0.3312446072943031,KA449E,A.K.449.E,K,449,E,A
4304,K449F,-0.3899737213582704,KA449F,A.K.449.F,K,449,F,A
4305,K449G,0.6096838175887933,KA449G,A.K.449.G,K,449,G,A
4306,K449H,-0.4161411155512767,KA449H,A.K.449.H,K,449,H,A
4307,K449I,-0.1967771736904772,KA449I,A.K.449.I,K,449,I,A
4308,K449K,-0.2509189211247276,KA449K,A.K.449.K,K,449,K,A
4309,K449L,-0.4732598190540921,KA449L,A.K.449.L,K,449,L,A
4310,K449M,-0.2210805654207909,KA449M,A.K.449.M,K,449,M,A
4311,K449N,0.0901606045974695,KA449N,A.K.449.N,K,449,N,A
4312,K449P,0.2471674794634565,KA449P,A.K.449.P,K,449,P,A
4313,K449Q,-0.0249359092970974,KA449Q,A.K.449.Q,K,449,Q,A
4314,K449R,-0.3491649302434285,KA449R,A.K.449.R,K,449,R,A
4315,K449S,-0.0573141447704661,KA449S,A.K.449.S,K,449,S,A
4316,K449T,-0.0542795991208899,KA449T,A.K.449.T,K,449,T,A
4317,K449V,-0.1020177901927799,KA449V,A.K.449.V,K,449,V,A
4318,K449W,-0.8151366226963197,KA449W,A.K.449.W,K,449,W,A
4319,K449Y,-0.3408008131029,KA449Y,A.K.449.Y,K,449,Y,A
4320,V450A,0.3273538936431774,VA450A,A.V.450.A,V,450,A,A
4321,V450C,0.9837404413803152,VA450C,A.V.450.C,V,450,C,A
4322,V450D,-0.0512921602958454,VA450D,A.V.450.D,V,450,D,A
4323,V450E,-0.1943549748207579,VA450E,A.V.450.E,V,450,E,A
4324,V450F,-0.2914434789530529,VA450F,A.V.450.F,V,450,F,A
4325,V450G,0.9491073892707972,VA450G,A.V.450.G,V,450,G,A
4326,V450H,-0.3441251789771166,VA450H,A.V.450.H,V,450,H,A
4327,V450I,-0.193969652682206,VA450I,A.V.450.I,V,450,I,A
4328,V450K,0.0172271268420798,VA450K,A.V.450.K,V,450,K,A
4329,V450L,-0.3292857806192478,VA450L,A.V.450.L,V,450,L,A
4330,V450M,-0.0310915244422504,VA450M,A.V.450.M,V,450,M,A
4331,V450N,0.1259084920186459,VA450N,A.V.450.N,V,450,N,A
4332,V450P,1.02168978291792,VA450P,A.V.450.P,V,450,P,A
4333,V450Q,0.1924768251873837,VA450Q,A.V.450.Q,V,450,Q,A
4334,V450R,-0.019474393019232,VA450R,A.V.450.R,V,450,R,A
4335,V450S,0.3247541830259554,VA450S,A.V.450.S,V,450,S,A
4336,V450T,0.2058830158742131,VA450T,A.V.450.T,V,450,T,A
4337,V450V,0.0511410788686506,VA450V,A.V.450.V,V,450,V,A
4338,V450W,-0.7616411084312014,VA450W,A.V.450.W,V,450,W,A
4339,V450Y,-0.2763634963307187,VA450Y,A.V.450.Y,V,450,Y,A
4340,F451A,2.267258267440702,FA451A,A.F.451.A,F,451,A,A
4341,F451C,2.7613401356955607,FA451C,A.F.451.C,F,451,C,A
4342,F451D,2.608340463218935,FA451D,A.F.451.D,F,451,D,A
4343,F451E,2.306954093760839,FA451E,A.F.451.E,F,451,E,A
4344,F451F,0.3154447769658436,FA451F,A.F.451.F,F,451,F,A
4345,F451G,3.383731131430342,FA451G,A.F.451.G,F,451,G,A
4346,F451H,1.453393846053015,FA451H,A.F.451.H,F,451,H,A
4347,F451I,1.3069510324793785,FA451I,A.F.451.I,F,451,I,A
4348,F451K,2.2797753510529004,FA451K,A.F.451.K,F,451,K,A
4349,F451L,1.1969022710479675,FA451L,A.F.451.L,F,451,L,A
4350,F451M,1.5564935500759054,FA451M,A.F.451.M,F,451,M,A
4351,F451N,2.217903206629013,FA451N,A.F.451.N,F,451,N,A
4352,F451P,6.128325989882618,FA451P,A.F.451.P,F,451,P,A
4353,F451Q,2.246074096586637,FA451Q,A.F.451.Q,F,451,Q,A
4354,F451R,1.7616083081473932,FA451R,A.F.451.R,F,451,R,A
4355,F451S,2.884863713227727,FA451S,A.F.451.S,F,451,S,A
4356,F451T,2.2535528527128723,FA451T,A.F.451.T,F,451,T,A
4357,F451V,1.3541079845104314,FA451V,A.F.451.V,F,451,V,A
4358,F451W,0.161240864066065,FA451W,A.F.451.W,F,451,W,A
4359,F451Y,0.4781128400304069,FA451Y,A.F.451.Y,F,451,Y,A
4360,V452A,1.0526308542248464,VA452A,A.V.452.A,V,452,A,A
4361,V452C,1.5014417771504087,VA452C,A.V.452.C,V,452,C,A
4362,V452D,1.588785561592307,VA452D,A.V.452.D,V,452,D,A
4363,V452E,1.1433038881846935,VA452E,A.V.452.E,V,452,E,A
4364,V452F,0.2984511487032809,VA452F,A.V.452.F,V,452,F,A
4365,V452G,2.041435326134416,VA452G,A.V.452.G,V,452,G,A
4366,V452H,0.7910552330813444,VA452H,A.V.452.H,V,452,H,A
4367,V452I,-0.1198265140620052,VA452I,A.V.452.I,V,452,I,A
4368,V452K,0.8548191647567707,VA452K,A.V.452.K,V,452,K,A
4369,V452L,-0.154195866628003,VA452L,A.V.452.L,V,452,L,A
4370,V452M,0.4112547825033424,VA452M,A.V.452.M,V,452,M,A
4371,V452N,1.2459694297597892,VA452N,A.V.452.N,V,452,N,A
4372,V452P,6.001682877862226,VA452P,A.V.452.P,V,452,P,A
4373,V452Q,1.044643269235254,VA452Q,A.V.452.Q,V,452,Q,A
4374,V452R,0.4044627491868213,VA452R,A.V.452.R,V,452,R,A
4375,V452S,1.5487525447929853,VA452S,A.V.452.S,V,452,S,A
4376,V452T,1.126360245885777,VA452T,A.V.452.T,V,452,T,A
4377,V452V,0.0578763244562174,VA452V,A.V.452.V,V,452,V,A
4378,V452W,-0.1507691432882868,VA452W,A.V.452.W,V,452,W,A
4379,V452Y,0.5422858182383669,VA452Y,A.V.452.Y,V,452,Y,A
4380,S453A,-0.0642925047378084,SA453A,A.S.453.A,S,453,A,A
4381,S453C,0.6495236321120623,SA453C,A.S.453.C,S,453,C,A
4382,S453D,-0.020189225000825,SA453D,A.S.453.D,S,453,D,A
4383,S453E,-0.2080014219215448,SA453E,A.S.453.E,S,453,E,A
4384,S453F,-0.363378621189061,SA453F,A.S.453.F,S,453,F,A
4385,S453G,0.6103450208409485,SA453G,A.S.453.G,S,453,G,A
4386,S453H,-0.3914671942675501,SA453H,A.S.453.H,S,453,H,A
4387,S453I,-0.2113082195035764,SA453I,A.S.453.I,S,453,I,A
4388,S453K,-0.2510079235767709,SA453K,A.S.453.K,S,453,K,A
4389,S453L,-0.5810279213261965,SA453L,A.S.453.L,S,453,L,A
4390,S453M,-0.2344097490670593,SA453M,A.S.453.M,S,453,M,A
4391,S453N,-0.065542764137535,SA453N,A.S.453.N,S,453,N,A
4392,S453P,3.504667505685227,SA453P,A.S.453.P,S,453,P,A
4393,S453Q,-0.0720437994046013,SA453Q,A.S.453.Q,S,453,Q,A
4394,S453R,-0.4560494872494058,SA453R,A.S.453.R,S,453,R,A
4395,S453S,0.1846148916705231,SA453S,A.S.453.S,S,453,S,A
4396,S453T,0.0281241344437849,SA453T,A.S.453.T,S,453,T,A
4397,S453V,-0.1651457922119548,SA453V,A.S.453.V,S,453,V,A
4398,S453W,-0.7609322160941046,SA453W,A.S.453.W,S,453,W,A
4399,S453Y,-0.3119629022774511,SA453Y,A.S.453.Y,S,453,Y,A
4400,K454A,0.2212481805933663,KA454A,A.K.454.A,K,454,A,A
4401,K454C,0.946996236596684,KA454C,A.K.454.C,K,454,C,A
4402,K454D,0.6193775218332944,KA454D,A.K.454.D,K,454,D,A
4403,K454E,0.2143202736584715,KA454E,A.K.454.E,K,454,E,A
4404,K454F,-0.051331545242243,KA454F,A.K.454.F,K,454,F,A
4405,K454G,1.0297627015132194,KA454G,A.K.454.G,K,454,G,A
4406,K454H,0.0270066333686186,KA454H,A.K.454.H,K,454,H,A
4407,K454I,-0.3144361591044531,KA454I,A.K.454.I,K,454,I,A
4408,K454K,0.0659053388032865,KA454K,A.K.454.K,K,454,K,A
4409,K454L,-0.5267301035953803,KA454L,A.K.454.L,K,454,L,A
4410,K454M,-0.0459562929627177,KA454M,A.K.454.M,K,454,M,A
4411,K454N,0.3686174207625237,KA454N,A.K.454.N,K,454,N,A
4412,K454P,6.934663856341594,KA454P,A.K.454.P,K,454,P,A
4413,K454Q,0.3077224761432645,KA454Q,A.K.454.Q,K,454,Q,A
4414,K454R,-0.2409821864378342,KA454R,A.K.454.R,K,454,R,A
4415,K454S,0.6638628018165404,KA454S,A.K.454.S,K,454,S,A
4416,K454T,0.334155772735058,KA454T,A.K.454.T,K,454,T,A
4417,K454V,-0.0888716750337281,KA454V,A.K.454.V,K,454,V,A
4418,K454W,-0.5272428770906179,KA454W,A.K.454.W,K,454,W,A
4419,K454Y,-0.0117478314989166,KA454Y,A.K.454.Y,K,454,Y,A
4420,V455A,0.9141107414061512,VA455A,A.V.455.A,V,455,A,A
4421,V455C,1.2906448793519003,VA455C,A.V.455.C,V,455,C,A
4422,V455D,1.1043172744790335,VA455D,A.V.455.D,V,455,D,A
4423,V455E,0.7388171166543602,VA455E,A.V.455.E,V,455,E,A
4424,V455F,0.1311214060436277,VA455F,A.V.455.F,V,455,F,A
4425,V455G,1.7628626101210243,VA455G,A.V.455.G,V,455,G,A
4426,V455H,0.3807368310614523,VA455H,A.V.455.H,V,455,H,A
4427,V455I,-0.3860451776641738,VA455I,A.V.455.I,V,455,I,A
4428,V455K,0.7333982886035328,VA455K,A.V.455.K,V,455,K,A
4429,V455L,-0.3101641019945372,VA455L,A.V.455.L,V,455,L,A
4430,V455M,0.235628954772048,VA455M,A.V.455.M,V,455,M,A
4431,V455N,0.9023243342196524,VA455N,A.V.455.N,V,455,N,A
4432,V455P,5.630070093873383,VA455P,A.V.455.P,V,455,P,A
4433,V455Q,0.6422609248163266,VA455Q,A.V.455.Q,V,455,Q,A
4434,V455R,0.3683629644424674,VA455R,A.V.455.R,V,455,R,A
4435,V455S,1.279417361070609,VA455S,A.V.455.S,V,455,S,A
4436,V455T,0.7386438464884809,VA455T,A.V.455.T,V,455,T,A
4437,V455V,-0.1069433539967806,VA455V,A.V.455.V,V,455,V,A
4438,V455W,-0.2201118085692788,VA455W,A.V.455.W,V,455,W,A
4439,V455Y,0.2468539512776868,VA455Y,A.V.455.Y,V,455,Y,A
4440,E456A,0.0674393254206284,EA456A,A.E.456.A,E,456,A,A
4441,E456C,0.7489973481445136,EA456C,A.E.456.C,E,456,C,A
4442,E456D,0.3213871259481843,EA456D,A.E.456.D,E,456,D,A
4443,E456E,0.0910605571777889,EA456E,A.E.456.E,E,456,E,A
4444,E456F,-0.3394180979891648,EA456F,A.E.456.F,E,456,F,A
4445,E456G,0.8650648049411563,EA456G,A.E.456.G,E,456,G,A
4446,E456H,-0.0787504993705162,EA456H,A.E.456.H,E,456,H,A
4447,E456I,-0.4760390094894839,EA456I,A.E.456.I,E,456,I,A
4448,E456K,0.0680670225586138,EA456K,A.E.456.K,E,456,K,A
4449,E456L,-0.6503697748375953,EA456L,A.E.456.L,E,456,L,A
4450,E456M,-0.322097395264857,EA456M,A.E.456.M,E,456,M,A
4451,E456N,0.1834138078700631,EA456N,A.E.456.N,E,456,N,A
4452,E456P,4.585058507474961,EA456P,A.E.456.P,E,456,P,A
4453,E456Q,0.1235078162239278,EA456Q,A.E.456.Q,E,456,Q,A
4454,E456R,-0.25415605631602,EA456R,A.E.456.R,E,456,R,A
4455,E456S,0.5112663014379082,EA456S,A.E.456.S,E,456,S,A
4456,E456T,0.1651567590006991,EA456T,A.E.456.T,E,456,T,A
4457,E456V,-0.2162586791151333,EA456V,A.E.456.V,E,456,V,A
4458,E456W,-0.7159150838432832,EA456W,A.E.456.W,E,456,W,A
4459,E456Y,-0.2162788874987253,EA456Y,A.E.456.Y,E,456,Y,A
4460,A457A,0.205592946005178,AA457A,A.A.457.A,A,457,A,A
4461,A457C,0.8250467633388936,AA457C,A.A.457.C,A,457,C,A
4462,A457D,0.4616431433780271,AA457D,A.A.457.D,A,457,D,A
4463,A457E,0.0213119430036717,AA457E,A.A.457.E,A,457,E,A
4464,A457F,-0.2891173514060102,AA457F,A.A.457.F,A,457,F,A
4465,A457G,0.8277123105515971,AA457G,A.A.457.G,A,457,G,A
4466,A457H,-0.1180098425247344,AA457H,A.A.457.H,A,457,H,A
4467,A457I,-0.3589018039224689,AA457I,A.A.457.I,A,457,I,A
4468,A457K,-0.1020308511099055,AA457K,A.A.457.K,A,457,K,A
4469,A457L,-0.4816190978378726,AA457L,A.A.457.L,A,457,L,A
4470,A457M,-0.1315571671105841,AA457M,A.A.457.M,A,457,M,A
4471,A457N,0.2833797178659769,AA457N,A.A.457.N,A,457,N,A
4472,A457P,6.247853206324734,AA457P,A.A.457.P,A,457,P,A
4473,A457Q,0.1827348566892039,AA457Q,A.A.457.Q,A,457,Q,A
4474,A457R,-0.4636392781368326,AA457R,A.A.457.R,A,457,R,A
4475,A457S,0.4921247794062922,AA457S,A.A.457.S,A,457,S,A
4476,A457T,0.2480721445487865,AA457T,A.A.457.T,A,457,T,A
4477,A457V,-0.0613229412745475,AA457V,A.A.457.V,A,457,V,A
4478,A457W,-0.5576190322854302,AA457W,A.A.457.W,A,457,W,A
4479,A457Y,-0.1328592989938443,AA457Y,A.A.457.Y,A,457,Y,A
4480,V458A,0.4652879218341083,VA458A,A.V.458.A,V,458,A,A
4481,V458C,1.1012591551054065,VA458C,A.V.458.C,V,458,C,A
4482,V458D,0.5388385188310885,VA458D,A.V.458.D,V,458,D,A
4483,V458E,0.3713748481526063,VA458E,A.V.458.E,V,458,E,A
4484,V458F,-0.0233727135381633,VA458F,A.V.458.F,V,458,F,A
4485,V458G,1.0248100574355423,VA458G,A.V.458.G,V,458,G,A
4486,V458H,-0.0224766296948841,VA458H,A.V.458.H,V,458,H,A
4487,V458I,-0.0671841020913255,VA458I,A.V.458.I,V,458,I,A
4488,V458K,0.3092046808307341,VA458K,A.V.458.K,V,458,K,A
4489,V458L,-0.4959883716854968,VA458L,A.V.458.L,V,458,L,A
4490,V458M,-0.0520807705335329,VA458M,A.V.458.M,V,458,M,A
4491,V458N,0.3927793461732837,VA458N,A.V.458.N,V,458,N,A
4492,V458P,3.99268229762646,VA458P,A.V.458.P,V,458,P,A
4493,V458Q,0.3806744323214861,VA458Q,A.V.458.Q,V,458,Q,A
4494,V458R,0.0159661550717615,VA458R,A.V.458.R,V,458,R,A
4495,V458S,0.6300655545038114,VA458S,A.V.458.S,V,458,S,A
4496,V458T,0.3884452639812547,VA458T,A.V.458.T,V,458,T,A
4497,V458V,0.022925742157534,VA458V,A.V.458.V,V,458,V,A
4498,V458W,-0.5437830277356748,VA458W,A.V.458.W,V,458,W,A
4499,V458Y,0.0107362629499085,VA458Y,A.V.458.Y,V,458,Y,A
4500,I459A,1.6973053399895943,IA459A,A.I.459.A,I,459,A,A
4501,I459C,2.192982886655386,IA459C,A.I.459.C,I,459,C,A
4502,I459D,1.887224950912914,IA459D,A.I.459.D,I,459,D,A
4503,I459E,1.6381911298256342,IA459E,A.I.459.E,I,459,E,A
4504,I459F,0.7008759510870601,IA459F,A.I.459.F,I,459,F,A
4505,I459G,2.787973124722707,IA459G,A.I.459.G,I,459,G,A
4506,I459H,1.3121745055917362,IA459H,A.I.459.H,I,459,H,A
4507,I459I,0.7190517942501484,IA459I,A.I.459.I,I,459,I,A
4508,I459K,1.4993771931640747,IA459K,A.I.459.K,I,459,K,A
4509,I459L,0.5596706400435327,IA459L,A.I.459.L,I,459,L,A
4510,I459M,1.08996236390156,IA459M,A.I.459.M,I,459,M,A
4511,I459N,1.748123674598766,IA459N,A.I.459.N,I,459,N,A
4512,I459P,6.477401400156398,IA459P,A.I.459.P,I,459,P,A
4513,I459Q,1.5886598242520835,IA459Q,A.I.459.Q,I,459,Q,A
4514,I459R,1.2445453638139672,IA459R,A.I.459.R,I,459,R,A
4515,I459S,2.0283116253725875,IA459S,A.I.459.S,I,459,S,A
4516,I459T,1.5222336079730463,IA459T,A.I.459.T,I,459,T,A
4517,I459V,0.9546731862812332,IA459V,A.I.459.V,I,459,V,A
4518,I459W,0.3832302302474688,IA459W,A.I.459.W,I,459,W,A
4519,I459Y,0.830277598261466,IA459Y,A.I.459.Y,I,459,Y,A
4520,H460A,1.335762878020753,HA460A,A.H.460.A,H,460,A,A
4521,H460C,1.6065181245233446,HA460C,A.H.460.C,H,460,C,A
4522,H460D,1.0655708380061346,HA460D,A.H.460.D,H,460,D,A
4523,H460E,0.9970494770351562,HA460E,A.H.460.E,H,460,E,A
4524,H460F,0.5582640842267828,HA460F,A.H.460.F,H,460,F,A
4525,H460G,2.052742438617369,HA460G,A.H.460.G,H,460,G,A
4526,H460H,0.8680772054856714,HA460H,A.H.460.H,H,460,H,A
4527,H460I,0.6723202982962819,HA460I,A.H.460.I,H,460,I,A
4528,H460K,1.1161644470232135,HA460K,A.H.460.K,H,460,K,A
4529,H460L,0.5793645710556891,HA460L,A.H.460.L,H,460,L,A
4530,H460M,0.7334833653856376,HA460M,A.H.460.M,H,460,M,A
4531,H460N,0.9833545972734242,HA460N,A.H.460.N,H,460,N,A
4532,H460P,2.9006191174742444,HA460P,A.H.460.P,H,460,P,A
4533,H460Q,1.1718307515047075,HA460Q,A.H.460.Q,H,460,Q,A
4534,H460R,0.8367105988466034,HA460R,A.H.460.R,H,460,R,A
4535,H460S,1.4572327481031149,HA460S,A.H.460.S,H,460,S,A
4536,H460T,1.2261578494366736,HA460T,A.H.460.T,H,460,T,A
4537,H460V,0.8073388751522927,HA460V,A.H.460.V,H,460,V,A
4538,H460W,0.3570750557059698,HA460W,A.H.460.W,H,460,W,A
4539,H460Y,0.7439820096420519,HA460Y,A.H.460.Y,H,460,Y,A
4540,P461A,-0.7312687449329058,PA461A,A.P.461.A,P,461,A,A
4541,P461C,0.3955410070014997,PA461C,A.P.461.C,P,461,C,A
4542,P461D,-0.5060423331446434,PA461D,A.P.461.D,P,461,D,A
4543,P461E,-0.809559182446396,PA461E,A.P.461.E,P,461,E,A
4544,P461F,-0.9353966885814596,PA461F,A.P.461.F,P,461,F,A
4545,P461G,0.1860706674577406,PA461G,A.P.461.G,P,461,G,A
4546,P461H,-0.9314650987105322,PA461H,A.P.461.H,P,461,H,A
4547,P461I,-0.7209813099404189,PA461I,A.P.461.I,P,461,I,A
4548,P461K,-0.8220094639657827,PA461K,A.P.461.K,P,461,K,A
4549,P461L,-1.1098366735557907,PA461L,A.P.461.L,P,461,L,A
4550,P461M,-0.8236815970916916,PA461M,A.P.461.M,P,461,M,A
4551,P461N,-0.422857975367894,PA461N,A.P.461.N,P,461,N,A
4552,P461P,0.5859903250905187,PA461P,A.P.461.P,P,461,P,A
4553,P461Q,-0.5938065092847167,PA461Q,A.P.461.Q,P,461,Q,A
4554,P461R,-0.9472768732911884,PA461R,A.P.461.R,P,461,R,A
4555,P461S,-0.5064145189340191,PA461S,A.P.461.S,P,461,S,A
4556,P461T,-0.5575726082917648,PA461T,A.P.461.T,P,461,T,A
4557,P461V,-0.5639705197613715,PA461V,A.P.461.V,P,461,V,A
4558,P461W,-1.5694542736940742,PA461W,A.P.461.W,P,461,W,A
4559,P461Y,-0.9833731620246604,PA461Y,A.P.461.Y,P,461,Y,A
4560,Q462A,0.4625933984995578,QA462A,A.Q.462.A,Q,462,A,A
4561,Q462C,1.2107795726309227,QA462C,A.Q.462.C,Q,462,C,A
4562,Q462D,0.6791740151357852,QA462D,A.Q.462.D,Q,462,D,A
4563,Q462E,0.2522623372778138,QA462E,A.Q.462.E,Q,462,E,A
4564,Q462F,0.0395117122362459,QA462F,A.Q.462.F,Q,462,F,A
4565,Q462G,1.243530360676274,QA462G,A.Q.462.G,Q,462,G,A
4566,Q462H,0.1813597374957298,QA462H,A.Q.462.H,Q,462,H,A
4567,Q462I,0.135699101731665,QA462I,A.Q.462.I,Q,462,I,A
4568,Q462K,0.2345201992701712,QA462K,A.Q.462.K,Q,462,K,A
4569,Q462L,-0.1164112690086777,QA462L,A.Q.462.L,Q,462,L,A
4570,Q462M,0.2929010213742455,QA462M,A.Q.462.M,Q,462,M,A
4571,Q462N,0.6832669357326473,QA462N,A.Q.462.N,Q,462,N,A
4572,Q462P,4.168942546970806,QA462P,A.Q.462.P,Q,462,P,A
4573,Q462Q,0.485052309657657,QA462Q,A.Q.462.Q,Q,462,Q,A
4574,Q462R,0.0451342002133042,QA462R,A.Q.462.R,Q,462,R,A
4575,Q462S,0.7366372469490973,QA462S,A.Q.462.S,Q,462,S,A
4576,Q462T,0.5361423603606841,QA462T,A.Q.462.T,Q,462,T,A
4577,Q462V,0.3824650949405206,QA462V,A.Q.462.V,Q,462,V,A
4578,Q462W,-0.4365464001522257,QA462W,A.Q.462.W,Q,462,W,A
4579,Q462Y,0.0417270182913892,QA462Y,A.Q.462.Y,Q,462,Y,A
4580,F463A,3.268192303553568,FA463A,A.F.463.A,F,463,A,A
4581,F463C,3.625608090060991,FA463C,A.F.463.C,F,463,C,A
4582,F463D,4.34937200895996,FA463D,A.F.463.D,F,463,D,A
4583,F463E,3.779335832283478,FA463E,A.F.463.E,F,463,E,A
4584,F463F,0.7052071258298037,FA463F,A.F.463.F,F,463,F,A
4585,F463G,4.697441680273334,FA463G,A.F.463.G,F,463,G,A
4586,F463H,2.38371574743993,FA463H,A.F.463.H,F,463,H,A
4587,F463I,1.989277752497307,FA463I,A.F.463.I,F,463,I,A
4588,F463K,3.689767442158544,FA463K,A.F.463.K,F,463,K,A
4589,F463L,1.5174398487679444,FA463L,A.F.463.L,F,463,L,A
4590,F463M,2.003845754103675,FA463M,A.F.463.M,F,463,M,A
4591,F463N,3.281734828721761,FA463N,A.F.463.N,F,463,N,A
4592,F463P,8.925003350611343,FA463P,A.F.463.P,F,463,P,A
4593,F463Q,3.371323088672704,FA463Q,A.F.463.Q,F,463,Q,A
4594,F463R,2.8566207805188903,FA463R,A.F.463.R,F,463,R,A
4595,F463S,4.08383240138837,FA463S,A.F.463.S,F,463,S,A
4596,F463T,3.5666006972506867,FA463T,A.F.463.T,F,463,T,A
4597,F463V,2.2293235479879363,FA463V,A.F.463.V,F,463,V,A
4598,F463W,0.6629163402239768,FA463W,A.F.463.W,F,463,W,A
4599,F463Y,1.050441011995701,FA463Y,A.F.463.Y,F,463,Y,A
4600,L464A,2.0733348850932565,LA464A,A.L.464.A,L,464,A,A
4601,L464C,2.307994833951148,LA464C,A.L.464.C,L,464,C,A
4602,L464D,2.520009656622697,LA464D,A.L.464.D,L,464,D,A
4603,L464E,2.016407996068548,LA464E,A.L.464.E,L,464,E,A
4604,L464F,1.1319424261770574,LA464F,A.L.464.F,L,464,F,A
4605,L464G,3.109225597373723,LA464G,A.L.464.G,L,464,G,A
4606,L464H,1.6353173712314557,LA464H,A.L.464.H,L,464,H,A
4607,L464I,0.8350692897367664,LA464I,A.L.464.I,L,464,I,A
4608,L464K,1.90135517257216,LA464K,A.L.464.K,L,464,K,A
4609,L464L,0.467946778936823,LA464L,A.L.464.L,L,464,L,A
4610,L464M,1.1202802122243407,LA464M,A.L.464.M,L,464,M,A
4611,L464N,2.00146434422356,LA464N,A.L.464.N,L,464,N,A
4612,L464P,6.927448394926811,LA464P,A.L.464.P,L,464,P,A
4613,L464Q,1.8738184356737584,LA464Q,A.L.464.Q,L,464,Q,A
4614,L464R,1.4527447968889131,LA464R,A.L.464.R,L,464,R,A
4615,L464S,2.6211174841678684,LA464S,A.L.464.S,L,464,S,A
4616,L464T,2.073941758646958,LA464T,A.L.464.T,L,464,T,A
4617,L464V,1.0941696667385754,LA464V,A.L.464.V,L,464,V,A
4618,L464W,0.8595366074249907,LA464W,A.L.464.W,L,464,W,A
4619,L464Y,1.3150722727805944,LA464Y,A.L.464.Y,L,464,Y,A
4620,A465A,0.2460614886093864,AA465A,A.A.465.A,A,465,A,A
4621,A465C,0.9334969598956928,AA465C,A.A.465.C,A,465,C,A
4622,A465D,0.247996364254075,AA465D,A.A.465.D,A,465,D,A
4623,A465E,-0.0066667027693373,AA465E,A.A.465.E,A,465,E,A
4624,A465F,-0.4123895536785615,AA465F,A.A.465.F,A,465,F,A
4625,A465G,0.964712947591592,AA465G,A.A.465.G,A,465,G,A
4626,A465H,-0.1705188782103384,AA465H,A.A.465.H,A,465,H,A
4627,A465I,-0.4063394015189286,AA465I,A.A.465.I,A,465,I,A
4628,A465K,0.0264511145869189,AA465K,A.A.465.K,A,465,K,A
4629,A465L,-0.5143854149923538,AA465L,A.A.465.L,A,465,L,A
4630,A465M,-0.1425441035750974,AA465M,A.A.465.M,A,465,M,A
4631,A465N,0.3505814279831626,AA465N,A.A.465.N,A,465,N,A
4632,A465P,5.615300250586417,AA465P,A.A.465.P,A,465,P,A
4633,A465Q,0.2549941300011105,AA465Q,A.A.465.Q,A,465,Q,A
4634,A465R,-0.1528394574550473,AA465R,A.A.465.R,A,465,R,A
4635,A465S,0.6163264926646602,AA465S,A.A.465.S,A,465,S,A
4636,A465T,0.3337666332039402,AA465T,A.A.465.T,A,465,T,A
4637,A465V,-0.1701356168935397,AA465V,A.A.465.V,A,465,V,A
4638,A465W,-0.8906917509055656,AA465W,A.A.465.W,A,465,W,A
4639,A465Y,-0.3340444829973527,AA465Y,A.A.465.Y,A,465,Y,A
4640,D466A,0.3532873208035436,DA466A,A.D.466.A,D,466,A,A
4641,D466C,1.0529795181546575,DA466C,A.D.466.C,D,466,C,A
4642,D466D,0.4874188076748453,DA466D,A.D.466.D,D,466,D,A
4643,D466E,0.2396897551667864,DA466E,A.D.466.E,D,466,E,A
4644,D466F,-0.843681077003357,DA466F,A.D.466.F,D,466,F,A
4645,D466G,1.8562825708329729,DA466G,A.D.466.G,D,466,G,A
4646,D466H,-0.1857525404919324,DA466H,A.D.466.H,D,466,H,A
4647,D466I,-0.6188170831692036,DA466I,A.D.466.I,D,466,I,A
4648,D466K,0.7155544069215891,DA466K,A.D.466.K,D,466,K,A
4649,D466L,-0.6722325024079634,DA466L,A.D.466.L,D,466,L,A
4650,D466M,-0.311747581386157,DA466M,A.D.466.M,D,466,M,A
4651,D466N,0.2743002571347869,DA466N,A.D.466.N,D,466,N,A
4652,D466P,5.775319275055423,DA466P,A.D.466.P,D,466,P,A
4653,D466Q,0.4847950437066806,DA466Q,A.D.466.Q,D,466,Q,A
4654,D466R,0.3104357889228565,DA466R,A.D.466.R,D,466,R,A
4655,D466S,0.8443323586511167,DA466S,A.D.466.S,D,466,S,A
4656,D466T,0.2564514028995879,DA466T,A.D.466.T,D,466,T,A
4657,D466V,-0.447705585648992,DA466V,A.D.466.V,D,466,V,A
4658,D466W,-1.2266970966607216,DA466W,A.D.466.W,D,466,W,A
4659,D466Y,-0.6095189764762965,DA466Y,A.D.466.Y,D,466,Y,A
4660,L467A,1.9054519740131497,LA467A,A.L.467.A,L,467,A,A
4661,L467C,2.177509023635656,LA467C,A.L.467.C,L,467,C,A
4662,L467D,2.2623510368214976,LA467D,A.L.467.D,L,467,D,A
4663,L467E,1.892075571700276,LA467E,A.L.467.E,L,467,E,A
4664,L467F,0.6780623319078396,LA467F,A.L.467.F,L,467,F,A
4665,L467G,2.932203608618274,LA467G,A.L.467.G,L,467,G,A
4666,L467H,1.3642943600811726,LA467H,A.L.467.H,L,467,H,A
4667,L467I,0.7021557940841419,LA467I,A.L.467.I,L,467,I,A
4668,L467K,1.708193950344717,LA467K,A.L.467.K,L,467,K,A
4669,L467L,0.4035679788746965,LA467L,A.L.467.L,L,467,L,A
4670,L467M,0.9007621618964524,LA467M,A.L.467.M,L,467,M,A
4671,L467N,1.6246128851804689,LA467N,A.L.467.N,L,467,N,A
4672,L467P,7.453647362894872,LA467P,A.L.467.P,L,467,P,A
4673,L467Q,1.5620997421746865,LA467Q,A.L.467.Q,L,467,Q,A
4674,L467R,1.0714071755627257,LA467R,A.L.467.R,L,467,R,A
4675,L467S,2.513195537282832,LA467S,A.L.467.S,L,467,S,A
4676,L467T,1.888779977412669,LA467T,A.L.467.T,L,467,T,A
4677,L467V,1.041198220062535,LA467V,A.L.467.V,L,467,V,A
4678,L467W,0.603530153641671,LA467W,A.L.467.W,L,467,W,A
4679,L467Y,1.0590031336525143,LA467Y,A.L.467.Y,L,467,Y,A
4680,L468A,0.7599897570932995,LA468A,A.L.468.A,L,468,A,A
4681,L468C,1.2857805612208006,LA468C,A.L.468.C,L,468,C,A
4682,L468D,0.8572713018705782,LA468D,A.L.468.D,L,468,D,A
4683,L468E,0.7118097055307554,LA468E,A.L.468.E,L,468,E,A
4684,L468F,0.2076750124941667,LA468F,A.L.468.F,L,468,F,A
4685,L468G,1.2294070918701496,LA468G,A.L.468.G,L,468,G,A
4686,L468H,0.3901907027584306,LA468H,A.L.468.H,L,468,H,A
4687,L468I,0.3000640176172325,LA468I,A.L.468.I,L,468,I,A
4688,L468K,0.4820886358947152,LA468K,A.L.468.K,L,468,K,A
4689,L468L,0.0255019163077002,LA468L,A.L.468.L,L,468,L,A
4690,L468M,0.3668767675466927,LA468M,A.L.468.M,L,468,M,A
4691,L468N,0.5368733596291619,LA468N,A.L.468.N,L,468,N,A
4692,L468P,5.4942826537692575,LA468P,A.L.468.P,L,468,P,A
4693,L468Q,0.721235644411137,LA468Q,A.L.468.Q,L,468,Q,A
4694,L468R,0.2003832251397441,LA468R,A.L.468.R,L,468,R,A
4695,L468S,0.95267191982649,LA468S,A.L.468.S,L,468,S,A
4696,L468T,0.7555803122521506,LA468T,A.L.468.T,L,468,T,A
4697,L468V,0.4834636764177502,LA468V,A.L.468.V,L,468,V,A
4698,L468W,-0.0050503253085243,LA468W,A.L.468.W,L,468,W,A
4699,L468Y,0.3529791163567591,LA468Y,A.L.468.Y,L,468,Y,A
4700,S469A,0.1743939497546209,SA469A,A.S.469.A,S,469,A,A
4701,S469C,0.4306959270365207,SA469C,A.S.469.C,S,469,C,A
4702,S469D,0.0251936666567709,SA469D,A.S.469.D,S,469,D,A
4703,S469E,0.3343951082035684,SA469E,A.S.469.E,S,469,E,A
4704,S469F,-0.4974877766393126,SA469F,A.S.469.F,S,469,F,A
4705,S469G,1.065852272276847,SA469G,A.S.469.G,S,469,G,A
4706,S469H,-0.4911174118869227,SA469H,A.S.469.H,S,469,H,A
4707,S469I,-0.169391797017791,SA469I,A.S.469.I,S,469,I,A
4708,S469K,0.2608615462630881,SA469K,A.S.469.K,S,469,K,A
4709,S469L,-0.4739780633282281,SA469L,A.S.469.L,S,469,L,A
4710,S469M,-0.2057617423633734,SA469M,A.S.469.M,S,469,M,A
4711,S469N,-0.6081278869279466,SA469N,A.S.469.N,S,469,N,A
4712,S469P,5.670738194972209,SA469P,A.S.469.P,S,469,P,A
4713,S469Q,0.267961619392012,SA469Q,A.S.469.Q,S,469,Q,A
4714,S469R,-0.0461066722292324,SA469R,A.S.469.R,S,469,R,A
4715,S469S,0.4844184328181705,SA469S,A.S.469.S,S,469,S,A
4716,S469T,0.3044747365168554,SA469T,A.S.469.T,S,469,T,A
4717,S469V,-0.2570816400662734,SA469V,A.S.469.V,S,469,V,A
4718,S469W,-0.5909657204110463,SA469W,A.S.469.W,S,469,W,A
4719,S469Y,-0.3026615916837522,SA469Y,A.S.469.Y,S,469,Y,A
4720,P470A,-0.4545452122747284,PA470A,A.P.470.A,P,470,A,A
4721,P470C,0.3232055575848186,PA470C,A.P.470.C,P,470,C,A
4722,P470D,-0.8293650042589412,PA470D,A.P.470.D,P,470,D,A
4723,P470E,-0.7782203227982282,PA470E,A.P.470.E,P,470,E,A
4724,P470F,-0.5404751615016085,PA470F,A.P.470.F,P,470,F,A
4725,P470G,0.0350181077076611,PA470G,A.P.470.G,P,470,G,A
4726,P470H,-0.8070024302727707,PA470H,A.P.470.H,P,470,H,A
4727,P470I,-0.3796718984209551,PA470I,A.P.470.I,P,470,I,A
4728,P470K,-0.6427020935568112,PA470K,A.P.470.K,P,470,K,A
4729,P470L,-0.8607370908643036,PA470L,A.P.470.L,P,470,L,A
4730,P470M,-0.5364558069658987,PA470M,A.P.470.M,P,470,M,A
4731,P470N,-0.5819331194500388,PA470N,A.P.470.N,P,470,N,A
4732,P470P,-0.0866919946434019,PA470P,A.P.470.P,P,470,P,A
4733,P470Q,-0.4432638161234492,PA470Q,A.P.470.Q,P,470,Q,A
4734,P470R,-0.6666805259398828,PA470R,A.P.470.R,P,470,R,A
4735,P470S,-0.6009498018145437,PA470S,A.P.470.S,P,470,S,A
4736,P470T,-0.4965259556865281,PA470T,A.P.470.T,P,470,T,A
4737,P470V,-0.3264653504579873,PA470V,A.P.470.V,P,470,V,A
4738,P470W,-0.953002679350864,PA470W,A.P.470.W,P,470,W,A
4739,P470Y,-0.5015164815465489,PA470Y,A.P.470.Y,P,470,Y,A
4740,E471A,0.5662997231531499,EA471A,A.E.471.A,E,471,A,A
4741,E471C,0.9585070078608576,EA471C,A.E.471.C,E,471,C,A
4742,E471D,0.186195738853287,EA471D,A.E.471.D,E,471,D,A
4743,E471E,0.241067450245318,EA471E,A.E.471.E,E,471,E,A
4744,E471F,-0.2348050177269783,EA471F,A.E.471.F,E,471,F,A
4745,E471G,0.968314029961326,EA471G,A.E.471.G,E,471,G,A
4746,E471H,-0.0338184340235625,EA471H,A.E.471.H,E,471,H,A
4747,E471I,0.2446807947456364,EA471I,A.E.471.I,E,471,I,A
4748,E471K,0.3980312033031558,EA471K,A.E.471.K,E,471,K,A
4749,E471L,0.0220108448804551,EA471L,A.E.471.L,E,471,L,A
4750,E471M,0.2118026513858067,EA471M,A.E.471.M,E,471,M,A
4751,E471N,0.1743985931526481,EA471N,A.E.471.N,E,471,N,A
4752,E471P,2.325123918908213,EA471P,A.E.471.P,E,471,P,A
4753,E471Q,0.4778891069460861,EA471Q,A.E.471.Q,E,471,Q,A
4754,E471R,0.1162636559363655,EA471R,A.E.471.R,E,471,R,A
4755,E471S,0.4762660019437814,EA471S,A.E.471.S,E,471,S,A
4756,E471T,0.39605498484374,EA471T,A.E.471.T,E,471,T,A
4757,E471V,0.3318956131693634,EA471V,A.E.471.V,E,471,V,A
4758,E471W,-0.426838483015472,EA471W,A.E.471.W,E,471,W,A
4759,E471Y,-0.1646494396705478,EA471Y,A.E.471.Y,E,471,Y,A
4760,K472A,0.6256535586702117,KA472A,A.K.472.A,K,472,A,A
4761,K472C,1.0374189154993476,KA472C,A.K.472.C,K,472,C,A
4762,K472D,0.4227772096055171,KA472D,A.K.472.D,K,472,D,A
4763,K472E,0.5123537856144025,KA472E,A.K.472.E,K,472,E,A
4764,K472F,0.0758127898629013,KA472F,A.K.472.F,K,472,F,A
4765,K472G,1.1984662621694524,KA472G,A.K.472.G,K,472,G,A
4766,K472H,0.0017231636337089,KA472H,A.K.472.H,K,472,H,A
4767,K472I,-0.0235530877031275,KA472I,A.K.472.I,K,472,I,A
4768,K472K,0.2752451415753415,KA472K,A.K.472.K,K,472,K,A
4769,K472L,-0.256877672190855,KA472L,A.K.472.L,K,472,L,A
4770,K472M,0.1794387213101889,KA472M,A.K.472.M,K,472,M,A
4771,K472N,0.0490845827623431,KA472N,A.K.472.N,K,472,N,A
4772,K472P,3.895296251220169,KA472P,A.K.472.P,K,472,P,A
4773,K472Q,0.4851112092902249,KA472Q,A.K.472.Q,K,472,Q,A
4774,K472R,-0.0578052189732919,KA472R,A.K.472.R,K,472,R,A
4775,K472S,0.6042809526251538,KA472S,A.K.472.S,K,472,S,A
4776,K472T,0.5364179080996536,KA472T,A.K.472.T,K,472,T,A
4777,K472V,0.0842624415137016,KA472V,A.K.472.V,K,472,V,A
4778,K472W,-0.1157634932957762,KA472W,A.K.472.W,K,472,W,A
4779,K472Y,0.2062210079880755,KA472Y,A.K.472.Y,K,472,Y,A
4780,Q473A,-0.438510298015507,QA473A,A.Q.473.A,Q,473,A,A
4781,Q473C,0.2557639280156448,QA473C,A.Q.473.C,Q,473,C,A
4782,Q473D,-0.7036969336644416,QA473D,A.Q.473.D,Q,473,D,A
4783,Q473E,-0.7750743712955616,QA473E,A.Q.473.E,Q,473,E,A
4784,Q473F,-0.5830543596947013,QA473F,A.Q.473.F,Q,473,F,A
4785,Q473G,-0.0212457969170137,QA473G,A.Q.473.G,Q,473,G,A
4786,Q473H,-0.9198125603079554,QA473H,A.Q.473.H,Q,473,H,A
4787,Q473I,-0.5546308785639914,QA473I,A.Q.473.I,Q,473,I,A
4788,Q473K,-0.6140335484626713,QA473K,A.Q.473.K,Q,473,K,A
4789,Q473L,-0.9040578943321405,QA473L,A.Q.473.L,Q,473,L,A
4790,Q473M,-0.6015193932243312,QA473M,A.Q.473.M,Q,473,M,A
4791,Q473N,-0.6007674147321146,QA473N,A.Q.473.N,Q,473,N,A
4792,Q473P,0.1098030819018941,QA473P,A.Q.473.P,Q,473,P,A
4793,Q473Q,-0.3963895487735713,QA473Q,A.Q.473.Q,Q,473,Q,A
4794,Q473R,-0.7384231872308422,QA473R,A.Q.473.R,Q,473,R,A
4795,Q473S,-0.5311879357127258,QA473S,A.Q.473.S,Q,473,S,A
4796,Q473T,-0.4671961930909751,QA473T,A.Q.473.T,Q,473,T,A
4797,Q473V,-0.508504836988557,QA473V,A.Q.473.V,Q,473,V,A
4798,Q473W,-0.8872167202603448,QA473W,A.Q.473.W,Q,473,W,A
4799,Q473Y,-0.5714810093458006,QA473Y,A.Q.473.Y,Q,473,Y,A
4800,R474A,0.6230254621417266,RA474A,A.R.474.A,R,474,A,A
4801,R474C,0.994077475454588,RA474C,A.R.474.C,R,474,C,A
4802,R474D,0.7834276154970382,RA474D,A.R.474.D,R,474,D,A
4803,R474E,0.533624521926902,RA474E,A.R.474.E,R,474,E,A
4804,R474F,-0.1067307277858858,RA474F,A.R.474.F,R,474,F,A
4805,R474G,1.487851970453768,RA474G,A.R.474.G,R,474,G,A
4806,R474H,0.1533568228382437,RA474H,A.R.474.H,R,474,H,A
4807,R474I,-0.2277931812083672,RA474I,A.R.474.I,R,474,I,A
4808,R474K,0.4102077878492977,RA474K,A.R.474.K,R,474,K,A
4809,R474L,-0.2749382723936716,RA474L,A.R.474.L,R,474,L,A
4810,R474M,0.0397955605139993,RA474M,A.R.474.M,R,474,M,A
4811,R474N,0.4015513880587223,RA474N,A.R.474.N,R,474,N,A
4812,R474P,4.132563877640636,RA474P,A.R.474.P,R,474,P,A
4813,R474Q,0.539653804196687,RA474Q,A.R.474.Q,R,474,Q,A
4814,R474R,0.0344319396845232,RA474R,A.R.474.R,R,474,R,A
4815,R474S,0.8921283877973393,RA474S,A.R.474.S,R,474,S,A
4816,R474T,0.4391903950323683,RA474T,A.R.474.T,R,474,T,A
4817,R474V,-0.0449756699911346,RA474V,A.R.474.V,R,474,V,A
4818,R474W,-0.2755783518824839,RA474W,A.R.474.W,R,474,W,A
4819,R474Y,0.0308002249164723,RA474Y,A.R.474.Y,R,474,Y,A
4820,D475A,0.999059791140742,DA475A,A.D.475.A,D,475,A,A
4821,D475C,1.521040126573825,DA475C,A.D.475.C,D,475,C,A
4822,D475D,0.4891744883539317,DA475D,A.D.475.D,D,475,D,A
4823,D475E,0.7065375174432814,DA475E,A.D.475.E,D,475,E,A
4824,D475F,0.7212196137702117,DA475F,A.D.475.F,D,475,F,A
4825,D475G,1.6141928433385837,DA475G,A.D.475.G,D,475,G,A
4826,D475H,0.6183705865114836,DA475H,A.D.475.H,D,475,H,A
4827,D475I,0.743798002812119,DA475I,A.D.475.I,D,475,I,A
4828,D475K,1.0068544899589338,DA475K,A.D.475.K,D,475,K,A
4829,D475L,0.5147348276014174,DA475L,A.D.475.L,D,475,L,A
4830,D475M,0.880140280199986,DA475M,A.D.475.M,D,475,M,A
4831,D475N,0.4866119825095821,DA475N,A.D.475.N,D,475,N,A
4832,D475P,1.6708499056895392,DA475P,A.D.475.P,D,475,P,A
4833,D475Q,1.1111380240168125,DA475Q,A.D.475.Q,D,475,Q,A
4834,D475R,0.929343233644945,DA475R,A.D.475.R,D,475,R,A
4835,D475S,0.8779083878773408,DA475S,A.D.475.S,D,475,S,A
4836,D475T,0.894119398462368,DA475T,A.D.475.T,D,475,T,A
4837,D475V,0.7799839087255128,DA475V,A.D.475.V,D,475,V,A
4838,D475W,0.4733614548762876,DA475W,A.D.475.W,D,475,W,A
4839,D475Y,0.7455768585080086,DA475Y,A.D.475.Y,D,475,Y,A
4840,P476A,-0.2985959018156198,PA476A,A.P.476.A,P,476,A,A
4841,P476C,0.5501983319602091,PA476C,A.P.476.C,P,476,C,A
4842,P476D,-0.2953349168354152,PA476D,A.P.476.D,P,476,D,A
4843,P476E,-0.3713463617578033,PA476E,A.P.476.E,P,476,E,A
4844,P476F,-0.7320948967298296,PA476F,A.P.476.F,P,476,F,A
4845,P476G,0.3250237338237888,PA476G,A.P.476.G,P,476,G,A
4846,P476H,-0.5579821099104704,PA476H,A.P.476.H,P,476,H,A
4847,P476I,-0.3782972759655123,PA476I,A.P.476.I,P,476,I,A
4848,P476K,-0.4032766291742085,PA476K,A.P.476.K,P,476,K,A
4849,P476L,-0.8351573304229482,PA476L,A.P.476.L,P,476,L,A
4850,P476M,-0.385072746607038,PA476M,A.P.476.M,P,476,M,A
4851,P476N,-0.2098206546759773,PA476N,A.P.476.N,P,476,N,A
4852,P476P,1.0683715546326824,PA476P,A.P.476.P,P,476,P,A
4853,P476Q,-0.1954639191231844,PA476Q,A.P.476.Q,P,476,Q,A
4854,P476R,-0.5767371971108204,PA476R,A.P.476.R,P,476,R,A
4855,P476S,-0.1807214402493023,PA476S,A.P.476.S,P,476,S,A
4856,P476T,-0.1577325202315316,PA476T,A.P.476.T,P,476,T,A
4857,P476V,-0.1423263351033221,PA476V,A.P.476.V,P,476,V,A
4858,P476W,-1.226261531585372,PA476W,A.P.476.W,P,476,W,A
4859,P476Y,-0.7234451554333421,PA476Y,A.P.476.Y,P,476,Y,A
4860,L477A,0.907037507049169,LA477A,A.L.477.A,L,477,A,A
4861,L477C,1.65653272953108,LA477C,A.L.477.C,L,477,C,A
4862,L477D,0.935004657405338,LA477D,A.L.477.D,L,477,D,A
4863,L477E,0.7974964096056897,LA477E,A.L.477.E,L,477,E,A
4864,L477F,0.5893222474103756,LA477F,A.L.477.F,L,477,F,A
4865,L477G,1.4652446989133816,LA477G,A.L.477.G,L,477,G,A
4866,L477H,0.6123905440059779,LA477H,A.L.477.H,L,477,H,A
4867,L477I,0.4781006643200874,LA477I,A.L.477.I,L,477,I,A
4868,L477K,0.7428622739329257,LA477K,A.L.477.K,L,477,K,A
4869,L477L,0.1648893512661536,LA477L,A.L.477.L,L,477,L,A
4870,L477M,0.5228676414374003,LA477M,A.L.477.M,L,477,M,A
4871,L477N,0.91208366314249,LA477N,A.L.477.N,L,477,N,A
4872,L477P,5.052814142105164,LA477P,A.L.477.P,L,477,P,A
4873,L477Q,0.9101844977222568,LA477Q,A.L.477.Q,L,477,Q,A
4874,L477R,0.4573511499960497,LA477R,A.L.477.R,L,477,R,A
4875,L477S,1.0426477440926,LA477S,A.L.477.S,L,477,S,A
4876,L477T,0.9896854971814588,LA477T,A.L.477.T,L,477,T,A
4877,L477V,0.6844333471878267,LA477V,A.L.477.V,L,477,V,A
4878,L477W,0.0818638394096538,LA477W,A.L.477.W,L,477,W,A
4879,L477Y,0.6491956884230223,LA477Y,A.L.477.Y,L,477,Y,A
4880,A478A,0.0365037784540217,AA478A,A.A.478.A,A,478,A,A
4881,A478C,0.7558027094631559,AA478C,A.A.478.C,A,478,C,A
4882,A478D,0.0702710447643217,AA478D,A.A.478.D,A,478,D,A
4883,A478E,-0.3574782749560795,AA478E,A.A.478.E,A,478,E,A
4884,A478F,-0.5457160454934229,AA478F,A.A.478.F,A,478,F,A
4885,A478G,0.6866441527338637,AA478G,A.A.478.G,A,478,G,A
4886,A478H,-0.4003011190700745,AA478H,A.A.478.H,A,478,H,A
4887,A478I,-0.5010003215412856,AA478I,A.A.478.I,A,478,I,A
4888,A478K,-0.1798958948839174,AA478K,A.A.478.K,A,478,K,A
4889,A478L,-0.6380496825857912,AA478L,A.A.478.L,A,478,L,A
4890,A478M,-0.3230934063934576,AA478M,A.A.478.M,A,478,M,A
4891,A478N,0.0750381426716484,AA478N,A.A.478.N,A,478,N,A
4892,A478P,3.0998039452797386,AA478P,A.A.478.P,A,478,P,A
4893,A478Q,-0.0319462649757867,AA478Q,A.A.478.Q,A,478,Q,A
4894,A478R,-0.4108564961676347,AA478R,A.A.478.R,A,478,R,A
4895,A478S,0.2099873003572089,AA478S,A.A.478.S,A,478,S,A
4896,A478T,0.0126095572267803,AA478T,A.A.478.T,A,478,T,A
4897,A478V,-0.2597420765236891,AA478V,A.A.478.V,A,478,V,A
4898,A478W,-0.960973519918677,AA478W,A.A.478.W,A,478,W,A
4899,A478Y,-0.4506007187041166,AA478Y,A.A.478.Y,A,478,Y,A
4900,L479A,2.7838549494826395,LA479A,A.L.479.A,L,479,A,A
4901,L479C,3.01705295498815,LA479C,A.L.479.C,L,479,C,A
4902,L479D,3.3724216964939644,LA479D,A.L.479.D,L,479,D,A
4903,L479E,2.915015263103176,LA479E,A.L.479.E,L,479,E,A
4904,L479F,1.3529509645842452,LA479F,A.L.479.F,L,479,F,A
4905,L479G,3.776254811857424,LA479G,A.L.479.G,L,479,G,A
4906,L479H,2.1250604229739487,LA479H,A.L.479.H,L,479,H,A
4907,L479I,1.550949224188971,LA479I,A.L.479.I,L,479,I,A
4908,L479K,2.779437878409994,LA479K,A.L.479.K,L,479,K,A
4909,L479L,1.013074866473164,LA479L,A.L.479.L,L,479,L,A
4910,L479M,1.532302178508374,LA479M,A.L.479.M,L,479,M,A
4911,L479N,2.6044322055421465,LA479N,A.L.479.N,L,479,N,A
4912,L479P,8.069587749594668,LA479P,A.L.479.P,L,479,P,A
4913,L479Q,2.4256408701378,LA479Q,A.L.479.Q,L,479,Q,A
4914,L479R,2.2067748544253547,LA479R,A.L.479.R,L,479,R,A
4915,L479S,3.4321065144152074,LA479S,A.L.479.S,L,479,S,A
4916,L479T,2.896332372415709,LA479T,A.L.479.T,L,479,T,A
4917,L479V,1.978758369561408,LA479V,A.L.479.V,L,479,V,A
4918,L479W,1.6215457331807748,LA479W,A.L.479.W,L,479,W,A
4919,L479Y,1.8500061206612244,LA479Y,A.L.479.Y,L,479,Y,A
4920,I480A,0.6570184087015348,IA480A,A.I.480.A,I,480,A,A
4921,I480C,1.3451228445169832,IA480C,A.I.480.C,I,480,C,A
4922,I480D,0.7520940345295976,IA480D,A.I.480.D,I,480,D,A
4923,I480E,0.4016664221588756,IA480E,A.I.480.E,I,480,E,A
4924,I480F,0.1127923672941144,IA480F,A.I.480.F,I,480,F,A
4925,I480G,1.2888692247520768,IA480G,A.I.480.G,I,480,G,A
4926,I480H,0.2833820878951121,IA480H,A.I.480.H,I,480,H,A
4927,I480I,0.0338007919222349,IA480I,A.I.480.I,I,480,I,A
4928,I480K,0.4397292544686354,IA480K,A.I.480.K,I,480,K,A
4929,I480L,-0.2020654004998567,IA480L,A.I.480.L,I,480,L,A
4930,I480M,0.1838442250519678,IA480M,A.I.480.M,I,480,M,A
4931,I480N,0.6238448124031309,IA480N,A.I.480.N,I,480,N,A
4932,I480P,5.788658186966367,IA480P,A.I.480.P,I,480,P,A
4933,I480Q,0.574824267627125,IA480Q,A.I.480.Q,I,480,Q,A
4934,I480R,0.1822263373843868,IA480R,A.I.480.R,I,480,R,A
4935,I480S,0.8979417021542851,IA480S,A.I.480.S,I,480,S,A
4936,I480T,0.6257172728943683,IA480T,A.I.480.T,I,480,T,A
4937,I480V,0.2971414965150271,IA480V,A.I.480.V,I,480,V,A
4938,I480W,-0.2601667077086228,IA480W,A.I.480.W,I,480,W,A
4939,I480Y,0.2293254975411568,IA480Y,A.I.480.Y,I,480,Y,A
4940,E481A,0.2167707638915339,EA481A,A.E.481.A,E,481,A,A
4941,E481C,1.0187726152637804,EA481C,A.E.481.C,E,481,C,A
4942,E481D,0.1650784800410881,EA481D,A.E.481.D,E,481,D,A
4943,E481E,0.0122181660001319,EA481E,A.E.481.E,E,481,E,A
4944,E481F,-0.2680763070984199,EA481F,A.E.481.F,E,481,F,A
4945,E481G,0.80600105878472,EA481G,A.E.481.G,E,481,G,A
4946,E481H,-0.1314748400340565,EA481H,A.E.481.H,E,481,H,A
4947,E481I,-0.1976150525011505,EA481I,A.E.481.I,E,481,I,A
4948,E481K,-0.0742475557386901,EA481K,A.E.481.K,E,481,K,A
4949,E481L,-0.372175836520166,EA481L,A.E.481.L,E,481,L,A
4950,E481M,-0.0212971276751505,EA481M,A.E.481.M,E,481,M,A
4951,E481N,0.2336180562147949,EA481N,A.E.481.N,E,481,N,A
4952,E481P,4.679549621491921,EA481P,A.E.481.P,E,481,P,A
4953,E481Q,0.2869706151823814,EA481Q,A.E.481.Q,E,481,Q,A
4954,E481R,-0.1599908452215104,EA481R,A.E.481.R,E,481,R,A
4955,E481S,0.4559395855209031,EA481S,A.E.481.S,E,481,S,A
4956,E481T,0.3170577572630056,EA481T,A.E.481.T,E,481,T,A
4957,E481V,0.0547786708005526,EA481V,A.E.481.V,E,481,V,A
4958,E481W,-0.8122498315304477,EA481W,A.E.481.W,E,481,W,A
4959,E481Y,-0.1880253366908402,EA481Y,A.E.481.Y,E,481,Y,A
4960,E482A,0.561403599999192,EA482A,A.E.482.A,E,482,A,A
4961,E482C,1.395320831536252,EA482C,A.E.482.C,E,482,C,A
4962,E482D,0.9470050154836784,EA482D,A.E.482.D,E,482,D,A
4963,E482E,0.4265517225766041,EA482E,A.E.482.E,E,482,E,A
4964,E482F,-0.2307585056798339,EA482F,A.E.482.F,E,482,F,A
4965,E482G,1.8007405211323495,EA482G,A.E.482.G,E,482,G,A
4966,E482H,0.172376682420064,EA482H,A.E.482.H,E,482,H,A
4967,E482I,-0.1112076315746163,EA482I,A.E.482.I,E,482,I,A
4968,E482K,0.8355454289913008,EA482K,A.E.482.K,E,482,K,A
4969,E482L,-0.2527591164624743,EA482L,A.E.482.L,E,482,L,A
4970,E482M,0.0296517323027978,EA482M,A.E.482.M,E,482,M,A
4971,E482N,0.8769178364435432,EA482N,A.E.482.N,E,482,N,A
4972,E482P,7.388388048472858,EA482P,A.E.482.P,E,482,P,A
4973,E482Q,0.5500845608298973,EA482Q,A.E.482.Q,E,482,Q,A
4974,E482R,0.3683357698980616,EA482R,A.E.482.R,E,482,R,A
4975,E482S,1.257655285503393,EA482S,A.E.482.S,E,482,S,A
4976,E482T,0.7043686257563438,EA482T,A.E.482.T,E,482,T,A
4977,E482V,0.1693914553906972,EA482V,A.E.482.V,E,482,V,A
4978,E482W,-0.9135525039723824,EA482W,A.E.482.W,E,482,W,A
4979,E482Y,-0.0725666644821848,EA482Y,A.E.482.Y,E,482,Y,A
4980,L483A,2.241532117991834,LA483A,A.L.483.A,L,483,A,A
4981,L483C,2.645011915339621,LA483C,A.L.483.C,L,483,C,A
4982,L483D,3.05788465640374,LA483D,A.L.483.D,L,483,D,A
4983,L483E,2.591530875912356,LA483E,A.L.483.E,L,483,E,A
4984,L483F,1.1394951180655628,LA483F,A.L.483.F,L,483,F,A
4985,L483G,3.4602026256024225,LA483G,A.L.483.G,L,483,G,A
4986,L483H,1.9619844607994952,LA483H,A.L.483.H,L,483,H,A
4987,L483I,0.9095066917070468,LA483I,A.L.483.I,L,483,I,A
4988,L483K,2.3544385399016465,LA483K,A.L.483.K,L,483,K,A
4989,L483L,0.4675522091927486,LA483L,A.L.483.L,L,483,L,A
4990,L483M,1.1268986669285093,LA483M,A.L.483.M,L,483,M,A
4991,L483N,2.2232323359526363,LA483N,A.L.483.N,L,483,N,A
4992,L483P,7.971144901646303,LA483P,A.L.483.P,L,483,P,A
4993,L483Q,2.074331833348786,LA483Q,A.L.483.Q,L,483,Q,A
4994,L483R,1.536615635073201,LA483R,A.L.483.R,L,483,R,A
4995,L483S,2.953992856553584,LA483S,A.L.483.S,L,483,S,A
4996,L483T,2.4158804174870823,LA483T,A.L.483.T,L,483,T,A
4997,L483V,1.445079110823821,LA483V,A.L.483.V,L,483,V,A
4998,L483W,0.7784220667166066,LA483W,A.L.483.W,L,483,W,A
4999,L483Y,1.4653679753820106,LA483Y,A.L.483.Y,L,483,Y,A
5000,E484A,0.2491926039510533,EA484A,A.E.484.A,E,484,A,A
5001,E484C,1.0414588667550373,EA484C,A.E.484.C,E,484,C,A
5002,E484D,0.6509572882701531,EA484D,A.E.484.D,E,484,D,A
5003,E484E,0.2544343830702367,EA484E,A.E.484.E,E,484,E,A
5004,E484F,0.0042346878662347,EA484F,A.E.484.F,E,484,F,A
5005,E484G,1.0950385663274975,EA484G,A.E.484.G,E,484,G,A
5006,E484H,0.1465532797308855,EA484H,A.E.484.H,E,484,H,A
5007,E484I,-0.2440033024359716,EA484I,A.E.484.I,E,484,I,A
5008,E484K,0.2220556051409761,EA484K,A.E.484.K,E,484,K,A
5009,E484L,-0.4658166492499682,EA484L,A.E.484.L,E,484,L,A
5010,E484M,-0.0521830626103198,EA484M,A.E.484.M,E,484,M,A
5011,E484N,0.4872927017289147,EA484N,A.E.484.N,E,484,N,A
5012,E484P,7.28831998991575,EA484P,A.E.484.P,E,484,P,A
5013,E484Q,0.3344189629237276,EA484Q,A.E.484.Q,E,484,Q,A
5014,E484R,-0.0678623934766581,EA484R,A.E.484.R,E,484,R,A
5015,E484S,0.7891018703297453,EA484S,A.E.484.S,E,484,S,A
5016,E484T,0.5184345435521422,EA484T,A.E.484.T,E,484,T,A
5017,E484V,0.0272283644279291,EA484V,A.E.484.V,E,484,V,A
5018,E484W,-0.5724767954401239,EA484W,A.E.484.W,E,484,W,A
5019,E484Y,0.076596375983205,EA484Y,A.E.484.Y,E,484,Y,A
5020,Q485A,-0.2627662006090092,QA485A,A.Q.485.A,Q,485,A,A
5021,Q485C,0.502159335044497,QA485C,A.Q.485.C,Q,485,C,A
5022,Q485D,0.0648719405824427,QA485D,A.Q.485.D,Q,485,D,A
5023,Q485E,-0.362189856317171,QA485E,A.Q.485.E,Q,485,E,A
5024,Q485F,-0.5181625383968841,QA485F,A.Q.485.F,Q,485,F,A
5025,Q485G,0.6497220860646576,QA485G,A.Q.485.G,Q,485,G,A
5026,Q485H,-0.4697454992579458,QA485H,A.Q.485.H,Q,485,H,A
5027,Q485I,-0.6454569089126266,QA485I,A.Q.485.I,Q,485,I,A
5028,Q485K,-0.4283217618415064,QA485K,A.Q.485.K,Q,485,K,A
5029,Q485L,-0.8515942113052871,QA485L,A.Q.485.L,Q,485,L,A
5030,Q485M,-0.52142818159575,QA485M,A.Q.485.M,Q,485,M,A
5031,Q485N,-0.158124690882776,QA485N,A.Q.485.N,Q,485,N,A
5032,Q485P,5.433930153840556,QA485P,A.Q.485.P,Q,485,P,A
5033,Q485Q,-0.2444133642904489,QA485Q,A.Q.485.Q,Q,485,Q,A
5034,Q485R,-0.6876131438844674,QA485R,A.Q.485.R,Q,485,R,A
5035,Q485S,0.1680263217359529,QA485S,A.Q.485.S,Q,485,S,A
5036,Q485T,-0.1853206313025523,QA485T,A.Q.485.T,Q,485,T,A
5037,Q485V,-0.5171744390131394,QA485V,A.Q.485.V,Q,485,V,A
5038,Q485W,-0.9596373336026393,QA485W,A.Q.485.W,Q,485,W,A
5039,Q485Y,-0.4278874984532743,QA485Y,A.Q.485.Y,Q,485,Y,A
5040,E486A,1.042656049917943,EA486A,A.E.486.A,E,486,A,A
5041,E486C,1.3778534168548813,EA486C,A.E.486.C,E,486,C,A
5042,E486D,1.1323304672547718,EA486D,A.E.486.D,E,486,D,A
5043,E486E,0.7975230266376773,EA486E,A.E.486.E,E,486,E,A
5044,E486F,0.0278539434295371,EA486F,A.E.486.F,E,486,F,A
5045,E486G,2.107897424917107,EA486G,A.E.486.G,E,486,G,A
5046,E486H,0.5436017280083549,EA486H,A.E.486.H,E,486,H,A
5047,E486I,0.0694166718127681,EA486I,A.E.486.I,E,486,I,A
5048,E486K,1.2488443019301636,EA486K,A.E.486.K,E,486,K,A
5049,E486L,-0.2603919076838101,EA486L,A.E.486.L,E,486,L,A
5050,E486M,0.1561000113002253,EA486M,A.E.486.M,E,486,M,A
5051,E486N,1.1498979275734107,EA486N,A.E.486.N,E,486,N,A
5052,E486P,4.781521339463154,EA486P,A.E.486.P,E,486,P,A
5053,E486Q,0.5879578693184501,EA486Q,A.E.486.Q,E,486,Q,A
5054,E486R,0.8221493548123956,EA486R,A.E.486.R,E,486,R,A
5055,E486S,1.648136673632226,EA486S,A.E.486.S,E,486,S,A
5056,E486T,0.8583404898036529,EA486T,A.E.486.T,E,486,T,A
5057,E486V,0.1828898407765927,EA486V,A.E.486.V,E,486,V,A
5058,E486W,-0.1327135691017739,EA486W,A.E.486.W,E,486,W,A
5059,E486Y,0.4560782753936132,EA486Y,A.E.486.Y,E,486,Y,A
5060,E487A,0.0361553145501064,EA487A,A.E.487.A,E,487,A,A
5061,E487C,0.5347440807206905,EA487C,A.E.487.C,E,487,C,A
5062,E487D,0.1490693753230615,EA487D,A.E.487.D,E,487,D,A
5063,E487E,-0.0424938535890012,EA487E,A.E.487.E,E,487,E,A
5064,E487F,-0.538017157863882,EA487F,A.E.487.F,E,487,F,A
5065,E487G,0.5785244966566413,EA487G,A.E.487.G,E,487,G,A
5066,E487H,-0.2951166211143491,EA487H,A.E.487.H,E,487,H,A
5067,E487I,-0.3122260619131201,EA487I,A.E.487.I,E,487,I,A
5068,E487K,-0.1346239538880889,EA487K,A.E.487.K,E,487,K,A
5069,E487L,-0.6955234804962762,EA487L,A.E.487.L,E,487,L,A
5070,E487M,-0.3245084765302791,EA487M,A.E.487.M,E,487,M,A
5071,E487N,0.0017786364617028,EA487N,A.E.487.N,E,487,N,A
5072,E487P,5.780236840471931,EA487P,A.E.487.P,E,487,P,A
5073,E487Q,-0.0155801916038783,EA487Q,A.E.487.Q,E,487,Q,A
5074,E487R,-0.44785094384795,EA487R,A.E.487.R,E,487,R,A
5075,E487S,0.2636390154606993,EA487S,A.E.487.S,E,487,S,A
5076,E487T,0.117461662578705,EA487T,A.E.487.T,E,487,T,A
5077,E487V,-0.0998086813141696,EA487V,A.E.487.V,E,487,V,A
5078,E487W,-0.9092433368095416,EA487W,A.E.487.W,E,487,W,A
5079,E487Y,-0.4473117297281059,EA487Y,A.E.487.Y,E,487,Y,A
5080,G488A,0.3205778547805066,GA488A,A.G.488.A,G,488,A,A
5081,G488C,1.109821564998121,GA488C,A.G.488.C,G,488,C,A
5082,G488D,0.4347528777509163,GA488D,A.G.488.D,G,488,D,A
5083,G488E,0.4651700672306297,GA488E,A.G.488.E,G,488,E,A
5084,G488F,-0.0199339001748238,GA488F,A.G.488.F,G,488,F,A
5085,G488G,0.907900365150348,GA488G,A.G.488.G,G,488,G,A
5086,G488H,-0.2049161848335262,GA488H,A.G.488.H,G,488,H,A
5087,G488I,0.2657320091516862,GA488I,A.G.488.I,G,488,I,A
5088,G488K,0.0400181420631101,GA488K,A.G.488.K,G,488,K,A
5089,G488L,-0.2210790261464496,GA488L,A.G.488.L,G,488,L,A
5090,G488M,0.0649448475675235,GA488M,A.G.488.M,G,488,M,A
5091,G488N,0.1106510704991858,GA488N,A.G.488.N,G,488,N,A
5092,G488P,3.4402265425655503,GA488P,A.G.488.P,G,488,P,A
5093,G488Q,0.4018713927653256,GA488Q,A.G.488.Q,G,488,Q,A
5094,G488R,-0.3014480906330291,GA488R,A.G.488.R,G,488,R,A
5095,G488S,0.4349320148797148,GA488S,A.G.488.S,G,488,S,A
5096,G488T,0.4942233931421391,GA488T,A.G.488.T,G,488,T,A
5097,G488V,0.4858103556988424,GA488V,A.G.488.V,G,488,V,A
5098,G488W,-0.5418378774475113,GA488W,A.G.488.W,G,488,W,A
5099,G488Y,-0.0284020427138209,GA488Y,A.G.488.Y,G,488,Y,A
5100,L489A,2.309025187025532,LA489A,A.L.489.A,L,489,A,A
5101,L489C,2.4982132634379384,LA489C,A.L.489.C,L,489,C,A
5102,L489D,2.937675049757346,LA489D,A.L.489.D,L,489,D,A
5103,L489E,2.2622529692155418,LA489E,A.L.489.E,L,489,E,A
5104,L489F,0.5853706380080989,LA489F,A.L.489.F,L,489,F,A
5105,L489G,3.669847998882243,LA489G,A.L.489.G,L,489,G,A
5106,L489H,1.6558429705945212,LA489H,A.L.489.H,L,489,H,A
5107,L489I,0.8871027213255595,LA489I,A.L.489.I,L,489,I,A
5108,L489K,2.252703591016859,LA489K,A.L.489.K,L,489,K,A
5109,L489L,0.4379426830191268,LA489L,A.L.489.L,L,489,L,A
5110,L489M,0.9329360126714814,LA489M,A.L.489.M,L,489,M,A
5111,L489N,2.1319428602428085,LA489N,A.L.489.N,L,489,N,A
5112,L489P,4.929529527466002,LA489P,A.L.489.P,L,489,P,A
5113,L489Q,1.7926101367227854,LA489Q,A.L.489.Q,L,489,Q,A
5114,L489R,1.710403461339996,LA489R,A.L.489.R,L,489,R,A
5115,L489S,2.921806637257045,LA489S,A.L.489.S,L,489,S,A
5116,L489T,2.2118241859241263,LA489T,A.L.489.T,L,489,T,A
5117,L489V,1.2423234761351425,LA489V,A.L.489.V,L,489,V,A
5118,L489W,0.7234379834159479,LA489W,A.L.489.W,L,489,W,A
5119,L489Y,0.996235072564728,LA489Y,A.L.489.Y,L,489,Y,A
5120,T490A,0.3563220145237428,TA490A,A.T.490.A,T,490,A,A
5121,T490C,0.8365708616285156,TA490C,A.T.490.C,T,490,C,A
5122,T490D,-0.0280683113985857,TA490D,A.T.490.D,T,490,D,A
5123,T490E,0.0866812176714415,TA490E,A.T.490.E,T,490,E,A
5124,T490F,0.1057488725013433,TA490F,A.T.490.F,T,490,F,A
5125,T490G,0.6733170083849013,TA490G,A.T.490.G,T,490,G,A
5126,T490H,-0.0657819387918268,TA490H,A.T.490.H,T,490,H,A
5127,T490I,0.2479774687258129,TA490I,A.T.490.I,T,490,I,A
5128,T490K,0.2195361170428478,TA490K,A.T.490.K,T,490,K,A
5129,T490L,-0.0768743893602957,TA490L,A.T.490.L,T,490,L,A
5130,T490M,0.2416063926565331,TA490M,A.T.490.M,T,490,M,A
5131,T490N,0.1410358293437441,TA490N,A.T.490.N,T,490,N,A
5132,T490P,1.4507174207107978,TA490P,A.T.490.P,T,490,P,A
5133,T490Q,0.377614037337044,TA490Q,A.T.490.Q,T,490,Q,A
5134,T490R,0.0351565324606117,TA490R,A.T.490.R,T,490,R,A
5135,T490S,0.1190506445020278,TA490S,A.T.490.S,T,490,S,A
5136,T490T,0.2040925749965688,TA490T,A.T.490.T,T,490,T,A
5137,T490V,0.2345991763650251,TA490V,A.T.490.V,T,490,V,A
5138,T490W,-0.1175178143236516,TA490W,A.T.490.W,T,490,W,A
5139,T490Y,0.1714952041171097,TA490Y,A.T.490.Y,T,490,Y,A
5140,L491A,0.5752324526059773,LA491A,A.L.491.A,L,491,A,A
5141,L491C,1.399092394560382,LA491C,A.L.491.C,L,491,C,A
5142,L491D,0.4210202808670799,LA491D,A.L.491.D,L,491,D,A
5143,L491E,0.2649106161972775,LA491E,A.L.491.E,L,491,E,A
5144,L491F,0.306548511766771,LA491F,A.L.491.F,L,491,F,A
5145,L491G,1.1027864974999826,LA491G,A.L.491.G,L,491,G,A
5146,L491H,0.3111681038567082,LA491H,A.L.491.H,L,491,H,A
5147,L491I,0.3649668154007601,LA491I,A.L.491.I,L,491,I,A
5148,L491K,0.4181519482254658,LA491K,A.L.491.K,L,491,K,A
5149,L491L,0.0612968824539839,LA491L,A.L.491.L,L,491,L,A
5150,L491M,0.4538282265022236,LA491M,A.L.491.M,L,491,M,A
5151,L491N,0.6059361485483011,LA491N,A.L.491.N,L,491,N,A
5152,L491P,1.0401759579998022,LA491P,A.L.491.P,L,491,P,A
5153,L491Q,0.6266284559291191,LA491Q,A.L.491.Q,L,491,Q,A
5154,L491R,0.316901975839739,LA491R,A.L.491.R,L,491,R,A
5155,L491S,0.6202674807744207,LA491S,A.L.491.S,L,491,S,A
5156,L491T,0.5873812922471394,LA491T,A.L.491.T,L,491,T,A
5157,L491V,0.5943205023602954,LA491V,A.L.491.V,L,491,V,A
5158,L491W,-0.1184370266407058,LA491W,A.L.491.W,L,491,W,A
5159,L491Y,0.3441096594812304,LA491Y,A.L.491.Y,L,491,Y,A
5160,A492A,-0.1772348865393808,AA492A,A.A.492.A,A,492,A,A
5161,A492C,0.6489352382684843,AA492C,A.A.492.C,A,492,C,A
5162,A492D,-0.2223726461858322,AA492D,A.A.492.D,A,492,D,A
5163,A492E,-0.3347405616453608,AA492E,A.A.492.E,A,492,E,A
5164,A492F,-0.5052700899413781,AA492F,A.A.492.F,A,492,F,A
5165,A492G,0.4162398844636861,AA492G,A.A.492.G,A,492,G,A
5166,A492H,-0.5282515969556156,AA492H,A.A.492.H,A,492,H,A
5167,A492I,-0.4338259374062353,AA492I,A.A.492.I,A,492,I,A
5168,A492K,-0.2879246119092765,AA492K,A.A.492.K,A,492,K,A
5169,A492L,-0.6791328000596925,AA492L,A.A.492.L,A,492,L,A
5170,A492M,-0.3083151257184785,AA492M,A.A.492.M,A,492,M,A
5171,A492N,-0.1579159191399148,AA492N,A.A.492.N,A,492,N,A
5172,A492P,0.8087198383777735,AA492P,A.A.492.P,A,492,P,A
5173,A492Q,-0.0835220942695591,AA492Q,A.A.492.Q,A,492,Q,A
5174,A492R,-0.4143530033136811,AA492R,A.A.492.R,A,492,R,A
5175,A492S,-0.0594327553353141,AA492S,A.A.492.S,A,492,S,A
5176,A492T,-0.0556010976393256,AA492T,A.A.492.T,A,492,T,A
5177,A492V,-0.19534542612202,AA492V,A.A.492.V,A,492,V,A
5178,A492W,-1.0060066064059985,AA492W,A.A.492.W,A,492,W,A
5179,A492Y,-0.4240821150303864,AA492Y,A.A.492.Y,A,492,Y,A
5180,Q493A,-0.0099250693631891,QA493A,A.Q.493.A,Q,493,A,A
5181,Q493C,0.8520762356739109,QA493C,A.Q.493.C,Q,493,C,A
5182,Q493D,0.2082548903038744,QA493D,A.Q.493.D,Q,493,D,A
5183,Q493E,-0.1198632719720727,QA493E,A.Q.493.E,Q,493,E,A
5184,Q493F,-0.2191694209958944,QA493F,A.Q.493.F,Q,493,F,A
5185,Q493G,0.8981879943479056,QA493G,A.Q.493.G,Q,493,G,A
5186,Q493H,-0.1095880839012281,QA493H,A.Q.493.H,Q,493,H,A
5187,Q493I,-0.2956928024995292,QA493I,A.Q.493.I,Q,493,I,A
5188,Q493K,-0.0486704328818199,QA493K,A.Q.493.K,Q,493,K,A
5189,Q493L,-0.6105670697776044,QA493L,A.Q.493.L,Q,493,L,A
5190,Q493M,-0.227884798726235,QA493M,A.Q.493.M,Q,493,M,A
5191,Q493N,0.235732040519504,QA493N,A.Q.493.N,Q,493,N,A
5192,Q493P,4.402697035466511,QA493P,A.Q.493.P,Q,493,P,A
5193,Q493Q,0.0110262465977106,QA493Q,A.Q.493.Q,Q,493,Q,A
5194,Q493R,-0.2385373412769498,QA493R,A.Q.493.R,Q,493,R,A
5195,Q493S,0.4547890463573639,QA493S,A.Q.493.S,Q,493,S,A
5196,Q493T,0.1947349404447584,QA493T,A.Q.493.T,Q,493,T,A
5197,Q493V,-0.1234842110573886,QA493V,A.Q.493.V,Q,493,V,A
5198,Q493W,-0.6244641813907964,QA493W,A.Q.493.W,Q,493,W,A
5199,Q493Y,-0.1465572126048631,QA493Y,A.Q.493.Y,Q,493,Y,A
5200,L494A,2.1774900416646714,LA494A,A.L.494.A,L,494,A,A
5201,L494C,2.713998956094611,LA494C,A.L.494.C,L,494,C,A
5202,L494D,2.977195998862873,LA494D,A.L.494.D,L,494,D,A
5203,L494E,2.387048931432417,LA494E,A.L.494.E,L,494,E,A
5204,L494F,0.8454912241508938,LA494F,A.L.494.F,L,494,F,A
5205,L494G,3.0838423863552467,LA494G,A.L.494.G,L,494,G,A
5206,L494H,1.7352244511922048,LA494H,A.L.494.H,L,494,H,A
5207,L494I,1.1596481670363017,LA494I,A.L.494.I,L,494,I,A
5208,L494K,2.144698074631675,LA494K,A.L.494.K,L,494,K,A
5209,L494L,0.7064743288871624,LA494L,A.L.494.L,L,494,L,A
5210,L494M,1.3149170153236516,LA494M,A.L.494.M,L,494,M,A
5211,L494N,2.352571853707366,LA494N,A.L.494.N,L,494,N,A
5212,L494P,7.758929001824782,LA494P,A.L.494.P,L,494,P,A
5213,L494Q,2.040080420518665,LA494Q,A.L.494.Q,L,494,Q,A
5214,L494R,1.5937685199865388,LA494R,A.L.494.R,L,494,R,A
5215,L494S,2.741804821944858,LA494S,A.L.494.S,L,494,S,A
5216,L494T,2.164864862719973,LA494T,A.L.494.T,L,494,T,A
5217,L494V,1.3965435928208931,LA494V,A.L.494.V,L,494,V,A
5218,L494W,0.7526978123011182,LA494W,A.L.494.W,L,494,W,A
5219,L494Y,1.188876625477208,LA494Y,A.L.494.Y,L,494,Y,A
5220,V495A,1.0737652487465137,VA495A,A.V.495.A,V,495,A,A
5221,V495C,1.554877864148996,VA495C,A.V.495.C,V,495,C,A
5222,V495D,1.2732229973873788,VA495D,A.V.495.D,V,495,D,A
5223,V495E,0.8317524468087895,VA495E,A.V.495.E,V,495,E,A
5224,V495F,0.2497531370429923,VA495F,A.V.495.F,V,495,F,A
5225,V495G,1.8645800082294852,VA495G,A.V.495.G,V,495,G,A
5226,V495H,0.657948901938909,VA495H,A.V.495.H,V,495,H,A
5227,V495I,-0.0453563053674865,VA495I,A.V.495.I,V,495,I,A
5228,V495K,0.8473263323571412,VA495K,A.V.495.K,V,495,K,A
5229,V495L,-0.028591252108413,VA495L,A.V.495.L,V,495,L,A
5230,V495M,0.456853802394,VA495M,A.V.495.M,V,495,M,A
5231,V495N,1.0484842058156076,VA495N,A.V.495.N,V,495,N,A
5232,V495P,6.713644497324534,VA495P,A.V.495.P,V,495,P,A
5233,V495Q,0.967620646260092,VA495Q,A.V.495.Q,V,495,Q,A
5234,V495R,0.4940113302059262,VA495R,A.V.495.R,V,495,R,A
5235,V495S,1.478549774627118,VA495S,A.V.495.S,V,495,S,A
5236,V495T,0.9702639275430702,VA495T,A.V.495.T,V,495,T,A
5237,V495V,0.2542583815589661,VA495V,A.V.495.V,V,495,V,A
5238,V495W,-0.108983529861622,VA495W,A.V.495.W,V,495,W,A
5239,V495Y,0.321995955193301,VA495Y,A.V.495.Y,V,495,Y,A
5240,Q496A,-0.0459129355782422,QA496A,A.Q.496.A,Q,496,A,A
5241,Q496C,0.8159660002636521,QA496C,A.Q.496.C,Q,496,C,A
5242,Q496D,0.1729799306681534,QA496D,A.Q.496.D,Q,496,D,A
5243,Q496E,-0.194359564792898,QA496E,A.Q.496.E,Q,496,E,A
5244,Q496F,-0.491874834402386,QA496F,A.Q.496.F,Q,496,F,A
5245,Q496G,0.7289427640792651,QA496G,A.Q.496.G,Q,496,G,A
5246,Q496H,-0.3657346369952463,QA496H,A.Q.496.H,Q,496,H,A
5247,Q496I,-0.5210329303178124,QA496I,A.Q.496.I,Q,496,I,A
5248,Q496K,-0.2353573947273202,QA496K,A.Q.496.K,Q,496,K,A
5249,Q496L,-0.7815775339193348,QA496L,A.Q.496.L,Q,496,L,A
5250,Q496M,-0.3500546618887157,QA496M,A.Q.496.M,Q,496,M,A
5251,Q496N,0.0525318030847321,QA496N,A.Q.496.N,Q,496,N,A
5252,Q496P,6.080125326627481,QA496P,A.Q.496.P,Q,496,P,A
5253,Q496Q,-0.0191120769623964,QA496Q,A.Q.496.Q,Q,496,Q,A
5254,Q496R,-0.5025302025301454,QA496R,A.Q.496.R,Q,496,R,A
5255,Q496S,0.3398299430309598,QA496S,A.Q.496.S,Q,496,S,A
5256,Q496T,-0.0036377919453861,QA496T,A.Q.496.T,Q,496,T,A
5257,Q496V,-0.3201805261142754,QA496V,A.Q.496.V,Q,496,V,A
5258,Q496W,-0.9714234089120694,QA496W,A.Q.496.W,Q,496,W,A
5259,Q496Y,-0.3867431720741271,QA496Y,A.Q.496.Y,Q,496,Y,A
5260,K497A,0.4027267014004443,KA497A,A.K.497.A,K,497,A,A
5261,K497C,1.0163916785100162,KA497C,A.K.497.C,K,497,C,A
5262,K497D,0.986277366329658,KA497D,A.K.497.D,K,497,D,A
5263,K497E,0.5123269414422693,KA497E,A.K.497.E,K,497,E,A
5264,K497F,-0.2116305437627025,KA497F,A.K.497.F,K,497,F,A
5265,K497G,1.517289046441785,KA497G,A.K.497.G,K,497,G,A
5266,K497H,0.1664143090118214,KA497H,A.K.497.H,K,497,H,A
5267,K497I,-0.2684444003703984,KA497I,A.K.497.I,K,497,I,A
5268,K497K,0.3413423085761458,KA497K,A.K.497.K,K,497,K,A
5269,K497L,-0.6908665848598111,KA497L,A.K.497.L,K,497,L,A
5270,K497M,-0.1536071653143744,KA497M,A.K.497.M,K,497,M,A
5271,K497N,0.6682041466219065,KA497N,A.K.497.N,K,497,N,A
5272,K497P,6.672227114092819,KA497P,A.K.497.P,K,497,P,A
5273,K497Q,0.3663579552641099,KA497Q,A.K.497.Q,K,497,Q,A
5274,K497R,-0.1219626239250343,KA497R,A.K.497.R,K,497,R,A
5275,K497S,0.9629687526038384,KA497S,A.K.497.S,K,497,S,A
5276,K497T,0.5580481206832033,KA497T,A.K.497.T,K,497,T,A
5277,K497V,-0.0518541688717688,KA497V,A.K.497.V,K,497,V,A
5278,K497W,-0.5822820816241281,KA497W,A.K.497.W,K,497,W,A
5279,K497Y,0.0418390949042352,KA497Y,A.K.497.Y,K,497,Y,A
5280,R498A,1.6615243929383254,RA498A,A.R.498.A,R,498,A,A
5281,R498C,2.252859612160933,RA498C,A.R.498.C,R,498,C,A
5282,R498D,2.229512745978709,RA498D,A.R.498.D,R,498,D,A
5283,R498E,1.9691925546539628,RA498E,A.R.498.E,R,498,E,A
5284,R498F,-0.1178551379237347,RA498F,A.R.498.F,R,498,F,A
5285,R498G,2.5561949874908616,RA498G,A.R.498.G,R,498,G,A
5286,R498H,0.9477880439727976,RA498H,A.R.498.H,R,498,H,A
5287,R498I,0.9190729698346024,RA498I,A.R.498.I,R,498,I,A
5288,R498K,1.4887973479031793,RA498K,A.R.498.K,R,498,K,A
5289,R498L,0.2077113069847558,RA498L,A.R.498.L,R,498,L,A
5290,R498M,0.7548753956949977,RA498M,A.R.498.M,R,498,M,A
5291,R498N,1.5817764331819495,RA498N,A.R.498.N,R,498,N,A
5292,R498P,5.267928559295902,RA498P,A.R.498.P,R,498,P,A
5293,R498Q,1.6551704475369848,RA498Q,A.R.498.Q,R,498,Q,A
5294,R498R,0.9368366383217158,RA498R,A.R.498.R,R,498,R,A
5295,R498S,2.2450497670201486,RA498S,A.R.498.S,R,498,S,A
5296,R498T,1.7927503251772514,RA498T,A.R.498.T,R,498,T,A
5297,R498V,1.1261127292012163,RA498V,A.R.498.V,R,498,V,A
5298,R498W,-0.1678002393655575,RA498W,A.R.498.W,R,498,W,A
5299,R498Y,0.1538401807709122,RA498Y,A.R.498.Y,R,498,Y,A
5300,L499A,0.795757415677602,LA499A,A.L.499.A,L,499,A,A
5301,L499C,1.5574402387076396,LA499C,A.L.499.C,L,499,C,A
5302,L499D,0.916743351124294,LA499D,A.L.499.D,L,499,D,A
5303,L499E,0.6313461112122151,LA499E,A.L.499.E,L,499,E,A
5304,L499F,0.5117907863915128,LA499F,A.L.499.F,L,499,F,A
5305,L499G,1.356867237912139,LA499G,A.L.499.G,L,499,G,A
5306,L499H,0.5827153884507366,LA499H,A.L.499.H,L,499,H,A
5307,L499I,0.429252295604588,LA499I,A.L.499.I,L,499,I,A
5308,L499K,0.5446538529806527,LA499K,A.L.499.K,L,499,K,A
5309,L499L,0.1274518801604324,LA499L,A.L.499.L,L,499,L,A
5310,L499M,0.4828231497151819,LA499M,A.L.499.M,L,499,M,A
5311,L499N,0.804204148985016,LA499N,A.L.499.N,L,499,N,A
5312,L499P,6.692755375697743,LA499P,A.L.499.P,L,499,P,A
5313,L499Q,0.7771604621484385,LA499Q,A.L.499.Q,L,499,Q,A
5314,L499R,0.4258155567064275,LA499R,A.L.499.R,L,499,R,A
5315,L499S,1.0917633061474463,LA499S,A.L.499.S,L,499,S,A
5316,L499T,0.9116765453236392,LA499T,A.L.499.T,L,499,T,A
5317,L499V,0.5872887956813518,LA499V,A.L.499.V,L,499,V,A
5318,L499W,0.1072338557509811,LA499W,A.L.499.W,L,499,W,A
5319,L499Y,0.5320006982216265,LA499Y,A.L.499.Y,L,499,Y,A
5320,M500A,0.5605019590049811,MA500A,A.M.500.A,M,500,A,A
5321,M500C,1.194777598343434,MA500C,A.M.500.C,M,500,C,A
5322,M500D,0.5058812553146586,MA500D,A.M.500.D,M,500,D,A
5323,M500E,0.4595569502184399,MA500E,A.M.500.E,M,500,E,A
5324,M500F,0.2160339426865093,MA500F,A.M.500.F,M,500,F,A
5325,M500G,1.082918304592433,MA500G,A.M.500.G,M,500,G,A
5326,M500H,0.2892484489414182,MA500H,A.M.500.H,M,500,H,A
5327,M500I,0.1016018721092454,MA500I,A.M.500.I,M,500,I,A
5328,M500K,0.4244520722805389,MA500K,A.M.500.K,M,500,K,A
5329,M500L,-0.2143783868136595,MA500L,A.M.500.L,M,500,L,A
5330,M500M,0.0712009624272708,MA500M,A.M.500.M,M,500,M,A
5331,M500N,0.4762294621613683,MA500N,A.M.500.N,M,500,N,A
5332,M500P,4.098721738370985,MA500P,A.M.500.P,M,500,P,A
5333,M500Q,0.5177244898816449,MA500Q,A.M.500.Q,M,500,Q,A
5334,M500R,0.0911347068508022,MA500R,A.M.500.R,M,500,R,A
5335,M500S,0.735310401680673,MA500S,A.M.500.S,M,500,S,A
5336,M500T,0.5713927571587015,MA500T,A.M.500.T,M,500,T,A
5337,M500V,0.2931221971343889,MA500V,A.M.500.V,M,500,V,A
5338,M500W,-0.0965327471407578,MA500W,A.M.500.W,M,500,W,A
5339,M500Y,0.3820284331361373,MA500Y,A.M.500.Y,M,500,Y,A
